Div;Date;HomeTeam;AwayTeam;FTHG;FTAG;FTR;HTHG;HTAG;HTR;HS;AS;HST;AST;HF;AF;HC;AC;HY;AY;HR;AR;B365H;B365D;B365A;BbAvH;BbAvD;BbAvA;BbAv>2.5;BbAv<2.5;BbAvAHH;BbAvAHA
SP1;27/08/05;Alaves;Barcelona;0;0;D;0;0;D;5;17;0;10;17;19;3;7;0;1;0;0;7.0;3.75;1.5;6.83;3.7;1.45;1.78;1.92;1.84;2.02
SP1;27/08/05;Ath Bilbao;Sociedad;3;0;H;0;0;D;10;9;6;2;13;19;3;4;0;1;0;0;2.0;3.25;3.25;1.92;3.19;3.67;1.85;1.84;1.96;1.87
SP1;27/08/05;Valencia;Betis;1;0;H;0;0;D;9;14;2;3;18;14;8;5;2;3;0;0;2.0;3.25;3.25;1.94;3.19;3.63;1.99;1.72;2.04;1.81
SP1;28/08/05;Ath Madrid;Zaragoza;0;0;D;0;0;D;16;9;5;2;16;22;8;4;2;7;0;0;1.72;3.4;4.0;1.66;3.34;4.89;1.97;1.74;1.88;1.98
SP1;28/08/05;Cadiz;Real Madrid;1;2;A;0;1;A;15;17;5;6;19;25;8;8;2;2;0;0;7.5;4.0;1.44;7.0;3.77;1.43;1.7;1.98;1.85;2.0
SP1;28/08/05;Celta;Malaga;2;0;H;1;0;H;9;10;5;4;19;25;4;11;1;2;0;0;2.1;3.25;3.0;2.06;3.17;3.34;2.02;1.67;1.87;1.98
SP1;28/08/05;Espanol;Getafe;0;2;A;0;0;D;8;16;3;9;23;25;4;2;2;3;0;0;1.61;3.4;5.0;1.64;3.4;5.04;1.96;1.74;1.9;1.96
SP1;28/08/05;Mallorca;La Coruna;0;1;A;0;1;A;10;12;3;3;19;19;8;4;2;4;0;0;2.7;3.2;2.3;2.56;3.14;2.53;1.88;1.81;1.86;1.98
SP1;28/08/05;Osasuna;Villarreal;2;1;H;1;0;H;8;10;4;3;20;9;2;4;5;2;0;0;2.7;3.2;2.3;2.83;3.18;2.3;1.95;1.75;1.91;1.94
SP1;28/08/05;Sevilla;Santander;1;0;H;1;0;H;18;5;5;3;22;27;9;3;2;3;0;0;1.66;3.4;4.5;1.6;3.43;5.41;1.94;1.74;1.77;2.1
SP1;10/09/05;Betis;Osasuna;1;0;H;0;0;D;15;12;4;3;21;29;4;1;2;6;0;0;1.66;3.4;4.5;1.64;3.36;4.95;1.91;1.8;1.93;1.93
SP1;10/09/05;La Coruna;Ath Madrid;1;0;H;0;0;D;11;13;5;7;16;22;4;5;2;2;0;0;2.0;3.25;3.25;2.1;3.15;3.17;2.05;1.67;1.94;1.92
SP1;10/09/05;Real Madrid;Celta;2;3;A;2;2;D;26;14;5;5;20;18;6;4;3;1;0;0;1.25;5.0;9.0;1.23;5.04;10.48;1.58;2.19;1.88;1.95
SP1;11/09/05;Barcelona;Mallorca;2;0;H;2;0;H;23;6;7;0;13;20;7;3;2;2;0;2;1.2;5.0;12.0;1.2;5.4;11.71;1.57;2.19;1.87;1.99
SP1;11/09/05;Getafe;Ath Bilbao;1;1;D;1;1;D;11;6;4;2;14;19;6;3;2;1;1;0;2.3;3.2;2.7;2.34;3.13;2.8;2.03;1.66;1.75;2.1
SP1;11/09/05;Malaga;Espanol;1;2;A;0;0;D;16;6;6;5;16;18;4;4;2;4;0;0;2.1;3.25;3.0;2.14;3.15;3.09;2.02;1.67;1.91;1.95
SP1;11/09/05;Santander;Cadiz;0;1;A;0;0;D;8;8;2;5;17;12;4;9;1;1;0;0;1.9;3.25;3.5;1.89;3.22;3.8;2.02;1.68;2.03;1.83
SP1;11/09/05;Sociedad;Alaves;2;1;H;2;0;H;10;8;5;3;27;14;4;8;0;0;0;0;1.9;3.25;3.5;1.83;3.23;3.96;1.98;1.7;1.94;1.91
SP1;11/09/05;Villarreal;Sevilla;1;1;D;0;1;A;12;22;3;9;11;15;7;6;3;1;1;0;1.8;3.25;4.0;1.87;3.21;3.78;2.01;1.68;1.98;1.86
SP1;11/09/05;Zaragoza;Valencia;2;2;D;2;1;H;14;6;7;2;25;20;2;2;1;3;0;0;2.5;3.2;2.5;2.59;3.11;2.51;2.07;1.63;1.97;1.85
SP1;17/09/05;Mallorca;Sociedad;5;2;H;1;2;A;21;7;11;4;11;19;11;6;0;3;0;0;2.3;3.2;3.0;2.23;3.16;2.92;2.01;1.7;2.01;1.85
SP1;17/09/05;Valencia;La Coruna;2;2;D;0;1;A;17;11;6;5;22;13;7;3;3;3;1;1;2.0;3.2;3.75;1.86;3.2;3.86;2.04;1.67;1.96;1.9
SP1;18/09/05;Alaves;Getafe;3;4;A;2;3;A;16;11;5;6;20;25;2;9;2;5;0;0;2.2;3.25;3.2;2.16;3.17;3.1;2.07;1.65;1.96;1.9
SP1;18/09/05;Ath Bilbao;Malaga;1;2;A;0;0;D;14;9;6;4;16;14;1;2;2;3;0;0;1.72;3.3;5.0;1.7;3.33;4.66;1.96;1.73;2.01;1.86
SP1;18/09/05;Ath Madrid;Barcelona;2;1;H;1;1;D;16;18;6;4;22;17;5;7;2;2;1;0;3.75;3.2;2.0;3.45;3.2;1.98;1.95;1.77;1.82;2.04
SP1;18/09/05;Betis;Zaragoza;0;0;D;0;0;D;16;10;4;6;23;21;4;2;2;5;0;0;1.8;3.3;4.5;1.74;3.29;4.45;1.99;1.71;2.13;1.75
SP1;18/09/05;Cadiz;Villarreal;1;1;D;1;1;D;9;9;6;3;19;25;5;2;1;4;0;0;3.0;3.2;2.3;2.93;3.17;2.24;1.99;1.71;1.9;1.96
SP1;18/09/05;Celta;Santander;0;1;A;0;0;D;15;12;2;5;15;28;6;3;1;7;0;0;1.8;3.4;4.5;1.72;3.33;4.55;2.0;1.7;1.77;2.09
SP1;18/09/05;Espanol;Real Madrid;1;0;H;0;0;D;13;28;2;5;16;16;4;8;2;2;0;2;4.0;3.3;1.9;3.9;3.27;1.85;1.78;1.94;1.93;1.92
SP1;18/09/05;Osasuna;Sevilla;1;0;H;0;0;D;10;15;5;2;21;26;1;7;3;4;1;1;2.5;3.2;2.75;2.48;3.15;2.61;2.02;1.68;1.8;2.02
SP1;21/09/05;Barcelona;Valencia;2;2;D;1;0;H;10;5;5;4;30;25;7;0;3;2;0;0;1.57;3.6;6.0;1.55;3.49;5.73;1.86;1.86;1.84;2.04
SP1;21/09/05;Getafe;Mallorca;1;1;D;1;0;H;16;12;5;3;24;17;3;4;3;2;0;0;1.9;3.25;4.0;1.87;3.21;3.87;1.93;1.78;1.96;1.9
SP1;21/09/05;La Coruna;Betis;1;1;D;1;1;D;17;11;6;3;21;19;5;1;5;5;0;0;2.0;3.3;3.5;2.0;3.15;3.44;2.01;1.7;1.83;2.05
SP1;21/09/05;Malaga;Alaves;0;0;D;0;0;D;13;6;4;1;25;14;4;5;2;2;1;0;1.83;3.3;4.33;1.86;3.21;3.91;2.02;1.69;1.9;1.95
SP1;21/09/05;Santander;Espanol;1;0;H;0;0;D;13;11;7;3;19;19;7;4;3;5;0;1;2.3;3.25;2.87;2.36;3.13;2.74;2.03;1.68;2.08;1.8
SP1;21/09/05;Sevilla;Cadiz;0;0;D;0;0;D;25;3;4;1;20;17;14;6;3;6;0;0;1.57;3.6;6.0;1.58;3.43;5.54;2.02;1.7;2.01;1.87
SP1;21/09/05;Sociedad;Ath Madrid;3;2;H;0;2;A;21;14;9;6;16;25;7;4;2;3;0;0;2.37;3.2;2.8;2.43;3.13;2.65;1.98;1.73;1.84;1.99
SP1;21/09/05;Villarreal;Celta;1;2;A;0;1;A;14;11;4;5;17;16;3;5;1;2;0;0;1.66;3.6;5.0;1.66;3.37;4.83;1.89;1.82;1.85;2.02
SP1;21/09/05;Zaragoza;Osasuna;3;1;H;0;0;D;22;6;11;3;20;17;3;1;2;3;0;0;1.8;3.25;4.33;1.81;3.23;4.1;2.01;1.7;1.87;1.98
SP1;22/09/05;Real Madrid;Ath Bilbao;3;1;H;0;1;A;16;21;9;5;19;20;6;4;1;5;1;0;1.44;4.0;7.5;1.41;3.9;7.07;1.71;1.99;2.11;1.76
SP1;24/09/05;Ath Madrid;Getafe;0;1;A;0;0;D;12;12;4;4;21;27;8;2;3;4;0;1;1.66;3.4;5.5;1.64;3.38;5.04;2.02;1.71;1.87;2.01
SP1;24/09/05;Betis;Barcelona;1;4;A;1;1;D;9;23;5;10;19;17;1;7;4;2;1;0;3.4;3.25;2.1;3.19;3.2;2.08;1.92;1.8;1.88;1.99
SP1;24/09/05;Espanol;Villarreal;1;2;A;0;1;A;9;13;3;4;9;12;8;3;1;1;0;0;2.3;3.2;3.0;2.29;3.15;2.86;2.09;1.65;2.1;1.78
SP1;24/09/05;Valencia;Sociedad;2;1;H;1;0;H;11;11;8;4;20;12;5;8;2;1;0;0;1.5;3.75;7.0;1.48;3.55;6.55;1.79;1.93;1.88;1.94
SP1;24/09/05;Zaragoza;La Coruna;1;1;D;1;1;D;15;16;7;5;22;15;8;7;2;1;0;0;2.4;3.25;2.8;2.36;3.13;2.77;1.97;1.74;2.06;1.82
SP1;25/09/05;Alaves;Real Madrid;0;3;A;0;0;D;17;20;6;7;17;24;7;10;1;3;0;0;6.0;3.4;1.61;5.12;3.42;1.61;1.78;1.94;2.02;1.85
SP1;25/09/05;Ath Bilbao;Santander;0;0;D;0;0;D;17;5;3;1;16;29;17;5;3;6;0;0;1.72;3.3;5.0;1.7;3.34;4.65;1.96;1.76;1.78;2.09
SP1;25/09/05;Celta;Sevilla;2;1;H;2;0;H;12;9;5;3;22;24;4;6;2;5;0;0;2.2;3.2;3.25;2.24;3.13;2.94;2.1;1.64;2.07;1.81
SP1;25/09/05;Mallorca;Malaga;1;4;A;0;2;A;14;9;7;5;24;22;8;2;0;1;0;0;2.1;3.25;3.4;2.09;3.19;3.21;1.99;1.74;1.86;2.01
SP1;25/09/05;Osasuna;Cadiz;2;0;H;1;0;H;19;3;7;0;27;13;5;5;4;2;0;0;1.9;3.25;4.0;1.86;3.21;3.91;2.14;1.62;2.0;1.85
SP1;01/10/05;Barcelona;Zaragoza;2;2;D;0;0;D;22;7;7;3;16;23;1;2;4;3;0;1;1.33;4.5;9.5;1.31;4.37;8.56;1.7;2.02;2.0;1.83
SP1;01/10/05;Getafe;Valencia;2;1;H;1;1;D;12;9;6;2;25;24;2;0;1;4;0;1;2.6;3.2;2.62;2.71;3.11;2.4;2.04;1.68;2.01;1.82
SP1;02/10/05;Cadiz;Celta;1;1;D;1;1;D;11;8;6;5;26;18;3;3;2;4;0;0;2.5;3.2;2.75;2.49;3.11;2.59;2.05;1.68;1.83;2.01
SP1;02/10/05;La Coruna;Osasuna;0;1;A;0;1;A;12;7;1;4;24;25;2;5;1;3;0;0;1.66;3.4;5.5;1.63;3.36;5.01;2.01;1.72;1.96;1.9
SP1;02/10/05;Malaga;Ath Madrid;0;2;A;0;1;A;7;14;2;7;19;20;4;6;3;4;0;0;2.4;3.25;2.8;2.34;3.14;2.78;2.06;1.68;1.82;2.02
SP1;02/10/05;Real Madrid;Mallorca;4;0;H;2;0;H;16;11;8;3;17;18;9;5;0;2;0;1;1.25;5.0;13.0;1.21;5.17;10.66;1.6;2.17;1.81;2.03
SP1;02/10/05;Santander;Alaves;1;2;A;0;1;A;9;9;4;3;26;9;6;2;3;1;0;0;1.9;3.25;4.0;1.89;3.18;3.8;2.12;1.63;2.04;1.81
SP1;02/10/05;Sevilla;Espanol;1;1;D;0;1;A;12;8;3;3;13;11;9;2;3;1;0;0;1.9;3.25;4.0;1.84;3.22;3.91;2.12;1.63;1.83;2.02
SP1;02/10/05;Sociedad;Betis;1;1;D;0;1;A;16;11;5;3;14;25;4;5;2;2;0;0;2.5;3.2;2.75;2.28;3.16;2.83;1.94;1.78;2.04;1.82
SP1;02/10/05;Villarreal;Ath Bilbao;3;1;H;1;1;D;19;10;6;5;11;15;7;2;3;3;0;1;1.83;3.3;4.33;1.81;3.22;4.04;1.94;1.78;1.87;1.98
SP1;15/10/05;Alaves;Villarreal;1;1;D;1;1;D;12;9;4;4;16;18;12;2;2;5;0;0;2.62;3.2;2.37;2.69;3.12;2.44;1.94;1.78;1.93;1.9
SP1;15/10/05;Ath Madrid;Real Madrid;0;3;A;0;1;A;15;14;3;7;16;16;7;5;5;2;1;0;3.0;3.25;2.1;3.15;3.16;2.12;1.76;1.94;1.94;1.92
SP1;15/10/05;La Coruna;Barcelona;3;3;D;1;2;A;9;13;4;6;19;18;2;3;4;4;0;0;3.0;3.25;2.1;3.35;3.16;2.04;1.89;1.83;1.76;2.1
SP1;16/10/05;Ath Bilbao;Sevilla;0;1;A;0;1;A;21;10;3;3;9;17;6;3;1;2;1;0;2.2;3.25;2.8;2.12;3.15;3.22;2.04;1.67;1.86;2.01
SP1;16/10/05;Betis;Getafe;1;0;H;1;0;H;13;13;3;6;26;19;4;5;2;4;0;1;1.8;3.25;4.0;1.89;3.2;3.79;2.08;1.65;1.95;1.9
SP1;16/10/05;Espanol;Cadiz;0;2;A;0;0;D;7;8;1;4;18;18;4;4;1;3;1;0;1.72;3.25;4.33;1.76;3.27;4.43;2.1;1.64;1.83;2.02
SP1;16/10/05;Mallorca;Santander;0;0;D;0;0;D;13;7;3;4;23;21;9;0;2;7;0;0;2.2;3.25;2.8;2.17;3.15;3.12;2.04;1.67;1.93;1.93
SP1;16/10/05;Osasuna;Celta;2;0;H;0;0;D;10;14;4;3;25;17;3;7;4;2;0;0;2.1;3.25;3.0;2.14;3.14;3.13;2.02;1.69;1.86;2.0
SP1;16/10/05;Valencia;Malaga;2;1;H;1;0;H;15;11;7;4;21;23;9;4;3;2;0;0;1.57;3.6;5.0;1.52;3.52;6.12;1.91;1.81;1.97;1.86
SP1;16/10/05;Zaragoza;Sociedad;0;1;A;0;1;A;17;7;2;3;14;16;11;5;2;1;0;1;1.72;3.25;4.33;1.79;3.25;4.28;1.75;1.96;1.83;2.03
SP1;22/10/05;Barcelona;Osasuna;3;0;H;0;0;D;24;6;10;1;10;21;7;2;1;4;0;0;1.36;4.33;9.0;1.31;4.43;8.82;1.73;1.99;2.04;1.8
SP1;22/10/05;Sevilla;Alaves;2;0;H;1;0;H;13;8;5;3;21;19;6;3;2;7;0;0;1.72;3.4;5.0;1.66;3.35;4.91;2.03;1.7;1.89;1.98
SP1;23/10/05;Cadiz;Ath Bilbao;1;0;H;1;0;H;11;12;2;0;20;10;3;1;3;0;0;0;2.25;3.2;3.1;2.25;3.12;2.96;2.05;1.67;2.07;1.79
SP1;23/10/05;Celta;Espanol;1;0;H;0;0;D;19;12;5;4;18;21;3;1;3;4;0;1;2.0;3.3;3.6;1.91;3.21;3.72;2.03;1.69;2.02;1.83
SP1;23/10/05;Getafe;Zaragoza;5;2;H;4;0;H;14;14;8;6;15;24;5;7;2;5;0;0;2.2;3.2;3.25;2.12;3.17;3.19;2.06;1.67;1.9;1.96
SP1;23/10/05;Malaga;Betis;5;0;H;2;0;H;17;10;9;4;26;14;7;4;1;1;0;0;2.4;3.25;2.8;2.46;3.12;2.66;2.1;1.64;1.83;2.0
SP1;23/10/05;Real Madrid;Valencia;1;2;A;1;2;A;15;16;3;6;20;23;6;6;4;3;2;0;1.66;3.4;5.5;1.65;3.34;5.07;1.81;1.9;2.07;1.78
SP1;23/10/05;Santander;Ath Madrid;0;1;A;0;1;A;8;12;3;5;20;20;10;4;2;2;0;0;2.6;3.2;2.62;2.53;3.12;2.57;2.09;1.64;1.92;1.91
SP1;23/10/05;Sociedad;La Coruna;2;0;H;0;0;D;16;13;9;1;26;14;5;4;2;2;0;0;2.4;3.25;2.8;2.41;3.1;2.71;2.01;1.71;1.82;2.01
SP1;23/10/05;Villarreal;Mallorca;3;0;H;3;0;H;18;13;7;2;13;16;4;6;1;1;0;0;1.57;3.6;6.0;1.56;3.46;5.8;1.88;1.83;1.97;1.87
SP1;26/10/05;Barcelona;Malaga;2;0;H;0;0;D;36;4;20;1;6;24;12;2;0;5;0;0;1.25;5.0;13.0;1.24;4.97;10.14;1.58;2.2;1.84;2.0
SP1;26/10/05;Betis;Villarreal;2;3;A;1;1;D;10;4;4;4;10;8;2;2;4;4;1;0;2.25;3.2;3.1;2.21;3.12;2.97;2.03;1.69;2.07;1.81
SP1;26/10/05;La Coruna;Real Madrid;3;1;H;2;0;H;21;7;5;4;21;20;5;3;3;3;0;0;2.87;3.25;2.37;2.78;3.14;2.34;1.88;1.83;1.94;1.9
SP1;26/10/05;Mallorca;Celta;1;0;H;0;0;D;15;8;5;2;23;22;5;4;3;1;0;1;2.5;3.2;2.75;2.5;3.13;2.58;1.95;1.77;1.8;2.04
SP1;26/10/05;Osasuna;Ath Bilbao;3;2;H;1;1;D;11;16;7;2;21;19;2;2;4;1;0;0;1.9;3.25;4.0;1.85;3.23;3.91;2.05;1.68;2.02;1.82
SP1;27/10/05;Alaves;Espanol;1;1;D;1;1;D;12;12;9;6;19;12;10;10;3;3;1;0;2.3;3.25;3.0;2.29;3.15;2.82;2.05;1.66;2.09;1.78
SP1;27/10/05;Ath Madrid;Cadiz;3;0;H;1;0;H;20;7;10;2;21;13;9;5;3;2;0;0;1.72;3.4;5.0;1.65;3.35;4.87;2.07;1.65;1.91;1.94
SP1;27/10/05;Sociedad;Getafe;3;0;H;3;0;H;11;18;5;8;18;21;6;10;0;2;0;0;2.1;3.25;3.4;2.09;3.16;3.19;1.97;1.75;1.92;1.94
SP1;27/10/05;Valencia;Sevilla;0;2;A;0;1;A;24;4;6;2;16;16;10;2;1;0;0;0;1.66;3.4;5.5;1.69;3.28;4.73;2.0;1.72;2.06;1.82
SP1;27/10/05;Zaragoza;Santander;1;1;D;1;0;H;14;6;3;1;18;25;5;3;2;6;0;0;1.83;3.3;4.33;1.82;3.16;4.06;2.08;1.64;1.88;1.97
SP1;29/10/05;Ath Bilbao;Celta;1;1;D;1;0;H;14;11;3;4;25;13;6;3;2;2;0;0;2.25;3.25;2.75;2.22;3.16;2.99;2.02;1.7;1.86;2.0
SP1;29/10/05;Betis;Real Madrid;0;2;A;0;1;A;11;6;1;3;21;24;4;4;2;2;0;0;2.8;3.25;2.2;3.08;3.17;2.16;1.83;1.89;1.88;1.99
SP1;30/10/05;Alaves;Cadiz;0;0;D;0;0;D;10;7;6;3;25;19;4;0;1;2;0;0;2.2;3.25;2.8;2.24;3.15;3.0;2.1;1.64;1.95;1.92
SP1;30/10/05;Ath Madrid;Villarreal;1;1;D;1;0;H;16;7;5;2;26;18;8;2;6;4;1;1;2.2;3.25;2.8;2.16;3.15;3.08;2.02;1.72;1.92;1.95
SP1;30/10/05;Barcelona;Sociedad;5;0;H;2;0;H;21;2;8;1;13;9;4;5;1;3;0;1;1.33;4.33;7.5;1.3;4.49;8.72;1.68;2.05;2.08;1.76
SP1;30/10/05;La Coruna;Getafe;1;0;H;1;0;H;12;16;5;3;28;17;1;2;3;4;0;0;1.8;3.25;4.0;1.81;3.23;4.05;1.97;1.74;1.86;1.99
SP1;30/10/05;Mallorca;Sevilla;1;1;D;1;1;D;8;19;2;7;22;15;3;2;2;2;1;0;2.5;3.2;2.5;2.71;3.13;2.41;2.06;1.66;2.01;1.84
SP1;30/10/05;Osasuna;Espanol;2;0;H;1;0;H;16;7;7;0;18;20;5;4;2;6;0;1;1.83;3.25;3.75;1.83;3.21;4.03;2.07;1.65;1.98;1.87
SP1;30/10/05;Valencia;Santander;1;1;D;1;1;D;10;5;4;4;14;31;9;1;2;1;0;1;1.4;4.0;6.5;1.41;3.82;7.28;1.95;1.78;1.75;2.12
SP1;30/10/05;Zaragoza;Malaga;1;1;D;1;1;D;16;9;8;2;19;22;9;1;2;2;0;0;2.0;3.25;3.25;1.96;3.17;3.61;2.01;1.7;2.0;1.86
SP1;05/11/05;Espanol;Ath Bilbao;1;1;D;0;1;A;13;9;6;3;18;25;4;3;2;1;0;0;2.1;3.25;3.4;2.12;3.15;3.18;2.07;1.66;1.98;1.89
SP1;05/11/05;Sociedad;Osasuna;1;2;A;1;1;D;15;17;5;5;22;25;3;3;1;4;0;0;2.1;3.25;3.0;2.07;3.15;3.29;2.01;1.7;1.83;2.04
SP1;05/11/05;Villarreal;Valencia;1;0;H;1;0;H;15;13;4;6;17;22;1;6;1;1;0;0;2.37;3.2;2.87;2.31;3.09;2.86;1.96;1.76;1.79;2.04
SP1;06/11/05;Cadiz;Mallorca;1;2;A;1;1;D;9;9;4;4;15;21;7;3;3;3;0;1;2.0;3.25;3.25;2.01;3.19;3.45;2.08;1.64;1.81;2.04
SP1;06/11/05;Celta;Alaves;2;1;H;1;0;H;14;9;9;2;22;14;6;4;3;2;0;0;1.72;3.25;4.33;1.67;3.36;4.9;2.05;1.67;2.03;1.83
SP1;06/11/05;Getafe;Barcelona;1;3;A;0;1;A;7;10;3;7;20;10;5;4;1;0;0;0;4.5;3.6;1.72;4.35;3.32;1.74;1.75;1.96;2.12;1.74
SP1;06/11/05;Malaga;La Coruna;1;1;D;0;0;D;11;12;1;4;23;17;4;2;0;3;0;0;2.4;3.2;2.6;2.48;3.1;2.64;2.08;1.64;1.86;1.97
SP1;06/11/05;Real Madrid;Zaragoza;1;0;H;0;0;D;13;14;5;4;14;22;6;1;2;5;0;0;1.36;4.33;9.0;1.35;4.15;7.99;1.63;2.12;2.04;1.82
SP1;06/11/05;Santander;Betis;1;1;D;0;1;A;14;8;5;2;24;27;6;7;3;2;0;0;2.3;3.25;2.75;2.31;3.11;2.87;2.12;1.62;1.76;2.08
SP1;06/11/05;Sevilla;Ath Madrid;0;0;D;0;0;D;14;12;6;3;21;18;7;4;0;3;0;0;2.0;3.25;3.4;2.09;3.14;3.29;2.12;1.62;1.85;2.01
SP1;19/11/05;Getafe;Osasuna;0;0;D;0;0;D;13;9;4;2;17;26;4;2;2;2;0;0;2.25;3.0;3.0;2.23;3.11;2.97;2.05;1.67;1.98;1.89
SP1;19/11/05;Real Madrid;Barcelona;0;3;A;0;1;A;5;20;2;7;25;16;3;6;6;2;0;0;2.37;3.2;2.62;2.39;3.15;2.75;1.72;2.03;1.82;2.03
SP1;19/11/05;Sevilla;Betis;1;0;H;0;0;D;9;8;2;3;23;24;7;4;4;7;2;0;2.0;3.0;3.5;1.98;3.07;3.58;2.18;1.59;2.07;1.81
SP1;19/11/05;Villarreal;Zaragoza;0;0;D;0;0;D;10;11;3;3;19;19;6;2;2;3;0;0;1.72;3.25;4.33;1.82;3.22;4.14;2.01;1.7;2.05;1.81
SP1;20/11/05;Ath Bilbao;Alaves;0;2;A;0;1;A;18;11;5;7;20;18;11;1;3;3;0;0;1.83;3.25;3.75;1.77;3.23;4.37;2.05;1.67;1.75;2.15
SP1;20/11/05;Cadiz;Valencia;0;1;A;0;0;D;11;6;4;2;17;26;10;11;4;6;1;1;2.8;3.2;2.25;2.96;3.14;2.23;2.06;1.65;1.93;1.94
SP1;20/11/05;Celta;Ath Madrid;2;1;H;1;0;H;10;18;4;8;28;17;3;11;2;2;0;0;2.25;3.25;2.75;2.2;3.1;3.03;2.14;1.61;2.05;1.82
SP1;20/11/05;Espanol;Mallorca;2;0;H;2;0;H;13;9;6;1;26;25;4;4;3;5;0;1;2.0;3.25;3.25;2.02;3.18;3.39;2.05;1.66;2.05;1.81
SP1;20/11/05;Malaga;Sociedad;3;1;H;0;0;D;14;13;7;3;26;11;7;7;2;2;0;0;2.2;3.2;2.87;2.16;3.14;3.1;2.01;1.7;1.87;2.0
SP1;20/11/05;Santander;La Coruna;0;3;A;0;1;A;17;9;7;3;23;31;4;4;1;1;0;0;2.6;3.2;2.4;2.63;3.07;2.51;2.14;1.62;2.03;1.82
SP1;26/11/05;Mallorca;Ath Bilbao;0;1;A;0;0;D;12;6;4;1;22;21;4;3;1;3;0;0;2.2;3.25;3.2;2.12;3.17;3.2;2.02;1.71;2.01;1.86
SP1;26/11/05;Valencia;Celta;2;0;H;0;0;D;15;11;7;3;16;16;9;6;1;2;0;0;1.72;3.4;5.0;1.73;3.27;4.53;2.02;1.72;1.83;2.03
SP1;27/11/05;Ath Madrid;Espanol;1;1;D;1;1;D;16;19;5;7;22;22;5;7;4;4;0;0;1.72;3.4;5.0;1.71;3.29;4.61;2.08;1.65;1.74;2.13
SP1;27/11/05;Barcelona;Santander;4;1;H;1;0;H;25;3;7;1;13;30;8;0;1;2;0;1;1.16;6.5;15.0;1.15;6.04;14.19;1.56;2.21;1.77;2.1
SP1;27/11/05;Betis;Cadiz;1;1;D;1;0;H;12;14;5;5;18;8;4;5;4;2;1;0;1.8;3.3;4.5;1.79;3.24;4.22;2.13;1.62;1.83;2.01
SP1;27/11/05;Getafe;Malaga;3;2;H;2;1;H;17;10;6;4;16;30;9;8;0;2;0;0;2.0;3.2;3.75;2.04;3.17;3.4;2.0;1.73;2.1;1.76
SP1;27/11/05;La Coruna;Villarreal;0;2;A;0;0;D;17;17;3;10;32;22;7;6;4;2;0;0;2.1;3.2;3.5;2.04;3.15;3.36;2.03;1.68;1.84;2.02
SP1;27/11/05;Osasuna;Alaves;3;2;H;0;0;D;15;7;7;5;26;21;9;1;1;2;0;0;1.61;3.6;5.5;1.63;3.39;5.17;2.04;1.68;1.89;1.97
SP1;27/11/05;Sociedad;Real Madrid;2;2;D;1;0;H;11;20;5;10;27;15;4;5;4;5;1;1;3.4;3.25;2.1;3.27;3.21;2.05;1.77;1.96;2.07;1.78
SP1;27/11/05;Zaragoza;Sevilla;0;2;A;0;0;D;15;17;2;8;19;5;5;5;4;0;1;0;2.37;3.2;2.9;2.35;3.07;2.86;2.13;1.62;1.71;2.15
SP1;03/12/05;Ath Bilbao;Ath Madrid;1;1;D;0;1;A;14;6;3;1;14;23;9;3;4;3;0;0;2.3;3.2;2.7;2.25;3.12;2.96;2.11;1.62;1.89;1.97
SP1;03/12/05;Celta;Betis;2;1;H;2;0;H;9;23;4;4;29;21;5;11;5;4;0;1;1.8;3.25;4.0;1.86;3.2;3.96;2.1;1.64;2.02;1.84
SP1;03/12/05;Real Madrid;Getafe;1;0;H;1;0;H;6;19;1;4;17;24;3;13;3;3;1;0;1.4;3.75;7.5;1.35;4.2;8.07;1.66;2.06;1.94;1.93
SP1;04/12/05;Alaves;Mallorca;0;3;A;0;1;A;18;13;3;10;15;24;10;5;4;4;0;0;2.1;3.25;3.0;2.18;3.12;3.11;2.05;1.67;1.89;1.98
SP1;04/12/05;Cadiz;Zaragoza;1;2;A;1;0;H;4;6;1;2;15;20;3;4;2;4;0;0;2.3;3.1;2.87;2.21;3.09;3.09;2.17;1.59;1.94;1.92
SP1;04/12/05;Espanol;Valencia;1;3;A;0;2;A;15;18;2;9;23;15;4;4;3;2;0;1;2.62;3.2;2.37;2.78;3.11;2.37;2.1;1.63;1.8;2.06
SP1;04/12/05;Malaga;Osasuna;1;2;A;1;2;A;9;11;2;4;26;14;7;4;3;2;0;0;2.4;3.2;2.6;2.33;3.12;2.83;2.01;1.7;2.09;1.79
SP1;04/12/05;Santander;Sociedad;2;2;D;0;1;A;14;17;4;9;24;17;4;3;3;5;0;1;2.37;3.2;2.62;2.36;3.1;2.8;2.06;1.66;1.82;2.02
SP1;04/12/05;Sevilla;La Coruna;0;2;A;0;2;A;13;11;3;6;26;15;12;6;7;6;2;0;2.0;3.25;3.25;2.06;3.11;3.35;2.16;1.6;1.85;2.02
SP1;04/12/05;Villarreal;Barcelona;0;2;A;0;1;A;6;11;1;4;19;24;5;5;2;4;0;1;3.75;3.25;1.83;3.85;3.24;1.86;1.78;1.94;1.97;1.89
SP1;10/12/05;Sociedad;Villarreal;1;3;A;1;1;D;16;14;6;8;15;17;5;1;1;2;0;0;2.6;3.2;2.62;2.52;3.12;2.59;1.99;1.73;1.98;1.85
SP1;10/12/05;Valencia;Ath Bilbao;1;1;D;0;0;D;23;6;8;2;16;21;10;4;1;2;0;1;1.5;3.75;7.0;1.49;3.57;6.4;1.98;1.74;1.99;1.84
SP1;11/12/05;Ath Madrid;Alaves;1;1;D;0;0;D;21;11;2;6;17;17;12;3;2;2;0;0;1.57;3.5;6.5;1.59;3.41;5.52;2.02;1.72;1.98;1.86
SP1;11/12/05;Barcelona;Sevilla;2;1;H;0;0;D;14;7;3;2;24;19;7;1;4;2;0;0;1.3;5.0;9.5;1.3;4.4;8.76;1.68;2.04;1.9;1.94
SP1;11/12/05;Betis;Espanol;0;0;D;0;0;D;20;6;3;1;10;12;9;0;1;2;0;0;2.1;3.2;3.5;2.06;3.14;3.29;2.16;1.61;1.8;2.08
SP1;11/12/05;Getafe;Santander;1;2;A;1;1;D;10;7;3;4;20;21;10;1;3;5;0;0;1.8;3.3;4.5;1.77;3.23;4.33;2.06;1.69;1.84;2.02
SP1;11/12/05;La Coruna;Cadiz;1;0;H;0;0;D;20;8;6;4;23;18;5;5;1;2;0;0;1.57;3.5;6.5;1.57;3.43;5.74;2.05;1.69;1.79;2.09
SP1;11/12/05;Malaga;Real Madrid;0;2;A;0;2;A;22;17;8;7;37;11;7;3;5;1;0;0;4.5;3.25;1.83;3.86;3.28;1.84;1.81;1.91;2.0;1.86
SP1;11/12/05;Osasuna;Mallorca;1;0;H;1;0;H;20;9;6;3;20;15;6;4;2;2;0;0;1.57;3.6;6.0;1.59;3.4;5.39;1.94;1.79;1.91;1.96
SP1;11/12/05;Zaragoza;Celta;1;0;H;0;0;D;23;4;9;4;19;13;12;2;1;3;0;0;2.37;3.25;2.87;2.36;3.1;2.79;2.1;1.63;2.09;1.78
SP1;17/12/05;Ath Bilbao;Betis;2;0;H;2;0;H;12;9;2;3;20;23;4;2;1;1;0;1;2.2;3.0;3.5;2.12;3.08;3.22;2.14;1.62;2.02;1.84
SP1;17/12/05;Cadiz;Barcelona;1;3;A;0;2;A;12;19;1;9;13;17;4;8;2;1;0;0;9.0;4.33;1.36;8.02;3.97;1.37;1.69;2.04;1.85;2.03
SP1;17/12/05;Celta;La Coruna;0;3;A;0;3;A;6;7;1;5;16;23;7;2;3;3;1;0;2.37;3.0;3.1;2.28;3.08;2.89;2.03;1.7;1.79;2.06
SP1;18/12/05;Alaves;Valencia;0;1;A;0;1;A;12;14;3;3;18;19;7;5;5;2;0;0;4.2;3.2;1.9;3.81;3.19;1.89;2.01;1.72;1.89;1.97
SP1;18/12/05;Espanol;Zaragoza;2;2;D;0;0;D;13;15;4;6;27;14;4;3;4;2;0;0;2.2;3.2;3.25;2.2;3.09;3.08;2.11;1.63;2.1;1.78
SP1;18/12/05;Mallorca;Ath Madrid;2;2;D;1;2;A;8;11;4;4;19;17;7;4;4;5;1;1;2.5;3.1;2.8;2.46;3.09;2.68;2.11;1.64;1.86;1.98
SP1;18/12/05;Real Madrid;Osasuna;1;1;D;0;0;D;15;10;6;1;23;21;7;3;6;5;0;1;1.5;3.75;7.0;1.5;3.59;6.17;1.72;2.01;1.97;1.87
SP1;18/12/05;Santander;Malaga;1;1;D;1;1;D;16;10;5;5;20;21;8;5;3;6;3;2;2.25;3.1;3.2;2.18;3.09;3.11;2.02;1.7;2.0;1.87
SP1;18/12/05;Sevilla;Sociedad;3;2;H;0;1;A;29;9;8;2;20;17;6;2;4;6;0;2;1.72;3.4;5.0;1.69;3.3;4.76;2.01;1.71;1.9;1.97
SP1;18/12/05;Villarreal;Getafe;2;1;H;1;1;D;18;13;9;5;16;23;6;4;2;2;0;0;1.57;3.5;6.5;1.55;3.46;5.93;1.97;1.74;1.94;1.9
SP1;20/12/05;Barcelona;Celta;2;0;H;1;0;H;15;4;7;2;15;26;6;1;1;3;0;0;1.22;5.5;13.0;1.2;5.29;11.5;1.54;2.3;1.88;1.99
SP1;21/12/05;Betis;Alaves;3;0;H;1;0;H;15;12;8;3;27;21;3;1;2;3;0;0;1.83;3.3;4.33;1.8;3.21;4.18;2.09;1.65;1.81;2.05
SP1;21/12/05;Getafe;Sevilla;1;0;H;1;0;H;17;11;3;4;24;20;3;6;3;2;1;0;2.5;3.25;2.7;2.47;3.12;2.62;2.07;1.66;1.89;1.95
SP1;21/12/05;La Coruna;Espanol;1;2;A;0;0;D;14;9;6;3;20;16;12;2;3;4;0;1;1.57;3.6;6.0;1.57;3.4;5.59;2.06;1.69;1.86;2.01
SP1;21/12/05;Malaga;Villarreal;0;0;D;0;0;D;8;12;4;6;30;16;3;2;5;2;0;0;3.1;3.2;2.25;3.15;3.14;2.12;1.98;1.75;2.01;1.85
SP1;21/12/05;Real Madrid;Santander;1;2;A;0;2;A;19;9;5;4;20;10;6;4;3;3;0;0;1.25;5.0;13.0;1.24;4.88;10.24;1.65;2.09;1.87;1.99
SP1;21/12/05;Sociedad;Cadiz;2;0;H;1;0;H;20;8;6;5;19;24;9;4;1;3;0;1;1.83;3.3;4.33;1.81;3.21;4.13;1.97;1.76;1.95;1.91
SP1;21/12/05;Valencia;Mallorca;3;0;H;0;0;D;17;6;6;0;12;16;9;4;0;1;0;0;1.44;4.0;7.5;1.41;3.77;7.33;1.91;1.81;1.75;2.12
SP1;21/12/05;Zaragoza;Ath Bilbao;3;2;H;0;1;A;12;8;4;4;14;18;3;2;2;1;0;0;2.0;3.2;3.75;2.04;3.12;3.42;2.1;1.64;1.94;1.92
SP1;22/12/05;Osasuna;Ath Madrid;2;1;H;2;1;H;24;5;8;1;18;16;5;1;1;2;0;0;1.9;3.25;4.0;1.82;3.23;4.07;2.06;1.67;1.98;1.87
SP1;07/01/06;Ath Bilbao;La Coruna;1;2;A;0;1;A;18;13;5;3;21;25;6;2;1;5;0;0;2.6;3.2;2.62;2.57;3.1;2.59;2.06;1.66;1.92;1.89
SP1;07/01/06;Espanol;Barcelona;1;2;A;0;1;A;9;19;3;7;29;20;5;6;6;3;0;0;7.5;4.0;1.44;6.99;3.8;1.44;1.8;1.92;2.12;1.73
SP1;08/01/06;Alaves;Zaragoza;0;2;A;0;0;D;15;15;5;4;14;14;5;0;0;3;0;0;2.6;3.2;2.62;2.5;3.1;2.67;2.06;1.66;1.87;1.94
SP1;08/01/06;Ath Madrid;Valencia;0;0;D;0;0;D;14;9;2;5;27;21;5;10;2;0;0;0;3.0;3.2;2.3;2.92;3.14;2.25;2.08;1.69;1.86;1.99
SP1;08/01/06;Cadiz;Getafe;1;0;H;1;0;H;13;8;6;1;22;21;2;2;4;5;1;1;2.37;3.2;2.9;2.39;3.14;2.78;2.07;1.65;1.76;2.05
SP1;08/01/06;Celta;Sociedad;1;0;H;1;0;H;15;5;3;1;20;14;2;1;1;1;0;0;1.9;3.25;4.0;1.84;3.24;4.04;1.86;1.86;1.94;1.9
SP1;08/01/06;Mallorca;Betis;1;1;D;1;1;D;10;9;7;5;17;20;4;7;1;3;0;0;2.3;3.2;3.0;2.26;3.16;2.96;2.05;1.67;2.04;1.81
SP1;08/01/06;Osasuna;Santander;1;1;D;1;1;D;17;6;3;1;21;21;3;1;2;2;0;0;1.61;3.4;6.0;1.6;3.45;5.5;1.94;1.78;1.79;2.06
SP1;08/01/06;Sevilla;Malaga;3;1;H;1;0;H;19;8;7;3;19;19;10;2;6;2;0;1;1.7;3.5;5.0;1.67;3.37;4.89;2.04;1.68;2.07;1.79
SP1;08/01/06;Villarreal;Real Madrid;0;0;D;0;0;D;15;14;5;3;15;19;3;5;3;3;0;0;2.5;3.2;2.75;2.46;3.16;2.68;1.94;1.78;1.85;1.96
SP1;14/01/06;Betis;Ath Madrid;1;0;H;1;0;H;11;15;6;3;23;23;5;4;2;2;0;0;2.2;3.25;3.2;2.22;3.13;3.04;2.1;1.66;2.0;1.87
SP1;14/01/06;Valencia;Osasuna;2;0;H;1;0;H;15;12;4;5;13;21;8;8;3;1;0;0;1.72;3.4;5.0;1.71;3.31;4.77;2.0;1.73;1.93;1.94
SP1;15/01/06;Barcelona;Ath Bilbao;2;1;H;1;1;D;16;8;9;2;18;24;7;5;2;4;1;0;1.16;6.5;15.0;1.18;5.82;13.03;1.53;2.29;1.82;2.04
SP1;15/01/06;Getafe;Celta;1;1;D;1;0;H;24;12;6;3;23;22;9;4;1;2;0;0;2.2;3.25;3.2;2.22;3.16;3.05;2.02;1.7;2.01;1.85
SP1;15/01/06;La Coruna;Alaves;0;2;A;0;1;A;28;12;6;5;21;25;9;1;1;2;0;0;1.44;4.0;7.5;1.42;3.87;7.5;1.77;1.94;2.01;1.85
SP1;15/01/06;Malaga;Cadiz;0;2;A;0;2;A;5;6;1;2;14;13;2;2;5;1;1;0;1.9;3.3;4.0;1.96;3.19;3.64;2.07;1.68;2.02;1.83
SP1;15/01/06;Real Madrid;Sevilla;4;2;H;1;0;H;25;17;8;5;18;18;3;7;1;1;0;0;1.61;3.6;5.5;1.55;3.53;5.8;1.76;1.96;1.82;2.03
SP1;15/01/06;Santander;Villarreal;1;0;H;1;0;H;8;21;4;6;22;15;1;5;3;4;2;1;3.0;3.2;2.3;2.85;3.1;2.35;2.06;1.66;1.9;1.96
SP1;15/01/06;Sociedad;Espanol;0;1;A;0;0;D;14;12;2;5;22;20;6;2;3;2;0;1;2.0;3.3;3.6;2.05;3.18;3.37;1.92;1.8;1.89;1.97
SP1;15/01/06;Zaragoza;Mallorca;3;1;H;2;0;H;13;9;5;5;18;23;2;4;1;2;0;0;1.72;3.4;5.0;1.75;3.27;4.53;1.98;1.74;1.78;2.08
SP1;21/01/06;Real Madrid;Cadiz;3;1;H;0;0;D;10;15;5;4;26;18;8;9;4;1;0;0;1.25;5.0;13.0;1.22;5.34;11.39;1.62;2.16;1.79;2.06
SP1;21/01/06;Zaragoza;Ath Madrid;0;2;A;0;1;A;8;5;3;3;18;24;4;3;3;5;0;0;2.1;3.25;3.4;2.02;3.18;3.47;2.06;1.67;1.85;2.02
SP1;22/01/06;Barcelona;Alaves;2;0;H;0;0;D;25;3;7;1;23;19;7;5;1;2;0;0;1.14;6.5;21.0;1.14;6.56;15.75;1.5;2.34;2.03;1.78
SP1;22/01/06;Betis;Valencia;0;2;A;0;1;A;14;13;4;7;20;24;4;2;1;2;0;0;2.9;3.2;2.37;2.86;3.13;2.34;2.08;1.64;1.83;2.02
SP1;22/01/06;Getafe;Espanol;5;0;H;2;0;H;12;14;6;3;26;18;6;5;1;3;0;0;2.25;3.2;3.1;2.23;3.14;3.04;2.07;1.65;2.01;1.85
SP1;22/01/06;La Coruna;Mallorca;2;2;D;2;0;H;14;10;2;3;21;29;4;2;3;3;0;0;1.44;4.0;7.5;1.46;3.72;6.92;1.87;1.85;1.81;2.03
SP1;22/01/06;Malaga;Celta;0;2;A;0;0;D;15;14;3;5;26;14;6;7;2;1;0;0;2.5;3.2;2.75;2.43;3.12;2.75;2.06;1.66;1.82;2.0
SP1;22/01/06;Santander;Sevilla;2;3;A;1;1;D;17;9;6;4;21;26;6;3;3;3;0;0;2.6;3.2;2.62;2.44;3.12;2.73;2.1;1.63;1.87;1.94
SP1;22/01/06;Sociedad;Ath Bilbao;3;3;D;2;0;H;12;26;6;8;22;14;2;12;3;3;0;0;2.2;3.2;3.25;2.13;3.15;3.25;1.94;1.76;2.0;1.86
SP1;22/01/06;Villarreal;Osasuna;2;1;H;0;1;A;12;9;5;1;14;28;7;3;4;3;0;0;1.8;3.4;4.33;1.79;3.25;4.27;2.04;1.68;1.79;2.06
SP1;28/01/06;Ath Bilbao;Getafe;1;0;H;0;0;D;9;13;3;4;21;14;3;5;3;3;0;0;2.1;3.25;3.0;2.1;3.19;3.29;2.03;1.69;1.8;2.06
SP1;28/01/06;Ath Madrid;La Coruna;3;2;H;1;0;H;17;12;8;5;25;26;5;3;4;4;0;0;2.2;3.25;2.8;2.33;3.11;2.91;2.07;1.66;1.99;1.86
SP1;28/01/06;Cadiz;Santander;1;1;D;0;0;D;6;6;1;2;19;17;3;6;4;4;0;0;2.2;3.25;2.8;2.26;3.12;3.01;2.08;1.65;1.96;1.9
SP1;29/01/06;Alaves;Sociedad;3;1;H;1;0;H;12;20;6;7;15;18;2;6;2;1;0;0;2.37;3.2;2.62;2.46;3.14;2.7;2.0;1.7;1.8;2.0
SP1;29/01/06;Celta;Real Madrid;1;2;A;1;1;D;21;11;6;5;18;21;5;4;3;3;0;0;3.5;3.25;1.9;3.56;3.24;1.99;1.85;1.88;1.82;2.01
SP1;29/01/06;Espanol;Malaga;3;1;H;3;1;H;14;18;7;3;17;21;9;5;1;3;0;0;1.9;3.25;3.5;1.9;3.22;3.83;1.98;1.72;1.95;1.88
SP1;29/01/06;Mallorca;Barcelona;0;3;A;0;1;A;5;15;2;4;17;13;2;6;4;3;1;0;6.5;4.0;1.4;7.96;4.17;1.37;1.65;2.09;1.86;2.0
SP1;29/01/06;Osasuna;Betis;0;2;A;0;1;A;17;10;3;3;11;26;4;2;1;1;0;0;1.8;3.25;4.0;1.79;3.28;4.31;2.04;1.68;1.87;1.97
SP1;29/01/06;Sevilla;Villarreal;2;0;H;1;0;H;12;7;7;1;21;19;10;3;0;3;0;1;2.2;3.25;2.8;2.28;3.13;2.95;2.05;1.67;2.01;1.84
SP1;29/01/06;Valencia;Zaragoza;2;2;D;0;1;A;19;11;6;5;15;19;8;2;3;4;0;1;1.53;3.75;5.0;1.59;3.46;5.58;1.96;1.76;1.85;2.01
SP1;04/02/06;La Coruna;Valencia;0;1;A;0;1;A;10;10;4;5;21;16;4;1;3;5;0;0;2.6;3.25;2.6;2.44;3.11;2.73;2.01;1.72;1.85;1.97
SP1;04/02/06;Malaga;Ath Bilbao;2;1;H;1;1;D;8;8;5;2;18;22;6;5;5;3;1;0;2.3;3.25;3.0;2.31;3.15;2.86;2.0;1.73;2.08;1.79
SP1;04/02/06;Real Madrid;Espanol;4;0;H;3;0;H;16;8;10;1;23;12;3;5;1;2;0;0;1.33;4.5;9.5;1.3;4.56;8.99;1.6;2.18;2.02;1.83
SP1;05/02/06;Barcelona;Ath Madrid;1;3;A;0;1;A;15;13;6;5;19;26;6;2;3;4;0;0;1.4;4.33;7.5;1.37;4.15;7.8;1.62;2.14;1.84;1.99
SP1;05/02/06;Getafe;Alaves;2;2;D;1;1;D;18;6;7;3;16;16;19;2;1;2;0;0;1.8;3.3;4.5;1.78;3.25;4.33;1.95;1.76;1.85;1.98
SP1;05/02/06;Santander;Celta;0;1;A;0;0;D;16;10;6;6;26;18;9;3;4;2;0;0;2.5;3.25;3.0;2.35;3.14;2.82;2.08;1.65;1.77;2.05
SP1;05/02/06;Sevilla;Osasuna;0;1;A;0;0;D;10;8;3;2;21;22;5;3;6;6;1;0;1.8;3.3;4.5;1.78;3.25;4.3;2.07;1.66;1.8;2.05
SP1;05/02/06;Sociedad;Mallorca;2;1;H;1;1;D;12;11;5;1;21;20;3;7;3;4;0;0;1.83;3.3;4.33;1.84;3.24;4.0;1.81;1.91;1.86;1.98
SP1;05/02/06;Villarreal;Cadiz;1;1;D;0;1;A;14;12;7;4;21;20;6;3;4;1;1;0;1.53;3.6;6.5;1.52;3.53;6.23;1.98;1.75;1.96;1.86
SP1;05/02/06;Zaragoza;Betis;4;3;H;4;1;H;13;15;6;5;24;23;5;6;4;3;1;1;2.0;3.2;3.75;1.96;3.19;3.62;2.02;1.7;2.02;1.82
SP1;11/02/06;Ath Bilbao;Real Madrid;0;2;A;0;1;A;15;11;6;6;18;21;7;3;3;4;0;0;4.33;3.3;1.83;4.02;3.26;1.84;1.75;1.98;1.94;1.9
SP1;11/02/06;Cadiz;Sevilla;0;4;A;0;1;A;12;12;1;5;17;25;4;8;1;2;0;0;2.75;3.2;2.5;2.64;3.09;2.53;2.09;1.65;1.94;1.88
SP1;11/02/06;Osasuna;Zaragoza;1;1;D;1;1;D;17;5;4;1;20;10;5;4;2;1;0;0;2.0;3.2;3.75;2.01;3.18;3.49;1.94;1.79;1.89;1.97
SP1;12/02/06;Alaves;Malaga;3;2;H;1;0;H;11;10;5;3;20;20;1;5;3;2;0;0;2.2;3.25;3.2;2.1;3.16;3.27;1.99;1.74;1.8;2.08
SP1;12/02/06;Ath Madrid;Sociedad;1;0;H;0;0;D;16;9;3;4;24;21;5;2;3;0;0;1;1.66;3.6;5.0;1.63;3.4;5.14;1.8;1.93;1.8;2.08
SP1;12/02/06;Betis;La Coruna;0;1;A;0;0;D;16;14;3;3;21;21;6;1;2;4;0;0;2.4;3.25;2.8;2.38;3.13;2.79;2.04;1.68;1.78;2.06
SP1;12/02/06;Celta;Villarreal;1;0;H;1;0;H;7;9;3;2;26;16;4;7;1;2;0;0;2.2;3.25;3.2;2.17;3.17;3.14;2.09;1.66;1.86;2.01
SP1;12/02/06;Espanol;Santander;0;2;A;0;0;D;5;11;0;3;17;17;8;11;1;1;0;0;2.1;3.25;3.4;2.11;3.17;3.24;2.02;1.71;1.92;1.95
SP1;12/02/06;Mallorca;Getafe;1;1;D;0;0;D;4;13;1;3;27;23;4;2;4;2;0;0;2.3;3.25;3.0;2.3;3.16;2.88;1.99;1.73;1.97;1.89
SP1;12/02/06;Valencia;Barcelona;1;0;H;1;0;H;9;18;4;5;19;21;1;5;3;4;0;0;2.9;3.2;2.37;2.61;3.17;2.52;1.94;1.79;1.82;2.01
SP1;18/02/06;Barcelona;Betis;5;1;H;3;0;H;19;13;8;8;20;22;4;6;4;2;0;0;1.28;5.0;10.0;1.26;4.96;10.27;1.6;2.2;1.98;1.86
SP1;18/02/06;Real Madrid;Alaves;3;0;H;2;0;H;12;12;6;3;22;29;3;0;2;3;0;0;1.22;5.5;13.0;1.22;5.25;11.29;1.56;2.27;1.74;2.11
SP1;18/02/06;Sevilla;Celta;1;0;H;1;0;H;10;13;2;5;32;10;3;5;4;3;0;0;1.9;3.25;4.0;1.95;3.18;3.69;2.17;1.62;2.07;1.78
SP1;18/02/06;Villarreal;Espanol;4;0;H;3;0;H;11;10;8;3;15;17;3;5;3;6;0;0;1.72;3.3;5.0;1.72;3.28;4.66;2.09;1.67;2.0;1.82
SP1;19/02/06;Cadiz;Osasuna;1;3;A;1;2;A;10;7;3;5;10;25;9;1;3;4;1;0;2.62;3.2;2.6;2.6;3.11;2.53;2.08;1.67;1.93;1.89
SP1;19/02/06;Getafe;Ath Madrid;0;3;A;0;1;A;18;14;9;6;24;17;11;2;4;2;0;0;2.62;3.2;2.6;2.56;3.14;2.56;2.0;1.73;1.97;1.85
SP1;19/02/06;La Coruna;Zaragoza;1;1;D;0;1;A;11;8;4;4;18;15;4;1;3;3;1;0;2.0;3.2;3.75;1.97;3.19;3.58;1.94;1.78;2.07;1.76
SP1;19/02/06;Malaga;Mallorca;0;2;A;0;0;D;12;16;4;5;25;28;5;4;2;7;0;1;2.0;3.2;3.75;2.02;3.2;3.42;1.96;1.76;1.79;2.06
SP1;19/02/06;Santander;Ath Bilbao;0;1;A;0;0;D;13;8;3;2;20;27;8;6;3;6;1;0;2.1;3.25;3.4;2.11;3.17;3.25;2.02;1.7;1.98;1.87
SP1;19/02/06;Sociedad;Valencia;1;2;A;1;0;H;12;12;4;4;13;14;8;4;2;2;0;0;3.5;3.2;2.1;3.27;3.17;2.09;1.98;1.74;2.1;1.76
SP1;25/02/06;Ath Madrid;Malaga;5;0;H;3;0;H;17;10;11;0;25;26;7;0;1;4;0;1;1.5;3.75;7.0;1.49;3.63;6.56;1.92;1.81;1.79;2.03
SP1;25/02/06;Zaragoza;Barcelona;0;2;A;0;0;D;5;8;2;2;20;15;3;1;1;0;1;0;5.0;3.3;1.72;4.38;3.35;1.75;1.64;2.13;2.04;1.78
SP1;26/02/06;Alaves;Santander;2;2;D;2;1;H;6;12;2;4;25;25;3;7;3;4;0;0;2.5;3.2;2.75;2.3;3.13;2.88;2.08;1.66;1.78;2.03
SP1;26/02/06;Ath Bilbao;Villarreal;1;1;D;1;1;D;10;8;4;4;17;18;10;4;1;8;0;0;2.5;3.2;2.75;2.46;3.13;2.66;2.1;1.65;1.78;2.03
SP1;26/02/06;Betis;Sociedad;2;0;H;1;0;H;17;7;6;2;21;26;7;3;1;3;0;0;1.9;3.25;4.0;1.92;3.22;3.71;1.99;1.74;1.96;1.87
SP1;26/02/06;Celta;Cadiz;2;0;H;1;0;H;15;7;8;3;21;28;5;3;3;2;0;0;1.61;3.4;6.0;1.6;3.43;5.5;2.09;1.66;1.85;1.99
SP1;26/02/06;Espanol;Sevilla;5;0;H;1;0;H;15;12;9;2;16;21;5;7;1;1;0;1;2.62;3.2;2.6;2.65;3.12;2.48;2.05;1.68;2.05;1.76
SP1;26/02/06;Mallorca;Real Madrid;2;1;H;0;1;A;15;7;4;3;23;24;4;2;4;3;0;0;6.0;3.8;1.53;5.96;3.65;1.52;1.67;2.06;1.85;1.96
SP1;26/02/06;Osasuna;La Coruna;1;2;A;1;0;H;17;9;4;3;15;17;8;2;2;3;0;0;2.2;3.2;3.25;2.16;3.17;3.12;2.08;1.67;1.96;1.89
SP1;26/02/06;Valencia;Getafe;1;1;D;0;0;D;15;8;7;4;15;20;14;1;0;5;0;1;1.36;4.33;9.0;1.39;4.02;7.69;1.88;1.84;1.79;2.06
SP1;04/03/06;Barcelona;La Coruna;3;2;H;2;2;D;16;7;7;2;10;27;8;2;3;5;0;0;1.44;4.1;7.0;1.46;3.76;6.7;1.63;2.14;2.01;1.8
SP1;04/03/06;Cadiz;Espanol;2;0;H;0;0;D;9;17;3;6;24;24;6;5;3;1;0;0;2.4;3.2;2.87;2.4;3.14;2.75;2.06;1.69;1.83;1.98
SP1;04/03/06;Real Madrid;Ath Madrid;2;1;H;2;1;H;10;26;3;6;25;28;3;7;2;4;0;0;1.75;3.5;4.5;1.8;3.28;4.15;1.67;2.07;2.0;1.85
SP1;04/03/06;Villarreal;Alaves;3;2;H;1;2;A;15;3;4;2;22;19;11;1;4;0;0;0;1.57;3.6;6.0;1.56;3.49;5.74;1.96;1.77;1.78;2.08
SP1;05/03/06;Celta;Osasuna;2;0;H;1;0;H;9;14;5;0;16;16;5;5;1;4;0;1;2.1;3.25;3.4;2.06;3.18;3.32;2.07;1.67;1.82;2.03
SP1;05/03/06;Getafe;Betis;1;0;H;1;0;H;17;10;4;2;11;18;8;3;1;4;0;0;2.2;3.25;3.2;2.15;3.17;3.13;1.99;1.74;2.0;1.86
SP1;05/03/06;Malaga;Valencia;0;0;D;0;0;D;11;19;2;5;22;15;9;5;5;1;0;0;5.0;3.4;1.72;4.77;3.35;1.69;1.98;1.75;1.92;1.92
SP1;05/03/06;Santander;Mallorca;0;0;D;0;0;D;9;13;3;0;21;23;5;6;3;1;0;0;2.0;3.3;3.6;2.04;3.17;3.39;2.0;1.73;2.13;1.73
SP1;05/03/06;Sevilla;Ath Bilbao;2;1;H;1;1;D;13;10;4;3;11;24;8;6;1;5;1;0;1.75;3.5;4.5;1.72;3.32;4.59;2.02;1.72;1.77;2.09
SP1;05/03/06;Sociedad;Zaragoza;1;3;A;1;0;H;8;18;1;8;16;18;4;3;2;2;0;0;2.4;3.2;2.87;2.36;3.14;2.79;1.97;1.76;1.77;2.0
SP1;11/03/06;Espanol;Celta;2;0;H;2;0;H;7;17;4;4;19;14;4;6;2;2;1;0;2.4;3.25;2.8;2.4;3.16;2.72;2.12;1.65;1.79;2.04
SP1;11/03/06;La Coruna;Sociedad;0;1;A;0;0;D;18;9;4;1;20;16;5;5;4;3;0;0;1.57;3.6;6.0;1.6;3.47;5.52;1.85;1.88;1.91;1.95
SP1;11/03/06;Valencia;Real Madrid;0;0;D;0;0;D;11;13;2;6;25;22;5;5;4;2;0;0;2.3;3.25;3.0;2.27;3.18;2.91;1.96;1.77;1.97;1.89
SP1;12/03/06;Alaves;Sevilla;2;1;H;2;1;H;15;10;5;3;21;22;3;6;4;6;2;1;2.8;3.25;2.4;2.71;3.16;2.41;2.02;1.7;2.05;1.77
SP1;12/03/06;Ath Bilbao;Cadiz;1;0;H;0;0;D;8;6;1;1;19;18;4;8;2;1;1;1;1.83;3.25;4.5;1.83;3.26;4.07;2.08;1.66;1.86;1.98
SP1;12/03/06;Ath Madrid;Santander;2;1;H;0;0;D;12;15;6;4;22;23;5;3;4;4;1;0;1.57;3.6;6.0;1.59;3.44;5.6;2.02;1.7;1.81;2.05
SP1;12/03/06;Betis;Malaga;1;1;D;1;0;H;15;10;5;2;29;28;10;3;2;4;0;0;1.8;3.4;4.33;1.76;3.29;4.41;2.05;1.69;1.79;2.05
SP1;12/03/06;Mallorca;Villarreal;1;1;D;1;1;D;8;6;2;1;16;24;3;2;2;4;0;0;2.75;3.2;2.5;2.64;3.14;2.49;2.06;1.67;1.99;1.83
SP1;12/03/06;Osasuna;Barcelona;2;1;H;1;0;H;11;8;3;4;29;19;2;1;6;2;0;2;5.5;3.4;1.66;4.76;3.33;1.7;1.76;1.96;1.89;1.97
SP1;12/03/06;Zaragoza;Getafe;1;2;A;1;1;D;13;14;5;6;14;15;9;5;3;2;1;0;1.8;3.3;4.5;1.77;3.28;4.35;1.99;1.73;1.79;2.07
SP1;18/03/06;Getafe;La Coruna;1;2;A;0;1;A;19;8;4;5;18;25;9;4;4;6;1;0;2.4;3.2;2.87;2.4;3.14;2.75;2.04;1.69;2.03;1.83
SP1;18/03/06;Sociedad;Barcelona;0;2;A;0;1;A;9;14;5;6;21;14;7;3;2;2;0;0;6.0;3.8;1.53;5.48;3.55;1.58;1.67;2.1;1.9;1.95
SP1;18/03/06;Villarreal;Ath Madrid;1;1;D;1;0;H;6;12;3;3;21;21;0;3;3;3;0;1;2.25;3.1;3.2;2.21;3.15;3.05;2.05;1.69;2.05;1.81
SP1;19/03/06;Cadiz;Alaves;0;0;D;0;0;D;15;10;5;5;17;20;9;4;2;6;0;0;2.0;3.25;4.0;1.98;3.2;3.5;2.05;1.68;2.01;1.85
SP1;19/03/06;Celta;Ath Bilbao;0;1;A;0;1;A;25;7;6;4;14;25;9;4;2;4;0;1;1.8;3.3;4.5;1.75;3.29;4.44;2.07;1.67;1.87;1.99
SP1;19/03/06;Espanol;Osasuna;2;4;A;1;3;A;5;15;3;8;23;19;3;0;5;5;0;0;2.2;3.2;3.25;2.13;3.17;3.16;2.06;1.67;1.84;2.02
SP1;19/03/06;Malaga;Zaragoza;0;1;A;0;0;D;14;8;2;3;26;21;8;4;1;2;0;0;2.5;3.2;2.75;2.49;3.14;2.63;2.01;1.71;1.84;1.98
SP1;19/03/06;Real Madrid;Betis;0;0;D;0;0;D;16;19;4;2;19;24;5;8;2;2;0;0;1.33;4.5;9.5;1.37;4.15;7.9;1.64;2.12;1.87;1.99
SP1;19/03/06;Santander;Valencia;2;1;H;1;0;H;6;10;2;5;35;14;1;4;4;1;0;0;4.33;3.3;1.83;3.74;3.21;1.91;2.11;1.65;1.95;1.9
SP1;19/03/06;Sevilla;Mallorca;1;1;D;1;0;H;19;9;7;4;14;18;6;1;3;3;0;0;1.66;3.4;5.5;1.66;3.41;4.93;2.03;1.7;2.02;1.83
SP1;21/03/06;Barcelona;Getafe;3;1;H;1;1;D;15;9;4;4;17;18;10;6;1;2;0;0;1.25;5.0;13.0;1.21;5.37;11.33;1.54;2.33;2.05;1.81
SP1;22/03/06;Alaves;Celta;1;0;H;0;0;D;18;10;6;2;19;18;3;2;2;1;0;0;2.37;3.2;2.9;2.36;3.15;2.78;2.11;1.65;1.77;2.07
SP1;22/03/06;Ath Bilbao;Espanol;1;1;D;0;1;A;13;11;5;2;22;22;2;2;6;4;0;0;2.0;3.2;3.75;1.98;3.19;3.56;2.06;1.67;2.0;1.85
SP1;22/03/06;Betis;Santander;1;0;H;1;0;H;15;8;5;1;28;19;6;6;6;6;0;1;2.0;3.2;3.75;1.99;3.17;3.53;2.11;1.65;2.08;1.79
SP1;22/03/06;La Coruna;Malaga;2;1;H;0;1;A;17;12;6;3;19;31;6;5;1;8;0;1;1.57;3.75;5.5;1.55;3.53;5.83;1.87;1.85;2.03;1.79
SP1;22/03/06;Mallorca;Cadiz;1;0;H;1;0;H;16;6;9;1;16;28;7;5;4;5;0;0;1.83;3.3;4.33;1.83;3.25;4.05;2.07;1.67;1.89;1.96
SP1;22/03/06;Osasuna;Sociedad;2;0;H;1;0;H;7;13;4;2;25;10;3;5;4;1;0;0;1.66;3.4;5.5;1.62;3.42;5.23;1.95;1.76;1.92;1.93
SP1;22/03/06;Valencia;Villarreal;1;1;D;1;0;H;10;14;3;7;20;20;6;1;3;4;1;0;1.72;3.3;5.0;1.74;3.26;4.62;2.07;1.67;1.84;2.01
SP1;22/03/06;Zaragoza;Real Madrid;1;1;D;0;0;D;14;10;4;4;25;14;8;4;2;3;0;0;3.4;3.25;2.1;3.29;3.24;2.06;1.75;1.97;1.96;1.87
SP1;23/03/06;Ath Madrid;Sevilla;0;1;A;0;1;A;13;10;6;6;13;13;6;5;3;3;3;0;2.0;3.2;3.75;1.92;3.22;3.74;2.01;1.71;2.07;1.8
SP1;25/03/06;Ath Bilbao;Osasuna;1;0;H;0;0;D;11;7;2;2;17;20;3;4;2;4;1;1;2.4;3.2;2.87;2.39;3.17;2.74;2.06;1.67;2.07;1.81
SP1;25/03/06;Malaga;Barcelona;0;0;D;0;0;D;13;23;5;10;32;20;6;5;2;0;0;0;7.5;4.33;1.4;7.66;4.01;1.4;1.65;2.09;2.03;1.81
SP1;25/03/06;Villarreal;Betis;1;2;A;0;2;A;21;11;5;4;14;20;8;3;1;2;0;0;1.8;3.3;4.5;1.72;3.27;4.76;2.06;1.67;1.89;1.96
SP1;26/03/06;Cadiz;Ath Madrid;1;1;D;0;1;A;14;13;4;5;16;26;6;6;1;4;0;0;2.87;3.25;2.37;2.79;3.18;2.35;2.05;1.67;1.96;1.86
SP1;26/03/06;Celta;Mallorca;2;0;H;2;0;H;14;12;6;4;21;16;3;12;1;1;0;0;1.72;3.3;5.0;1.75;3.28;4.52;2.05;1.67;1.91;1.94
SP1;26/03/06;Espanol;Alaves;0;0;D;0;0;D;7;11;2;2;24;20;14;3;3;3;0;0;1.83;3.3;4.33;1.84;3.25;4.07;1.99;1.74;1.9;1.95
SP1;26/03/06;Getafe;Sociedad;2;1;H;1;1;D;10;9;3;3;17;26;3;5;2;4;0;1;1.9;3.25;4.0;1.91;3.23;3.74;1.98;1.76;2.01;1.85
SP1;26/03/06;Real Madrid;La Coruna;4;0;H;2;0;H;21;14;8;0;14;18;4;5;2;2;0;0;1.61;3.4;6.0;1.64;3.41;5.16;1.8;1.93;2.02;1.83
SP1;26/03/06;Santander;Zaragoza;0;0;D;0;0;D;11;16;2;7;19;18;5;5;1;2;0;0;2.4;3.2;2.87;2.38;3.1;2.82;2.06;1.66;1.79;2.03
SP1;26/03/06;Sevilla;Valencia;1;0;H;0;0;D;16;8;5;1;18;15;8;5;0;4;0;1;2.4;3.0;3.0;2.48;3.1;2.7;2.11;1.63;1.8;2.02
SP1;01/04/06;Barcelona;Real Madrid;1;1;D;1;1;D;35;3;11;1;21;18;12;0;2;6;0;1;1.83;3.3;4.33;1.85;3.26;4.03;1.76;1.99;1.95;1.91
SP1;01/04/06;Sociedad;Malaga;3;0;H;1;0;H;17;6;9;3;18;24;5;4;2;5;0;2;1.8;3.3;4.5;1.8;3.27;4.18;1.92;1.81;1.8;2.07
SP1;01/04/06;Zaragoza;Villarreal;0;1;A;0;1;A;29;2;9;1;14;21;12;1;3;4;0;0;2.0;3.2;3.75;2.0;3.13;3.54;2.07;1.67;1.99;1.87
SP1;02/04/06;Alaves;Ath Bilbao;0;0;D;0;0;D;11;4;2;1;10;24;5;2;2;4;0;0;2.37;3.25;2.87;2.32;3.12;2.89;2.09;1.66;2.1;1.76
SP1;02/04/06;Ath Madrid;Celta;0;3;A;0;0;D;25;7;7;6;19;13;9;3;7;1;0;0;1.9;3.25;4.0;1.91;3.23;3.77;2.07;1.67;1.94;1.92
SP1;02/04/06;Betis;Sevilla;2;1;H;2;1;H;12;11;6;3;28;19;1;3;5;2;0;0;2.5;3.0;2.87;2.43;3.0;2.86;2.18;1.61;1.77;2.06
SP1;02/04/06;La Coruna;Santander;2;0;H;1;0;H;16;9;7;1;21;24;5;1;1;1;0;0;1.72;3.4;5.0;1.75;3.26;4.46;2.0;1.75;1.9;1.94
SP1;02/04/06;Mallorca;Espanol;0;0;D;0;0;D;10;11;2;2;21;23;7;4;2;1;0;0;2.1;3.25;3.4;2.09;3.16;3.27;2.07;1.67;1.88;2.0
SP1;02/04/06;Osasuna;Getafe;0;4;A;0;2;A;26;12;4;5;15;21;2;5;1;6;0;0;1.66;3.4;5.5;1.67;3.38;4.93;2.01;1.73;1.95;1.93
SP1;02/04/06;Valencia;Cadiz;5;3;H;3;1;H;13;9;6;5;16;27;5;5;1;3;0;0;1.4;4.0;9.0;1.39;3.91;8.03;1.96;1.78;1.99;1.88
SP1;08/04/06;Cadiz;Betis;1;1;D;0;0;D;13;21;2;4;19;24;5;7;4;2;0;0;2.37;3.2;2.9;2.45;3.11;2.71;2.1;1.65;1.79;2.02
SP1;08/04/06;Celta;Valencia;0;1;A;0;1;A;12;7;2;4;21;24;5;0;2;3;0;0;2.5;3.2;2.75;2.49;3.12;2.67;2.13;1.64;1.89;1.91
SP1;08/04/06;Malaga;Getafe;1;2;A;0;1;A;13;17;5;6;23;17;3;6;3;1;1;0;2.4;3.25;2.8;2.45;3.15;2.69;2.03;1.69;1.78;2.02
SP1;08/04/06;Real Madrid;Sociedad;1;1;D;1;0;H;13;17;6;8;16;15;6;5;3;3;1;0;1.33;4.5;9.5;1.31;4.53;8.92;1.63;2.16;1.95;1.9
SP1;09/04/06;Alaves;Osasuna;1;2;A;0;1;A;20;8;7;4;16;24;4;5;3;3;0;1;2.6;3.0;2.75;2.48;3.07;2.71;2.07;1.67;1.82;1.97
SP1;09/04/06;Ath Bilbao;Mallorca;1;1;D;1;1;D;10;12;4;1;17;17;6;5;2;2;0;0;1.9;3.25;4.0;1.9;3.2;3.83;2.15;1.62;2.05;1.8
SP1;09/04/06;Espanol;Ath Madrid;1;1;D;0;0;D;15;13;4;1;17;24;5;1;5;3;0;0;2.37;3.2;2.9;2.37;3.14;2.78;2.03;1.69;1.71;2.05
SP1;09/04/06;Santander;Barcelona;2;2;D;2;2;D;8;10;3;3;19;15;4;1;4;1;0;1;6.5;3.6;1.53;6.03;3.55;1.53;1.81;1.91;1.85;2.03
SP1;09/04/06;Sevilla;Zaragoza;1;1;D;0;0;D;22;8;9;3;11;13;5;0;4;3;0;0;1.72;3.4;5.0;1.73;3.29;4.6;2.08;1.67;1.77;2.08
SP1;09/04/06;Villarreal;La Coruna;1;1;D;0;0;D;11;18;5;3;17;21;7;3;2;2;0;0;2.1;3.25;3.4;2.12;3.16;3.2;2.02;1.7;1.82;2.02
SP1;14/04/06;Barcelona;Villarreal;1;0;H;1;0;H;14;10;4;3;21;18;8;4;1;3;0;0;1.53;3.6;7.0;1.53;3.51;6.39;1.88;1.85;1.9;1.97
SP1;15/04/06;La Coruna;Sevilla;0;0;D;0;0;D;15;15;5;4;19;21;6;8;4;2;0;0;2.1;3.25;3.4;2.09;3.16;3.28;2.07;1.68;1.89;1.97
SP1;15/04/06;Mallorca;Alaves;0;0;D;0;0;D;17;9;2;2;21;34;7;0;1;1;0;0;2.0;3.3;3.5;1.98;3.16;3.59;2.15;1.63;2.03;1.85
SP1;15/04/06;Sociedad;Santander;1;0;H;0;0;D;9;12;1;2;16;21;4;6;1;3;0;0;2.0;3.2;3.75;2.02;3.15;3.48;2.04;1.72;2.07;1.8
SP1;16/04/06;Ath Madrid;Ath Bilbao;1;0;H;0;0;D;10;10;1;2;17;20;3;6;2;2;0;0;1.83;3.25;4.5;1.85;3.17;4.11;2.1;1.65;1.95;1.91
SP1;16/04/06;Betis;Celta;0;2;A;0;1;A;13;11;6;6;27;14;7;2;4;1;0;0;2.25;3.2;3.1;2.2;3.15;3.02;2.21;1.58;1.94;1.93
SP1;16/04/06;Getafe;Real Madrid;1;1;D;0;0;D;24;14;9;5;15;20;9;6;1;4;0;0;4.0;3.3;1.9;3.76;3.22;1.92;1.84;1.89;1.84;2.03
SP1;16/04/06;Osasuna;Malaga;1;1;D;1;0;H;11;10;3;4;22;21;4;4;1;2;0;1;1.44;4.0;7.5;1.43;3.83;7.36;1.9;1.83;1.84;2.0
SP1;16/04/06;Valencia;Espanol;4;0;H;1;0;H;17;10;7;6;14;11;10;5;1;4;0;1;1.44;4.0;7.5;1.47;3.7;6.94;2.0;1.72;1.89;1.94
SP1;16/04/06;Zaragoza;Cadiz;1;2;A;1;1;D;16;8;8;4;16;29;4;2;2;3;0;0;1.8;3.3;4.5;1.79;3.3;4.22;2.1;1.65;1.92;1.95
SP1;22/04/06;Alaves;Ath Madrid;0;1;A;0;1;A;8;9;1;4;15;17;3;4;3;2;0;0;2.2;3.2;3.25;2.25;3.16;2.97;2.14;1.62;1.92;1.94
SP1;22/04/06;Celta;Zaragoza;4;0;H;1;0;H;13;12;7;2;14;14;4;5;0;3;0;0;1.8;3.4;3.75;1.79;3.27;4.31;2.12;1.64;1.88;1.98
SP1;22/04/06;Villarreal;Sociedad;0;2;A;0;2;A;10;9;4;2;17;17;7;1;2;3;0;0;1.83;3.25;3.75;2.14;3.11;3.24;2.05;1.68;2.08;1.8
SP1;23/04/06;Ath Bilbao;Valencia;0;3;A;0;0;D;12;9;4;5;25;18;3;4;3;2;0;0;2.8;3.1;2.25;2.98;3.12;2.26;2.17;1.61;1.96;1.9
SP1;23/04/06;Cadiz;La Coruna;1;1;D;0;1;A;10;11;3;4;20;23;8;6;4;5;0;2;2.62;3.2;2.37;2.65;3.14;2.48;2.1;1.66;1.95;1.86
SP1;23/04/06;Espanol;Betis;2;0;H;1;0;H;13;12;7;5;12;18;1;3;2;1;0;1;2.1;3.25;3.0;2.13;3.17;3.2;2.09;1.65;1.83;2.05
SP1;23/04/06;Mallorca;Osasuna;0;1;A;0;0;D;12;9;4;2;16;20;9;4;3;2;0;0;2.5;3.2;2.5;2.51;3.13;2.64;2.13;1.63;1.84;1.97
SP1;23/04/06;Real Madrid;Malaga;2;1;H;0;1;A;31;13;12;3;16;22;11;2;4;4;0;0;1.16;6.5;10.0;1.19;5.71;12.38;1.57;2.24;1.93;1.94
SP1;23/04/06;Santander;Getafe;1;3;A;1;1;D;10;23;4;13;23;13;4;4;4;1;0;0;2.1;3.25;3.0;2.16;3.18;3.13;2.08;1.66;1.83;2.05
SP1;29/04/06;Barcelona;Cadiz;1;0;H;1;0;H;14;7;4;4;15;19;2;4;1;3;0;0;1.2;5.5;17.0;1.2;5.45;12.21;1.62;2.18;2.02;1.85
SP1;29/04/06;Betis;Ath Bilbao;1;1;D;1;0;H;10;10;2;5;19;14;4;10;2;2;0;0;2.1;3.2;3.5;2.1;3.05;3.39;2.17;1.62;1.94;1.92
SP1;29/04/06;La Coruna;Celta;0;2;A;0;1;A;12;13;3;6;25;26;6;4;2;3;1;0;2.1;3.2;3.5;2.15;3.13;3.17;2.16;1.62;1.99;1.87
SP1;30/04/06;Ath Madrid;Mallorca;0;1;A;0;0;D;15;11;3;3;16;17;9;4;2;4;0;0;1.83;3.25;4.5;1.73;3.32;4.49;2.15;1.63;1.82;2.03
SP1;30/04/06;Getafe;Villarreal;1;1;D;1;1;D;20;12;8;8;17;26;2;3;1;2;0;0;2.3;3.1;3.1;2.12;3.17;3.19;2.05;1.67;1.86;2.02
SP1;30/04/06;Malaga;Santander;2;3;A;2;1;H;11;9;4;7;28;27;4;5;4;3;0;0;2.62;3.2;2.6;2.63;3.18;2.47;2.07;1.67;2.01;1.8
SP1;30/04/06;Osasuna;Real Madrid;0;1;A;0;0;D;19;7;2;2;18;19;6;4;3;2;0;1;2.87;3.2;2.4;2.79;3.16;2.35;1.96;1.78;2.0;1.79
SP1;30/04/06;Sociedad;Sevilla;1;2;A;0;0;D;6;13;0;5;26;18;3;3;3;2;2;0;2.4;3.2;2.87;2.36;3.08;2.84;2.05;1.69;1.71;2.04
SP1;30/04/06;Valencia;Alaves;3;0;H;2;0;H;14;9;6;3;22;10;2;4;3;0;0;0;1.36;4.33;9.0;1.34;4.26;8.33;1.84;1.88;1.82;2.05
SP1;30/04/06;Zaragoza;Espanol;1;1;D;1;0;H;11;10;3;4;17;22;4;5;4;1;0;1;2.25;3.1;3.2;2.22;3.13;3.03;2.05;1.68;2.04;1.83
SP1;03/05/06;Alaves;Betis;2;0;H;1;0;H;8;18;5;2;17;27;1;1;3;3;1;0;2.3;3.1;3.1;2.27;3.15;2.89;2.07;1.66;2.05;1.83
SP1;03/05/06;Ath Bilbao;Zaragoza;1;0;H;0;0;D;10;12;2;4;17;11;0;3;2;2;0;0;1.72;3.4;5.0;1.68;3.38;4.68;2.12;1.64;1.94;1.92
SP1;03/05/06;Ath Madrid;Osasuna;0;1;A;0;1;A;19;10;5;5;20;21;11;2;2;3;1;1;2.37;3.25;2.87;2.22;3.18;2.94;2.11;1.63;1.67;2.1
SP1;03/05/06;Cadiz;Sociedad;2;2;D;0;1;A;18;10;5;4;12;25;5;2;1;1;0;0;2.2;3.1;3.3;2.21;3.17;2.97;2.09;1.65;1.95;1.91
SP1;03/05/06;Celta;Barcelona;0;1;A;0;0;D;13;14;1;5;17;17;7;2;3;3;0;0;2.87;3.25;2.37;2.83;3.15;2.32;2.04;1.7;2.0;1.79
SP1;03/05/06;Espanol;La Coruna;1;2;A;1;0;H;3;12;2;4;22;20;3;4;3;5;0;0;2.4;3.2;2.87;2.23;3.16;2.96;2.08;1.65;1.86;2.02
SP1;03/05/06;Mallorca;Valencia;2;1;H;1;1;D;13;7;7;4;23;23;4;2;2;2;0;0;4.0;3.0;2.0;3.53;3.16;1.99;2.07;1.66;1.88;2.0
SP1;03/05/06;Sevilla;Getafe;3;0;H;3;0;H;12;9;7;0;18;17;7;3;3;3;0;0;1.8;3.3;4.5;1.76;3.26;4.39;2.05;1.68;2.04;1.85
SP1;03/05/06;Villarreal;Malaga;2;1;H;2;1;H;13;20;4;5;17;16;3;5;0;0;0;0;1.4;4.33;7.5;1.4;3.89;7.69;1.95;1.76;2.02;1.84
SP1;04/05/06;Santander;Real Madrid;2;3;A;0;1;A;14;16;5;6;20;19;6;2;3;1;0;0;4.33;3.4;1.8;4.3;3.3;1.76;2.02;1.73;2.01;1.85
SP1;06/05/06;Barcelona;Espanol;2;0;H;1;0;H;15;19;5;9;14;24;8;7;0;1;0;0;1.57;3.6;6.0;1.58;3.51;5.53;1.89;1.83;2.04;1.83
SP1;06/05/06;Malaga;Sevilla;0;2;A;0;1;A;14;19;3;8;19;20;5;8;2;0;0;0;5.0;3.4;1.72;4.24;3.3;1.78;2.02;1.71;1.84;2.01
SP1;06/05/06;Valencia;Ath Madrid;1;1;D;1;1;D;14;12;6;4;13;20;5;8;1;2;0;0;1.61;3.6;5.5;1.54;3.59;5.81;2.08;1.68;1.91;1.93
SP1;07/05/06;Betis;Mallorca;2;1;H;2;0;H;7;8;3;2;19;15;3;4;3;2;0;0;1.9;3.1;4.33;1.88;3.12;3.96;2.18;1.61;1.93;1.94
SP1;07/05/06;Getafe;Cadiz;3;1;H;0;1;A;6;7;3;3;21;15;2;3;3;0;0;0;1.83;3.5;4.0;1.86;3.28;3.8;2.01;1.72;2.08;1.8
SP1;07/05/06;La Coruna;Ath Bilbao;1;2;A;1;0;H;15;10;6;3;18;14;5;7;3;1;0;0;1.9;3.25;4.0;1.88;3.23;3.84;2.14;1.64;2.09;1.78
SP1;07/05/06;Real Madrid;Villarreal;3;3;D;1;2;A;26;14;11;6;25;13;11;5;4;5;1;0;1.53;3.75;6.0;1.49;3.65;6.22;1.87;1.86;1.95;1.89
SP1;07/05/06;Santander;Osasuna;2;1;H;0;0;D;14;9;6;2;21;23;9;5;6;4;1;1;2.8;3.25;2.4;2.7;3.18;2.38;2.11;1.66;1.94;1.88
SP1;07/05/06;Sociedad;Celta;2;2;D;2;1;H;15;5;7;3;13;18;2;5;3;1;0;0;2.4;3.25;2.8;2.45;3.16;2.65;2.09;1.66;1.76;2.05
SP1;07/05/06;Zaragoza;Alaves;3;0;H;0;0;D;15;10;7;4;16;21;6;6;1;2;0;0;2.4;3.25;2.8;2.32;3.21;2.74;2.08;1.66;2.01;1.86
SP1;13/05/06;Alaves;La Coruna;1;0;H;0;0;D;16;11;8;0;18;25;6;2;2;2;0;0;2.1;3.25;3.0;2.15;3.29;3.0;1.99;1.75;2.02;1.86
SP1;13/05/06;Ath Madrid;Betis;1;1;D;1;0;H;12;17;7;4;22;18;6;5;1;4;0;0;1.72;3.4;4.2;1.83;3.25;4.03;2.07;1.69;1.9;1.97
SP1;13/05/06;Cadiz;Malaga;5;0;H;1;0;H;12;13;7;3;15;18;9;3;0;1;0;0;1.83;3.25;3.75;1.84;3.24;4.0;1.95;1.79;2.01;1.86
SP1;13/05/06;Celta;Getafe;1;0;H;1;0;H;13;6;5;1;14;25;6;4;4;1;0;1;1.8;3.4;3.75;1.85;3.27;3.91;1.95;1.79;2.02;1.85
SP1;13/05/06;Espanol;Sociedad;1;0;H;0;0;D;22;9;4;3;19;20;7;5;1;3;0;0;1.44;4.0;6.0;1.46;3.76;6.47;1.88;1.86;1.91;1.98
SP1;13/05/06;Mallorca;Zaragoza;3;1;H;1;1;D;20;12;10;5;15;10;4;4;2;1;0;0;2.1;3.25;3.0;2.17;3.17;3.09;2.02;1.72;1.93;1.94
SP1;13/05/06;Sevilla;Barcelona;3;2;H;2;2;D;16;16;4;4;16;20;8;4;4;1;0;1;1.9;3.25;3.5;1.75;3.48;4.04;2.05;1.7;1.95;1.92
SP1;13/05/06;Villarreal;Santander;2;0;H;1;0;H;12;13;6;6;14;18;7;8;1;2;0;0;1.53;3.6;5.5;1.5;3.69;6.21;1.83;1.91;1.81;2.07
SP1;16/05/06;Osasuna;Valencia;2;1;H;0;0;D;17;13;7;7;18;12;3;6;1;2;0;0;2.7;3.2;2.5;2.6;3.2;2.48;2.07;1.67;1.99;1.81
SP1;16/05/06;Sevilla;Real Madrid;4;3;H;4;2;H;20;18;9;8;16;15;8;4;4;4;0;0;2.5;3.4;2.6;2.38;3.27;2.68;1.97;1.77;1.8;1.98
SP1;20/05/06;Ath Bilbao;Barcelona;3;1;H;0;1;A;15;13;6;4;16;9;5;1;0;1;0;0;2.3;3.25;3.0;2.26;3.25;2.8;1.75;2.0;1.7;2.17
SP1;26/08/06;Valencia;Betis;2;1;H;1;0;H;14;8;4;5;18;26;5;6;3;3;0;0;1.57;3.6;6.0;1.58;3.48;5.77;2.03;1.73;2.04;1.84
SP1;27/08/06;Ath Bilbao;Sociedad;1;1;D;1;0;H;7;10;2;4;19;23;4;2;2;4;0;0;2.0;3.2;3.75;1.99;3.18;3.63;2.08;1.67;2.03;1.82
SP1;27/08/06;Espanol;Gimnastic;0;1;A;0;0;D;20;18;6;7;25;27;6;7;2;3;0;0;1.72;3.4;5.0;1.73;3.33;4.58;2.07;1.7;1.77;2.12
SP1;27/08/06;La Coruna;Zaragoza;3;2;H;2;1;H;14;13;6;6;22;19;1;6;4;4;0;1;2.0;3.2;3.75;1.99;3.2;3.57;2.02;1.71;2.07;1.8
SP1;27/08/06;Osasuna;Getafe;0;2;A;0;0;D;15;7;7;2;26;22;6;1;5;4;0;0;1.83;3.3;4.33;1.84;3.26;4.1;2.07;1.69;1.88;1.97
SP1;27/08/06;Real Madrid;Villarreal;0;0;D;0;0;D;14;13;3;4;22;18;4;5;2;3;0;0;1.53;3.8;6.0;1.52;3.66;6.18;1.74;2.0;1.97;1.87
SP1;27/08/06;Recreativo;Mallorca;1;1;D;0;0;D;7;17;2;6;19;15;3;2;3;2;0;0;2.3;3.25;3.0;2.26;3.16;3.0;2.14;1.63;2.01;1.85
SP1;27/08/06;Santander;Ath Madrid;0;1;A;0;1;A;16;11;8;4;25;25;11;2;3;4;0;1;3.1;3.2;2.25;2.97;3.15;2.27;2.11;1.65;1.92;1.95
SP1;28/08/06;Celta;Barcelona;2;3;A;1;0;H;12;12;3;6;21;16;4;7;0;2;1;0;5.5;3.4;1.67;5.07;3.44;1.66;1.8;1.95;1.9;1.97
SP1;29/08/06;Sevilla;Levante;4;0;H;2;0;H;18;6;10;3;1;3;6;1;1;3;0;0;1.44;4.0;7.5;1.46;3.72;7.1;1.99;1.76;1.83;2.01
SP1;09/09/06;Ath Madrid;Valencia;0;1;A;0;1;A;22;8;2;5;24;23;7;1;1;3;1;1;2.4;3.2;2.87;2.36;3.14;2.86;2.11;1.64;1.74;2.06
SP1;09/09/06;Barcelona;Osasuna;3;0;H;3;0;H;16;9;6;2;8;15;5;2;0;1;0;0;1.28;5.0;10.0;1.27;4.88;10.14;1.66;2.08;1.86;2.0
SP1;10/09/06;Betis;Ath Bilbao;3;0;H;2;0;H;12;12;8;4;15;17;3;5;1;3;0;0;2.0;3.3;3.6;2.0;3.21;3.51;2.09;1.64;2.11;1.78
SP1;10/09/06;Getafe;Santander;1;0;H;0;0;D;14;10;3;2;18;15;7;3;0;4;0;0;1.83;3.3;4.33;1.83;3.24;4.15;2.07;1.66;1.91;1.97
SP1;10/09/06;Gimnastic;Celta;1;2;A;0;0;D;7;8;2;2;19;20;6;3;0;4;0;0;2.6;3.2;2.62;2.59;3.14;2.56;2.11;1.63;1.88;1.92
SP1;10/09/06;Levante;Real Madrid;1;4;A;1;2;A;10;15;2;6;21;13;1;0;3;1;2;0;7.0;3.75;1.5;6.8;3.74;1.47;1.93;1.81;1.92;1.92
SP1;10/09/06;Mallorca;La Coruna;0;0;D;0;0;D;14;10;2;2;19;24;2;6;0;2;0;0;2.5;3.1;2.8;2.48;3.14;2.68;2.08;1.65;1.83;1.97
SP1;10/09/06;Sociedad;Sevilla;1;3;A;0;1;A;2;3;2;3;3;4;0;0;3;4;0;0;3.1;3.1;2.3;2.95;3.15;2.27;1.98;1.71;2.09;1.67
SP1;10/09/06;Villarreal;Recreativo;0;1;A;0;0;D;13;8;7;3;17;14;12;2;1;1;0;0;1.5;3.75;7.0;1.48;3.69;6.83;1.96;1.74;1.85;1.99
SP1;10/09/06;Zaragoza;Espanol;3;0;H;1;0;H;5;9;4;1;16;20;4;9;3;2;1;1;1.72;3.3;5.0;1.74;3.28;4.59;1.99;1.7;1.75;2.15
SP1;16/09/06;La Coruna;Villarreal;2;0;H;1;0;H;19;16;7;5;23;24;7;7;1;4;0;0;2.3;3.25;3.0;2.25;3.15;2.99;2.1;1.64;2.03;1.84
SP1;17/09/06;Ath Bilbao;Ath Madrid;1;4;A;0;2;A;6;11;0;4;12;11;3;3;0;1;0;0;2.7;3.25;2.5;2.56;3.15;2.56;2.11;1.63;1.9;1.89
SP1;17/09/06;Espanol;Celta;2;1;H;0;0;D;9;15;3;5;21;14;1;8;3;1;0;0;2.4;3.2;2.87;2.37;3.16;2.79;2.08;1.65;1.68;2.08
SP1;17/09/06;Osasuna;Gimnastic;2;0;H;1;0;H;10;8;2;1;13;26;5;6;1;1;0;0;1.72;3.6;4.5;1.68;3.38;4.87;2.08;1.65;1.96;1.91
SP1;17/09/06;Real Madrid;Sociedad;2;0;H;0;0;D;16;5;6;2;18;22;10;5;1;3;0;1;1.28;5.0;10.0;1.25;4.93;10.67;1.62;2.14;1.81;2.04
SP1;17/09/06;Recreativo;Levante;0;1;A;0;0;D;18;8;4;2;16;26;6;5;0;4;0;0;2.0;3.2;3.75;1.96;3.16;3.67;2.09;1.64;2.05;1.83
SP1;17/09/06;Santander;Barcelona;0;3;A;0;1;A;8;20;3;7;31;14;2;4;5;3;1;0;7.5;4.33;1.4;7.28;3.9;1.42;1.76;1.96;1.85;2.02
SP1;17/09/06;Sevilla;Betis;3;2;H;1;1;D;6;6;4;4;2;2;4;1;1;2;0;0;1.66;3.6;5.0;1.69;3.32;4.9;1.99;1.72;1.87;2.0
SP1;17/09/06;Valencia;Getafe;2;0;H;1;0;H;14;13;7;6;17;17;3;4;3;4;0;0;1.44;4.0;7.5;1.48;3.68;6.73;1.97;1.76;1.85;1.98
SP1;17/09/06;Zaragoza;Mallorca;2;0;H;0;0;D;20;14;11;5;22;20;4;4;4;1;0;1;1.66;3.6;5.0;1.68;3.36;4.91;1.95;1.76;1.73;2.12
SP1;23/09/06;Betis;Real Madrid;0;1;A;0;1;A;6;15;1;3;17;24;3;4;2;7;1;0;3.75;3.2;2.0;3.92;3.23;1.89;1.94;1.79;1.92;1.95
SP1;24/09/06;Ath Madrid;Sevilla;2;1;H;0;1;A;11;5;8;3;8;6;1;2;7;3;0;2;2.3;3.25;3.0;2.35;3.18;2.85;2.02;1.71;1.7;2.09
SP1;24/09/06;Barcelona;Valencia;1;1;D;0;1;A;21;6;6;2;12;12;6;3;1;3;0;0;1.53;4.0;5.5;1.56;3.6;5.67;1.86;1.86;1.82;2.06
SP1;24/09/06;Celta;Osasuna;0;2;A;0;1;A;9;9;4;3;15;17;3;4;3;4;1;0;1.9;3.25;4.0;1.92;3.22;3.78;2.05;1.67;1.99;1.88
SP1;24/09/06;Getafe;Ath Bilbao;0;0;D;0;0;D;14;11;2;2;20;14;7;6;0;4;1;2;1.9;3.25;4.0;1.9;3.23;3.85;2.04;1.68;2.01;1.86
SP1;24/09/06;Gimnastic;Santander;2;2;D;1;0;H;11;14;5;7;20;15;5;5;2;4;0;0;2.25;3.2;3.1;2.23;3.14;3.06;2.18;1.6;1.62;2.16
SP1;24/09/06;Levante;La Coruna;2;0;H;1;0;H;9;13;5;2;21;25;1;4;1;3;1;1;2.9;3.2;2.37;3.03;3.15;2.24;2.1;1.64;2.16;1.62
SP1;24/09/06;Mallorca;Espanol;1;0;H;0;0;D;17;9;7;2;21;24;5;3;1;4;0;1;2.1;3.2;3.5;2.05;3.15;3.43;2.12;1.63;1.8;2.07
SP1;24/09/06;Sociedad;Recreativo;2;3;A;0;1;A;11;10;3;6;20;15;5;5;1;1;0;0;1.9;3.25;4.0;1.9;3.21;3.86;2.09;1.65;1.98;1.89
SP1;24/09/06;Villarreal;Zaragoza;3;2;H;0;1;A;20;17;8;4;20;23;10;2;2;4;0;1;2.0;3.2;3.75;1.98;3.21;3.62;2.07;1.66;2.02;1.84
SP1;30/09/06;Ath Bilbao;Barcelona;1;3;A;1;1;D;5;16;2;4;6;10;5;3;0;1;1;0;6.0;4.0;1.5;7.19;3.77;1.46;1.87;1.85;1.93;1.9
SP1;01/10/06;Espanol;Osasuna;0;0;D;0;0;D;10;9;3;1;19;24;5;7;2;2;0;0;2.37;3.25;2.87;2.33;3.15;2.9;2.08;1.65;1.71;2.03
SP1;01/10/06;La Coruna;Sociedad;2;0;H;0;0;D;11;9;5;2;18;29;4;1;2;2;0;0;1.57;3.6;6.0;1.6;3.47;5.46;2.02;1.71;1.87;2.0
SP1;01/10/06;Mallorca;Villarreal;1;2;A;0;2;A;14;6;5;3;16;15;13;3;1;4;0;0;2.5;3.2;2.5;2.53;3.14;2.63;2.15;1.61;1.85;1.93
SP1;01/10/06;Real Madrid;Ath Madrid;1;1;D;1;1;D;10;18;2;6;23;29;3;4;2;5;1;0;1.66;3.6;5.0;1.67;3.44;5.0;1.93;1.79;1.95;1.93
SP1;01/10/06;Recreativo;Betis;2;0;H;0;0;D;10;6;7;1;15;15;6;8;0;0;0;0;2.5;3.2;2.75;2.46;3.14;2.73;2.12;1.62;1.79;1.98
SP1;01/10/06;Santander;Celta;1;1;D;1;0;H;8;16;4;6;33;20;2;4;7;2;1;0;2.5;3.2;2.75;2.52;3.14;2.65;2.09;1.65;1.85;1.94
SP1;01/10/06;Sevilla;Getafe;1;0;H;1;0;H;15;3;7;1;16;19;5;5;1;2;0;0;1.57;3.6;6.0;1.55;3.58;5.95;1.93;1.8;2.07;1.73
SP1;01/10/06;Valencia;Gimnastic;4;0;H;1;0;H;16;10;7;1;15;16;2;9;2;3;0;0;1.25;5.0;12.0;1.28;4.68;10.19;1.82;1.89;1.94;1.9
SP1;01/10/06;Zaragoza;Levante;2;2;D;0;2;A;22;14;6;5;12;21;11;3;0;2;0;0;1.61;3.6;5.5;1.63;3.45;5.3;1.93;1.79;1.83;2.04
SP1;14/10/06;Ath Madrid;Recreativo;2;1;H;0;0;D;16;14;4;4;15;17;5;3;0;2;1;1;1.44;4.0;7.5;1.43;3.87;7.46;1.98;1.74;1.9;1.93
SP1;14/10/06;Getafe;Real Madrid;1;0;H;0;0;D;16;5;6;0;22;20;3;2;2;3;0;1;4.5;3.3;1.8;4.57;3.35;1.73;2.04;1.7;3.21;1.3
SP1;15/10/06;Barcelona;Sevilla;3;1;H;2;1;H;7;3;5;2;1;3;2;2;1;6;0;0;1.57;3.6;6.0;1.59;3.5;5.68;1.83;1.89;1.94;1.94
SP1;15/10/06;Betis;La Coruna;1;1;D;0;0;D;12;13;0;5;17;12;4;3;3;0;1;1;2.4;3.2;2.87;2.35;3.14;2.87;2.17;1.6;1.7;2.06
SP1;15/10/06;Celta;Valencia;3;2;H;1;1;D;16;12;5;6;18;15;5;5;5;3;0;1;3.75;3.2;2.0;3.75;3.18;1.95;2.11;1.64;1.84;2.03
SP1;15/10/06;Gimnastic;Ath Bilbao;2;3;A;0;2;A;12;14;5;3;19;14;5;6;1;2;1;0;2.37;3.2;2.9;2.37;3.1;2.86;2.13;1.62;1.72;2.09
SP1;15/10/06;Levante;Mallorca;0;1;A;0;1;A;9;5;1;1;28;13;5;2;4;4;1;0;2.25;3.2;3.1;2.25;3.14;3.01;2.13;1.62;2.03;1.84
SP1;15/10/06;Osasuna;Santander;0;1;A;0;0;D;17;8;4;3;19;13;6;6;5;5;0;0;1.8;3.3;4.5;1.79;3.26;4.36;2.11;1.63;1.89;1.98
SP1;15/10/06;Sociedad;Zaragoza;1;3;A;1;1;D;6;17;3;9;21;11;7;7;2;2;1;0;2.6;3.2;2.62;2.55;3.12;2.63;1.95;1.77;1.88;1.91
SP1;15/10/06;Villarreal;Espanol;0;0;D;0;0;D;8;9;4;2;17;18;5;4;2;1;0;0;1.57;3.6;6.0;1.57;3.52;5.73;2.04;1.69;1.76;2.12
SP1;21/10/06;La Coruna;Ath Madrid;1;0;H;0;0;D;9;16;2;5;20;11;5;4;5;5;0;0;2.37;3.2;2.9;2.34;3.12;2.91;2.12;1.63;1.71;2.07
SP1;21/10/06;Villarreal;Levante;1;1;D;0;0;D;10;15;2;3;19;21;2;5;3;4;0;0;1.61;3.6;5.5;1.6;3.45;5.58;2.03;1.69;1.83;2.02
SP1;21/10/06;Zaragoza;Betis;2;1;H;2;0;H;17;9;5;2;16;15;6;1;2;2;0;1;1.83;3.3;4.33;1.83;3.27;4.18;1.92;1.81;1.86;2.0
SP1;22/10/06;Ath Bilbao;Celta;0;1;A;0;1;A;19;9;6;4;21;20;5;2;4;2;0;0;2.37;3.2;2.9;2.35;3.12;2.86;2.02;1.7;1.7;2.03
SP1;22/10/06;Espanol;Santander;2;2;D;1;1;D;8;11;4;2;21;23;0;3;1;3;0;1;2.0;3.2;3.75;2.01;3.17;3.55;2.12;1.62;2.08;1.78
SP1;22/10/06;Mallorca;Sociedad;0;0;D;0;0;D;13;1;3;0;21;24;9;6;2;3;0;1;1.9;3.25;4.0;1.92;3.21;3.83;2.07;1.66;1.41;2.65
SP1;22/10/06;Real Madrid;Barcelona;2;0;H;1;0;H;18;14;6;2;26;12;2;5;4;2;0;0;2.5;3.2;2.75;2.56;3.12;2.65;1.94;1.76;1.83;1.94
SP1;22/10/06;Recreativo;Getafe;1;2;A;0;1;A;19;11;8;7;17;17;8;2;2;4;0;0;2.37;3.1;3.0;2.31;3.11;2.94;2.22;1.57;2.07;1.79
SP1;22/10/06;Sevilla;Gimnastic;2;1;H;2;0;H;12;8;9;5;2;4;1;2;3;4;0;0;1.33;4.5;9.5;1.34;4.24;8.89;1.8;1.93;1.79;2.08
SP1;22/10/06;Valencia;Osasuna;1;0;H;1;0;H;9;10;2;5;12;11;6;5;0;3;1;0;1.5;4.0;6.0;1.49;3.68;6.63;1.99;1.73;1.9;1.9
SP1;28/10/06;Barcelona;Recreativo;3;0;H;1;0;H;12;6;8;4;22;14;0;3;2;2;0;0;1.16;6.5;15.0;1.16;6.11;13.95;1.55;2.22;1.95;1.92
SP1;28/10/06;Gimnastic;Real Madrid;1;3;A;1;1;D;14;12;4;5;29;14;12;6;3;1;0;0;7.5;4.0;1.44;7.32;3.89;1.42;1.79;1.9;1.79;2.09
SP1;28/10/06;Santander;Valencia;1;0;H;0;0;D;7;5;4;1;19;23;5;5;5;0;0;1;4.33;3.3;1.83;4.2;3.26;1.82;2.06;1.64;1.99;1.89
SP1;29/10/06;Ath Madrid;Zaragoza;0;1;A;0;0;D;16;5;5;2;17;19;5;1;1;4;0;0;1.9;3.25;4.0;1.91;3.22;3.82;1.98;1.71;2.08;1.8
SP1;29/10/06;Betis;Mallorca;0;1;A;0;0;D;5;13;1;1;18;23;2;4;2;5;1;0;2.0;3.2;3.75;1.99;3.19;3.55;2.12;1.6;2.08;1.79
SP1;29/10/06;Celta;Sevilla;1;2;A;1;1;D;11;11;5;7;13;11;2;5;3;2;0;0;2.5;3.2;2.75;2.62;3.12;2.55;2.0;1.69;1.94;1.87
SP1;29/10/06;Getafe;La Coruna;2;0;H;1;0;H;11;10;5;4;13;15;8;1;0;2;0;0;2.37;3.2;2.9;2.32;3.11;2.9;2.24;1.54;1.72;2.09
SP1;29/10/06;Levante;Espanol;0;0;D;0;0;D;12;7;4;0;27;19;8;0;3;3;0;0;2.25;3.25;3.1;2.15;3.14;3.19;2.12;1.61;1.99;1.89
SP1;29/10/06;Osasuna;Ath Bilbao;1;1;D;0;1;A;10;12;3;5;16;15;8;7;4;2;0;0;2.0;3.2;3.75;1.94;3.19;3.73;2.1;1.63;2.03;1.85
SP1;29/10/06;Sociedad;Villarreal;0;1;A;0;0;D;14;10;3;5;10;17;7;7;1;1;0;0;2.87;3.2;2.4;2.82;3.11;2.37;2.05;1.67;2.12;1.7
SP1;04/11/06;La Coruna;Barcelona;1;1;D;0;1;A;21;11;4;2;16;27;5;2;4;6;0;0;4.33;3.3;1.83;4.09;3.27;1.84;1.98;1.77;2.03;1.84
SP1;04/11/06;Levante;Sociedad;2;0;H;1;0;H;11;10;3;3;22;15;6;2;4;1;0;0;2.0;3.2;3.75;1.92;3.21;3.74;2.15;1.61;2.02;1.85
SP1;04/11/06;Mallorca;Ath Madrid;0;0;D;0;0;D;13;9;1;3;19;15;2;8;2;2;0;0;2.6;3.1;2.7;2.56;3.09;2.62;2.25;1.56;1.88;1.91
SP1;05/11/06;Ath Bilbao;Santander;0;0;D;0;0;D;7;13;1;2;12;17;7;4;0;3;1;0;2.1;3.1;3.6;2.09;3.13;3.35;2.14;1.62;1.49;2.44
SP1;05/11/06;Espanol;Valencia;1;1;D;1;1;D;19;9;5;3;24;20;1;5;2;3;1;0;3.75;3.2;2.0;3.6;3.19;1.97;2.12;1.64;2.62;1.43
SP1;05/11/06;Real Madrid;Celta;1;2;A;1;1;D;18;10;6;3;23;22;14;3;3;2;0;0;1.36;4.33;9.0;1.35;4.25;8.48;1.83;1.91;2.15;1.71
SP1;05/11/06;Recreativo;Gimnastic;2;1;H;1;1;D;15;8;9;2;13;27;9;2;1;4;0;1;1.9;3.25;4.0;1.87;3.26;3.92;2.09;1.67;2.02;1.85
SP1;05/11/06;Sevilla;Osasuna;2;0;H;0;0;D;24;8;15;4;19;24;7;5;3;8;0;0;1.5;3.6;7.5;1.47;3.64;6.94;1.99;1.77;1.9;1.93
SP1;05/11/06;Villarreal;Betis;3;2;H;1;1;D;10;10;6;2;20;16;3;6;3;1;0;0;1.66;3.4;5.5;1.67;3.36;5.0;2.12;1.63;2.05;1.82
SP1;05/11/06;Zaragoza;Getafe;3;1;H;1;0;H;19;9;10;3;19;16;10;3;2;3;0;1;1.9;3.25;4.0;1.87;3.24;3.93;2.0;1.75;1.98;1.9
SP1;11/11/06;Ath Madrid;Villarreal;3;1;H;2;1;H;25;7;13;3;20;15;13;1;3;2;0;1;2.1;3.1;3.6;2.1;3.15;3.31;2.25;1.57;1.52;2.34
SP1;11/11/06;Valencia;Ath Bilbao;1;1;D;1;0;H;9;13;3;2;22;21;8;6;1;2;0;0;1.44;4.0;7.5;1.44;3.79;7.29;2.01;1.73;1.8;2.05
SP1;12/11/06;Barcelona;Zaragoza;3;1;H;1;1;D;9;12;4;4;23;16;7;5;4;5;1;1;1.44;4.0;7.5;1.43;3.91;7.3;1.72;2.04;1.85;1.99
SP1;12/11/06;Betis;Levante;2;1;H;1;0;H;12;17;4;6;17;20;3;4;2;3;0;1;2.0;3.2;3.8;2.01;3.19;3.5;2.17;1.61;2.02;1.83
SP1;12/11/06;Celta;Recreativo;1;2;A;0;0;D;12;13;4;5;14;20;11;2;2;1;1;0;1.75;3.5;4.5;1.79;3.29;4.26;1.99;1.75;1.8;2.06
SP1;12/11/06;Getafe;Mallorca;1;0;H;0;0;D;13;12;2;3;24;17;5;6;2;2;0;0;2.0;3.2;3.75;1.91;3.2;3.84;2.36;1.52;2.01;1.86
SP1;12/11/06;Gimnastic;La Coruna;0;0;D;0;0;D;7;12;2;4;14;14;5;3;1;1;0;0;2.9;3.2;2.37;2.97;3.12;2.26;2.12;1.63;2.14;1.65
SP1;12/11/06;Osasuna;Real Madrid;1;4;A;0;3;A;15;13;7;6;23;20;5;2;7;1;0;0;4.33;3.4;1.8;4.52;3.31;1.75;2.07;1.69;1.79;2.08
SP1;12/11/06;Santander;Sevilla;0;0;D;0;0;D;9;11;3;0;27;17;5;4;1;4;0;0;3.75;3.2;2.0;3.59;3.2;1.96;2.07;1.67;1.91;1.97
SP1;12/11/06;Sociedad;Espanol;1;1;D;1;0;H;6;8;3;4;23;16;8;4;1;2;0;0;2.37;3.1;3.0;2.31;3.1;2.91;2.2;1.59;1.66;2.12
SP1;18/11/06;Real Madrid;Santander;3;1;H;1;0;H;13;17;6;10;25;19;4;5;6;4;1;0;1.25;5.0;13.0;1.26;4.79;10.37;1.82;1.92;1.95;1.91
SP1;18/11/06;Sevilla;Valencia;3;0;H;1;0;H;17;8;6;4;10;15;4;2;2;2;0;1;2.25;3.1;3.2;2.19;3.11;3.13;2.1;1.64;2.06;1.82
SP1;19/11/06;Espanol;Ath Bilbao;3;2;H;0;0;D;10;7;4;5;19;17;6;2;4;1;0;0;2.2;3.1;3.3;2.15;3.06;3.25;2.16;1.6;2.02;1.86
SP1;19/11/06;La Coruna;Celta;0;1;A;0;0;D;21;3;11;2;33;23;6;2;3;3;1;0;2.0;3.2;3.75;1.93;3.17;3.75;2.14;1.61;2.03;1.85
SP1;19/11/06;Levante;Ath Madrid;0;3;A;0;1;A;4;13;0;4;23;18;5;1;2;3;1;0;2.7;3.1;2.6;2.74;3.08;2.44;2.23;1.57;2.04;1.77
SP1;19/11/06;Mallorca;Barcelona;1;4;A;0;1;A;6;9;2;5;23;18;3;5;1;1;1;0;6.0;3.6;1.61;5.73;3.51;1.56;2.01;1.73;1.94;1.93
SP1;19/11/06;Recreativo;Osasuna;2;0;H;1;0;H;14;3;5;1;13;18;12;1;0;3;0;0;2.1;3.2;3.5;2.11;3.13;3.26;2.19;1.59;1.91;1.96
SP1;19/11/06;Sociedad;Betis;0;0;D;0;0;D;5;11;2;0;18;19;3;7;2;3;0;0;2.4;3.2;2.87;2.36;3.12;2.81;2.09;1.65;1.73;2.08
SP1;19/11/06;Villarreal;Getafe;1;0;H;0;0;D;13;9;4;2;20;17;7;9;0;2;0;0;2.0;3.0;4.0;1.91;3.18;3.8;2.13;1.62;2.05;1.83
SP1;19/11/06;Zaragoza;Gimnastic;3;0;H;0;0;D;11;12;6;4;18;20;1;13;1;2;0;0;1.44;4.0;7.5;1.38;3.96;8.31;1.73;2.0;2.03;1.85
SP1;25/11/06;Ath Madrid;Sociedad;1;1;D;0;1;A;14;6;5;1;12;20;6;2;2;3;0;0;1.4;4.0;9.0;1.4;3.95;7.79;2.01;1.73;1.96;1.91
SP1;25/11/06;Barcelona;Villarreal;4;0;H;1;0;H;18;11;12;4;15;13;11;3;2;5;0;0;1.36;4.5;8.0;1.38;4.05;7.86;1.71;2.03;1.99;1.87
SP1;26/11/06;Ath Bilbao;Sevilla;1;3;A;0;2;A;16;11;6;3;19;18;7;3;3;3;0;0;3.4;3.25;2.1;3.34;3.16;2.08;2.1;1.66;2.38;1.51
SP1;26/11/06;Betis;Espanol;1;1;D;1;0;H;9;8;4;2;15;14;8;4;3;2;0;0;2.0;3.2;3.75;1.97;3.14;3.68;2.24;1.58;2.05;1.82
SP1;26/11/06;Celta;Zaragoza;1;1;D;0;1;A;25;6;4;4;18;17;7;5;1;2;1;1;2.37;3.2;2.9;2.38;3.13;2.79;1.95;1.78;1.76;2.05
SP1;26/11/06;Getafe;Levante;0;0;D;0;0;D;11;15;2;7;16;33;9;7;1;3;0;0;1.72;3.4;5.0;1.73;3.31;4.58;2.31;1.55;1.79;2.09
SP1;26/11/06;Gimnastic;Mallorca;2;3;A;1;0;H;15;20;5;9;21;15;4;12;4;0;0;0;2.4;3.2;2.87;2.49;3.06;2.7;2.29;1.56;1.81;1.99
SP1;26/11/06;Osasuna;La Coruna;4;1;H;2;1;H;15;8;7;3;16;18;4;3;3;2;0;0;2.4;3.2;2.87;2.46;3.09;2.72;2.38;1.51;1.79;2.02
SP1;26/11/06;Santander;Recreativo;4;3;H;3;1;H;9;10;6;6;26;19;2;4;3;3;0;1;2.25;3.2;3.1;2.2;3.13;3.1;2.18;1.61;1.98;1.89
SP1;26/11/06;Valencia;Real Madrid;0;1;A;0;0;D;18;9;4;3;17;23;8;2;2;3;0;0;2.75;3.2;2.5;2.7;3.12;2.48;2.11;1.66;1.96;1.83
SP1;02/12/06;Betis;Ath Madrid;0;1;A;0;1;A;11;15;3;5;11;24;3;5;2;0;0;0;2.6;3.1;2.7;2.59;3.1;2.56;2.12;1.62;1.93;1.86
SP1;02/12/06;Levante;Barcelona;1;1;D;0;1;A;16;15;8;4;24;14;8;3;1;2;0;0;7.5;4.0;1.44;7.3;3.9;1.41;1.83;1.89;1.87;1.97
SP1;02/12/06;Recreativo;Valencia;2;0;H;1;0;H;7;11;6;1;14;13;3;4;1;3;0;0;3.3;3.2;2.15;3.16;3.16;2.14;2.08;1.65;2.27;1.56
SP1;03/12/06;Espanol;Sevilla;2;1;H;0;1;A;15;8;7;3;19;19;10;6;4;1;1;0;3.75;3.2;2.0;3.32;3.15;2.08;1.99;1.7;2.07;1.8
SP1;03/12/06;La Coruna;Santander;0;0;D;0;0;D;11;9;1;3;21;14;4;3;5;1;1;2;1.9;3.1;4.33;1.86;3.2;4.0;2.1;1.64;2.06;1.81
SP1;03/12/06;Mallorca;Celta;2;2;D;1;0;H;15;16;5;7;29;13;5;11;3;1;1;0;2.37;3.0;3.1;2.32;3.12;2.87;2.12;1.62;1.7;2.08
SP1;03/12/06;Real Madrid;Ath Bilbao;2;1;H;0;1;A;14;9;6;4;27;16;6;3;5;3;0;1;1.22;5.5;13.0;1.23;5.13;11.02;1.7;2.02;1.88;1.97
SP1;03/12/06;Sociedad;Getafe;0;0;D;0;0;D;5;13;2;3;17;19;7;7;2;4;0;0;2.5;3.1;2.8;2.43;3.12;2.72;2.21;1.58;1.76;2.04
SP1;03/12/06;Villarreal;Gimnastic;2;0;H;2;0;H;10;9;4;2;14;27;0;6;2;2;0;0;1.44;4.0;7.5;1.43;3.82;7.27;1.96;1.78;1.8;2.03
SP1;03/12/06;Zaragoza;Osasuna;1;2;A;1;0;H;15;11;3;2;19;19;10;1;1;4;0;0;1.53;3.8;6.0;1.52;3.64;6.12;1.95;1.78;2.06;1.78
SP1;09/12/06;Barcelona;Sociedad;1;0;H;0;0;D;14;9;5;2;10;14;5;7;0;4;1;0;1.14;7.0;17.0;1.16;6.1;14.37;1.59;2.2;1.86;2.01
SP1;09/12/06;Sevilla;Real Madrid;2;1;H;1;1;D;10;9;5;3;20;24;3;4;3;3;0;0;2.4;3.2;2.87;2.38;3.16;2.8;1.99;1.74;1.71;2.09
SP1;10/12/06;Ath Bilbao;Recreativo;4;2;H;3;0;H;11;7;6;2;29;17;6;3;2;3;0;0;2.25;3.1;3.2;2.26;3.12;2.98;2.06;1.67;1.97;1.89
SP1;10/12/06;Ath Madrid;Espanol;1;2;A;0;1;A;19;7;5;3;17;28;5;3;3;4;0;0;1.8;3.3;4.5;1.71;3.26;4.84;2.08;1.64;1.89;1.97
SP1;10/12/06;Celta;Villarreal;1;1;D;1;0;H;7;7;4;2;15;11;5;3;0;1;0;0;2.37;3.1;3.0;2.31;3.11;2.9;2.05;1.66;1.69;2.08
SP1;10/12/06;Getafe;Betis;1;1;D;0;0;D;12;13;3;7;20;20;4;4;2;4;1;0;2.0;3.0;4.0;1.91;3.19;3.82;2.25;1.55;2.04;1.82
SP1;10/12/06;Gimnastic;Levante;2;1;H;1;1;D;9;11;3;3;26;24;4;8;2;2;0;0;2.37;3.1;3.0;2.4;3.12;2.76;2.08;1.66;1.72;2.08
SP1;10/12/06;Osasuna;Mallorca;3;0;H;0;0;D;9;13;5;3;21;19;1;4;1;3;0;1;2.1;3.2;3.5;2.06;3.15;3.39;2.14;1.61;1.82;2.04
SP1;10/12/06;Santander;Zaragoza;0;2;A;0;0;D;11;13;1;3;25;15;6;3;1;2;0;0;3.1;3.2;2.25;2.83;3.15;2.35;2.03;1.67;2.1;1.68
SP1;10/12/06;Valencia;La Coruna;4;0;H;2;0;H;17;6;5;1;16;11;7;5;0;2;0;1;1.66;3.4;5.5;1.67;3.33;5.13;2.17;1.59;1.97;1.88
SP1;16/12/06;La Coruna;Ath Bilbao;0;2;A;0;1;A;11;8;4;3;19;23;9;2;2;1;1;0;2.0;3.2;3.75;1.97;3.18;3.62;2.1;1.61;2.1;1.76
SP1;16/12/06;Mallorca;Santander;1;2;A;1;0;H;14;11;4;3;22;34;6;5;3;4;0;0;2.1;3.1;3.6;2.09;3.08;3.39;2.19;1.57;1.86;2.0
SP1;16/12/06;Zaragoza;Valencia;0;1;A;0;1;A;13;7;4;2;15;22;6;3;1;5;0;0;2.3;3.1;3.1;2.31;3.13;2.91;2.0;1.73;1.7;2.12
SP1;17/12/06;Ath Madrid;Getafe;1;0;H;1;0;H;13;10;3;3;13;17;6;4;1;3;0;0;1.75;3.3;4.75;1.75;3.26;4.53;2.2;1.57;1.84;2.03
SP1;17/12/06;Espanol;Real Madrid;0;1;A;0;0;D;20;14;4;3;23;20;5;7;2;3;0;1;4.0;3.25;1.9;3.88;3.23;1.89;1.94;1.73;1.85;2.02
SP1;17/12/06;Levante;Celta;1;1;D;0;1;A;19;7;2;3;21;11;11;1;1;3;0;0;2.5;3.2;2.75;2.49;3.12;2.67;2.12;1.6;1.83;1.98
SP1;17/12/06;Recreativo;Sevilla;1;3;A;1;2;A;17;10;9;4;21;21;5;2;2;4;0;1;3.6;3.3;2.0;3.3;3.18;2.08;1.94;1.73;1.78;2.09
SP1;17/12/06;Sociedad;Gimnastic;3;2;H;0;1;A;12;9;4;3;25;33;4;2;2;7;0;0;1.9;3.25;4.0;1.88;3.23;3.88;2.06;1.64;1.92;1.95
SP1;17/12/06;Villarreal;Osasuna;1;4;A;0;2;A;10;18;3;6;23;15;3;4;4;2;0;0;1.9;3.25;4.0;1.82;3.24;4.17;2.09;1.63;1.95;1.93
SP1;19/12/06;Ath Bilbao;Zaragoza;0;0;D;0;0;D;11;6;2;2;24;17;3;2;3;4;0;0;2.62;3.2;2.62;2.58;3.17;2.54;2.02;1.74;1.87;1.95
SP1;19/12/06;Valencia;Mallorca;3;1;H;1;0;H;12;12;6;2;19;16;3;4;5;3;0;0;1.4;4.33;7.5;1.38;4.0;7.82;2.01;1.74;1.95;1.92
SP1;20/12/06;Celta;Sociedad;0;0;D;0;0;D;20;9;4;3;15;17;5;2;1;0;0;0;1.66;3.4;5.5;1.77;3.24;4.5;2.07;1.67;1.92;1.93
SP1;20/12/06;Getafe;Espanol;0;1;A;0;0;D;7;9;2;6;17;36;4;4;2;2;1;1;2.0;3.2;3.75;2.15;3.11;3.27;2.33;1.52;2.04;1.84
SP1;20/12/06;Gimnastic;Betis;0;1;A;0;0;D;15;17;2;5;20;25;8;2;2;0;0;0;2.6;3.2;2.62;2.59;3.12;2.58;2.05;1.67;2.0;1.83
SP1;20/12/06;Osasuna;Levante;2;1;H;0;0;D;18;10;8;2;13;23;4;0;3;4;0;1;1.72;3.6;4.5;1.67;3.39;4.9;2.03;1.7;1.92;1.95
SP1;20/12/06;Real Madrid;Recreativo;0;3;A;0;1;A;4;12;1;5;19;12;5;2;2;2;0;0;1.3;4.5;12.0;1.27;4.77;10.17;1.67;2.09;1.84;2.01
SP1;20/12/06;Santander;Villarreal;2;1;H;0;0;D;13;11;6;3;18;14;9;4;2;1;0;0;2.4;3.3;2.8;2.34;3.14;2.87;2.15;1.62;1.67;2.12
SP1;20/12/06;Sevilla;La Coruna;4;0;H;1;0;H;22;10;12;3;24;29;11;3;1;4;0;0;1.4;4.33;7.5;1.38;4.06;7.85;1.92;1.81;1.97;1.9
SP1;21/12/06;Barcelona;Ath Madrid;1;1;D;1;0;H;13;6;4;2;20;25;6;4;4;5;0;0;1.44;4.33;6.5;1.44;3.9;6.85;1.89;1.85;1.94;1.9
SP1;06/01/07;Ath Madrid;Gimnastic;0;0;D;0;0;D;19;12;6;2;15;21;7;8;2;3;1;0;1.3;4.75;10.0;1.28;4.69;9.68;1.89;1.84;2.1;1.73
SP1;06/01/07;Sociedad;Osasuna;2;1;H;1;0;H;11;11;4;6;15;18;3;5;1;4;0;0;2.4;3.2;2.87;2.42;3.12;2.74;2.16;1.6;1.76;2.03
SP1;06/01/07;Zaragoza;Sevilla;2;1;H;1;0;H;12;16;4;4;22;14;7;9;2;4;1;1;2.6;3.2;2.62;2.63;3.12;2.52;1.9;1.8;1.91;1.89
SP1;07/01/07;Betis;Celta;1;0;H;0;0;D;15;9;4;0;25;25;6;4;5;5;0;1;2.37;3.2;2.9;2.33;3.09;2.87;2.19;1.58;1.66;2.12
SP1;07/01/07;Espanol;Recreativo;0;1;A;0;0;D;11;13;0;4;14;19;8;7;2;1;0;0;2.0;3.2;3.75;1.99;3.18;3.53;2.06;1.66;2.05;1.81
SP1;07/01/07;Getafe;Barcelona;1;1;D;0;0;D;13;8;3;3;28;13;6;4;0;1;1;0;5.0;3.4;1.72;4.97;3.36;1.66;2.06;1.66;1.78;2.08
SP1;07/01/07;La Coruna;Real Madrid;2;0;H;1;0;H;19;8;3;1;17;23;1;3;3;4;0;0;4.33;3.3;1.83;4.2;3.29;1.79;2.02;1.69;1.98;1.88
SP1;07/01/07;Levante;Santander;2;0;H;0;0;D;11;10;6;2;23;19;8;5;3;2;0;0;2.3;3.1;3.1;2.3;3.12;2.9;2.2;1.58;1.73;2.09
SP1;07/01/07;Mallorca;Ath Bilbao;1;3;A;0;1;A;10;11;4;7;18;20;5;5;3;3;0;0;2.25;3.2;3.1;2.22;3.12;3.05;2.11;1.63;2.03;1.83
SP1;07/01/07;Villarreal;Valencia;0;1;A;0;0;D;10;10;3;2;14;14;3;4;0;2;0;0;2.75;3.2;2.5;2.63;3.1;2.53;2.2;1.59;1.97;1.82
SP1;13/01/07;Espanol;Barcelona;3;1;H;1;0;H;17;12;9;6;30;20;3;2;8;2;0;0;5.5;3.4;1.66;5.25;3.39;1.64;2.01;1.71;1.98;1.89
SP1;13/01/07;Valencia;Levante;3;0;H;0;0;D;13;8;6;3;19;24;3;6;3;4;0;0;1.36;4.2;9.5;1.34;4.24;8.44;1.84;1.87;1.9;1.97
SP1;14/01/07;Ath Bilbao;Villarreal;0;1;A;0;0;D;13;10;3;3;16;24;4;3;2;4;0;0;2.3;3.1;3.1;2.25;3.11;3.02;2.09;1.62;1.63;2.14
SP1;14/01/07;Celta;Ath Madrid;1;3;A;0;2;A;19;12;4;7;9;22;7;3;1;3;0;0;2.6;3.2;2.62;2.49;3.1;2.68;2.25;1.55;1.8;1.99
SP1;14/01/07;Gimnastic;Getafe;1;3;A;0;2;A;7;16;4;7;24;18;4;4;1;2;0;0;2.7;3.1;2.6;2.63;3.09;2.54;2.25;1.55;1.95;1.83
SP1;14/01/07;Osasuna;Betis;5;1;H;2;1;H;17;14;11;5;17;14;5;6;1;3;0;0;2.05;3.2;3.6;1.97;3.2;3.59;2.09;1.63;2.1;1.76
SP1;14/01/07;Real Madrid;Zaragoza;1;0;H;1;0;H;18;7;5;2;26;19;11;2;3;5;0;0;1.66;3.5;5.0;1.66;3.41;4.98;1.84;1.86;2.09;1.78
SP1;14/01/07;Recreativo;La Coruna;1;1;D;1;1;D;10;14;2;4;21;19;6;2;3;3;0;0;2.25;3.2;3.1;2.17;3.14;3.15;2.13;1.61;1.59;2.21
SP1;14/01/07;Santander;Sociedad;1;0;H;0;0;D;16;9;2;2;17;15;4;2;1;3;0;0;2.1;3.2;3.5;2.07;3.14;3.38;2.16;1.6;1.52;2.35
SP1;14/01/07;Sevilla;Mallorca;1;2;A;1;0;H;9;14;2;5;19;25;2;9;1;2;0;0;1.33;4.5;9.5;1.33;4.34;8.51;1.76;1.95;2.05;1.78
SP1;20/01/07;Ath Madrid;Osasuna;1;0;H;0;0;D;21;8;4;0;20;21;8;1;3;3;0;4;1.9;3.25;4.0;1.88;3.21;3.91;2.08;1.65;2.04;1.82
SP1;20/01/07;Villarreal;Sevilla;0;0;D;0;0;D;6;5;3;2;28;18;4;2;4;6;0;0;2.87;3.2;2.4;2.8;3.15;2.37;2.04;1.67;2.08;1.71
SP1;21/01/07;Barcelona;Gimnastic;3;0;H;1;0;H;11;5;5;0;18;23;1;1;1;2;0;0;1.12;7.0;21.0;1.14;6.39;15.99;1.53;2.31;1.87;1.98
SP1;21/01/07;Betis;Santander;1;1;D;0;0;D;10;7;2;3;16;25;6;2;2;4;0;0;2.05;3.2;3.6;2.03;3.18;3.41;2.21;1.57;2.05;1.79
SP1;21/01/07;Getafe;Celta;1;0;H;1;0;H;8;10;2;3;27;17;2;2;3;1;0;1;2.1;3.2;3.5;2.04;3.17;3.42;2.28;1.54;2.06;1.81
SP1;21/01/07;La Coruna;Espanol;0;0;D;0;0;D;12;10;2;1;17;19;8;5;3;1;0;0;2.1;3.2;3.5;2.11;3.16;3.24;2.19;1.59;1.86;2.01
SP1;21/01/07;Levante;Ath Bilbao;0;0;D;0;0;D;14;7;2;3;21;21;10;1;1;1;0;0;2.3;3.25;3.0;2.3;3.15;2.89;2.18;1.59;1.73;2.07
SP1;21/01/07;Mallorca;Real Madrid;0;1;A;0;0;D;10;12;4;3;21;21;4;5;2;2;0;0;4.33;3.4;1.8;4.2;3.28;1.8;1.98;1.74;1.95;1.9
SP1;21/01/07;Sociedad;Valencia;0;1;A;0;1;A;11;11;1;2;17;15;3;6;2;2;0;0;3.6;3.1;2.1;3.43;3.18;2.02;2.12;1.63;2.49;1.46
SP1;21/01/07;Zaragoza;Recreativo;0;0;D;0;0;D;20;10;6;3;14;10;6;4;2;1;0;0;1.85;3.3;4.2;1.82;3.26;4.1;1.82;1.9;2.01;1.85
SP1;24/01/07;Betis;Barcelona;1;1;D;1;0;H;11;9;4;5;19;16;4;7;2;4;0;0;6.0;3.6;1.57;5.65;3.49;1.58;1.91;1.8;2.09;1.79
SP1;27/01/07;Ath Madrid;Santander;1;1;D;0;0;D;15;11;4;4;18;24;2;2;4;3;0;0;1.72;3.4;5.0;1.68;3.35;4.94;2.18;1.6;2.01;1.86
SP1;27/01/07;Villarreal;Real Madrid;1;0;H;0;0;D;16;6;4;3;22;29;7;1;3;1;0;0;3.75;3.2;2.0;3.58;3.18;1.99;2.15;1.61;2.57;1.44
SP1;28/01/07;Barcelona;Celta;3;1;H;1;0;H;15;4;9;2;15;23;5;2;1;4;0;1;1.28;4.75;11.0;1.28;4.61;9.88;1.74;1.98;1.9;1.94
SP1;28/01/07;Betis;Valencia;2;1;H;1;1;D;13;16;4;8;11;12;2;7;3;2;0;0;3.4;3.25;2.1;3.36;3.17;2.06;2.26;1.56;2.43;1.49
SP1;28/01/07;Getafe;Osasuna;2;0;H;2;0;H;13;7;7;2;12;15;7;5;2;2;0;1;1.83;3.25;4.5;1.87;3.21;3.94;2.25;1.55;1.9;1.96
SP1;28/01/07;Gimnastic;Espanol;4;0;H;4;0;H;15;9;6;4;28;26;6;13;2;3;0;0;3.1;3.2;2.25;3.03;3.15;2.22;2.13;1.62;1.86;2.0
SP1;28/01/07;Levante;Sevilla;2;4;A;0;1;A;12;9;4;3;23;15;7;6;2;3;0;0;4.0;3.25;1.9;4.02;3.24;1.85;2.0;1.72;1.88;1.98
SP1;28/01/07;Mallorca;Recreativo;2;1;H;2;0;H;15;5;7;2;17;17;18;3;2;3;1;0;2.3;3.25;3.0;2.34;3.14;2.84;2.08;1.65;1.7;2.08
SP1;28/01/07;Sociedad;Ath Bilbao;0;2;A;0;1;A;9;15;5;4;22;29;5;5;2;2;0;0;2.3;3.1;3.1;2.32;3.11;2.9;2.18;1.58;1.69;2.08
SP1;28/01/07;Zaragoza;La Coruna;1;1;D;0;1;A;24;5;11;2;10;16;11;2;0;3;0;1;1.9;3.25;4.0;1.83;3.22;4.14;2.06;1.66;1.97;1.89
SP1;03/02/07;Espanol;Zaragoza;1;2;A;0;0;D;11;15;2;6;22;25;9;4;2;2;0;0;2.5;3.2;2.75;2.4;3.15;2.75;2.11;1.64;1.77;2.03
SP1;03/02/07;La Coruna;Mallorca;1;0;H;1;0;H;12;15;3;2;19;16;4;3;4;4;0;0;2.0;3.2;3.75;1.93;3.2;3.74;2.23;1.57;1.98;1.88
SP1;03/02/07;Valencia;Ath Madrid;3;1;H;1;0;H;12;17;3;4;16;16;4;6;1;5;0;0;1.83;3.25;4.5;1.85;3.21;4.06;2.19;1.59;1.96;1.9
SP1;04/02/07;Ath Bilbao;Betis;1;2;A;0;1;A;11;5;3;2;18;18;7;3;4;4;0;0;2.15;3.2;3.4;2.15;3.14;3.2;2.18;1.59;1.93;1.93
SP1;04/02/07;Celta;Gimnastic;1;1;D;0;0;D;9;8;5;3;13;14;4;6;2;1;0;0;1.66;3.6;5.0;1.63;3.42;5.18;2.04;1.68;1.96;1.91
SP1;04/02/07;Osasuna;Barcelona;0;0;D;0;0;D;15;13;3;3;18;22;1;5;2;2;0;0;5.5;3.6;1.61;4.9;3.38;1.67;1.84;1.88;1.96;1.91
SP1;04/02/07;Real Madrid;Levante;0;1;A;0;1;A;18;6;6;2;14;17;13;2;3;4;0;0;1.28;5.0;10.0;1.25;4.92;10.38;1.81;1.91;1.91;1.94
SP1;04/02/07;Recreativo;Villarreal;2;1;H;1;0;H;9;10;3;2;20;15;2;6;0;1;0;1;2.37;3.2;2.9;2.33;3.14;2.85;2.22;1.57;1.72;2.06
SP1;04/02/07;Santander;Getafe;1;0;H;1;0;H;12;10;5;1;24;12;5;5;4;3;0;0;2.4;3.25;2.8;2.3;3.15;2.89;2.27;1.55;1.7;2.1
SP1;04/02/07;Sevilla;Sociedad;0;0;D;0;0;D;13;7;3;4;16;25;10;1;1;5;1;0;1.28;5.0;10.0;1.28;4.63;9.69;1.74;1.99;2.06;1.79
SP1;10/02/07;Betis;Sevilla;0;0;D;0;0;D;11;17;6;3;22;11;3;5;2;2;0;0;2.87;3.2;2.4;2.85;3.09;2.38;2.12;1.63;2.06;1.74
SP1;10/02/07;Sociedad;Real Madrid;1;2;A;1;1;D;13;7;4;3;16;31;7;2;2;5;0;0;4.33;3.3;1.83;4.15;3.24;1.83;2.09;1.64;1.9;1.96
SP1;11/02/07;Ath Madrid;Ath Bilbao;1;0;H;0;0;D;15;9;3;2;24;14;6;3;3;2;0;0;1.8;3.3;4.5;1.75;3.27;4.55;2.12;1.63;1.94;1.93
SP1;11/02/07;Barcelona;Santander;2;0;H;0;0;D;17;6;7;2;15;22;2;3;1;1;0;0;1.25;5.0;13.0;1.27;4.67;10.4;1.7;2.03;1.78;2.07
SP1;11/02/07;Celta;Espanol;0;2;A;0;1;A;25;13;8;6;12;17;10;5;0;4;1;0;2.25;3.1;3.2;2.25;3.11;3.02;2.21;1.58;1.95;1.91
SP1;11/02/07;Getafe;Valencia;3;0;H;0;0;D;16;13;5;5;8;16;8;6;3;2;0;0;2.87;3.2;2.4;2.76;3.12;2.4;2.3;1.54;2.0;1.78
SP1;11/02/07;Gimnastic;Osasuna;2;3;A;1;1;D;13;12;8;4;19;19;5;2;2;3;0;0;2.7;3.25;2.5;2.65;3.15;2.49;1.99;1.73;1.98;1.81
SP1;11/02/07;Levante;Recreativo;2;1;H;2;0;H;6;12;3;2;26;9;2;5;5;0;1;0;2.4;3.2;2.87;2.42;3.14;2.73;2.13;1.61;1.73;2.01
SP1;11/02/07;Mallorca;Zaragoza;2;1;H;0;0;D;16;13;4;3;18;18;6;3;5;5;0;0;2.75;3.2;2.5;2.73;3.14;2.43;2.07;1.65;2.01;1.78
SP1;11/02/07;Villarreal;La Coruna;0;2;A;0;1;A;16;11;5;4;15;19;6;3;2;2;0;0;2.1;3.2;3.5;2.0;3.17;3.53;2.25;1.56;1.86;2.02
SP1;17/02/07;Real Madrid;Betis;0;0;D;0;0;D;19;20;5;5;20;23;5;7;5;6;1;0;1.53;3.8;6.0;1.51;3.58;6.28;2.01;1.72;1.78;2.11
SP1;17/02/07;Zaragoza;Villarreal;1;0;H;1;0;H;15;16;9;3;20;12;9;7;3;1;0;0;1.9;3.25;4.0;1.85;3.21;4.0;2.09;1.64;1.93;1.93
SP1;18/02/07;Ath Bilbao;Getafe;2;0;H;1;0;H;10;8;4;3;22;12;2;8;4;3;0;0;2.4;3.2;2.87;2.34;3.11;2.84;2.26;1.56;1.7;2.1
SP1;18/02/07;Espanol;Mallorca;3;1;H;1;1;D;11;14;3;5;20;29;4;5;2;1;0;0;2.0;3.2;3.75;1.98;3.19;3.57;2.16;1.61;2.07;1.79
SP1;18/02/07;La Coruna;Levante;0;0;D;0;0;D;12;11;0;4;21;20;4;4;1;4;0;0;1.8;3.2;4.75;1.76;3.27;4.45;2.24;1.57;1.85;2.02
SP1;18/02/07;Osasuna;Celta;0;1;A;0;1;A;20;7;3;3;24;15;10;3;1;2;0;1;1.9;3.25;4.0;1.82;3.25;4.12;2.1;1.64;1.92;1.95
SP1;18/02/07;Recreativo;Sociedad;1;0;H;0;0;D;10;13;5;3;17;22;7;5;5;3;0;0;1.9;3.25;4.0;1.84;3.24;4.04;2.18;1.6;2.02;1.84
SP1;18/02/07;Santander;Gimnastic;4;1;H;0;0;D;15;7;6;2;20;18;4;2;1;1;0;0;1.66;3.4;5.5;1.64;3.39;5.11;2.09;1.65;1.9;1.96
SP1;18/02/07;Sevilla;Ath Madrid;3;1;H;2;0;H;8;17;5;9;16;17;5;4;3;4;1;0;1.9;3.2;4.0;1.89;3.22;3.86;2.1;1.64;2.04;1.82
SP1;18/02/07;Valencia;Barcelona;2;1;H;0;0;D;6;13;3;3;19;11;2;6;3;5;1;1;2.75;3.2;2.5;2.66;3.14;2.48;2.07;1.68;2.01;1.78
SP1;24/02/07;Ath Madrid;Real Madrid;1;1;D;1;0;H;21;6;7;3;15;28;11;3;2;5;0;1;2.6;3.3;2.37;2.65;3.13;2.5;2.11;1.63;1.92;1.87
SP1;24/02/07;Sociedad;La Coruna;0;1;A;0;1;A;18;5;3;1;14;23;4;3;1;3;0;0;2.5;3.0;2.62;2.5;3.11;2.65;2.22;1.57;1.8;1.99
SP1;25/02/07;Barcelona;Ath Bilbao;3;0;H;3;0;H;15;5;8;1;13;20;9;0;0;1;0;0;1.28;4.33;9.0;1.28;4.67;9.49;1.78;1.95;2.05;1.79
SP1;25/02/07;Betis;Recreativo;0;0;D;0;0;D;19;6;8;0;20;22;5;2;2;3;0;0;2.1;3.2;3.1;2.06;3.18;3.37;2.11;1.63;1.47;2.48
SP1;25/02/07;Celta;Santander;2;2;D;2;0;H;5;8;4;4;4;11;3;5;0;2;0;0;2.3;2.87;3.0;2.22;3.14;3.03;2.23;1.57;1.92;1.95
SP1;25/02/07;Getafe;Sevilla;0;0;D;0;0;D;13;12;5;4;20;21;6;8;4;2;0;0;2.75;3.2;2.3;2.68;3.13;2.46;2.12;1.62;2.01;1.76
SP1;25/02/07;Gimnastic;Valencia;1;1;D;0;0;D;10;11;3;4;21;21;7;7;6;2;0;0;4.75;3.75;1.57;5.69;3.51;1.56;1.96;1.77;1.76;2.09
SP1;25/02/07;Levante;Zaragoza;0;0;D;0;0;D;11;8;3;2;13;11;10;3;1;2;1;0;2.75;3.2;2.3;2.7;3.13;2.45;2.15;1.61;2.02;1.76
SP1;25/02/07;Osasuna;Espanol;0;2;A;0;1;A;13;7;2;5;20;18;11;5;3;2;0;1;2.25;3.0;3.0;2.14;3.16;3.16;2.19;1.58;1.97;1.9
SP1;25/02/07;Villarreal;Mallorca;2;1;H;1;1;D;17;12;6;6;19;21;5;2;4;4;0;0;1.83;3.3;3.75;1.94;3.21;3.66;2.23;1.56;2.03;1.84
SP1;03/03/07;Sevilla;Barcelona;2;1;H;1;1;D;14;9;6;5;19;20;5;2;2;2;1;2;2.6;3.1;2.7;2.51;3.12;2.66;1.97;1.75;1.82;1.96
SP1;03/03/07;Valencia;Celta;1;0;H;0;0;D;5;15;3;4;16;17;4;5;6;2;0;0;1.44;4.0;7.5;1.42;3.82;7.54;1.99;1.72;1.99;1.86
SP1;04/03/07;Ath Bilbao;Gimnastic;0;2;A;0;1;A;20;4;3;2;15;22;9;0;1;1;0;1;1.66;3.4;5.5;1.67;3.34;4.95;2.01;1.7;1.71;2.17
SP1;04/03/07;Espanol;Villarreal;1;1;D;1;0;H;11;20;3;8;14;12;4;7;2;1;0;0;2.1;3.2;3.5;2.09;3.15;3.32;2.14;1.62;1.8;2.07
SP1;04/03/07;La Coruna;Betis;0;1;A;0;0;D;12;16;1;3;14;11;5;1;3;2;0;0;2.1;3.2;3.5;2.09;3.13;3.35;2.35;1.52;1.92;1.94
SP1;04/03/07;Mallorca;Levante;3;1;H;0;0;D;20;7;9;1;19;25;3;1;4;3;0;0;2.1;3.2;3.5;2.06;3.16;3.38;2.11;1.63;1.87;1.99
SP1;04/03/07;Real Madrid;Getafe;1;1;D;1;1;D;22;12;8;2;18;21;7;3;4;3;0;0;1.66;3.4;5.5;1.61;3.42;5.46;2.1;1.65;2.03;1.82
SP1;04/03/07;Recreativo;Ath Madrid;1;0;H;1;0;H;4;14;1;3;20;18;1;9;1;2;0;0;2.62;3.2;2.6;2.58;3.14;2.56;2.18;1.59;1.91;1.87
SP1;04/03/07;Santander;Osasuna;1;0;H;0;0;D;12;8;7;0;20;25;5;4;2;4;0;0;2.2;3.2;3.25;2.14;3.16;3.21;2.14;1.62;1.88;1.99
SP1;04/03/07;Zaragoza;Sociedad;3;2;H;0;1;A;24;9;6;5;15;16;9;6;1;2;0;0;1.53;3.6;6.5;1.5;3.61;6.47;2.05;1.67;2.02;1.8
SP1;10/03/07;Barcelona;Real Madrid;3;3;D;2;2;D;18;13;9;7;23;23;2;3;3;5;1;0;1.72;3.5;4.75;1.78;3.26;4.43;1.98;1.75;1.77;2.1
SP1;10/03/07;Levante;Villarreal;0;2;A;0;1;A;17;13;6;6;26;24;7;1;2;3;0;0;2.4;3.2;2.87;2.39;3.08;2.81;2.18;1.59;1.77;2.02
SP1;11/03/07;Ath Madrid;La Coruna;2;0;H;1;0;H;15;15;5;5;19;16;7;5;0;1;0;0;1.9;3.25;4.0;1.84;3.21;4.16;2.29;1.54;1.96;1.9
SP1;11/03/07;Betis;Zaragoza;1;1;D;1;1;D;14;9;4;2;20;15;7;2;2;5;1;0;2.4;3.2;2.87;2.35;3.1;2.87;2.2;1.59;1.7;2.08
SP1;11/03/07;Celta;Ath Bilbao;1;1;D;1;0;H;15;8;6;4;20;25;4;4;0;3;1;0;2.15;3.2;3.3;2.14;3.14;3.2;2.16;1.6;1.91;1.95
SP1;11/03/07;Getafe;Recreativo;1;1;D;1;1;D;12;18;3;7;21;14;8;6;2;3;0;0;2.0;3.2;3.75;1.98;3.18;3.59;2.27;1.55;1.77;2.09
SP1;11/03/07;Gimnastic;Sevilla;1;0;H;0;0;D;9;13;3;6;21;16;7;9;2;3;0;0;6.0;3.8;1.53;5.78;3.53;1.56;1.9;1.83;2.07;1.81
SP1;11/03/07;Osasuna;Valencia;1;1;D;1;0;H;10;12;5;6;19;18;3;5;2;5;0;0;3.2;3.1;2.25;3.04;3.14;2.23;2.19;1.59;1.83;2.04
SP1;11/03/07;Santander;Espanol;1;1;D;1;1;D;14;9;5;5;20;23;6;2;2;1;0;0;2.2;3.2;3.25;2.19;3.15;3.09;2.17;1.6;1.96;1.9
SP1;11/03/07;Sociedad;Mallorca;3;1;H;2;1;H;13;18;8;4;16;14;6;6;2;1;1;0;2.3;3.2;3.0;2.34;3.15;2.85;2.13;1.62;1.67;2.12
SP1;17/03/07;Ath Bilbao;Osasuna;0;3;A;0;1;A;12;11;5;3;19;21;5;3;2;2;1;0;2.25;3.2;3.1;2.22;3.12;3.06;2.21;1.58;1.96;1.92
SP1;17/03/07;Mallorca;Betis;2;0;H;2;0;H;13;8;7;2;21;23;8;2;4;2;0;0;2.3;3.1;3.1;2.34;3.07;2.92;2.18;1.59;2.06;1.82
SP1;17/03/07;Recreativo;Barcelona;0;4;A;0;3;A;13;11;6;6;10;10;3;2;1;2;0;0;5.5;3.6;1.61;4.91;3.39;1.68;1.91;1.8;2.01;1.84
SP1;17/03/07;Valencia;Santander;0;2;A;0;1;A;15;10;3;5;16;18;10;3;3;1;0;0;1.53;3.6;6.5;1.49;3.63;6.66;2.04;1.69;2.0;1.86
SP1;18/03/07;Espanol;Levante;1;1;D;1;1;D;5;14;1;2;9;16;2;8;0;3;0;0;1.83;3.25;4.5;1.79;3.26;4.34;2.14;1.62;1.93;1.92
SP1;18/03/07;La Coruna;Getafe;1;0;H;0;0;D;9;15;3;3;20;15;3;5;5;2;1;0;2.3;3.1;3.1;2.19;3.12;3.15;2.36;1.51;1.99;1.89
SP1;18/03/07;Real Madrid;Gimnastic;2;0;H;0;0;D;20;6;8;0;24;13;5;0;2;2;0;1;1.3;4.75;10.0;1.28;4.71;9.44;1.79;1.94;1.96;1.83
SP1;18/03/07;Sevilla;Celta;2;0;H;0;0;D;25;13;6;2;14;18;7;4;0;3;0;1;1.4;4.33;7.5;1.41;3.93;7.7;1.98;1.74;1.8;1.99
SP1;18/03/07;Villarreal;Sociedad;1;1;D;0;1;A;6;7;4;4;8;22;3;6;1;2;0;0;1.72;3.5;4.75;1.68;3.37;4.94;2.24;1.56;1.95;1.91
SP1;18/03/07;Zaragoza;Ath Madrid;1;0;H;1;0;H;6;12;2;4;18;17;9;6;4;2;0;0;2.25;3.2;3.1;2.18;3.15;3.12;2.15;1.61;1.91;1.98
SP1;31/03/07;Barcelona;La Coruna;2;1;H;1;0;H;19;13;6;3;19;24;4;6;3;2;0;0;1.33;4.5;9.5;1.31;4.42;9.31;1.78;1.95;1.95;1.82
SP1;31/03/07;Betis;Villarreal;3;3;D;1;1;D;16;11;7;5;25;16;8;2;2;1;0;0;2.2;3.1;3.4;2.21;3.08;3.16;2.33;1.53;1.95;1.91
SP1;31/03/07;Sociedad;Levante;1;0;H;1;0;H;9;7;5;1;16;22;4;3;2;2;0;1;2.1;3.25;3.4;2.19;3.17;3.11;2.13;1.63;1.91;1.95
SP1;31/03/07;Valencia;Espanol;3;2;H;2;1;H;11;11;7;4;19;14;6;7;5;5;0;0;1.72;3.4;5.0;1.65;3.37;5.23;2.12;1.64;2.04;1.82
SP1;01/04/07;Ath Madrid;Mallorca;1;1;D;1;0;H;16;9;3;1;24;16;7;2;6;4;1;0;1.66;3.4;5.5;1.65;3.38;5.18;2.13;1.63;1.98;1.89
SP1;01/04/07;Celta;Real Madrid;1;2;A;1;1;D;17;8;5;6;11;20;8;0;5;5;0;1;3.8;3.4;1.9;3.89;3.22;1.89;2.09;1.65;1.85;2.0
SP1;01/04/07;Getafe;Zaragoza;2;2;D;1;2;A;18;11;8;3;19;23;8;5;2;3;1;0;2.4;3.2;2.87;2.34;3.12;2.87;2.25;1.56;1.74;2.07
SP1;01/04/07;Gimnastic;Recreativo;1;1;D;1;1;D;11;14;3;6;19;24;5;5;6;1;1;0;2.6;3.2;2.6;2.58;3.14;2.57;2.1;1.64;1.93;1.87
SP1;01/04/07;Osasuna;Sevilla;0;0;D;0;0;D;12;18;2;2;17;17;7;6;5;2;0;0;3.2;3.25;2.2;3.16;3.16;2.16;2.12;1.63;1.94;1.93
SP1;01/04/07;Santander;Ath Bilbao;5;4;H;0;1;A;19;13;6;6;18;23;6;3;4;4;0;0;2.0;3.25;3.75;1.96;3.2;3.68;2.16;1.61;2.05;1.8
SP1;07/04/07;Ath Bilbao;Valencia;1;0;H;1;0;H;8;11;5;4;27;14;4;5;3;3;0;0;3.25;3.2;2.2;3.22;3.17;2.11;2.12;1.64;1.88;1.99
SP1;07/04/07;Zaragoza;Barcelona;1;0;H;0;0;D;14;8;5;4;25;24;2;5;3;6;0;0;3.6;3.3;2.0;3.53;3.22;1.97;1.79;1.91;1.82;1.96
SP1;08/04/07;Espanol;Sociedad;1;0;H;0;0;D;15;4;5;1;23;23;3;3;2;2;0;0;1.83;3.3;4.33;1.82;3.24;4.19;2.14;1.62;1.94;1.91
SP1;08/04/07;La Coruna;Gimnastic;1;0;H;0;0;D;13;13;2;0;14;13;3;4;2;2;1;0;1.7;3.5;5.0;1.65;3.4;5.12;2.13;1.64;1.91;1.95
SP1;08/04/07;Levante;Betis;1;1;D;1;0;H;12;13;4;6;20;22;6;5;2;1;0;0;2.3;3.1;3.1;2.35;3.06;2.92;2.23;1.58;1.74;2.07
SP1;08/04/07;Mallorca;Getafe;2;0;H;0;0;D;17;9;5;2;16;24;3;4;1;2;0;0;2.3;3.1;3.1;2.25;3.1;3.05;2.21;1.59;1.67;2.15
SP1;08/04/07;Real Madrid;Osasuna;2;0;H;1;0;H;17;9;8;2;18;13;9;8;0;2;0;0;1.5;3.75;7.0;1.48;3.66;6.71;1.93;1.77;1.99;1.79
SP1;08/04/07;Recreativo;Celta;4;2;H;1;0;H;18;14;9;6;22;21;6;3;2;3;0;0;2.05;3.25;3.6;1.98;3.19;3.51;2.12;1.64;1.99;1.74
SP1;08/04/07;Sevilla;Santander;0;0;D;0;0;D;17;10;5;1;18;20;11;2;2;1;0;0;1.57;3.6;6.0;1.56;3.51;5.92;1.93;1.78;1.89;1.97
SP1;08/04/07;Villarreal;Ath Madrid;0;1;A;0;1;A;11;11;1;7;22;25;3;5;5;5;1;0;2.3;3.1;3.1;2.33;3.12;2.88;2.24;1.57;2.03;1.83
SP1;14/04/07;Betis;Sociedad;0;1;A;0;1;A;16;3;6;1;23;15;6;1;4;2;0;0;1.95;3.3;3.8;1.9;3.19;3.9;2.25;1.56;2.04;1.82
SP1;14/04/07;Santander;Real Madrid;2;1;H;0;1;A;15;11;5;4;16;16;9;3;4;2;0;2;3.8;3.3;1.95;3.5;3.21;2.01;2.04;1.7;1.81;2.07
SP1;15/04/07;Ath Bilbao;Espanol;2;1;H;0;1;A;13;11;5;6;23;16;5;3;2;2;0;0;2.1;3.2;3.2;2.13;3.18;3.22;2.15;1.62;1.82;2.05
SP1;15/04/07;Ath Madrid;Levante;1;0;H;0;0;D;9;11;5;1;23;17;3;1;1;3;0;0;1.57;3.6;6.0;1.58;3.45;5.69;2.21;1.59;1.83;2.04
SP1;15/04/07;Barcelona;Mallorca;1;0;H;0;0;D;24;5;4;3;16;15;7;0;1;2;0;0;1.22;5.5;13.0;1.24;5.02;11.17;1.66;2.09;2.0;1.86
SP1;15/04/07;Celta;La Coruna;1;0;H;0;0;D;15;9;5;3;27;13;10;4;3;3;0;0;2.15;3.2;3.4;2.15;3.12;3.21;2.27;1.56;1.81;2.05
SP1;15/04/07;Getafe;Villarreal;3;0;H;1;0;H;12;11;5;4;23;17;3;8;0;2;0;1;2.2;3.2;3.25;2.17;3.14;3.17;2.26;1.56;1.96;1.91
SP1;15/04/07;Gimnastic;Zaragoza;1;0;H;0;0;D;9;7;4;1;21;15;6;6;3;4;0;0;3.8;3.3;1.95;3.74;3.24;1.92;2.03;1.69;1.91;1.95
SP1;15/04/07;Osasuna;Recreativo;1;1;D;0;0;D;13;10;3;2;16;14;13;6;2;1;0;0;2.25;3.2;3.1;2.22;3.16;3.07;2.13;1.63;1.96;1.91
SP1;15/04/07;Valencia;Sevilla;2;0;H;1;0;H;15;13;5;5;16;10;5;4;1;1;0;1;2.05;3.2;3.75;2.13;3.14;3.25;2.14;1.62;1.87;2.0
SP1;21/04/07;Real Madrid;Valencia;2;1;H;1;0;H;10;15;4;3;16;8;4;4;2;2;0;0;2.05;3.2;3.6;1.97;3.2;3.61;2.1;1.65;1.45;2.55
SP1;21/04/07;Sociedad;Ath Madrid;2;0;H;1;0;H;14;15;6;4;23;23;8;5;1;3;0;2;2.87;3.2;2.4;2.81;3.16;2.35;2.27;1.56;2.07;1.68
SP1;22/04/07;Espanol;Betis;2;2;D;1;1;D;14;16;4;7;19;28;3;7;1;2;1;3;2.25;3.1;3.2;2.12;3.08;3.28;2.19;1.59;1.58;2.27
SP1;22/04/07;La Coruna;Osasuna;1;0;H;0;0;D;8;13;2;4;22;20;3;5;3;3;0;0;2.0;3.2;3.75;1.98;3.16;3.65;2.26;1.56;1.44;2.57
SP1;22/04/07;Levante;Getafe;1;1;D;1;0;H;14;7;5;2;15;12;10;4;4;1;1;0;2.15;3.1;3.5;2.21;3.11;3.11;2.28;1.55;1.89;1.98
SP1;22/04/07;Mallorca;Gimnastic;1;0;H;1;0;H;10;10;2;2;21;17;3;5;1;4;0;0;1.75;3.4;4.75;1.72;3.31;4.62;2.08;1.66;2.1;1.79
SP1;22/04/07;Recreativo;Santander;4;2;H;3;1;H;10;9;6;4;16;23;10;8;2;3;0;1;2.25;3.2;3.1;2.24;3.14;3.02;2.14;1.62;1.63;2.16
SP1;22/04/07;Sevilla;Ath Bilbao;4;1;H;0;0;D;20;8;5;4;10;18;5;3;1;3;0;0;1.53;3.6;6.5;1.53;3.54;6.13;1.99;1.75;1.84;2.02
SP1;22/04/07;Villarreal;Barcelona;2;0;H;0;0;D;9;15;5;7;15;14;4;8;2;2;0;0;4.33;3.4;1.83;4.11;3.25;1.82;1.97;1.77;2.01;1.83
SP1;22/04/07;Zaragoza;Celta;2;0;H;0;0;D;12;10;5;3;15;14;3;3;2;4;0;0;1.75;3.3;5.0;1.67;3.37;4.96;2.05;1.7;2.09;1.79
SP1;28/04/07;Ath Madrid;Betis;0;0;D;0;0;D;22;9;8;0;16;18;9;2;2;1;0;0;1.72;3.4;5.0;1.73;3.25;4.66;2.26;1.57;1.82;2.02
SP1;28/04/07;Valencia;Recreativo;2;0;H;0;0;D;17;8;3;2;14;15;7;3;4;3;0;0;1.53;3.8;6.0;1.54;3.57;5.92;1.93;1.78;1.94;1.81
SP1;29/04/07;Ath Bilbao;Real Madrid;1;4;A;0;2;A;21;11;8;6;22;25;4;1;2;2;0;0;4.0;3.5;1.83;4.1;3.29;1.81;2.02;1.72;1.96;1.87
SP1;29/04/07;Barcelona;Levante;1;0;H;1;0;H;16;9;8;2;13;23;3;2;2;4;0;0;1.16;6.5;15.0;1.17;5.9;14.14;1.63;2.12;1.96;1.81
SP1;29/04/07;Celta;Mallorca;0;3;A;0;2;A;12;13;7;7;17;19;7;2;1;1;0;0;1.95;3.25;3.8;1.9;3.18;3.78;2.17;1.61;1.88;1.9
SP1;29/04/07;Getafe;Sociedad;1;0;H;0;0;D;15;11;4;4;18;14;2;2;4;3;0;0;2.0;3.3;3.6;1.93;3.2;3.67;2.3;1.54;1.96;1.81
SP1;29/04/07;Gimnastic;Villarreal;0;3;A;0;1;A;11;10;2;8;21;14;8;1;1;3;0;0;2.8;3.1;2.5;2.66;3.15;2.46;2.19;1.59;1.94;1.82
SP1;29/04/07;Osasuna;Zaragoza;2;2;D;1;1;D;14;15;8;5;19;21;6;4;4;2;0;0;2.8;3.1;2.5;2.68;3.09;2.49;2.17;1.6;1.99;1.81
SP1;29/04/07;Santander;La Coruna;0;0;D;0;0;D;14;14;1;4;20;13;9;1;2;2;0;0;1.95;3.25;3.8;1.94;3.18;3.7;2.21;1.59;2.02;1.83
SP1;29/04/07;Sevilla;Espanol;3;1;H;0;0;D;16;6;8;2;13;21;9;5;1;3;0;0;1.44;4.0;7.5;1.44;3.75;7.15;1.83;1.9;2.07;1.8
SP1;05/05/07;La Coruna;Valencia;1;2;A;0;1;A;10;9;2;2;17;14;3;7;5;3;0;0;3.0;3.1;2.37;2.9;3.11;2.32;2.26;1.56;2.13;1.66
SP1;05/05/07;Sociedad;Barcelona;0;2;A;0;0;D;8;12;1;6;24;12;4;9;4;2;0;0;6.0;3.8;1.53;5.89;3.63;1.53;1.94;1.78;1.97;1.87
SP1;06/05/07;Betis;Getafe;0;2;A;0;2;A;9;9;1;7;20;12;5;1;2;3;0;0;2.0;3.1;4.0;2.0;3.13;3.61;2.3;1.54;2.0;1.85
SP1;06/05/07;Espanol;Ath Madrid;2;1;H;1;0;H;8;19;3;4;11;20;1;4;2;3;1;0;2.7;3.1;2.6;2.61;3.11;2.54;2.21;1.58;1.93;1.85
SP1;06/05/07;Levante;Gimnastic;2;0;H;2;0;H;15;5;4;2;26;18;4;2;2;3;0;0;1.72;3.4;5.0;1.77;3.3;4.38;2.16;1.61;1.78;2.06
SP1;06/05/07;Mallorca;Osasuna;3;1;H;1;0;H;17;10;6;2;16;15;9;1;1;3;0;0;2.0;3.3;3.6;2.0;3.18;3.54;2.11;1.65;1.81;2.06
SP1;06/05/07;Real Madrid;Sevilla;3;2;H;0;1;A;14;13;6;4;18;22;6;2;3;2;1;2;2.0;3.3;3.6;1.9;3.23;3.79;1.96;1.78;2.0;1.84
SP1;06/05/07;Recreativo;Ath Bilbao;0;0;D;0;0;D;17;7;8;0;11;23;12;2;1;5;0;1;2.05;3.25;3.5;2.0;3.19;3.55;1.92;1.77;1.86;2.0
SP1;06/05/07;Villarreal;Celta;1;0;H;0;0;D;7;8;3;3;17;27;7;5;1;1;0;0;2.1;3.25;3.4;1.99;3.18;3.55;2.14;1.63;1.9;1.96
SP1;06/05/07;Zaragoza;Santander;0;0;D;0;0;D;7;10;1;1;15;25;5;7;1;2;0;0;1.72;3.4;5.0;1.74;3.3;4.57;2.03;1.7;1.76;2.08
SP1;12/05/07;Real Madrid;Espanol;4;3;H;1;3;A;23;10;12;5;16;20;7;2;2;4;0;0;1.25;5.0;13.0;1.26;4.84;10.34;1.73;2.01;1.79;2.06
SP1;12/05/07;Sevilla;Recreativo;2;1;H;1;0;H;16;15;8;5;22;21;10;4;5;2;0;0;1.57;3.6;6.0;1.54;3.55;5.83;1.88;1.86;1.82;2.04
SP1;13/05/07;Ath Bilbao;La Coruna;1;1;D;0;0;D;7;8;2;2;20;22;8;3;3;3;1;1;1.9;3.25;4.0;1.87;3.22;3.94;2.24;1.57;1.91;1.95
SP1;13/05/07;Barcelona;Betis;1;1;D;1;0;H;18;4;3;3;21;24;7;5;2;3;0;0;1.2;5.75;15.0;1.23;5.18;11.21;1.7;2.04;1.79;2.08
SP1;13/05/07;Celta;Levante;1;2;A;0;1;A;20;8;6;3;14;23;7;3;5;4;0;0;1.9;3.25;4.0;1.89;3.22;3.86;2.17;1.61;1.94;1.92
SP1;13/05/07;Getafe;Ath Madrid;1;4;A;0;2;A;15;15;6;7;23;20;8;5;4;6;0;0;2.4;3.2;2.87;2.31;3.06;2.95;2.36;1.51;2.04;1.83
SP1;13/05/07;Gimnastic;Sociedad;1;3;A;1;2;A;13;14;5;7;22;15;4;2;1;4;0;0;2.6;3.4;2.5;2.57;3.2;2.51;2.14;1.62;1.95;1.84
SP1;13/05/07;Osasuna;Villarreal;1;4;A;1;1;D;21;11;5;8;15;19;3;3;3;3;0;0;2.3;3.25;3.0;2.23;3.13;3.01;2.14;1.63;1.97;1.89
SP1;13/05/07;Santander;Mallorca;0;2;A;0;0;D;14;12;5;6;17;21;13;4;3;3;1;0;1.95;3.3;3.8;1.93;3.2;3.74;2.11;1.64;1.99;1.86
SP1;13/05/07;Valencia;Zaragoza;2;0;H;2;0;H;19;13;8;1;13;18;7;4;2;5;0;0;1.72;3.5;4.75;1.7;3.32;4.74;2.05;1.7;1.75;2.12
SP1;19/05/07;Betis;Gimnastic;1;1;D;0;0;D;17;9;8;3;24;21;7;6;3;1;1;0;1.44;4.2;7.0;1.46;3.75;6.73;2.03;1.7;1.84;1.99
SP1;19/05/07;Mallorca;Valencia;0;1;A;0;0;D;9;8;3;3;9;16;6;9;3;2;0;0;3.6;3.3;2.0;3.33;3.21;2.03;1.97;1.74;1.8;2.06
SP1;19/05/07;Zaragoza;Ath Bilbao;4;3;H;4;1;H;16;12;12;7;18;13;4;4;3;1;0;0;1.8;3.4;4.33;1.73;3.32;4.49;1.99;1.75;1.82;1.94
SP1;20/05/07;Ath Madrid;Barcelona;0;6;A;0;3;A;17;20;7;11;15;11;10;6;2;0;1;0;3.6;3.3;2.0;3.23;3.21;2.04;2.05;1.69;2.03;1.82
SP1;20/05/07;Espanol;Getafe;1;5;A;1;2;A;13;11;5;6;12;21;2;6;0;2;0;0;2.25;3.2;3.1;2.14;3.16;3.17;2.17;1.61;1.98;1.87
SP1;20/05/07;La Coruna;Sevilla;1;2;A;0;0;D;14;13;4;6;22;11;3;6;4;3;0;0;3.6;3.3;2.0;3.33;3.21;2.03;2.04;1.72;1.8;2.04
SP1;20/05/07;Levante;Osasuna;1;4;A;1;3;A;19;13;5;7;16;17;0;4;1;2;1;0;2.25;3.1;3.2;2.19;3.06;3.13;2.2;1.59;1.95;1.91
SP1;20/05/07;Recreativo;Real Madrid;2;3;A;0;1;A;7;12;4;4;16;15;1;5;1;2;0;0;5.0;3.6;1.66;4.77;3.41;1.67;1.85;1.88;1.95;1.91
SP1;20/05/07;Sociedad;Celta;3;1;H;0;1;A;9;19;3;7;21;20;1;14;2;2;0;0;2.0;3.3;3.6;1.96;3.26;3.54;2.13;1.63;2.05;1.8
SP1;20/05/07;Villarreal;Santander;2;1;H;1;0;H;9;16;4;3;17;19;3;2;1;4;0;0;1.66;3.6;5.0;1.73;3.3;4.5;2.12;1.65;1.74;2.0
SP1;26/05/07;Barcelona;Getafe;1;0;H;1;0;H;12;9;5;3;14;22;4;3;3;5;1;0;1.22;5.5;13.0;1.23;5.14;11.01;1.57;2.21;2.0;1.85
SP1;26/05/07;Real Madrid;La Coruna;3;1;H;1;0;H;11;19;4;8;20;19;4;5;1;4;0;0;1.22;5.5;13.0;1.21;5.36;11.48;1.56;2.23;2.01;1.85
SP1;26/05/07;Valencia;Villarreal;2;3;A;1;1;D;14;12;7;5;15;15;9;1;4;4;0;0;1.61;3.6;5.5;1.6;3.47;5.36;1.95;1.77;1.87;2.0
SP1;27/05/07;Ath Bilbao;Mallorca;1;0;H;0;0;D;7;9;2;2;11;18;6;5;1;3;0;0;1.57;3.8;5.5;1.62;3.5;5.05;1.88;1.84;1.8;2.07
SP1;27/05/07;Celta;Betis;2;1;H;1;1;D;10;7;4;2;25;19;5;5;4;6;0;1;2.3;3.25;3.0;2.29;3.2;2.86;2.04;1.7;2.01;1.85
SP1;27/05/07;Gimnastic;Ath Madrid;0;2;A;0;1;A;16;9;5;3;20;20;13;4;3;3;1;0;4.5;3.6;1.72;4.25;3.36;1.76;2.0;1.72;1.83;2.02
SP1;27/05/07;Osasuna;Sociedad;2;0;H;2;0;H;14;18;2;0;17;16;11;9;1;2;0;0;3.2;3.25;2.2;2.97;3.24;2.18;2.02;1.72;2.0;1.86
SP1;27/05/07;Recreativo;Espanol;0;1;A;0;0;D;16;6;4;2;22;20;8;8;1;6;1;0;2.0;3.3;3.6;1.91;3.24;3.75;1.79;1.9;2.01;1.84
SP1;27/05/07;Santander;Levante;2;3;A;1;2;A;14;13;6;5;17;24;5;3;2;5;0;0;2.05;3.3;3.5;2.0;3.23;3.45;2.02;1.72;1.85;2.0
SP1;27/05/07;Sevilla;Zaragoza;3;1;H;1;0;H;23;8;11;3;15;18;12;4;3;3;0;1;1.57;4.0;5.25;1.58;3.54;5.42;1.72;2.0;1.81;2.05
SP1;09/06/07;Ath Madrid;Celta;2;3;A;1;1;D;19;18;4;10;20;17;6;7;2;6;1;0;1.66;3.6;5.0;1.65;3.56;4.77;1.83;1.89;1.95;1.92
SP1;09/06/07;Barcelona;Espanol;2;2;D;1;1;D;25;8;6;5;20;21;11;1;2;4;0;0;1.22;5.5;13.0;1.21;5.44;11.42;1.6;2.14;1.93;1.91
SP1;09/06/07;Betis;Osasuna;0;5;A;0;1;A;16;9;4;5;23;10;10;2;2;3;0;0;1.66;3.6;5.0;1.63;3.52;4.98;1.89;1.82;1.9;1.98
SP1;09/06/07;Levante;Valencia;4;2;H;2;1;H;17;6;9;3;20;16;6;3;3;3;1;3;3.2;3.25;2.2;3.19;3.09;2.17;1.87;1.83;1.84;2.01
SP1;09/06/07;Mallorca;Sevilla;0;0;D;0;0;D;20;12;7;5;19;17;5;2;2;4;0;1;5.5;3.8;1.57;5.1;3.62;1.59;1.73;2.02;1.95;1.92
SP1;09/06/07;Sociedad;Santander;0;0;D;0;0;D;16;4;3;1;13;19;9;6;2;7;0;2;1.57;3.8;5.5;1.55;3.71;5.41;1.82;1.91;1.83;2.05
SP1;09/06/07;Villarreal;Ath Bilbao;3;1;H;2;1;H;7;13;2;3;12;9;2;7;2;1;0;0;1.66;3.6;5.0;1.64;3.51;4.91;1.78;1.96;1.97;1.9
SP1;09/06/07;Zaragoza;Real Madrid;2;2;D;1;0;H;9;19;5;7;19;19;0;8;3;3;0;0;4.75;3.75;1.66;4.51;3.57;1.69;1.63;2.11;1.89;1.99
SP1;10/06/07;Getafe;Gimnastic;0;1;A;0;0;D;15;6;6;1;20;20;4;2;3;0;0;0;1.4;4.33;7.5;1.42;3.91;7.04;1.8;1.89;1.82;1.96
SP1;10/06/07;La Coruna;Recreativo;2;5;A;0;2;A;21;16;5;10;9;13;12;3;2;0;0;0;2.05;3.3;3.5;1.97;3.22;3.52;1.89;1.81;2.06;1.82
SP1;17/06/07;Ath Bilbao;Levante;2;0;H;0;0;D;19;6;6;2;13;18;12;4;3;2;0;0;1.33;5.25;8.5;1.31;4.73;7.75;1.6;2.14;2.07;1.78
SP1;17/06/07;Celta;Getafe;2;1;H;1;1;D;10;15;3;3;22;26;2;8;2;1;0;0;1.4;4.75;6.5;1.38;4.37;6.68;1.75;1.97;2.05;1.83
SP1;17/06/07;Espanol;La Coruna;1;3;A;0;0;D;13;15;6;5;23;12;5;9;2;2;0;1;1.8;3.5;4.2;1.78;3.36;4.16;1.62;2.13;1.89;1.97
SP1;17/06/07;Gimnastic;Barcelona;1;5;A;0;3;A;10;23;2;12;23;8;2;6;1;0;0;0;13.0;7.0;1.16;12.13;6.18;1.17;1.44;2.53;2.06;1.8
SP1;17/06/07;Osasuna;Ath Madrid;1;2;A;0;1;A;19;7;9;5;10;15;14;1;1;2;0;0;3.2;3.5;2.1;3.01;3.32;2.12;1.78;1.95;1.97;1.9
SP1;17/06/07;Real Madrid;Mallorca;3;1;H;0;1;A;17;6;7;1;18;21;6;2;4;3;0;0;1.12;9.0;17.0;1.13;6.82;14.6;1.43;2.58;1.8;2.06
SP1;17/06/07;Recreativo;Zaragoza;1;1;D;1;0;H;11;10;5;3;6;16;6;4;0;4;0;1;3.25;3.0;2.3;3.14;2.95;2.25;1.63;2.1;1.86;2.01
SP1;17/06/07;Santander;Betis;0;2;A;0;0;D;9;17;1;3;16;16;0;5;1;3;0;0;3.4;3.5;2.0;3.32;3.35;1.98;1.81;1.91;1.86;1.99
SP1;17/06/07;Sevilla;Villarreal;0;1;A;0;0;D;12;13;3;5;12;19;3;3;3;3;0;0;1.85;3.6;3.8;1.85;3.47;3.66;1.62;2.1;1.97;1.87
SP1;17/06/07;Valencia;Sociedad;3;3;D;2;2;D;16;13;7;3;19;19;8;6;1;2;0;0;2.15;3.5;3.1;2.09;3.38;3.02;1.68;2.07;1.97;1.9
SP1;25/08/07;Real Madrid;Ath Madrid;2;1;H;1;1;D;20;20;7;9;24;20;13;4;3;2;0;0;1.72;3.5;4.75;1.75;3.34;4.56;1.88;1.85;1.87;1.98
SP1;25/08/07;Sevilla;Getafe;4;1;H;0;1;A;29;7;10;3;12;17;8;4;1;2;0;2;1.4;4.0;9.0;1.42;3.86;7.82;1.87;1.85;1.86;1.99
SP1;26/08/07;Ath Bilbao;Osasuna;0;0;D;0;0;D;14;10;2;2;16;16;6;4;3;2;1;0;2.05;3.2;3.6;2.06;3.18;3.45;2.16;1.61;1.81;2.05
SP1;26/08/07;Espanol;Valladolid;0;1;A;0;0;D;7;17;3;5;17;21;8;4;3;2;0;0;1.83;3.25;4.5;1.82;3.24;4.33;2.01;1.72;2.0;1.87
SP1;26/08/07;La Coruna;Almeria;0;3;A;0;2;A;7;13;0;7;9;20;6;5;0;2;0;0;1.72;3.4;5.0;1.66;3.42;5.14;2.06;1.68;1.77;2.08
SP1;26/08/07;Mallorca;Levante;3;0;H;1;0;H;8;5;5;1;11;25;4;1;0;3;0;0;1.9;3.1;4.33;1.85;3.23;4.16;2.12;1.63;1.92;1.95
SP1;26/08/07;Murcia;Zaragoza;2;1;H;1;1;D;8;5;6;2;0;2;1;0;1;1;0;1;3.4;3.2;2.15;3.24;3.17;2.15;2.16;1.61;1.97;1.89
SP1;26/08/07;Recreativo;Betis;1;1;D;1;1;D;15;13;4;4;16;14;7;4;0;2;0;0;2.2;3.2;3.25;2.2;3.15;3.15;2.21;1.58;1.95;1.92
SP1;26/08/07;Santander;Barcelona;0;0;D;0;0;D;14;13;5;3;13;11;4;8;1;1;1;0;7.5;4.0;1.44;6.77;3.75;1.48;1.86;1.86;2.05;1.78
SP1;26/08/07;Valencia;Villarreal;0;3;A;0;1;A;4;7;1;6;16;13;5;0;1;1;2;0;1.72;3.4;5.0;1.73;3.32;4.74;2.05;1.69;2.09;1.78
SP1;01/09/07;Levante;Murcia;0;0;D;0;0;D;3;7;0;2;21;32;4;4;5;3;0;0;2.2;3.2;3.25;2.2;3.17;3.15;2.13;1.63;2.03;1.84
SP1;01/09/07;Zaragoza;Santander;1;1;D;0;0;D;14;12;4;2;9;12;8;4;2;3;0;0;1.66;3.6;5.0;1.73;3.34;4.74;2.07;1.68;2.01;1.86
SP1;02/09/07;Almeria;Valencia;1;2;A;0;0;D;11;4;4;3;23;22;5;2;3;2;0;0;3.2;3.1;2.25;3.16;3.19;2.18;2.07;1.67;1.84;2.03
SP1;02/09/07;Ath Madrid;Mallorca;1;1;D;0;1;A;22;7;5;2;16;19;7;1;4;3;0;0;1.72;3.4;5.0;1.71;3.35;4.85;2.0;1.75;1.81;2.01
SP1;02/09/07;Barcelona;Ath Bilbao;3;1;H;2;0;H;16;9;6;5;20;15;4;4;1;2;1;1;1.16;6.5;15.0;1.21;5.6;12.11;1.65;2.11;1.91;1.96
SP1;02/09/07;Betis;Espanol;2;2;D;0;2;A;15;12;8;5;16;22;3;5;0;1;0;0;2.05;3.25;3.6;2.07;3.21;3.37;2.15;1.63;1.79;2.1
SP1;02/09/07;Getafe;Recreativo;1;1;D;0;0;D;10;13;4;4;12;23;7;7;0;5;1;0;2.1;3.25;3.4;2.07;3.21;3.4;2.1;1.65;1.86;2.02
SP1;02/09/07;Valladolid;La Coruna;2;2;D;1;0;H;14;6;6;3;21;14;14;2;1;2;0;0;2.1;3.2;3.5;2.11;3.19;3.33;2.13;1.64;1.8;2.08
SP1;02/09/07;Villarreal;Real Madrid;0;5;A;0;1;A;17;12;6;6;15;16;7;3;2;0;0;0;2.87;3.25;2.37;2.85;3.19;2.34;1.94;1.78;2.1;1.7
SP1;15/09/07;Ath Bilbao;Zaragoza;1;1;D;1;1;D;12;16;5;6;24;19;4;7;4;4;0;0;2.4;3.25;2.9;2.4;3.15;2.8;2.09;1.67;1.75;2.05
SP1;15/09/07;Real Madrid;Almeria;3;1;H;1;0;H;11;21;6;8;18;16;4;9;3;1;0;1;1.18;6.75;15.0;1.18;6.01;12.8;1.59;2.23;2.13;1.76
SP1;15/09/07;Valencia;Valladolid;2;1;H;1;1;D;12;10;5;2;11;24;2;7;1;2;0;0;1.5;4.0;6.75;1.47;3.79;6.88;2.03;1.71;2.03;1.84
SP1;16/09/07;Espanol;Getafe;1;0;H;0;0;D;20;14;7;3;20;10;4;6;7;1;0;1;2.1;3.3;3.5;2.05;3.19;3.47;2.09;1.67;2.12;1.77
SP1;16/09/07;La Coruna;Betis;1;0;H;1;0;H;22;12;4;4;14;24;5;6;1;3;0;0;2.3;3.1;3.25;2.26;3.14;3.03;2.11;1.65;1.68;2.17
SP1;16/09/07;Mallorca;Villarreal;0;1;A;0;0;D;10;13;1;5;15;9;6;4;2;2;0;0;2.37;3.25;3.0;2.38;3.17;2.82;2.08;1.68;1.72;2.11
SP1;16/09/07;Murcia;Ath Madrid;1;1;D;0;1;A;11;6;4;2;18;17;10;2;5;3;0;0;3.1;3.25;2.3;3.04;3.16;2.25;2.12;1.64;1.86;2.01
SP1;16/09/07;Osasuna;Barcelona;0;0;D;0;0;D;7;9;2;3;19;18;2;1;3;2;0;0;6.25;4.0;1.53;5.92;3.59;1.56;1.88;1.87;1.84;2.01
SP1;16/09/07;Santander;Levante;1;0;H;1;0;H;11;12;4;5;21;14;2;7;1;1;0;0;1.9;3.3;4.2;1.87;3.24;4.04;2.13;1.64;1.95;1.93
SP1;16/09/07;Sevilla;Recreativo;4;1;H;2;0;H;18;11;5;3;12;14;6;6;1;0;0;1;1.4;4.5;8.0;1.42;3.91;7.32;1.82;1.93;1.81;2.07
SP1;22/09/07;Barcelona;Sevilla;2;1;H;0;0;D;15;6;6;2;22;19;6;1;3;5;0;0;1.66;3.75;5.0;1.7;3.38;4.81;1.84;1.9;1.94;1.94
SP1;22/09/07;Recreativo;Espanol;2;1;H;0;1;A;10;7;4;4;18;18;6;2;2;5;0;0;2.37;3.25;3.0;2.31;3.15;2.91;2.08;1.66;1.69;2.12
SP1;23/09/07;Almeria;Mallorca;1;1;D;1;0;H;14;20;4;7;25;10;9;6;1;1;0;0;2.37;3.25;3.0;2.32;3.14;2.92;2.12;1.64;1.69;2.14
SP1;23/09/07;Ath Madrid;Santander;4;0;H;1;0;H;14;5;9;1;24;20;4;3;3;3;0;1;1.72;3.4;5.25;1.72;3.3;4.9;2.11;1.64;1.76;2.11
SP1;23/09/07;Betis;Valencia;1;2;A;0;0;D;15;17;1;4;21;13;10;5;2;0;0;0;3.0;3.25;2.37;2.83;3.13;2.38;2.11;1.64;2.08;1.74
SP1;23/09/07;Getafe;La Coruna;0;0;D;0;0;D;19;7;3;4;15;21;9;1;1;2;0;0;2.1;3.2;3.6;2.09;3.17;3.36;2.15;1.62;1.81;2.06
SP1;23/09/07;Levante;Ath Bilbao;1;2;A;0;1;A;15;15;3;6;16;25;9;3;5;2;0;1;2.37;3.25;3.0;2.27;3.07;2.91;2.19;1.6;1.7;2.13
SP1;23/09/07;Valladolid;Real Madrid;1;1;D;0;0;D;14;11;4;3;20;19;9;4;2;1;0;0;6.0;3.6;1.61;5.42;3.49;1.61;1.81;1.93;1.89;1.97
SP1;23/09/07;Villarreal;Murcia;2;0;H;0;0;D;7;9;4;2;14;23;6;4;1;4;0;0;1.66;3.5;5.5;1.62;3.47;5.32;2.09;1.66;1.88;1.99
SP1;23/09/07;Zaragoza;Osasuna;2;1;H;1;1;D;18;10;8;4;17;21;5;4;3;4;0;0;1.8;3.5;4.5;1.77;3.31;4.39;2.1;1.65;1.83;2.02
SP1;25/09/07;Sevilla;Espanol;2;3;A;0;1;A;22;8;7;5;14;18;5;1;2;3;0;0;1.44;4.0;8.5;1.44;3.91;7.61;1.77;1.99;1.8;2.05
SP1;26/09/07;Ath Bilbao;Ath Madrid;0;2;A;0;1;A;14;9;4;4;17;22;10;5;3;5;0;0;2.87;3.2;2.5;2.77;3.14;2.46;2.19;1.59;2.05;1.74
SP1;26/09/07;Barcelona;Zaragoza;4;1;H;4;1;H;25;5;13;3;8;17;12;0;2;3;0;0;1.33;4.75;10.0;1.36;4.33;8.36;1.63;2.13;2.09;1.73
SP1;26/09/07;La Coruna;Recreativo;0;2;A;0;1;A;10;14;3;3;10;20;6;4;0;0;0;0;2.0;3.3;3.8;2.04;3.2;3.52;2.08;1.68;2.11;1.76
SP1;26/09/07;Mallorca;Valladolid;4;2;H;0;2;A;25;12;8;4;14;14;13;6;1;3;0;0;2.05;3.3;3.6;2.02;3.19;3.59;2.1;1.65;2.12;1.75
SP1;26/09/07;Murcia;Almeria;0;1;A;0;1;A;7;11;3;6;22;18;5;9;3;2;2;0;2.1;3.25;3.6;2.11;3.14;3.41;2.1;1.65;1.98;1.88
SP1;26/09/07;Osasuna;Levante;4;1;H;1;1;D;14;13;7;5;12;18;7;4;1;3;0;0;1.72;3.5;5.25;1.76;3.32;4.58;2.14;1.63;1.79;2.07
SP1;26/09/07;Santander;Villarreal;0;2;A;0;1;A;13;7;5;2;17;18;5;3;0;4;1;0;2.7;3.25;2.6;2.69;3.16;2.52;2.12;1.64;1.98;1.83
SP1;26/09/07;Valencia;Getafe;2;1;H;2;0;H;13;24;10;7;23;14;6;10;3;2;0;0;1.44;4.2;7.5;1.45;3.86;7.24;1.99;1.76;1.92;1.95
SP1;27/09/07;Real Madrid;Betis;2;0;H;0;0;D;15;13;8;3;15;20;4;4;1;2;0;0;1.25;5.5;12.0;1.27;4.99;10.29;1.64;2.1;2.0;1.87
SP1;29/09/07;Levante;Barcelona;1;4;A;0;2;A;7;15;3;9;15;14;2;3;5;0;0;0;8.0;4.5;1.4;8.11;4.14;1.38;1.74;2.0;2.05;1.83
SP1;29/09/07;Zaragoza;Sevilla;2;0;H;0;0;D;9;13;2;4;14;16;6;4;1;1;0;0;2.8;3.25;2.5;2.67;3.17;2.5;1.79;1.96;1.95;1.86
SP1;30/09/07;Almeria;Santander;0;1;A;0;1;A;11;7;3;3;12;24;4;4;3;1;0;0;2.1;3.25;3.5;2.12;3.17;3.28;2.12;1.64;1.81;2.06
SP1;30/09/07;Ath Madrid;Osasuna;2;0;H;1;0;H;23;7;6;2;15;14;6;5;3;2;0;0;1.66;3.75;5.0;1.68;3.39;4.99;2.04;1.69;1.95;1.92
SP1;30/09/07;Betis;Mallorca;3;0;H;0;0;D;20;9;11;3;10;7;9;4;2;1;0;2;2.2;3.3;3.2;2.16;3.17;3.22;2.2;1.59;1.95;1.93
SP1;30/09/07;Espanol;La Coruna;1;0;H;1;0;H;7;15;2;5;33;21;3;3;1;1;0;0;1.83;3.4;4.5;1.88;3.25;4.01;2.13;1.58;1.91;1.95
SP1;30/09/07;Getafe;Real Madrid;0;1;A;0;0;D;26;14;6;5;18;22;10;2;2;3;0;0;5.0;3.6;1.72;4.8;3.4;1.7;1.86;1.89;1.99;1.77
SP1;30/09/07;Recreativo;Valencia;0;1;A;0;1;A;10;5;2;1;19;25;3;4;6;6;1;0;3.0;3.25;2.4;2.99;3.16;2.28;2.06;1.7;2.16;1.67
SP1;30/09/07;Valladolid;Murcia;1;4;A;0;1;A;7;19;2;8;20;17;2;8;1;2;2;0;1.72;3.5;5.0;1.81;3.27;4.29;2.11;1.65;1.83;2.03
SP1;30/09/07;Villarreal;Ath Bilbao;1;0;H;0;0;D;17;12;7;5;18;15;4;8;4;1;0;0;1.61;3.6;6.0;1.62;3.46;5.43;2.04;1.7;1.89;1.99
SP1;06/10/07;Valencia;Espanol;1;2;A;1;1;D;9;14;3;6;14;20;3;8;1;4;0;0;1.57;3.75;6.25;1.55;3.6;6.07;1.95;1.8;2.09;1.78
SP1;07/10/07;Ath Bilbao;Almeria;1;1;D;1;0;H;5;16;1;6;20;25;5;5;4;3;1;0;2.0;3.3;3.8;1.94;3.21;3.79;2.11;1.65;2.0;1.88
SP1;07/10/07;Barcelona;Ath Madrid;3;0;H;2;0;H;17;8;10;3;11;16;5;5;1;4;0;0;1.44;4.2;7.5;1.48;3.73;6.79;1.74;2.01;1.85;2.02
SP1;07/10/07;Mallorca;Getafe;4;2;H;0;1;A;11;16;5;6;22;18;2;5;4;2;1;0;2.1;3.2;3.6;2.01;3.2;3.58;2.08;1.69;1.91;1.97
SP1;07/10/07;Murcia;Betis;0;0;D;0;0;D;14;10;5;2;15;23;9;3;0;4;0;0;2.4;3.25;2.9;2.33;3.14;2.92;2.11;1.64;1.71;2.12
SP1;07/10/07;Osasuna;Villarreal;3;2;H;2;2;D;10;7;3;3;21;14;6;7;1;4;2;0;2.8;3.25;2.5;2.78;3.17;2.42;2.12;1.64;2.07;1.76
SP1;07/10/07;Real Madrid;Recreativo;2;0;H;0;0;D;13;14;4;3;9;23;4;7;1;7;0;0;1.25;5.5;12.0;1.27;4.94;10.08;1.66;2.09;1.98;1.89
SP1;07/10/07;Santander;Valladolid;2;0;H;0;0;D;7;12;5;4;17;21;2;5;3;2;0;1;2.1;3.3;3.5;2.0;3.21;3.59;2.07;1.67;1.87;2.02
SP1;07/10/07;Sevilla;La Coruna;0;1;A;0;0;D;13;11;4;3;21;16;7;4;4;2;0;0;1.44;4.2;7.5;1.42;3.92;7.55;1.81;1.93;1.87;1.99
SP1;07/10/07;Zaragoza;Levante;3;0;H;0;0;D;18;6;6;3;16;10;8;2;1;2;0;0;1.44;4.2;7.5;1.46;3.82;6.97;1.94;1.81;1.78;2.09
SP1;20/10/07;Espanol;Real Madrid;2;1;H;1;0;H;16;9;5;4;29;16;6;2;2;3;0;0;3.6;3.3;2.05;3.65;3.26;1.97;1.85;1.89;1.79;2.06
SP1;20/10/07;La Coruna;Valencia;2;4;A;1;3;A;18;6;3;6;14;22;6;2;2;0;0;1;3.1;3.25;2.3;3.03;3.18;2.25;2.11;1.65;1.88;1.99
SP1;20/10/07;Levante;Sevilla;0;2;A;0;2;A;5;15;1;7;18;14;5;3;3;2;0;0;5.75;3.7;1.61;5.45;3.49;1.61;1.96;1.79;1.76;2.1
SP1;20/10/07;Villarreal;Barcelona;3;1;H;3;1;H;8;13;4;6;13;21;0;9;1;3;0;0;4.2;3.5;1.85;4.0;3.3;1.86;1.76;1.98;2.0;1.86
SP1;21/10/07;Almeria;Osasuna;2;0;H;0;0;D;13;10;5;3;17;11;6;5;2;2;0;1;2.37;3.25;3.0;2.31;3.17;2.92;2.09;1.66;2.0;1.87
SP1;21/10/07;Ath Madrid;Zaragoza;4;0;H;2;0;H;17;10;8;3;14;15;3;6;3;5;0;0;1.9;3.4;4.0;1.89;3.26;3.95;2.02;1.73;2.0;1.85
SP1;21/10/07;Betis;Santander;1;1;D;0;0;D;12;25;1;5;12;11;6;5;3;3;1;0;2.0;3.3;3.75;2.09;3.19;3.34;2.15;1.62;2.1;1.75
SP1;21/10/07;Getafe;Murcia;2;0;H;0;0;D;6;7;2;2;18;21;5;6;2;3;1;0;2.0;3.3;3.75;2.03;3.21;3.5;2.13;1.63;2.02;1.83
SP1;21/10/07;Recreativo;Mallorca;0;2;A;0;1;A;18;11;4;4;19;21;7;2;2;0;0;0;2.37;3.25;3.0;2.3;3.17;2.94;2.07;1.67;2.08;1.79
SP1;21/10/07;Valladolid;Ath Bilbao;1;2;A;0;2;A;21;7;7;2;12;21;13;3;1;5;0;0;2.25;3.25;3.2;2.22;3.19;3.06;2.08;1.67;1.94;1.93
SP1;27/10/07;Ath Bilbao;Betis;0;0;D;0;0;D;17;6;4;4;17;19;11;2;5;4;0;0;2.1;3.25;3.6;2.06;3.2;3.45;2.18;1.6;1.83;2.04
SP1;27/10/07;Mallorca;Espanol;2;2;D;1;2;A;16;8;6;1;19;26;8;1;6;2;1;1;2.3;3.25;3.1;2.24;3.17;3.06;1.95;1.8;2.0;1.88
SP1;27/10/07;Real Madrid;La Coruna;3;1;H;1;1;D;20;11;10;2;17;14;4;5;4;3;0;1;1.3;5.0;11.0;1.29;4.68;9.73;1.68;2.07;2.07;1.8
SP1;28/10/07;Barcelona;Almeria;2;0;H;1;0;H;14;7;6;3;16;12;11;0;2;3;0;0;1.18;6.5;15.0;1.19;5.82;13.51;1.52;2.36;2.0;1.88
SP1;28/10/07;Levante;Ath Madrid;0;1;A;0;1;A;7;13;2;5;15;12;10;6;3;1;0;0;5.0;3.8;1.66;5.08;3.41;1.66;1.94;1.81;1.96;1.9
SP1;28/10/07;Murcia;Recreativo;1;0;H;0;0;D;9;8;1;2;16;20;3;6;3;3;0;0;2.3;3.25;3.1;2.17;3.17;3.2;2.12;1.64;1.94;1.92
SP1;28/10/07;Osasuna;Valladolid;2;2;D;0;1;A;12;13;3;4;22;18;5;5;4;3;1;0;1.8;3.6;4.2;1.79;3.32;4.34;1.99;1.75;1.85;2.02
SP1;28/10/07;Santander;Getafe;2;0;H;1;0;H;16;14;5;2;22;13;1;7;2;1;0;0;2.1;3.25;3.6;2.03;3.18;3.55;2.15;1.62;1.91;1.96
SP1;28/10/07;Sevilla;Valencia;3;0;H;1;0;H;18;2;5;0;18;23;6;2;3;6;0;0;2.3;3.25;3.1;2.21;3.16;3.12;1.95;1.8;1.87;2.0
SP1;28/10/07;Zaragoza;Villarreal;4;1;H;1;0;H;15;11;6;4;23;5;3;5;2;0;1;0;2.4;3.3;2.87;2.36;3.16;2.86;1.98;1.77;1.71;2.13
SP1;31/10/07;Almeria;Zaragoza;0;1;A;0;0;D;19;14;6;4;10;12;10;5;1;4;0;0;2.7;3.3;2.6;2.63;3.15;2.55;2.03;1.73;1.91;1.9
SP1;31/10/07;Ath Madrid;Sevilla;4;3;H;2;2;D;9;11;8;3;22;21;0;8;3;3;0;0;2.3;3.3;3.1;2.23;3.16;3.05;1.94;1.82;1.98;1.89
SP1;31/10/07;Betis;Osasuna;0;3;A;0;1;A;13;13;2;4;20;9;5;3;3;1;1;0;2.05;3.3;3.6;2.08;3.16;3.4;2.18;1.61;1.85;2.03
SP1;31/10/07;Getafe;Ath Bilbao;2;0;H;2;0;H;17;8;6;4;19;16;8;6;2;2;0;1;2.15;3.2;3.5;2.13;3.15;3.28;2.2;1.6;1.9;1.97
SP1;31/10/07;La Coruna;Mallorca;1;1;D;1;1;D;15;8;7;2;14;20;7;1;2;6;0;1;2.37;3.25;3.0;2.32;3.15;2.91;2.16;1.63;1.7;2.12
SP1;31/10/07;Recreativo;Santander;0;0;D;0;0;D;13;10;6;2;23;12;5;9;5;4;0;0;2.3;3.2;3.1;2.23;3.14;3.06;2.17;1.61;1.97;1.91
SP1;31/10/07;Valencia;Real Madrid;1;5;A;0;4;A;9;14;7;7;20;11;9;3;1;1;1;0;2.6;3.3;2.7;2.53;3.15;2.64;1.87;1.88;1.84;1.97
SP1;31/10/07;Villarreal;Levante;3;0;H;3;0;H;20;14;8;4;14;19;10;4;0;3;0;0;1.25;5.25;13.0;1.26;4.94;10.78;1.76;2.0;1.91;1.94
SP1;01/11/07;Espanol;Murcia;0;0;D;0;0;D;9;4;3;4;22;20;0;0;3;4;0;0;1.57;3.8;6.0;1.58;3.52;5.67;2.05;1.7;1.86;2.01
SP1;01/11/07;Valladolid;Barcelona;1;1;D;1;1;D;13;12;8;2;22;12;4;11;1;0;0;0;7.0;4.33;1.44;6.8;3.88;1.45;1.63;2.15;1.77;2.09
SP1;03/11/07;Mallorca;Valencia;0;2;A;0;1;A;17;8;7;4;10;14;9;2;4;3;0;0;2.6;3.25;2.7;2.54;3.15;2.63;2.01;1.73;1.85;1.97
SP1;03/11/07;Sevilla;Real Madrid;2;0;H;2;0;H;16;5;5;1;26;16;3;6;4;5;0;1;2.8;3.25;2.5;2.65;3.17;2.52;1.74;2.02;1.95;1.86
SP1;04/11/07;Ath Bilbao;Recreativo;2;0;H;0;0;D;14;12;5;2;15;27;2;8;3;4;0;0;2.0;3.3;3.8;1.97;3.21;3.67;2.21;1.59;2.04;1.83
SP1;04/11/07;Ath Madrid;Villarreal;3;4;A;2;2;D;13;9;6;4;18;21;7;4;5;1;0;0;2.05;3.3;3.6;2.03;3.22;3.48;1.94;1.81;2.07;1.77
SP1;04/11/07;Barcelona;Betis;3;0;H;1;0;H;19;6;7;2;6;23;6;4;0;3;0;0;1.2;6.0;15.0;1.21;5.54;12.4;1.59;2.22;1.94;1.93
SP1;04/11/07;Levante;Almeria;3;0;H;3;0;H;11;21;5;6;14;17;6;11;2;1;0;0;2.62;3.25;2.62;2.64;3.15;2.54;2.13;1.64;1.98;1.84
SP1;04/11/07;Murcia;La Coruna;0;2;A;0;0;D;12;12;5;3;12;16;5;7;0;2;0;0;2.25;3.2;3.25;2.21;3.18;3.1;2.19;1.6;1.95;1.92
SP1;04/11/07;Osasuna;Getafe;0;2;A;0;0;D;11;14;4;4;19;13;5;5;5;1;1;0;1.95;3.3;4.0;1.95;3.21;3.76;2.06;1.69;1.83;2.05
SP1;04/11/07;Santander;Espanol;1;1;D;0;0;D;18;9;6;4;25;18;5;1;3;1;0;1;2.4;3.25;2.9;2.37;3.15;2.86;2.11;1.67;1.73;2.09
SP1;04/11/07;Zaragoza;Valladolid;2;3;A;1;3;A;15;13;7;6;16;21;1;9;4;5;0;0;1.57;3.6;6.5;1.57;3.48;6.01;1.9;1.84;1.83;2.05
SP1;10/11/07;Getafe;Barcelona;2;0;H;1;0;H;13;10;5;2;19;13;3;4;2;4;0;1;6.0;3.75;1.57;5.82;3.52;1.57;1.68;2.05;1.83;2.04
SP1;10/11/07;Valencia;Murcia;3;0;H;2;0;H;13;13;5;2;26;21;5;5;4;4;0;0;1.44;4.2;7.5;1.44;3.83;7.24;1.79;1.95;1.9;1.95
SP1;11/11/07;Almeria;Ath Madrid;0;0;D;0;0;D;12;13;7;1;25;13;8;6;4;3;0;0;3.75;3.3;2.0;3.59;3.21;2.0;1.95;1.79;1.79;2.08
SP1;11/11/07;Betis;Zaragoza;2;1;H;0;1;A;15;8;5;3;21;18;5;3;2;2;0;0;2.62;3.3;2.62;2.65;3.14;2.54;1.98;1.76;1.99;1.84
SP1;11/11/07;Espanol;Ath Bilbao;2;1;H;1;1;D;14;6;5;1;19;27;9;3;4;2;1;0;1.75;3.4;5.0;1.75;3.27;4.62;2.0;1.76;1.85;2.02
SP1;11/11/07;La Coruna;Santander;0;1;A;0;0;D;21;6;5;3;9;15;10;3;0;3;1;0;2.3;3.3;3.1;2.21;3.15;3.13;2.16;1.62;1.99;1.89
SP1;11/11/07;Real Madrid;Mallorca;4;3;H;2;2;D;15;9;5;4;19;12;2;5;2;1;0;0;1.33;5.0;9.0;1.32;4.46;8.81;1.61;2.18;1.92;1.95
SP1;11/11/07;Recreativo;Osasuna;1;0;H;0;0;D;9;10;4;3;25;18;4;6;5;4;1;0;2.37;3.3;3.0;2.3;3.15;2.96;2.11;1.65;2.05;1.83
SP1;11/11/07;Valladolid;Levante;1;0;H;0;0;D;13;8;6;1;11;15;8;8;2;1;0;0;1.72;3.5;5.0;1.68;3.4;4.98;1.87;1.87;2.04;1.84
SP1;11/11/07;Villarreal;Sevilla;3;2;H;1;1;D;13;7;7;3;19;28;5;3;3;5;0;1;2.3;3.3;3.1;2.27;3.18;2.99;1.82;1.93;2.05;1.83
SP1;24/11/07;Barcelona;Recreativo;3;0;H;0;0;D;19;4;7;0;13;13;13;2;2;4;0;0;1.16;7.0;15.0;1.17;6.18;13.92;1.6;2.18;2.02;1.84
SP1;24/11/07;Murcia;Real Madrid;1;1;D;0;1;A;15;7;3;2;26;16;4;1;6;2;0;1;6.0;3.6;1.61;6.06;3.54;1.56;1.79;1.94;2.11;1.78
SP1;24/11/07;Sevilla;Mallorca;1;2;A;0;2;A;12;6;5;3;30;22;8;1;3;4;0;1;1.61;3.5;6.25;1.59;3.46;5.77;1.69;2.05;1.89;1.99
SP1;25/11/07;Ath Bilbao;La Coruna;2;2;D;1;0;H;11;7;3;2;24;23;4;2;3;5;0;0;2.15;3.3;3.4;2.09;3.17;3.36;2.22;1.58;1.88;1.99
SP1;25/11/07;Ath Madrid;Valladolid;4;3;H;1;1;D;16;11;10;5;14;21;6;7;3;4;1;0;1.53;3.8;6.5;1.52;3.65;6.36;1.76;1.99;2.05;1.82
SP1;25/11/07;Levante;Betis;4;3;H;2;2;D;17;7;8;6;13;20;3;5;1;2;0;1;2.65;3.2;2.65;2.61;3.1;2.6;2.13;1.63;1.92;1.9
SP1;25/11/07;Osasuna;Espanol;1;2;A;0;2;A;12;13;4;6;16;15;6;1;1;3;0;0;2.45;3.25;2.87;2.39;3.13;2.84;2.05;1.7;1.71;2.11
SP1;25/11/07;Santander;Valencia;1;0;H;0;0;D;11;5;6;3;15;20;2;8;3;2;0;0;3.0;3.2;2.4;2.87;3.11;2.39;2.16;1.61;1.82;2.06
SP1;25/11/07;Villarreal;Almeria;1;1;D;1;0;H;9;7;3;2;25;25;7;3;5;4;0;0;1.4;4.5;8.0;1.38;4.19;7.82;1.74;1.99;1.86;2.02
SP1;25/11/07;Zaragoza;Getafe;1;1;D;0;0;D;15;19;2;9;19;19;8;7;3;1;0;0;1.95;3.3;4.0;1.91;3.22;3.91;1.88;1.85;2.04;1.84
SP1;01/12/07;Almeria;Sevilla;1;0;H;0;0;D;10;16;3;4;26;18;10;12;6;2;0;1;3.75;3.25;2.05;3.51;3.17;2.03;1.91;1.83;1.8;2.06
SP1;01/12/07;Espanol;Barcelona;1;1;D;0;1;A;12;16;2;7;17;16;4;7;2;1;0;0;3.8;3.3;2.0;3.52;3.2;2.02;1.8;1.93;1.8;2.08
SP1;01/12/07;Real Madrid;Santander;3;1;H;2;0;H;13;11;5;4;18;18;6;11;2;3;0;0;1.33;4.75;10.0;1.32;4.53;8.83;1.68;2.04;1.91;1.96
SP1;02/12/07;Betis;Ath Madrid;0;2;A;0;1;A;6;17;2;4;24;23;5;0;5;4;0;0;3.25;3.3;2.2;3.14;3.16;2.18;1.92;1.81;1.95;1.93
SP1;02/12/07;Getafe;Levante;2;1;H;0;1;A;23;8;4;4;16;18;12;2;4;5;0;0;1.53;3.75;7.0;1.51;3.62;6.55;1.93;1.81;1.99;1.87
SP1;02/12/07;La Coruna;Osasuna;1;2;A;0;0;D;16;11;6;5;22;16;4;5;0;2;0;0;2.2;3.25;3.3;2.19;3.16;3.12;2.11;1.64;1.93;1.94
SP1;02/12/07;Mallorca;Murcia;1;1;D;0;1;A;11;7;3;3;13;20;6;7;1;6;0;0;1.66;3.5;5.5;1.66;3.36;5.23;1.98;1.74;1.93;1.94
SP1;02/12/07;Recreativo;Zaragoza;2;1;H;2;1;H;11;13;5;4;23;17;3;9;2;3;0;0;2.5;3.25;2.8;2.46;3.14;2.72;2.01;1.73;1.83;1.99
SP1;02/12/07;Valencia;Ath Bilbao;0;3;A;0;1;A;14;12;1;4;19;18;7;3;3;4;0;0;1.61;3.6;6.0;1.57;3.47;5.88;1.93;1.8;1.83;2.04
SP1;02/12/07;Valladolid;Villarreal;2;0;H;1;0;H;8;6;4;2;16;10;4;5;1;2;0;0;3.1;3.3;2.3;3.0;3.17;2.25;1.82;1.92;1.85;2.02
SP1;05/12/07;Osasuna;Sevilla;1;1;D;1;0;H;10;14;3;5;21;14;7;6;3;2;0;0;2.9;3.3;2.37;2.84;3.19;2.36;1.95;1.79;2.12;1.68
SP1;08/12/07;Ath Bilbao;Real Madrid;0;1;A;0;0;D;18;15;4;5;14;21;5;0;2;2;0;0;4.0;3.4;1.9;4.1;3.26;1.85;1.84;1.9;1.91;1.96
SP1;08/12/07;Osasuna;Valencia;0;0;D;0;0;D;17;7;5;3;21;17;1;4;3;2;0;0;2.8;3.25;2.5;2.72;3.13;2.48;2.1;1.66;2.02;1.8
SP1;09/12/07;Almeria;Valladolid;1;0;H;0;0;D;13;15;3;4;23;19;3;7;3;2;0;1;2.4;3.3;3.0;2.26;3.17;3.0;2.03;1.72;2.07;1.8
SP1;09/12/07;Ath Madrid;Getafe;1;0;H;1;0;H;7;13;3;4;21;22;3;12;3;5;2;2;1.72;3.6;4.75;1.68;3.39;4.89;1.82;1.94;1.94;1.94
SP1;09/12/07;Barcelona;La Coruna;2;1;H;1;1;D;20;9;12;5;18;20;10;0;1;3;0;0;1.2;6.0;15.0;1.21;5.42;12.46;1.59;2.21;1.8;2.09
SP1;09/12/07;Levante;Recreativo;0;2;A;0;1;A;13;10;4;5;14;25;3;6;0;1;0;0;2.4;3.3;2.87;2.4;3.14;2.79;2.1;1.66;1.74;2.08
SP1;09/12/07;Santander;Mallorca;3;1;H;2;1;H;11;9;5;3;19;15;7;3;4;2;1;1;2.3;3.3;3.1;2.2;3.16;3.11;2.12;1.64;2.01;1.87
SP1;09/12/07;Sevilla;Murcia;3;1;H;1;0;H;17;12;7;1;26;25;9;7;2;3;0;0;1.44;4.2;7.5;1.45;3.83;7.02;1.84;1.91;2.07;1.8
SP1;09/12/07;Villarreal;Betis;0;1;A;0;1;A;19;2;8;1;11;26;6;1;2;2;0;0;1.53;4.0;6.0;1.49;3.73;6.54;1.87;1.88;2.05;1.8
SP1;09/12/07;Zaragoza;Espanol;3;3;D;1;3;A;23;9;6;4;20;26;10;1;4;3;1;0;2.3;3.3;3.1;2.29;3.17;2.94;1.88;1.87;1.99;1.88
SP1;15/12/07;Espanol;Levante;1;0;H;1;0;H;15;7;8;1;19;22;6;0;1;4;0;0;1.36;4.5;9.0;1.36;4.29;8.27;1.85;1.89;1.97;1.9
SP1;15/12/07;Valencia;Barcelona;0;3;A;0;2;A;11;16;2;11;18;15;3;6;3;1;0;0;3.5;3.3;2.1;3.44;3.22;2.04;1.89;1.85;1.83;2.05
SP1;16/12/07;Betis;Almeria;3;1;H;1;1;D;14;5;4;4;17;10;3;1;3;0;0;2;2.05;3.3;3.6;2.04;3.18;3.46;2.1;1.65;1.49;2.49
SP1;16/12/07;Getafe;Villarreal;1;3;A;0;1;A;8;13;4;7;11;8;4;3;1;3;0;1;2.5;3.3;2.75;2.49;3.12;2.7;2.03;1.71;1.8;2.0
SP1;16/12/07;La Coruna;Zaragoza;1;1;D;0;1;A;13;8;1;1;10;16;5;4;0;3;1;0;2.4;3.3;2.9;2.4;3.14;2.82;1.97;1.78;1.76;2.05
SP1;16/12/07;Mallorca;Ath Bilbao;0;0;D;0;0;D;18;12;5;4;13;16;8;5;1;5;1;0;2.05;3.3;3.6;2.0;3.21;3.56;2.04;1.7;1.44;2.6
SP1;16/12/07;Murcia;Santander;2;1;H;0;0;D;12;9;4;3;16;16;9;6;3;3;0;0;2.5;3.25;2.8;2.46;3.09;2.77;2.19;1.6;1.75;2.04
SP1;16/12/07;Real Madrid;Osasuna;2;0;H;1;0;H;16;11;5;4;24;13;3;6;2;0;0;0;1.28;5.25;11.0;1.29;4.7;9.45;1.64;2.13;1.83;2.05
SP1;16/12/07;Recreativo;Ath Madrid;0;0;D;0;0;D;11;15;3;6;18;20;9;5;3;4;0;0;2.9;3.3;2.4;2.97;3.15;2.28;2.0;1.72;2.15;1.65
SP1;16/12/07;Valladolid;Sevilla;0;0;D;0;0;D;13;8;4;2;17;16;8;3;3;2;0;2;2.9;3.3;2.4;2.83;3.16;2.37;1.87;1.87;2.09;1.69
SP1;22/12/07;Almeria;Getafe;0;2;A;0;1;A;6;7;2;3;29;15;2;2;4;3;1;0;2.4;3.3;2.9;2.34;3.13;2.9;2.14;1.62;1.7;2.09
SP1;22/12/07;Sevilla;Santander;4;1;H;1;0;H;17;8;7;6;17;19;5;4;4;3;0;1;1.61;3.6;5.75;1.62;3.44;5.47;1.91;1.83;1.81;2.05
SP1;22/12/07;Zaragoza;Valencia;2;2;D;2;0;H;10;14;4;6;21;27;1;6;4;5;0;0;2.1;3.3;3.5;2.12;3.17;3.25;2.01;1.72;1.52;2.39
SP1;23/12/07;Ath Bilbao;Murcia;1;1;D;1;0;H;14;19;4;4;20;21;4;3;4;3;1;0;1.95;3.3;4.0;1.93;3.21;3.72;1.93;1.8;2.03;1.83
SP1;23/12/07;Ath Madrid;Espanol;1;2;A;1;0;H;8;18;4;5;16;17;2;6;1;2;2;0;1.95;3.3;4.0;1.88;3.22;3.98;2.12;1.64;1.38;2.81
SP1;23/12/07;Barcelona;Real Madrid;0;1;A;0;1;A;16;11;6;5;19;23;7;0;2;1;0;0;2.0;3.4;3.7;2.02;3.2;3.56;1.71;2.03;1.44;2.59
SP1;23/12/07;Levante;La Coruna;0;1;A;0;0;D;10;13;4;3;19;10;7;9;0;2;0;0;2.8;3.25;2.5;2.74;3.13;2.45;2.09;1.66;1.97;1.81
SP1;23/12/07;Osasuna;Mallorca;3;1;H;1;0;H;11;11;5;2;25;18;3;3;4;5;0;0;2.2;3.3;3.25;2.14;3.15;3.24;2.04;1.7;1.46;2.21
SP1;23/12/07;Valladolid;Betis;0;0;D;0;0;D;8;6;2;3;16;27;9;4;3;5;0;0;2.2;3.3;3.25;2.11;3.16;3.3;2.09;1.66;1.48;2.46
SP1;23/12/07;Villarreal;Recreativo;1;1;D;1;1;D;16;8;7;4;18;19;7;6;3;3;0;0;1.53;3.8;6.5;1.53;3.56;6.28;1.93;1.8;1.16;4.54
SP1;05/01/08;Espanol;Villarreal;3;0;H;3;0;H;13;10;7;2;18;18;5;3;1;2;0;0;2.3;3.3;3.1;2.22;3.18;3.11;1.96;1.74;1.98;1.9
SP1;05/01/08;Mallorca;Barcelona;0;2;A;0;0;D;10;15;2;4;16;12;2;5;1;3;0;0;4.75;3.5;1.75;4.7;3.36;1.74;1.74;2.0;1.87;2.03
SP1;06/01/08;Getafe;Valladolid;0;3;A;0;0;D;11;13;5;4;11;18;8;7;2;1;0;0;1.95;3.4;3.9;1.91;3.23;3.8;2.08;1.67;1.94;1.83
SP1;06/01/08;La Coruna;Ath Madrid;0;3;A;0;1;A;10;9;4;4;17;27;3;3;2;1;0;0;2.87;3.3;2.4;3.03;3.16;2.28;2.09;1.66;1.89;2.0
SP1;06/01/08;Murcia;Osasuna;2;0;H;0;0;D;12;12;6;2;22;14;7;4;2;1;0;0;2.4;3.3;2.87;2.35;3.13;2.92;2.18;1.61;1.72;2.02
SP1;06/01/08;Real Madrid;Zaragoza;2;0;H;0;0;D;14;24;3;11;18;18;5;4;2;2;0;0;1.33;4.75;10.0;1.32;4.53;9.27;1.62;2.17;2.08;1.78
SP1;06/01/08;Recreativo;Almeria;1;1;D;1;1;D;18;11;9;4;11;24;10;4;2;4;0;0;2.15;3.3;3.4;2.08;3.18;3.36;2.17;1.61;1.89;1.99
SP1;06/01/08;Santander;Ath Bilbao;1;0;H;1;0;H;12;10;2;3;13;20;3;5;1;2;0;0;2.05;3.25;3.75;1.98;3.21;3.59;2.15;1.63;1.81;2.06
SP1;06/01/08;Sevilla;Betis;3;0;H;2;0;H;20;4;10;1;18;20;6;6;2;4;0;0;1.61;3.4;6.5;1.58;3.41;6.19;1.9;1.85;2.04;1.82
SP1;06/01/08;Valencia;Levante;0;0;D;0;0;D;15;8;7;2;17;29;13;5;1;3;1;0;1.33;4.75;9.5;1.37;4.19;8.37;1.89;1.86;1.91;1.97
SP1;12/01/08;Ath Bilbao;Sevilla;2;0;H;1;0;H;13;9;6;1;18;13;4;4;1;1;0;1;3.0;3.25;2.35;2.94;3.15;2.32;2.02;1.72;2.12;1.67
SP1;12/01/08;Barcelona;Murcia;4;0;H;1;0;H;18;9;10;3;13;9;4;5;3;1;0;0;1.18;6.0;19.0;1.18;6.01;13.93;1.57;2.26;2.08;1.77
SP1;13/01/08;Almeria;Espanol;1;0;H;0;0;D;17;8;4;2;24;18;10;6;3;4;0;0;3.2;3.25;2.25;3.14;3.19;2.19;2.05;1.69;2.3;1.56
SP1;13/01/08;Ath Madrid;Valencia;1;0;H;1;0;H;16;12;7;8;19;15;4;5;4;2;0;0;2.0;3.3;3.75;1.95;3.24;3.75;1.99;1.74;1.41;2.71
SP1;13/01/08;Betis;Getafe;3;2;H;2;0;H;8;23;3;10;33;17;3;8;2;3;0;0;2.35;3.25;3.0;2.26;3.18;3.01;2.11;1.65;1.66;2.15
SP1;13/01/08;Levante;Real Madrid;0;2;A;0;0;D;15;15;1;7;17;15;8;1;1;0;0;0;9.0;5.0;1.33;8.38;4.36;1.35;1.68;2.07;6.29;1.09
SP1;13/01/08;Osasuna;Santander;0;2;A;0;0;D;19;10;5;4;9;23;9;3;0;4;0;0;2.25;3.25;3.2;2.2;3.16;3.15;2.17;1.62;1.93;1.95
SP1;13/01/08;Valladolid;Recreativo;3;1;H;2;1;H;12;7;4;4;18;14;6;2;0;1;0;0;2.0;3.3;3.75;2.01;3.2;3.57;2.12;1.64;2.02;1.86
SP1;13/01/08;Villarreal;La Coruna;4;3;H;1;1;D;13;12;7;4;23;28;1;4;2;1;0;1;1.57;3.75;6.0;1.58;3.52;5.73;1.91;1.83;1.84;2.03
SP1;13/01/08;Zaragoza;Mallorca;2;2;D;2;1;H;13;12;7;5;20;13;9;5;2;4;0;0;1.95;3.4;3.8;1.92;3.26;3.81;1.88;1.86;1.93;1.95
SP1;19/01/08;Getafe;Sevilla;3;2;H;1;1;D;19;19;8;7;19;20;6;7;3;3;0;0;2.62;3.3;2.6;2.56;3.16;2.64;2.02;1.73;1.88;1.92
SP1;19/01/08;Villarreal;Valencia;3;0;H;1;0;H;12;5;7;2;14;21;4;5;1;2;0;0;2.0;3.3;3.75;2.07;3.2;3.43;2.01;1.74;1.86;2.02
SP1;20/01/08;Almeria;La Coruna;1;0;H;0;0;D;7;12;2;2;20;19;3;2;1;3;0;0;2.1;3.3;3.5;2.11;3.19;3.33;2.16;1.62;1.84;2.03
SP1;20/01/08;Ath Madrid;Real Madrid;0;2;A;0;2;A;19;8;6;5;24;15;7;5;5;4;0;0;2.75;3.3;2.5;2.72;3.17;2.49;1.84;1.89;1.97;1.84
SP1;20/01/08;Barcelona;Santander;1;0;H;1;0;H;12;9;2;1;10;19;5;2;1;2;0;0;1.28;5.25;11.0;1.27;4.8;10.63;1.64;2.12;1.78;2.08
SP1;20/01/08;Betis;Recreativo;1;1;D;0;0;D;12;13;4;4;22;13;4;7;2;1;0;0;2.1;3.3;3.5;2.07;3.17;3.44;2.1;1.65;1.83;2.04
SP1;20/01/08;Levante;Mallorca;2;2;D;1;1;D;10;13;6;4;13;16;4;6;3;1;0;0;3.2;3.25;2.25;3.12;3.17;2.21;1.99;1.73;2.0;1.88
SP1;20/01/08;Osasuna;Ath Bilbao;2;0;H;0;0;D;20;5;7;1;27;21;5;5;3;1;0;1;2.15;3.25;3.4;2.11;3.14;3.37;2.11;1.65;1.85;2.02
SP1;20/01/08;Valladolid;Espanol;2;1;H;2;0;H;8;15;5;6;20;23;5;8;1;3;0;0;2.4;3.25;2.9;2.47;3.15;2.73;2.01;1.72;1.78;2.03
SP1;20/01/08;Zaragoza;Murcia;3;1;H;1;0;H;13;11;7;3;24;18;5;9;2;0;0;0;1.72;3.5;5.0;1.73;3.31;4.82;1.88;1.85;1.98;1.9
SP1;26/01/08;Sevilla;Osasuna;2;1;H;0;0;D;18;6;8;4;14;22;9;5;4;5;0;2;1.57;3.75;6.0;1.53;3.63;6.31;1.83;1.91;1.99;1.88
SP1;27/01/08;Ath Bilbao;Barcelona;1;1;D;0;1;A;17;8;6;2;21;12;3;3;3;0;0;0;5.5;3.5;1.66;5.44;3.4;1.64;1.88;1.86;2.08;1.81
SP1;27/01/08;Espanol;Betis;1;2;A;0;1;A;15;18;5;5;14;22;6;5;1;0;0;0;1.9;3.2;4.5;1.84;3.23;4.31;2.03;1.72;1.97;1.92
SP1;27/01/08;La Coruna;Valladolid;3;1;H;1;0;H;12;12;8;6;21;12;3;6;2;0;0;1;2.5;3.3;2.75;2.46;3.16;2.74;2.03;1.7;1.84;1.96
SP1;27/01/08;Mallorca;Ath Madrid;1;0;H;1;0;H;10;9;5;2;24;19;7;6;2;3;0;1;2.62;3.2;2.7;2.54;3.16;2.64;2.04;1.7;1.82;1.98
SP1;27/01/08;Murcia;Levante;2;3;A;0;0;D;12;10;4;7;11;23;6;3;0;2;1;0;1.72;3.5;5.0;1.68;3.39;5.04;2.06;1.7;2.04;1.86
SP1;27/01/08;Real Madrid;Villarreal;3;2;H;1;1;D;18;15;12;4;13;19;9;12;1;2;0;0;1.5;4.0;7.0;1.44;3.92;7.22;1.66;2.1;1.8;2.07
SP1;27/01/08;Recreativo;Getafe;1;3;A;1;2;A;16;12;7;5;15;9;13;2;4;2;0;0;2.4;3.3;2.87;2.31;3.14;2.96;2.12;1.64;1.67;2.14
SP1;27/01/08;Santander;Zaragoza;2;2;D;1;0;H;11;6;3;4;16;14;6;3;1;3;0;0;2.25;3.3;3.1;2.21;3.18;3.1;1.98;1.77;1.62;2.23
SP1;27/01/08;Valencia;Almeria;0;1;A;0;1;A;9;4;4;1;23;17;6;3;3;4;0;0;1.61;3.6;6.0;1.62;3.45;5.46;1.96;1.77;1.81;2.06
SP1;02/02/08;Almeria;Real Madrid;2;0;H;1;0;H;11;16;4;7;19;16;6;8;3;4;0;0;5.0;3.75;1.66;5.42;3.44;1.63;1.95;1.79;1.97;1.91
SP1;02/02/08;Betis;La Coruna;0;1;A;0;1;A;12;11;0;5;18;12;7;6;3;4;0;0;2.05;3.25;3.75;2.05;3.2;3.48;2.03;1.71;1.85;2.03
SP1;03/02/08;Ath Madrid;Murcia;1;1;D;0;0;D;13;9;4;4;20;30;4;3;3;4;0;0;1.5;4.0;7.0;1.44;3.88;7.21;1.84;1.9;1.83;2.07
SP1;03/02/08;Barcelona;Osasuna;1;0;H;0;0;D;17;9;6;3;18;17;10;1;0;3;0;0;1.22;5.5;15.0;1.21;5.55;12.16;1.64;2.12;1.95;1.93
SP1;03/02/08;Getafe;Espanol;0;1;A;0;1;A;20;6;5;3;14;15;8;3;1;4;0;0;2.1;3.3;3.5;2.12;3.19;3.28;1.98;1.76;1.88;2.0
SP1;03/02/08;Levante;Santander;1;1;D;0;0;D;8;12;2;5;21;18;6;6;3;2;0;0;3.25;3.3;2.2;3.23;3.19;2.15;2.08;1.67;1.95;1.93
SP1;03/02/08;Recreativo;Sevilla;1;2;A;0;1;A;14;15;3;7;25;16;5;3;4;2;1;1;3.25;3.3;2.2;3.19;3.17;2.17;2.02;1.73;1.98;1.91
SP1;03/02/08;Valladolid;Valencia;0;2;A;0;0;D;15;5;6;2;17;22;7;1;1;3;0;0;2.25;3.3;3.2;2.29;3.16;2.97;2.0;1.75;2.04;1.84
SP1;03/02/08;Villarreal;Mallorca;1;1;D;1;1;D;13;11;5;3;13;20;1;7;0;4;0;0;1.75;3.3;5.5;1.72;3.29;4.92;1.83;1.91;1.79;2.1
SP1;03/02/08;Zaragoza;Ath Bilbao;1;0;H;1;0;H;12;12;3;4;21;16;5;2;2;4;0;1;1.83;3.4;4.5;1.8;3.27;4.38;1.91;1.83;1.79;2.05
SP1;09/02/08;La Coruna;Getafe;1;1;D;1;0;H;6;12;0;3;19;15;6;4;2;1;0;0;2.37;3.25;3.0;2.33;3.15;2.91;2.08;1.67;2.08;1.81
SP1;09/02/08;Murcia;Villarreal;0;1;A;0;0;D;8;8;2;1;13;22;6;3;2;4;0;0;3.1;3.3;2.3;3.05;3.17;2.25;2.0;1.73;1.89;2.0
SP1;09/02/08;Sevilla;Barcelona;1;1;D;1;0;H;19;13;6;5;20;14;2;2;3;4;1;0;2.8;3.25;2.5;2.72;3.14;2.5;1.81;1.93;1.97;1.86
SP1;10/02/08;Ath Bilbao;Levante;1;0;H;0;0;D;12;11;4;4;16;17;4;5;1;3;0;0;1.72;3.5;5.0;1.67;3.39;5.11;2.02;1.72;1.99;1.9
SP1;10/02/08;Espanol;Recreativo;1;2;A;1;2;A;10;22;3;3;17;18;3;4;4;4;0;0;1.61;3.6;6.0;1.59;3.48;5.84;2.0;1.75;1.84;2.04
SP1;10/02/08;Mallorca;Almeria;0;0;D;0;0;D;11;9;4;0;23;24;10;4;2;2;0;0;2.0;3.3;3.8;2.03;3.18;3.56;2.08;1.67;2.08;1.81
SP1;10/02/08;Osasuna;Zaragoza;1;0;H;1;0;H;14;7;5;3;22;17;11;1;5;2;0;0;2.37;3.25;3.0;2.32;3.1;2.94;1.99;1.75;2.08;1.81
SP1;10/02/08;Real Madrid;Valladolid;7;0;H;5;0;H;16;15;9;7;10;11;4;10;1;1;0;0;1.3;5.0;10.0;1.27;4.94;10.37;1.62;2.15;2.07;1.77
SP1;10/02/08;Santander;Ath Madrid;0;2;A;0;0;D;11;17;4;12;19;11;9;4;0;2;0;0;2.5;3.25;2.8;2.4;3.16;2.81;2.09;1.67;1.77;2.06
SP1;10/02/08;Valencia;Betis;3;1;H;2;0;H;12;12;6;4;14;21;8;3;3;5;0;0;1.72;3.5;5.0;1.73;3.31;4.81;2.08;1.67;2.03;1.86
SP1;16/02/08;Betis;Real Madrid;2;1;H;2;1;H;14;8;4;2;21;19;2;11;3;5;0;0;4.75;3.5;1.8;4.84;3.34;1.72;1.9;1.85;2.06;1.85
SP1;16/02/08;Espanol;Sevilla;2;4;A;1;2;A;15;10;8;6;25;16;10;3;3;3;1;0;2.5;3.3;2.75;2.53;3.17;2.66;1.98;1.77;1.9;1.92
SP1;16/02/08;Zaragoza;Barcelona;1;2;A;0;1;A;13;12;3;5;22;17;2;3;4;2;0;0;3.75;3.3;2.0;3.59;3.21;2.02;1.9;1.85;2.1;1.79
SP1;17/02/08;Almeria;Murcia;1;0;H;1;0;H;10;12;3;3;33;17;6;7;6;4;0;0;1.9;3.4;4.0;1.83;3.26;4.25;2.18;1.62;1.91;1.98
SP1;17/02/08;Ath Madrid;Ath Bilbao;1;2;A;1;2;A;14;13;3;5;18;22;2;5;4;2;1;0;1.61;3.75;5.5;1.6;3.52;5.69;1.96;1.79;1.84;2.05
SP1;17/02/08;Getafe;Valencia;0;0;D;0;0;D;16;7;4;2;14;19;3;2;3;3;0;1;2.4;3.4;2.8;2.48;3.16;2.73;2.03;1.71;1.81;2.01
SP1;17/02/08;Levante;Osasuna;2;1;H;0;1;A;10;15;4;5;26;24;6;3;4;3;0;0;2.87;3.4;2.37;2.87;3.19;2.35;2.08;1.67;1.88;2.01
SP1;17/02/08;Recreativo;La Coruna;3;2;H;0;1;A;10;14;4;4;22;23;7;2;4;3;1;0;2.3;3.25;3.1;2.24;3.14;3.08;2.14;1.64;1.94;1.94
SP1;17/02/08;Valladolid;Mallorca;1;1;D;1;0;H;16;11;6;6;17;14;6;6;1;1;0;1;2.25;3.25;3.2;2.2;3.16;3.17;1.95;1.8;1.93;1.96
SP1;17/02/08;Villarreal;Santander;0;0;D;0;0;D;12;18;1;1;12;15;9;7;1;3;0;0;1.83;3.5;4.33;1.82;3.26;4.32;1.96;1.77;1.89;1.99
SP1;23/02/08;Sevilla;Zaragoza;5;0;H;3;0;H;20;6;8;1;12;17;7;3;0;4;0;1;1.7;3.5;5.25;1.72;3.4;4.79;1.8;1.94;1.8;2.05
SP1;23/02/08;Valencia;Recreativo;1;1;D;1;0;H;23;7;11;4;13;23;7;3;1;6;0;0;1.75;3.4;5.25;1.7;3.39;4.98;2.02;1.72;1.81;2.06
SP1;24/02/08;Ath Bilbao;Villarreal;1;2;A;1;0;H;11;14;2;3;25;8;4;3;5;2;0;0;2.5;3.25;2.8;2.5;3.15;2.7;2.1;1.66;1.82;2.0
SP1;24/02/08;Barcelona;Levante;5;1;H;2;1;H;21;8;8;4;11;8;8;4;0;0;0;0;1.12;8.0;21.0;1.13;6.93;17.55;1.51;2.39;2.06;1.84
SP1;24/02/08;La Coruna;Espanol;2;0;H;2;0;H;16;11;9;2;17;14;8;1;3;1;0;0;2.4;3.3;2.87;2.48;3.14;2.72;2.1;1.66;1.79;2.04
SP1;24/02/08;Mallorca;Betis;1;1;D;0;0;D;19;9;4;2;16;16;3;3;1;4;0;0;2.0;3.3;3.75;2.0;3.21;3.6;2.07;1.68;2.07;1.78
SP1;24/02/08;Murcia;Valladolid;0;1;A;0;1;A;7;9;1;2;25;20;8;1;2;1;0;0;2.37;3.25;3.0;2.32;3.16;2.93;2.06;1.69;1.69;2.11
SP1;24/02/08;Osasuna;Ath Madrid;3;1;H;2;1;H;18;7;10;2;23;22;5;2;1;3;0;0;2.4;3.1;3.1;2.37;3.16;2.86;2.11;1.66;1.67;2.15
SP1;24/02/08;Real Madrid;Getafe;0;1;A;0;0;D;20;10;4;4;14;18;5;4;3;3;0;0;1.33;4.5;11.0;1.33;4.4;9.35;1.8;1.95;2.06;1.83
SP1;24/02/08;Santander;Almeria;1;0;H;0;0;D;16;4;6;0;11;21;10;5;1;1;0;2;2.1;3.25;3.5;2.07;3.16;3.46;2.26;1.57;1.85;2.04
SP1;01/03/08;Ath Madrid;Barcelona;4;2;H;2;1;H;8;17;6;5;15;16;0;5;4;4;0;0;3.75;3.4;2.0;3.63;3.29;1.97;1.86;1.87;1.87;2.0
SP1;01/03/08;Espanol;Valencia;2;0;H;1;0;H;17;10;4;6;19;17;3;6;2;6;0;1;2.4;3.3;2.87;2.38;3.18;2.84;2.07;1.68;1.76;2.06
SP1;01/03/08;La Coruna;Sevilla;2;1;H;1;1;D;11;13;4;3;14;19;5;10;2;3;0;0;2.9;3.4;2.35;2.96;3.21;2.3;1.94;1.81;2.12;1.7
SP1;01/03/08;Recreativo;Real Madrid;2;3;A;1;1;D;12;9;7;5;15;17;8;5;3;2;2;1;4.33;3.4;1.83;4.14;3.29;1.86;1.95;1.78;1.92;1.94
SP1;02/03/08;Almeria;Ath Bilbao;1;1;D;0;0;D;12;14;2;6;25;21;8;7;4;7;0;0;2.2;3.25;3.25;2.13;3.17;3.32;2.32;1.54;1.96;1.92
SP1;02/03/08;Betis;Murcia;4;0;H;2;0;H;16;13;9;6;16;12;8;3;1;2;0;0;1.83;3.4;4.5;1.79;3.3;4.43;2.12;1.65;1.83;2.05
SP1;02/03/08;Getafe;Mallorca;3;3;D;2;1;H;13;11;6;8;25;20;2;5;2;0;0;1;2.05;3.4;3.5;2.06;3.21;3.44;2.02;1.73;2.13;1.76
SP1;02/03/08;Levante;Zaragoza;2;1;H;1;0;H;9;8;5;2;17;17;5;4;1;2;0;0;3.2;3.3;2.2;3.09;3.21;2.2;1.91;1.84;2.02;1.87
SP1;02/03/08;Valladolid;Santander;0;1;A;0;0;D;9;11;2;4;18;15;3;8;2;1;0;0;2.3;3.25;3.1;2.31;3.16;2.97;2.14;1.63;1.98;1.9
SP1;02/03/08;Villarreal;Osasuna;0;0;D;0;0;D;14;11;2;1;17;20;8;4;3;4;0;0;1.7;3.6;5.0;1.67;3.44;5.05;1.97;1.78;2.01;1.87
SP1;08/03/08;Real Madrid;Espanol;2;1;H;1;1;D;19;9;7;2;12;25;3;7;1;5;0;1;1.5;3.75;7.5;1.5;3.7;6.75;1.74;1.99;2.02;1.84
SP1;08/03/08;Zaragoza;Ath Madrid;2;1;H;1;1;D;13;11;3;8;20;17;3;3;3;3;0;0;2.6;3.25;2.65;2.57;3.17;2.63;1.85;1.89;1.87;1.94
SP1;09/03/08;Ath Bilbao;Valladolid;2;0;H;1;0;H;9;22;5;2;22;21;3;10;3;2;0;1;2.1;3.3;3.5;2.06;3.19;3.45;2.14;1.64;1.84;2.05
SP1;09/03/08;Barcelona;Villarreal;1;2;A;0;1;A;9;8;4;4;22;18;10;2;5;4;0;0;1.5;4.2;6.0;1.45;3.93;7.17;1.68;2.07;1.86;2.0
SP1;09/03/08;Mallorca;Recreativo;7;1;H;5;1;H;19;12;11;3;13;13;7;3;1;1;0;0;2.0;3.3;3.75;1.94;3.23;3.83;2.09;1.67;1.96;1.91
SP1;09/03/08;Murcia;Getafe;0;3;A;0;0;D;8;5;3;3;18;13;6;1;4;1;0;0;2.75;3.25;2.5;2.69;3.13;2.52;2.16;1.62;1.97;1.85
SP1;09/03/08;Osasuna;Almeria;2;1;H;2;1;H;11;12;4;3;17;23;11;7;4;4;0;0;2.1;3.3;3.5;2.07;3.18;3.45;2.24;1.58;1.81;2.07
SP1;09/03/08;Santander;Betis;3;0;H;0;0;D;27;9;10;4;18;18;4;6;0;2;0;1;2.0;3.3;3.75;1.98;3.22;3.68;2.22;1.59;2.06;1.83
SP1;09/03/08;Sevilla;Levante;2;1;H;1;1;D;20;9;10;4;16;15;10;2;3;5;0;0;1.22;6.0;13.0;1.24;5.15;11.48;1.61;2.17;1.79;2.08
SP1;09/03/08;Valencia;La Coruna;2;2;D;2;2;D;10;18;4;5;15;13;4;7;1;2;0;0;1.8;3.5;4.5;1.77;3.35;4.48;2.07;1.69;1.83;2.05
SP1;15/03/08;Betis;Ath Bilbao;1;2;A;1;1;D;17;10;7;3;17;11;2;2;2;1;0;0;2.25;3.25;3.2;2.14;3.16;3.29;2.16;1.62;1.56;2.35
SP1;15/03/08;La Coruna;Real Madrid;1;0;H;0;0;D;6;9;2;0;15;9;3;4;3;2;0;0;3.75;3.3;2.0;3.6;3.23;2.01;1.93;1.81;2.04;1.83
SP1;15/03/08;Recreativo;Murcia;4;2;H;1;1;D;16;10;10;4;29;22;3;3;4;5;0;1;1.9;3.4;4.0;1.91;3.24;3.93;2.13;1.64;1.96;1.93
SP1;15/03/08;Valencia;Sevilla;1;2;A;0;2;A;16;14;3;4;20;14;10;3;2;3;0;0;2.5;3.3;2.75;2.5;3.17;2.71;1.93;1.82;1.84;1.96
SP1;16/03/08;Almeria;Barcelona;2;2;D;1;1;D;18;8;5;5;15;12;8;5;0;3;0;1;4.75;3.5;1.75;4.59;3.36;1.76;1.98;1.76;2.03;1.86
SP1;16/03/08;Ath Madrid;Levante;3;0;H;2;0;H;18;16;7;9;12;14;6;8;0;2;0;0;1.28;5.25;11.0;1.29;4.82;9.95;1.65;2.12;1.94;1.92
SP1;16/03/08;Espanol;Mallorca;2;1;H;0;1;A;9;15;6;4;20;15;2;15;0;3;0;1;2.1;3.25;3.6;2.08;3.19;3.43;1.91;1.83;1.92;1.95
SP1;16/03/08;Getafe;Santander;2;1;H;0;0;D;15;8;7;3;15;18;10;7;5;3;1;2;2.2;3.2;3.4;2.18;3.16;3.2;2.18;1.61;2.01;1.87
SP1;16/03/08;Valladolid;Osasuna;0;0;D;0;0;D;11;10;2;1;24;16;7;4;1;1;0;0;2.1;3.3;3.5;2.2;3.17;3.14;2.13;1.65;1.57;2.26
SP1;16/03/08;Villarreal;Zaragoza;2;0;H;1;0;H;7;18;4;5;17;21;1;14;0;3;0;0;1.72;3.6;4.75;1.69;3.42;4.88;1.85;1.89;1.98;1.9
SP1;22/03/08;Mallorca;La Coruna;1;0;H;1;0;H;10;7;6;1;18;16;5;6;2;2;0;1;2.2;3.3;3.25;2.16;3.19;3.24;2.04;1.7;1.93;1.95
SP1;22/03/08;Sevilla;Ath Madrid;1;2;A;0;1;A;11;10;2;2;17;16;5;3;3;4;1;0;1.85;3.6;4.0;1.87;3.32;4.03;1.71;2.03;1.91;1.96
SP1;23/03/08;Ath Bilbao;Getafe;1;0;H;1;0;H;16;10;7;1;26;14;5;9;3;4;0;0;2.2;3.3;3.25;2.19;3.19;3.18;2.13;1.63;1.91;1.97
SP1;23/03/08;Barcelona;Valladolid;4;1;H;1;1;D;18;11;11;2;12;18;4;4;1;1;0;0;1.22;6.0;12.0;1.23;5.36;11.57;1.66;2.09;1.86;2.0
SP1;23/03/08;Levante;Villarreal;1;2;A;0;1;A;14;10;2;3;16;13;4;2;0;2;0;0;4.75;3.6;1.72;4.63;3.37;1.74;2.0;1.73;1.87;2.02
SP1;23/03/08;Murcia;Espanol;4;0;H;1;0;H;15;8;6;1;17;15;5;2;3;1;0;0;3.1;3.25;2.3;3.03;3.17;2.26;2.1;1.66;1.94;1.95
SP1;23/03/08;Osasuna;Betis;0;1;A;0;0;D;19;7;6;3;17;17;6;2;1;3;1;0;2.05;3.3;3.6;2.03;3.19;3.55;2.11;1.65;1.82;2.07
SP1;23/03/08;Real Madrid;Valencia;2;3;A;1;1;D;27;13;13;6;15;17;5;3;3;1;0;0;1.5;3.8;7.25;1.51;3.71;6.61;1.82;1.92;1.97;1.89
SP1;23/03/08;Santander;Recreativo;2;0;H;0;0;D;14;7;3;2;13;23;5;7;1;3;0;1;1.9;3.4;4.0;1.88;3.27;4.01;2.09;1.67;1.97;1.9
SP1;23/03/08;Zaragoza;Almeria;1;1;D;0;0;D;11;7;3;4;16;22;10;4;1;3;1;0;1.8;3.6;4.33;1.81;3.33;4.23;2.01;1.69;1.82;2.05
SP1;29/03/08;Betis;Barcelona;3;2;H;0;2;A;13;13;8;5;18;12;3;3;2;0;0;0;4.75;3.6;1.72;4.8;3.43;1.71;1.89;1.85;1.91;1.98
SP1;29/03/08;Villarreal;Ath Madrid;3;0;H;2;0;H;12;6;6;1;20;13;6;5;2;1;0;0;2.0;3.4;3.75;2.09;3.24;3.38;1.94;1.8;1.52;2.43
SP1;30/03/08;Almeria;Levante;2;1;H;2;0;H;13;17;4;7;20;11;10;12;4;2;0;0;1.57;3.75;6.0;1.58;3.54;5.88;2.0;1.74;2.07;1.79
SP1;30/03/08;Espanol;Santander;0;3;A;0;2;A;14;12;5;7;17;23;5;5;0;2;0;0;2.1;3.3;3.5;2.1;3.18;3.38;2.13;1.64;1.5;2.45
SP1;30/03/08;Getafe;Osasuna;0;2;A;0;1;A;4;10;2;6;16;29;2;0;3;6;1;0;2.2;3.2;3.4;2.14;3.18;3.28;2.17;1.62;1.91;1.97
SP1;30/03/08;La Coruna;Murcia;3;1;H;1;1;D;16;8;7;3;14;16;7;2;2;2;0;0;1.8;3.4;4.75;1.77;3.32;4.56;2.05;1.7;1.9;1.97
SP1;30/03/08;Real Madrid;Sevilla;3;1;H;2;1;H;17;13;10;2;19;19;2;5;4;3;0;0;1.85;3.4;4.33;1.81;3.35;4.25;1.61;2.19;1.87;2.01
SP1;30/03/08;Recreativo;Ath Bilbao;1;1;D;1;0;H;15;10;1;2;24;17;11;7;1;5;1;0;2.37;3.3;2.9;2.33;3.17;2.93;2.13;1.64;1.67;2.15
SP1;30/03/08;Valencia;Mallorca;0;3;A;0;2;A;14;8;4;5;16;19;2;3;1;2;0;0;1.9;3.4;4.0;1.86;3.28;4.1;1.96;1.79;1.9;1.98
SP1;30/03/08;Valladolid;Zaragoza;2;1;H;0;1;A;10;4;4;1;23;18;8;1;3;2;0;1;2.35;3.3;3.0;2.31;3.17;2.95;2.0;1.75;1.67;2.14
SP1;05/04/08;Mallorca;Real Madrid;1;1;D;0;1;A;13;14;2;6;20;17;5;2;3;2;0;1;3.4;3.4;2.1;3.28;3.23;2.12;1.76;1.98;2.0;1.88
SP1;05/04/08;Osasuna;Recreativo;0;1;A;0;1;A;15;4;5;2;8;25;7;2;2;4;0;0;1.85;3.5;4.2;1.83;3.3;4.2;2.08;1.67;1.84;2.03
SP1;06/04/08;Ath Bilbao;Espanol;1;0;H;1;0;H;8;17;1;3;22;25;4;6;5;4;0;0;2.2;3.25;3.3;2.14;3.18;3.25;2.1;1.67;1.9;1.97
SP1;06/04/08;Ath Madrid;Almeria;6;3;H;4;3;H;23;8;11;5;16;14;9;5;1;0;0;2;1.61;3.75;5.5;1.62;3.46;5.46;1.97;1.77;1.87;2.01
SP1;06/04/08;Barcelona;Getafe;0;0;D;0;0;D;19;11;2;4;14;9;9;3;2;1;0;0;1.33;4.75;9.5;1.34;4.39;8.97;1.68;2.06;2.04;1.84
SP1;06/04/08;Levante;Valladolid;0;3;A;0;1;A;10;12;3;6;11;16;4;7;4;4;0;0;2.9;3.3;2.37;2.79;3.21;2.38;2.03;1.71;2.1;1.71
SP1;06/04/08;Murcia;Valencia;1;0;H;1;0;H;6;3;2;1;2;2;0;3;5;3;0;0;2.9;3.3;2.37;2.93;3.19;2.3;2.01;1.74;2.15;1.66
SP1;06/04/08;Santander;La Coruna;1;3;A;1;3;A;21;12;7;3;21;18;9;3;4;3;0;0;2.0;3.3;3.8;1.94;3.22;3.81;2.13;1.64;2.04;1.86
SP1;06/04/08;Sevilla;Villarreal;2;0;H;1;0;H;19;11;9;3;18;19;8;4;2;6;0;1;2.1;3.4;3.4;2.07;3.25;3.36;1.66;2.1;1.82;2.06
SP1;06/04/08;Zaragoza;Betis;0;3;A;0;2;A;22;9;7;5;16;17;7;4;4;1;0;0;1.95;3.3;4.0;1.93;3.25;3.77;1.95;1.79;1.96;1.93
SP1;12/04/08;Recreativo;Barcelona;2;2;D;1;1;D;14;11;5;3;24;15;5;5;2;2;0;0;4.5;3.75;1.72;4.42;3.42;1.77;1.86;1.88;2.02;1.85
SP1;12/04/08;Valencia;Santander;1;2;A;0;0;D;6;12;1;3;22;24;2;3;3;2;0;0;2.1;3.3;3.5;2.12;3.23;3.31;2.06;1.69;1.54;2.38
SP1;13/04/08;Almeria;Villarreal;1;0;H;0;0;D;19;4;7;1;17;15;10;4;3;1;0;1;3.2;3.25;2.25;3.03;3.2;2.25;2.01;1.74;2.19;1.63
SP1;13/04/08;Betis;Levante;0;1;A;0;0;D;13;17;2;5;19;13;9;4;3;4;0;0;1.44;4.2;7.5;1.43;3.95;7.23;1.86;1.87;1.78;1.97
SP1;13/04/08;Espanol;Osasuna;0;1;A;0;1;A;7;12;3;5;23;17;5;2;1;3;0;0;2.25;3.25;3.2;2.14;3.19;3.25;2.04;1.71;1.56;2.33
SP1;13/04/08;Getafe;Zaragoza;0;0;D;0;0;D;11;9;4;0;21;22;5;0;2;4;0;1;2.62;3.25;2.62;2.55;3.19;2.6;1.97;1.73;1.91;1.89
SP1;13/04/08;La Coruna;Ath Bilbao;3;0;H;1;0;H;20;11;7;4;9;13;5;4;3;2;0;0;2.1;3.4;3.4;2.11;3.2;3.32;2.12;1.66;1.52;2.38
SP1;13/04/08;Mallorca;Sevilla;2;3;A;0;1;A;16;14;7;4;20;27;8;4;3;2;0;0;2.8;3.4;2.4;2.66;3.19;2.5;1.71;2.04;1.96;1.84
SP1;13/04/08;Real Madrid;Murcia;1;0;H;0;0;D;17;6;4;0;15;29;3;0;4;3;1;0;1.22;6.0;12.0;1.22;5.47;11.91;1.59;2.23;1.04;9.35
SP1;13/04/08;Valladolid;Ath Madrid;1;1;D;0;0;D;18;10;5;3;18;17;4;2;4;4;0;0;2.62;3.3;2.62;2.69;3.21;2.47;1.81;1.93;2.01;1.79
SP1;19/04/08;Ath Madrid;Betis;1;3;A;1;1;D;19;11;2;5;15;17;11;6;4;4;0;0;1.61;3.6;6.0;1.63;3.47;5.37;1.86;1.89;1.84;2.03
SP1;19/04/08;Barcelona;Espanol;0;0;D;0;0;D;18;6;6;1;15;16;7;2;6;6;0;0;1.53;3.75;7.0;1.52;3.66;6.42;1.77;1.98;1.98;1.86
SP1;19/04/08;Sevilla;Almeria;1;4;A;0;1;A;23;13;8;6;18;19;13;2;3;3;1;0;1.5;3.8;7.5;1.5;3.69;6.67;1.69;2.09;1.85;2.0
SP1;19/04/08;Zaragoza;Recreativo;3;0;H;2;0;H;12;12;8;0;20;23;4;4;1;3;2;1;1.75;3.5;4.75;1.79;3.33;4.39;1.93;1.82;1.84;2.01
SP1;20/04/08;Ath Bilbao;Valencia;5;1;H;1;0;H;17;13;6;3;11;13;1;5;1;2;0;0;2.37;3.3;2.9;2.29;3.19;2.95;2.12;1.67;2.06;1.82
SP1;20/04/08;Levante;Getafe;3;1;H;2;0;H;17;8;7;2;22;14;6;0;1;1;0;0;3.25;3.3;2.2;3.06;3.2;2.23;2.07;1.7;2.23;1.6
SP1;20/04/08;Murcia;Mallorca;1;4;A;0;2;A;6;9;3;5;3;2;1;3;4;1;0;0;2.62;3.3;2.6;2.62;3.17;2.55;2.06;1.71;1.97;1.84
SP1;20/04/08;Osasuna;La Coruna;0;1;A;0;0;D;17;9;5;2;17;22;5;3;3;3;0;0;2.2;3.3;3.25;2.18;3.2;3.15;2.12;1.67;1.88;1.99
SP1;20/04/08;Santander;Real Madrid;0;2;A;0;1;A;15;15;2;5;10;16;9;4;4;1;0;0;2.9;3.25;2.4;2.87;3.2;2.34;1.93;1.82;2.09;1.72
SP1;20/04/08;Villarreal;Valladolid;2;0;H;1;0;H;14;13;8;2;12;16;0;7;2;2;0;0;1.66;3.5;5.5;1.63;3.45;5.36;1.87;1.87;1.92;1.95
SP1;26/04/08;La Coruna;Barcelona;2;0;H;0;0;D;24;10;6;1;16;17;4;2;1;4;0;0;2.87;3.3;2.4;2.6;3.2;2.63;1.97;1.77;1.84;1.96
SP1;26/04/08;Murcia;Sevilla;0;0;D;0;0;D;12;13;4;3;21;15;3;5;4;2;0;0;4.5;3.7;1.75;4.65;3.5;1.71;1.71;2.05;1.98;1.9
SP1;27/04/08;Betis;Villarreal;0;1;A;0;1;A;13;18;6;6;18;10;6;7;3;2;0;0;2.75;3.3;2.5;2.73;3.19;2.47;1.96;1.76;2.03;1.77
SP1;27/04/08;Espanol;Zaragoza;1;1;D;0;0;D;9;10;2;3;28;20;2;1;5;1;0;0;2.3;3.3;3.0;2.29;3.19;2.95;1.92;1.82;1.7;2.04
SP1;27/04/08;Getafe;Ath Madrid;1;1;D;1;1;D;7;14;2;4;19;26;7;7;3;5;0;0;2.9;3.3;2.37;2.74;3.18;2.46;2.04;1.71;2.0;1.79
SP1;27/04/08;Mallorca;Santander;3;1;H;0;0;D;13;11;3;4;18;18;5;2;3;1;0;0;2.3;3.25;3.1;2.26;3.19;3.0;2.05;1.71;1.61;2.23
SP1;27/04/08;Real Madrid;Ath Bilbao;3;0;H;1;0;H;27;20;11;7;15;18;9;5;2;2;0;0;1.4;4.33;8.5;1.39;4.15;7.86;1.68;2.09;2.01;1.86
SP1;27/04/08;Recreativo;Levante;2;0;H;2;0;H;13;10;7;0;22;16;4;9;2;2;0;0;1.53;3.8;6.5;1.57;3.62;5.62;1.88;1.85;2.02;1.83
SP1;27/04/08;Valencia;Osasuna;3;0;H;1;0;H;11;6;6;1;16;20;9;1;1;4;0;1;1.83;3.6;4.2;1.85;3.31;4.04;1.98;1.74;1.86;2.01
SP1;27/04/08;Valladolid;Almeria;1;0;H;0;0;D;17;12;7;3;15;18;9;4;3;2;0;0;2.1;3.3;3.5;2.19;3.17;3.15;2.11;1.67;1.97;1.89
SP1;03/05/08;Ath Madrid;Recreativo;3;0;H;1;0;H;14;7;8;1;16;25;5;3;2;2;0;0;1.57;3.6;6.5;1.55;3.65;5.97;1.7;2.01;2.01;1.84
SP1;03/05/08;Zaragoza;La Coruna;1;0;H;0;0;D;28;6;8;0;15;8;5;2;4;1;0;0;2.05;3.3;3.6;1.97;3.29;3.58;1.91;1.84;1.45;2.59
SP1;04/05/08;Almeria;Betis;1;1;D;0;1;A;17;12;5;4;13;13;7;8;3;2;0;0;2.2;3.3;3.25;2.17;3.17;3.17;2.11;1.67;1.86;2.01
SP1;04/05/08;Ath Bilbao;Mallorca;1;2;A;1;1;D;15;19;4;4;19;15;5;6;2;1;0;0;2.2;3.3;3.25;2.19;3.15;3.14;1.94;1.81;1.57;2.29
SP1;04/05/08;Barcelona;Valencia;6;0;H;3;0;H;17;6;12;2;16;15;7;5;3;3;0;0;1.66;3.75;5.0;1.68;3.44;4.86;1.84;1.88;1.92;1.96
SP1;04/05/08;Levante;Espanol;1;1;D;0;0;D;7;17;5;10;19;15;3;6;1;3;2;1;3.4;3.4;2.1;3.18;3.22;2.14;1.91;1.83;1.98;1.89
SP1;04/05/08;Osasuna;Real Madrid;1;2;A;0;0;D;15;13;6;6;23;17;6;3;4;4;0;1;3.0;3.2;2.37;2.9;3.18;2.31;1.85;1.89;2.05;1.75
SP1;04/05/08;Santander;Murcia;3;2;H;1;2;A;12;7;2;2;16;20;1;5;1;0;0;2;1.4;4.33;8.5;1.41;3.97;7.61;1.93;1.82;2.04;1.85
SP1;04/05/08;Sevilla;Valladolid;2;0;H;2;0;H;8;4;3;1;5;9;2;1;1;4;0;0;1.44;4.33;7.0;1.48;3.77;6.65;1.63;2.17;1.79;2.06
SP1;04/05/08;Villarreal;Getafe;2;0;H;2;0;H;18;15;9;4;16;16;4;6;1;3;0;0;1.72;3.6;4.75;1.72;3.38;4.66;1.83;1.91;1.82;2.04
SP1;07/05/08;Betis;Valladolid;1;1;D;0;0;D;15;16;5;2;18;15;5;6;1;3;0;1;2.25;3.25;3.2;2.18;3.17;3.17;1.99;1.76;1.6;2.23
SP1;07/05/08;Getafe;Almeria;4;2;H;1;2;A;16;8;8;5;13;22;11;2;3;5;0;0;1.85;3.4;4.33;1.84;3.29;4.07;2.07;1.69;1.88;1.99
SP1;07/05/08;La Coruna;Levante;1;0;H;0;0;D;12;8;4;0;16;12;4;9;0;3;0;0;1.33;4.5;11.0;1.35;4.32;8.64;1.75;1.99;1.85;2.04
SP1;07/05/08;Mallorca;Osasuna;2;1;H;1;0;H;9;9;2;5;14;10;4;5;1;4;0;1;2.1;3.3;3.5;2.08;3.22;3.33;1.87;1.87;1.51;2.43
SP1;07/05/08;Murcia;Ath Bilbao;1;2;A;1;1;D;7;6;3;2;3;1;3;1;1;0;0;0;3.0;3.2;2.37;2.94;3.21;2.27;2.01;1.74;1.9;1.97
SP1;07/05/08;Real Madrid;Barcelona;4;1;H;2;0;H;19;14;12;4;14;18;5;3;3;4;0;1;2.25;3.2;3.25;2.26;3.19;3.03;1.74;2.01;1.63;2.18
SP1;07/05/08;Recreativo;Villarreal;0;2;A;0;0;D;15;7;6;3;29;16;3;1;5;5;0;0;3.0;3.2;2.37;2.84;3.2;2.35;1.93;1.82;2.05;1.74
SP1;07/05/08;Santander;Sevilla;0;3;A;0;1;A;13;18;6;5;16;16;4;8;2;3;1;0;2.7;3.25;2.6;2.58;3.19;2.57;1.7;2.05;1.95;1.85
SP1;07/05/08;Valencia;Zaragoza;1;0;H;1;0;H;13;11;6;4;20;28;5;4;3;4;1;0;2.1;3.3;3.5;2.02;3.24;3.47;1.82;1.92;2.11;1.76
SP1;08/05/08;Espanol;Ath Madrid;0;2;A;0;2;A;8;18;1;5;14;20;3;5;3;3;0;0;3.4;3.25;2.15;3.17;3.22;2.15;1.93;1.81;2.32;1.55
SP1;11/05/08;Almeria;Recreativo;0;2;A;0;2;A;3;6;0;2;10;4;3;3;0;1;0;0;2.62;3.3;2.6;2.56;3.2;2.58;2.04;1.71;1.93;1.88
SP1;11/05/08;Ath Bilbao;Santander;0;0;D;0;0;D;9;5;2;0;23;18;5;3;4;6;0;0;2.6;3.3;2.62;2.47;3.19;2.69;2.01;1.74;1.8;1.99
SP1;11/05/08;Ath Madrid;La Coruna;1;0;H;1;0;H;16;5;7;2;19;16;7;5;1;2;0;0;1.57;3.8;6.5;1.6;3.57;5.37;1.73;2.01;1.98;1.87
SP1;11/05/08;Barcelona;Mallorca;2;3;A;1;0;H;12;22;4;9;17;11;6;9;1;2;1;0;1.57;3.75;6.0;1.55;3.73;5.69;1.56;2.28;2.04;1.8
SP1;11/05/08;Betis;Sevilla;0;2;A;0;1;A;8;11;1;4;22;16;3;4;4;4;1;1;3.4;3.4;2.1;3.43;3.23;2.04;1.73;2.02;2.53;1.47
SP1;11/05/08;Levante;Valencia;1;5;A;1;3;A;23;9;7;7;13;17;10;2;2;1;0;0;5.0;3.5;1.72;4.83;3.42;1.69;1.77;1.96;1.94;1.92
SP1;11/05/08;Osasuna;Murcia;2;1;H;1;0;H;17;9;6;3;18;14;9;6;3;4;0;0;1.36;4.2;9.0;1.36;4.17;8.57;1.67;2.09;1.83;2.05
SP1;11/05/08;Valladolid;Getafe;0;0;D;0;0;D;14;7;2;4;12;12;10;3;3;2;0;0;2.1;3.25;3.6;2.1;3.17;3.35;1.94;1.8;1.81;2.05
SP1;11/05/08;Villarreal;Espanol;2;0;H;2;0;H;14;11;5;7;11;14;4;2;1;1;0;0;1.57;3.75;6.0;1.57;3.64;5.64;1.73;2.0;2.04;1.82
SP1;11/05/08;Zaragoza;Real Madrid;2;2;D;1;1;D;34;18;11;7;16;15;14;5;3;4;0;0;1.9;3.6;3.8;1.97;3.43;3.45;1.67;2.09;1.45;2.59
SP1;17/05/08;Murcia;Barcelona;3;5;A;1;3;A;21;16;9;9;14;12;10;6;2;1;0;0;5.5;4.0;1.57;5.09;3.67;1.61;1.61;2.18;1.78;2.06
SP1;18/05/08;Espanol;Almeria;1;3;A;0;1;A;15;11;4;6;18;28;8;2;3;2;0;0;2.1;3.3;3.5;2.1;3.24;3.24;1.95;1.79;1.86;2.0
SP1;18/05/08;Getafe;Betis;1;1;D;1;0;H;19;18;7;5;9;19;6;7;1;2;0;0;1.95;3.4;3.75;1.92;3.27;3.73;1.86;1.87;1.94;1.91
SP1;18/05/08;La Coruna;Villarreal;0;2;A;0;1;A;16;8;2;2;8;26;8;3;1;2;0;0;2.37;3.3;2.9;2.34;3.21;2.81;1.93;1.8;1.66;2.16
SP1;18/05/08;Mallorca;Zaragoza;3;2;H;1;0;H;10;16;4;6;22;14;5;6;2;2;0;0;2.4;3.6;2.7;2.28;3.47;2.72;1.58;2.24;1.74;2.04
SP1;18/05/08;Real Madrid;Levante;5;2;H;3;0;H;15;15;8;7;7;12;5;5;1;2;0;0;1.14;7.5;16.0;1.15;6.44;16.06;1.86;1.9;1.8;2.06
SP1;18/05/08;Recreativo;Valladolid;1;1;D;0;1;A;10;9;4;2;11;13;7;8;3;2;0;0;2.1;3.1;3.8;2.08;3.06;3.48;1.97;1.76;1.81;2.05
SP1;18/05/08;Santander;Osasuna;1;0;H;0;0;D;7;3;2;0;10;13;6;1;1;3;0;0;2.25;3.5;3.0;2.2;3.4;2.88;1.92;1.81;1.62;2.19
SP1;18/05/08;Sevilla;Ath Bilbao;4;1;H;1;1;D;6;3;5;1;0;1;0;0;0;2;0;0;1.44;4.33;7.0;1.44;4.07;6.61;1.59;2.23;2.03;1.83
SP1;18/05/08;Valencia;Ath Madrid;3;1;H;2;0;H;15;16;10;6;12;9;6;3;0;1;0;0;2.6;3.1;2.8;2.57;3.14;2.58;1.7;2.05;1.83;1.95
SP1;30/08/08;Espanol;Valladolid;1;0;H;0;0;D;10;11;2;1;18;17;1;9;3;5;0;0;2.0;3.3;3.8;1.9;3.25;3.99;2.04;1.72;1.4;2.77
SP1;30/08/08;Valencia;Mallorca;3;0;H;2;0;H;17;16;6;2;17;14;5;6;4;0;0;0;1.7;3.6;5.25;1.7;3.42;4.85;1.92;1.82;1.73;2.16
SP1;31/08/08;Ath Bilbao;Almeria;1;3;A;0;2;A;10;11;4;5;35;20;2;6;2;4;0;0;2.0;3.3;3.8;1.96;3.23;3.7;2.16;1.63;1.44;2.62
SP1;31/08/08;Ath Madrid;Malaga;4;0;H;3;0;H;25;7;9;2;16;13;11;7;1;2;0;0;1.44;4.2;7.5;1.44;3.92;7.42;1.76;1.98;1.12;5.52
SP1;31/08/08;Betis;Recreativo;0;1;A;0;1;A;8;13;2;6;17;18;2;2;3;1;0;0;2.0;3.25;3.8;1.86;3.26;4.15;2.07;1.7;1.34;3.04
SP1;31/08/08;La Coruna;Real Madrid;2;1;H;1;0;H;11;18;3;4;18;17;6;5;4;3;0;0;3.5;3.3;2.1;3.49;3.27;2.04;1.84;1.88;2.56;1.46
SP1;31/08/08;Numancia;Barcelona;1;0;H;1;0;H;5;25;2;5;16;8;2;7;0;2;0;0;7.0;4.0;1.5;6.6;3.74;1.5;1.72;2.05;2.03;1.83
SP1;31/08/08;Osasuna;Villarreal;1;1;D;0;0;D;10;12;1;3;18;10;10;2;2;1;1;1;2.8;3.3;2.5;2.76;3.22;2.42;2.1;1.67;1.96;1.83
SP1;31/08/08;Santander;Sevilla;1;1;D;0;0;D;7;13;2;4;20;11;4;6;2;0;0;0;2.8;3.3;2.5;2.74;3.21;2.44;1.9;1.83;2.03;1.77
SP1;31/08/08;Sp Gijon;Getafe;1;2;A;1;1;D;13;16;2;9;16;15;2;7;4;2;0;0;2.62;3.3;2.62;2.55;3.17;2.61;2.16;1.63;1.84;1.95
SP1;13/09/08;Barcelona;Santander;1;1;D;0;0;D;18;2;7;1;9;20;9;1;1;7;0;0;1.29;5.0;12.0;1.29;4.82;9.96;1.63;2.17;1.86;1.96
SP1;13/09/08;Valladolid;Ath Madrid;2;1;H;2;0;H;9;19;4;8;19;15;9;5;2;2;1;0;3.2;3.4;2.2;3.05;3.23;2.24;1.99;1.75;2.22;1.62
SP1;14/09/08;Almeria;Valencia;2;2;D;2;1;H;12;11;3;3;17;20;2;3;2;2;0;0;2.75;3.3;2.5;2.69;3.18;2.49;2.04;1.71;1.94;1.87
SP1;14/09/08;Getafe;Betis;0;0;D;0;0;D;26;16;7;4;17;19;7;6;2;5;0;0;2.1;3.3;3.5;2.03;3.23;3.51;2.15;1.64;1.49;2.51
SP1;14/09/08;Malaga;Ath Bilbao;0;0;D;0;0;D;11;11;2;4;21;20;6;4;2;1;0;0;2.5;3.25;2.8;2.44;3.17;2.77;2.17;1.63;1.73;2.08
SP1;14/09/08;Mallorca;Osasuna;1;1;D;1;0;H;11;14;3;7;19;14;3;4;3;1;1;0;2.2;3.2;3.4;2.1;3.19;3.38;2.1;1.67;1.53;2.44
SP1;14/09/08;Real Madrid;Numancia;4;3;H;4;2;H;19;12;10;4;17;14;6;3;0;1;0;0;1.25;5.5;12.0;1.23;5.34;11.55;1.57;2.28;1.79;2.04
SP1;14/09/08;Recreativo;Espanol;0;1;A;0;0;D;8;4;3;1;20;16;7;4;3;3;0;0;2.3;3.3;3.1;2.29;3.2;2.97;2.11;1.66;1.65;2.16
SP1;14/09/08;Sevilla;Sp Gijon;4;3;H;3;3;D;26;13;13;8;14;16;9;3;3;3;0;0;1.33;5.0;9.0;1.32;4.59;8.9;1.67;2.09;2.04;1.79
SP1;14/09/08;Villarreal;La Coruna;1;0;H;1;0;H;19;6;8;2;15;16;10;3;3;2;0;0;2.0;3.25;4.0;1.9;3.27;3.93;2.02;1.72;1.38;2.86
SP1;20/09/08;Ath Madrid;Recreativo;4;0;H;1;0;H;14;9;7;1;12;18;6;7;0;1;0;0;1.5;3.8;7.25;1.49;3.79;6.89;1.86;1.88;1.92;1.93
SP1;20/09/08;Espanol;Getafe;1;1;D;0;0;D;8;17;2;7;20;14;2;4;3;3;0;0;2.1;3.3;3.5;2.11;3.21;3.41;2.22;1.61;1.53;2.45
SP1;21/09/08;Almeria;Malaga;1;0;H;0;0;D;11;3;3;0;20;17;3;1;1;4;1;1;1.83;3.5;4.33;1.79;3.35;4.45;2.12;1.66;1.82;2.04
SP1;21/09/08;Ath Bilbao;Valladolid;2;0;H;0;0;D;20;12;6;2;17;17;4;2;3;2;0;0;2.0;3.3;3.75;2.05;3.22;3.51;2.16;1.64;1.49;2.46
SP1;21/09/08;Betis;Sevilla;0;0;D;0;0;D;14;11;3;1;18;16;5;8;2;2;0;0;3.1;3.25;2.3;3.08;3.17;2.28;1.99;1.76;2.19;1.63
SP1;21/09/08;La Coruna;Mallorca;0;0;D;0;0;D;17;14;6;2;15;23;6;8;5;3;1;1;1.91;3.3;4.2;1.87;3.28;4.15;2.12;1.66;1.94;1.93
SP1;21/09/08;Numancia;Villarreal;1;2;A;1;0;H;14;20;4;7;15;15;4;5;1;1;0;0;3.0;3.4;2.3;3.11;3.23;2.23;2.09;1.68;2.21;1.62
SP1;21/09/08;Santander;Real Madrid;0;2;A;0;0;D;13;9;2;3;19;16;10;4;0;5;0;0;3.4;3.4;2.1;3.5;3.28;2.04;1.8;1.94;1.81;2.04
SP1;21/09/08;Sp Gijon;Barcelona;1;6;A;0;2;A;5;23;2;8;16;8;3;14;2;0;1;0;7.5;3.8;1.5;6.85;3.67;1.51;1.72;2.04;2.05;1.8
SP1;21/09/08;Valencia;Osasuna;1;0;H;0;0;D;12;6;2;2;20;11;5;2;1;1;0;1;1.62;3.75;5.5;1.69;3.46;5.01;1.95;1.79;1.26;3.59
SP1;24/09/08;Barcelona;Betis;3;2;H;2;0;H;18;8;8;3;11;19;6;5;2;3;0;0;1.2;6.0;15.0;1.24;5.25;12.15;1.58;2.26;1.92;1.95
SP1;24/09/08;Getafe;Ath Madrid;1;2;A;0;1;A;18;9;6;5;9;18;7;2;2;4;0;0;2.9;3.25;2.4;2.82;3.18;2.4;2.1;1.68;2.11;1.69
SP1;24/09/08;Osasuna;La Coruna;0;0;D;0;0;D;14;6;2;1;12;13;8;3;1;2;0;1;2.25;3.25;3.2;2.25;3.19;3.06;2.19;1.62;1.61;2.22
SP1;24/09/08;Real Madrid;Sp Gijon;7;1;H;3;0;H;16;15;12;3;14;17;3;2;0;0;0;0;1.17;6.5;17.0;1.15;6.56;15.15;1.43;2.65;1.89;1.95
SP1;24/09/08;Sevilla;Espanol;2;0;H;0;0;D;20;5;10;1;17;24;3;2;3;6;0;0;1.62;3.6;6.0;1.59;3.58;5.68;1.8;1.95;1.78;2.09
SP1;24/09/08;Villarreal;Santander;2;0;H;2;0;H;7;6;5;3;3;6;1;5;3;5;0;0;1.57;3.75;6.0;1.61;3.52;5.62;2.01;1.75;1.8;2.06
SP1;25/09/08;Malaga;Valencia;0;2;A;0;0;D;9;10;3;5;17;24;2;3;4;1;1;0;3.75;3.3;2.0;3.66;3.26;1.98;2.01;1.75;1.84;2.02
SP1;25/09/08;Mallorca;Numancia;2;0;H;1;0;H;11;11;7;1;19;15;6;3;1;2;0;0;1.85;3.4;4.33;1.88;3.31;3.91;1.91;1.83;1.98;1.88
SP1;25/09/08;Recreativo;Ath Bilbao;1;1;D;0;0;D;13;10;7;3;14;21;5;3;2;3;0;0;2.35;3.25;3.0;2.31;3.18;2.92;2.21;1.6;1.66;2.15
SP1;25/09/08;Valladolid;Almeria;2;0;H;0;0;D;14;4;5;2;17;16;6;0;3;1;1;0;2.1;3.3;3.5;2.21;3.22;3.08;2.09;1.69;1.59;2.25
SP1;27/09/08;Betis;Real Madrid;1;2;A;0;1;A;15;17;7;8;19;17;3;5;3;3;1;1;4.33;3.6;1.8;4.15;3.31;1.85;1.74;2.01;1.93;1.93
SP1;27/09/08;Espanol;Barcelona;1;2;A;1;0;H;5;33;3;8;26;17;0;12;3;2;1;0;4.5;3.5;1.8;4.04;3.31;1.86;1.83;1.9;1.98;1.88
SP1;27/09/08;Sp Gijon;Villarreal;0;1;A;0;0;D;15;8;6;4;25;23;9;6;5;2;0;0;5.5;3.75;1.62;5.17;3.52;1.63;1.66;2.12;2.07;1.79
SP1;28/09/08;Almeria;Recreativo;1;0;H;0;0;D;10;5;4;1;27;18;12;1;1;1;0;3;1.8;3.5;4.5;1.79;3.34;4.36;2.13;1.65;1.83;2.03
SP1;28/09/08;Ath Bilbao;Getafe;0;1;A;0;0;D;14;9;6;3;20;14;9;3;3;3;0;0;2.2;3.25;3.3;2.14;3.22;3.25;2.24;1.59;1.92;1.95
SP1;28/09/08;Ath Madrid;Sevilla;0;1;A;0;1;A;18;10;1;1;23;22;8;4;3;5;0;0;2.05;3.3;3.6;2.08;3.25;3.38;1.77;1.98;1.8;2.06
SP1;28/09/08;Malaga;Valladolid;2;1;H;1;0;H;12;15;4;3;21;19;5;3;3;3;0;0;2.5;3.25;2.8;2.43;3.18;2.76;2.25;1.59;1.82;2.0
SP1;28/09/08;Numancia;Osasuna;0;0;D;0;0;D;4;8;0;1;19;20;6;3;2;3;1;0;2.38;3.25;3.0;2.33;3.19;2.9;2.18;1.63;1.7;2.1
SP1;28/09/08;Santander;Mallorca;1;2;A;1;1;D;18;16;7;9;13;20;5;3;3;4;0;0;2.2;3.1;3.5;2.04;3.2;3.52;2.17;1.63;1.91;1.96
SP1;28/09/08;Valencia;La Coruna;4;2;H;1;1;D;24;7;9;3;16;12;5;9;2;2;0;0;1.67;3.6;5.25;1.7;3.44;4.88;2.02;1.74;1.99;1.9
SP1;04/10/08;Barcelona;Ath Madrid;6;1;H;5;1;H;19;7;8;2;11;18;5;1;1;5;0;0;1.62;3.6;6.0;1.6;3.56;5.65;1.64;2.16;2.03;1.79
SP1;04/10/08;Villarreal;Betis;2;1;H;0;1;A;13;17;4;7;16;26;6;7;5;5;0;0;1.57;3.6;6.5;1.55;3.59;6.07;1.97;1.77;2.04;1.77
SP1;05/10/08;Getafe;Almeria;2;2;D;0;0;D;17;13;7;7;8;10;4;7;2;2;0;0;2.0;3.4;3.75;2.05;3.22;3.45;2.11;1.66;1.48;2.51
SP1;05/10/08;La Coruna;Numancia;1;0;H;1;0;H;13;10;1;3;20;20;4;4;1;3;0;0;1.73;3.5;5.0;1.69;3.4;4.93;2.12;1.66;2.02;1.83
SP1;05/10/08;Mallorca;Sp Gijon;0;2;A;0;1;A;27;8;9;3;15;20;8;3;1;3;0;0;1.62;3.6;6.0;1.59;3.52;5.72;1.73;2.0;1.19;4.22
SP1;05/10/08;Osasuna;Santander;0;1;A;0;0;D;6;6;4;4;13;18;8;2;3;4;1;0;2.05;3.25;3.75;2.04;3.22;3.48;2.29;1.57;1.46;2.57
SP1;05/10/08;Real Madrid;Espanol;2;2;D;2;2;D;24;10;6;4;19;10;0;1;3;1;0;0;1.33;5.0;9.0;1.3;4.84;9.2;1.53;2.39;1.99;1.84
SP1;05/10/08;Recreativo;Malaga;0;4;A;0;2;A;11;13;2;8;23;18;6;5;2;1;0;0;2.1;3.25;3.6;2.08;3.2;3.4;2.27;1.58;1.5;2.49
SP1;05/10/08;Sevilla;Ath Bilbao;4;0;H;2;0;H;13;4;9;1;3;4;5;7;2;4;0;0;1.44;4.2;7.5;1.43;4.03;7.19;1.71;2.04;1.84;1.99
SP1;05/10/08;Valladolid;Valencia;0;1;A;0;0;D;19;8;4;2;18;18;10;1;1;4;0;0;3.3;3.25;2.2;3.24;3.24;2.14;2.0;1.74;2.28;1.57
SP1;18/10/08;Ath Madrid;Real Madrid;1;2;A;0;1;A;20;20;6;11;18;14;10;4;5;2;1;1;2.9;3.3;2.4;2.88;3.22;2.35;1.62;2.18;2.12;1.69
SP1;18/10/08;Espanol;Villarreal;0;0;D;0;0;D;8;14;3;2;15;9;4;7;3;2;0;0;2.75;3.3;2.5;2.75;3.21;2.44;2.16;1.63;2.0;1.8
SP1;19/10/08;Almeria;Sevilla;0;1;A;0;0;D;13;10;5;3;15;17;0;4;1;3;0;0;2.7;3.25;2.6;2.63;3.18;2.58;2.08;1.68;1.87;1.93
SP1;19/10/08;Ath Bilbao;Barcelona;0;1;A;0;0;D;9;14;3;3;17;19;7;5;3;3;0;0;6.0;4.0;1.53;5.93;3.66;1.56;1.7;2.05;1.88;1.98
SP1;19/10/08;Betis;Mallorca;3;0;H;2;0;H;17;15;6;4;12;15;5;3;2;3;0;0;2.0;3.3;3.8;2.0;3.26;3.58;2.13;1.65;1.44;2.62
SP1;19/10/08;Malaga;Getafe;2;1;H;2;1;H;15;11;5;7;21;19;4;3;3;4;0;0;2.5;3.25;2.8;2.44;3.16;2.78;2.24;1.59;1.81;1.99
SP1;19/10/08;Santander;La Coruna;0;0;D;0;0;D;14;7;1;2;19;20;7;2;2;2;1;0;2.15;3.25;3.4;2.14;3.19;3.29;2.32;1.55;1.55;2.35
SP1;19/10/08;Sp Gijon;Osasuna;2;1;H;2;1;H;8;8;3;3;27;20;3;3;7;2;0;1;2.62;3.25;2.62;2.6;3.16;2.58;2.09;1.68;1.93;1.85
SP1;19/10/08;Valencia;Numancia;4;0;H;1;0;H;18;11;7;5;14;10;6;7;0;0;0;0;1.33;4.6;10.0;1.32;4.53;9.59;1.74;2.0;2.07;1.76
SP1;19/10/08;Valladolid;Recreativo;1;1;D;0;1;A;10;12;6;4;10;10;3;3;1;2;0;0;1.83;3.4;4.5;1.8;3.32;4.37;2.12;1.66;1.85;2.03
SP1;25/10/08;Barcelona;Almeria;5;0;H;5;0;H;13;6;9;2;13;15;6;6;0;3;0;1;1.22;5.75;13.0;1.24;5.41;11.97;1.57;2.27;1.92;1.97
SP1;25/10/08;Osasuna;Betis;0;2;A;0;0;D;13;17;6;5;11;10;1;5;1;0;0;0;2.3;3.2;3.2;2.28;3.16;3.07;2.26;1.58;1.65;2.19
SP1;26/10/08;Getafe;Valladolid;1;0;H;1;0;H;14;11;6;0;15;22;6;4;2;3;0;0;1.91;3.3;4.2;1.91;3.27;3.93;2.11;1.66;2.0;1.87
SP1;26/10/08;La Coruna;Sp Gijon;0;3;A;0;2;A;18;14;5;8;9;14;10;3;2;3;1;0;1.73;3.5;5.0;1.71;3.38;4.88;1.97;1.77;1.27;3.46
SP1;26/10/08;Mallorca;Espanol;3;0;H;0;0;D;13;9;6;3;22;15;9;0;3;2;0;0;2.38;3.2;3.0;2.33;3.18;2.95;2.14;1.64;1.67;2.15
SP1;26/10/08;Numancia;Santander;2;1;H;1;0;H;9;16;3;2;24;15;4;6;3;3;0;0;2.5;3.25;2.8;2.47;3.15;2.76;2.27;1.57;1.81;2.0
SP1;26/10/08;Real Madrid;Ath Bilbao;3;2;H;2;2;D;20;15;6;5;15;16;7;6;4;3;0;1;1.25;5.5;11.0;1.26;5.2;11.0;1.54;2.33;1.86;2.01
SP1;26/10/08;Recreativo;Valencia;1;1;D;0;0;D;6;14;3;6;20;11;3;5;4;2;0;0;4.0;3.4;1.91;4.01;3.33;1.87;1.98;1.77;1.96;1.92
SP1;26/10/08;Sevilla;Malaga;0;1;A;0;1;A;10;8;3;6;18;19;7;3;3;2;1;0;1.36;4.75;8.5;1.33;4.66;8.71;1.66;2.1;2.01;1.83
SP1;26/10/08;Villarreal;Ath Madrid;4;4;D;0;2;A;23;8;14;5;13;19;10;3;2;2;0;1;2.05;3.4;3.6;2.02;3.29;3.58;1.97;1.77;2.03;1.84
SP1;01/11/08;Ath Bilbao;Villarreal;1;4;A;1;1;D;15;14;6;6;23;21;5;2;4;2;0;0;3.25;3.3;2.2;3.19;3.24;2.18;2.05;1.7;2.25;1.6
SP1;01/11/08;Ath Madrid;Mallorca;2;0;H;2;0;H;12;19;3;8;18;18;2;8;2;3;0;0;1.53;4.0;6.0;1.56;3.68;5.94;1.62;2.18;1.95;1.91
SP1;01/11/08;Malaga;Barcelona;1;4;A;1;2;A;5;14;2;4;19;24;1;4;2;3;0;0;9.0;4.5;1.36;8.16;4.13;1.4;1.53;2.37;1.74;2.13
SP1;01/11/08;Valencia;Santander;2;4;A;1;1;D;11;11;7;4;17;19;4;4;2;3;0;0;1.36;4.5;9.0;1.39;4.14;8.38;1.81;1.92;1.91;1.99
SP1;02/11/08;Almeria;Real Madrid;1;1;D;0;1;A;15;13;3;6;25;11;5;3;4;2;0;0;5.5;3.5;1.67;5.39;3.53;1.63;1.63;2.07;2.0;1.89
SP1;02/11/08;Betis;La Coruna;0;3;A;0;0;D;20;15;7;7;13;14;13;1;1;1;1;0;1.91;3.3;4.2;1.91;3.29;3.95;2.2;1.61;2.02;1.86
SP1;02/11/08;Espanol;Osasuna;1;0;H;0;0;D;10;14;3;3;27;21;1;2;1;2;0;0;2.0;3.3;3.8;1.88;3.27;4.07;2.23;1.59;2.02;1.86
SP1;02/11/08;Recreativo;Getafe;1;1;D;0;0;D;8;17;3;3;25;17;1;3;2;4;1;0;2.5;3.25;2.8;2.46;3.18;2.76;2.19;1.61;1.82;1.98
SP1;02/11/08;Sp Gijon;Numancia;3;1;H;1;1;D;18;9;6;3;25;20;2;3;2;4;0;0;2.1;3.4;3.4;2.02;3.25;3.55;2.07;1.69;1.47;2.57
SP1;02/11/08;Valladolid;Sevilla;3;2;H;1;2;A;15;6;6;4;17;17;5;1;2;5;0;1;3.2;3.25;2.25;3.16;3.21;2.21;2.13;1.65;2.23;1.61
SP1;08/11/08;Barcelona;Valladolid;6;0;H;4;0;H;22;3;13;2;9;9;9;5;1;1;0;0;1.17;6.5;18.0;1.18;6.17;15.05;1.43;2.66;2.0;1.81
SP1;08/11/08;Real Madrid;Malaga;4;3;H;2;2;D;25;20;12;9;21;14;5;2;3;2;1;0;1.22;6.0;13.0;1.24;5.47;11.08;1.43;2.65;1.85;1.97
SP1;09/11/08;Getafe;Valencia;0;3;A;0;1;A;9;7;2;4;15;28;4;2;5;4;1;0;2.9;3.3;2.4;2.9;3.23;2.35;2.05;1.7;2.12;1.71
SP1;09/11/08;La Coruna;Espanol;1;0;H;1;0;H;14;10;3;4;11;17;6;5;1;2;0;0;2.15;3.3;3.4;2.1;3.2;3.39;2.26;1.58;1.92;1.96
SP1;09/11/08;Mallorca;Ath Bilbao;3;3;D;1;1;D;17;17;7;7;25;17;3;9;4;2;0;0;2.1;3.3;3.5;2.06;3.22;3.48;2.13;1.64;1.84;2.04
SP1;09/11/08;Numancia;Betis;2;4;A;1;3;A;13;15;7;6;22;15;4;1;2;2;0;0;2.6;3.25;2.75;2.55;3.16;2.67;2.18;1.62;1.92;1.9
SP1;09/11/08;Osasuna;Ath Madrid;0;0;D;0;0;D;15;14;4;3;16;16;9;4;1;1;0;0;3.2;3.3;2.25;3.15;3.24;2.2;2.06;1.7;1.97;1.92
SP1;09/11/08;Santander;Sp Gijon;1;0;H;0;0;D;9;9;1;2;19;23;5;4;4;2;0;0;2.0;3.3;3.75;2.0;3.22;3.63;2.1;1.67;2.06;1.82
SP1;09/11/08;Sevilla;Recreativo;1;0;H;0;0;D;10;13;3;3;18;18;6;7;2;2;0;0;1.36;4.5;9.0;1.37;4.31;8.33;1.77;1.98;2.01;1.87
SP1;09/11/08;Villarreal;Almeria;2;1;H;2;0;H;7;10;5;3;18;22;3;3;4;2;0;0;1.53;3.75;7.0;1.47;3.76;7.2;1.8;1.94;1.98;1.88
SP1;15/11/08;Valencia;Sp Gijon;2;3;A;0;1;A;21;12;8;5;15;21;7;3;2;2;0;0;1.36;4.75;8.5;1.36;4.38;8.41;1.63;2.15;2.01;1.8
SP1;15/11/08;Valladolid;Real Madrid;1;0;H;0;0;D;8;16;3;7;17;20;7;6;3;3;0;1;4.2;3.3;1.91;4.13;3.32;1.86;1.6;2.21;1.91;1.96
SP1;16/11/08;Almeria;Mallorca;2;1;H;1;0;H;15;10;6;5;21;18;6;5;1;2;0;0;2.0;3.3;3.8;1.99;3.26;3.62;2.07;1.68;1.43;2.64
SP1;16/11/08;Ath Bilbao;Osasuna;2;0;H;1;0;H;19;8;8;1;24;21;7;5;3;4;0;0;2.1;3.3;3.5;2.08;3.23;3.43;2.24;1.59;1.5;2.49
SP1;16/11/08;Ath Madrid;La Coruna;4;1;H;1;0;H;16;14;7;6;12;7;8;5;0;2;0;0;1.62;3.75;5.5;1.62;3.58;5.37;1.9;1.83;1.82;2.06
SP1;16/11/08;Betis;Santander;3;1;H;2;0;H;17;14;6;7;18;18;5;5;2;1;0;0;1.91;3.4;4.0;1.95;3.25;3.77;2.13;1.64;2.02;1.85
SP1;16/11/08;Espanol;Numancia;3;4;A;1;1;D;10;11;5;6;19;23;6;1;2;5;0;0;1.73;3.5;5.0;1.69;3.43;5.0;2.1;1.66;1.92;1.97
SP1;16/11/08;Getafe;Sevilla;0;2;A;0;1;A;14;8;3;3;8;17;6;2;2;2;0;0;2.88;3.3;2.4;2.82;3.2;2.39;2.01;1.73;2.09;1.74
SP1;16/11/08;Malaga;Villarreal;2;2;D;1;1;D;13;16;4;6;16;27;11;5;4;3;0;0;3.4;3.4;2.1;3.32;3.27;2.1;1.91;1.82;2.34;1.56
SP1;16/11/08;Recreativo;Barcelona;0;2;A;0;0;D;7;21;2;8;21;12;5;5;3;2;0;0;9.0;5.0;1.33;8.52;4.6;1.34;1.52;2.4;1.82;2.01
SP1;22/11/08;Real Madrid;Recreativo;1;0;H;1;0;H;23;7;7;2;17;22;5;5;1;3;0;0;1.3;5.5;9.0;1.29;5.09;9.45;1.52;2.4;2.04;1.79
SP1;22/11/08;Sevilla;Valencia;0;0;D;0;0;D;18;15;3;2;12;21;5;3;2;3;0;0;2.2;3.25;3.3;2.16;3.24;3.23;1.91;1.82;1.56;2.34
SP1;22/11/08;Villarreal;Valladolid;0;3;A;0;3;A;13;15;4;7;14;25;7;4;2;1;0;0;1.44;4.0;8.0;1.45;3.86;7.43;1.74;2.0;1.87;1.93
SP1;23/11/08;Barcelona;Getafe;1;1;D;0;1;A;14;7;4;4;19;20;13;5;3;4;0;0;1.18;7.0;15.0;1.18;6.25;13.73;1.41;2.7;1.97;1.86
SP1;23/11/08;La Coruna;Ath Bilbao;3;1;H;2;0;H;18;18;9;6;13;18;10;7;2;2;0;0;2.0;3.3;3.8;1.94;3.25;3.9;2.11;1.67;2.04;1.83
SP1;23/11/08;Mallorca;Malaga;2;2;D;1;2;A;27;14;11;5;20;17;9;1;3;3;0;0;2.1;3.4;3.4;2.1;3.25;3.35;1.86;1.86;1.5;2.46
SP1;23/11/08;Numancia;Ath Madrid;1;1;D;0;1;A;17;9;5;4;15;16;5;6;1;3;0;0;3.6;3.5;2.0;3.5;3.3;2.02;1.84;1.89;1.84;2.02
SP1;23/11/08;Osasuna;Almeria;3;1;H;1;1;D;17;7;8;2;16;19;6;3;3;3;0;1;2.25;3.2;3.25;2.25;3.18;3.09;2.27;1.56;1.62;2.18
SP1;23/11/08;Santander;Espanol;3;0;H;2;0;H;18;9;4;3;24;20;5;5;1;3;0;0;2.1;3.25;3.6;2.08;3.2;3.46;2.24;1.58;1.49;2.51
SP1;23/11/08;Sp Gijon;Betis;1;2;A;1;0;H;22;15;8;7;23;12;6;8;4;4;0;0;2.4;3.2;3.0;2.38;3.16;2.85;1.89;1.83;1.76;2.04
SP1;29/11/08;Getafe;Real Madrid;3;1;H;1;0;H;13;18;3;6;20;20;4;8;2;5;0;0;3.5;3.3;2.1;3.31;3.24;2.13;1.92;1.81;2.38;1.53
SP1;29/11/08;Sevilla;Barcelona;0;3;A;0;1;A;10;22;2;9;16;13;1;2;0;3;1;0;3.4;3.5;2.1;3.27;3.32;2.11;1.8;1.93;2.3;1.57
SP1;30/11/08;Almeria;La Coruna;0;1;A;0;0;D;5;13;1;4;18;14;6;1;3;4;1;0;2.1;3.3;3.5;2.08;3.22;3.42;2.11;1.66;1.49;2.5
SP1;30/11/08;Ath Bilbao;Numancia;2;0;H;2;0;H;16;15;8;1;19;16;7;9;2;4;1;0;1.85;3.5;4.2;1.84;3.33;4.14;1.98;1.76;1.35;2.92
SP1;30/11/08;Ath Madrid;Santander;4;1;H;2;1;H;6;14;4;2;17;13;1;8;4;1;0;1;1.57;3.8;6.0;1.57;3.65;5.84;1.82;1.91;2.02;1.82
SP1;30/11/08;Espanol;Sp Gijon;0;1;A;0;1;A;18;10;2;3;21;21;6;5;4;1;0;0;2.1;3.3;3.5;2.07;3.22;3.41;1.9;1.82;1.54;2.39
SP1;30/11/08;Malaga;Osasuna;4;2;H;0;0;D;14;12;6;3;20;20;6;6;4;3;0;0;2.2;3.25;3.25;2.08;3.22;3.43;2.14;1.64;1.5;2.48
SP1;30/11/08;Recreativo;Villarreal;1;2;A;0;2;A;14;11;2;5;18;16;11;6;1;3;0;0;3.5;3.3;2.1;3.35;3.23;2.1;2.03;1.71;2.42;1.53
SP1;30/11/08;Valencia;Betis;3;2;H;2;0;H;12;18;4;5;18;17;3;8;3;3;1;0;1.8;3.4;4.5;1.76;3.37;4.61;1.76;1.98;1.81;2.08
SP1;30/11/08;Valladolid;Mallorca;3;0;H;1;0;H;12;6;9;4;16;14;5;3;2;5;0;0;2.0;3.3;3.8;1.99;3.27;3.62;1.95;1.78;1.45;2.6
SP1;06/12/08;Barcelona;Valencia;4;0;H;2;0;H;17;5;7;2;15;20;3;3;0;5;0;0;1.53;4.2;6.0;1.54;3.78;6.0;1.6;2.23;1.92;1.88
SP1;06/12/08;Sp Gijon;Ath Madrid;2;5;A;1;2;A;19;20;4;9;16;10;9;8;2;4;0;0;3.4;3.2;2.2;3.26;3.2;2.15;1.75;1.99;2.31;1.56
SP1;06/12/08;Villarreal;Getafe;3;3;D;0;3;A;20;10;7;3;15;21;5;1;1;3;0;0;1.73;3.6;4.75;1.7;3.43;4.97;1.95;1.79;1.27;3.43
SP1;07/12/08;Betis;Espanol;1;1;D;0;0;D;26;14;4;5;9;14;11;9;2;3;0;0;1.67;3.6;5.25;1.68;3.45;5.09;1.93;1.81;1.22;3.81
SP1;07/12/08;La Coruna;Malaga;2;0;H;0;0;D;16;10;5;3;18;22;8;8;2;2;0;0;1.91;3.4;4.0;1.92;3.31;3.87;2.05;1.7;1.96;1.91
SP1;07/12/08;Mallorca;Recreativo;2;3;A;2;2;D;17;10;4;7;19;20;7;2;3;3;0;0;1.91;3.4;4.0;1.86;3.32;4.07;2.08;1.68;1.88;1.98
SP1;07/12/08;Numancia;Almeria;2;1;H;1;1;D;15;16;2;2;15;19;7;4;4;5;1;0;2.4;3.4;2.8;2.36;3.22;2.86;1.99;1.75;1.75;2.07
SP1;07/12/08;Osasuna;Valladolid;3;3;D;2;0;H;14;8;6;3;19;10;7;6;4;1;0;0;2.2;3.4;3.2;2.23;3.24;3.07;2.22;1.6;1.62;2.22
SP1;07/12/08;Real Madrid;Sevilla;3;4;A;1;3;A;25;16;13;8;15;19;9;1;3;5;1;0;2.1;3.4;3.4;2.04;3.32;3.46;1.69;2.07;1.48;2.52
SP1;07/12/08;Santander;Ath Bilbao;1;1;D;0;0;D;14;12;2;6;14;16;8;3;2;1;0;1;2.1;3.25;3.6;2.09;3.22;3.42;2.01;1.73;1.51;2.46
SP1;13/12/08;Barcelona;Real Madrid;2;0;H;0;0;D;19;6;8;3;13;19;11;4;3;5;0;0;1.57;3.8;6.0;1.58;3.78;5.64;1.5;2.46;1.99;1.82
SP1;13/12/08;Valencia;Espanol;2;1;H;0;1;A;22;7;6;3;20;18;11;1;4;4;0;1;1.53;4.0;6.0;1.53;3.81;6.15;1.72;2.03;1.96;1.86
SP1;14/12/08;Almeria;Santander;1;1;D;0;1;A;7;9;4;1;17;17;10;4;5;3;0;1;2.2;3.3;3.25;2.15;3.22;3.23;2.11;1.66;1.93;1.95
SP1;14/12/08;Ath Bilbao;Sp Gijon;3;0;H;3;0;H;16;7;7;1;12;14;10;7;1;3;0;0;2.0;3.3;3.8;1.99;3.24;3.65;1.84;1.89;1.99;1.87
SP1;14/12/08;Ath Madrid;Betis;2;0;H;1;0;H;17;10;7;3;14;15;1;6;1;3;0;0;1.62;3.75;5.5;1.65;3.52;5.22;1.62;2.19;1.86;2.0
SP1;14/12/08;Getafe;Mallorca;4;1;H;2;1;H;12;14;5;7;17;24;2;6;2;6;0;0;1.85;3.4;4.33;1.83;3.36;4.13;1.93;1.82;1.85;2.0
SP1;14/12/08;Malaga;Numancia;2;0;H;0;0;D;13;11;5;2;13;14;4;3;3;2;0;0;1.95;3.3;4.0;1.85;3.32;4.12;1.85;1.89;1.9;1.96
SP1;14/12/08;Recreativo;Osasuna;1;0;H;0;0;D;7;13;3;7;12;16;9;6;1;2;0;0;2.3;3.25;3.1;2.27;3.18;3.04;2.26;1.58;1.65;2.23
SP1;14/12/08;Sevilla;Villarreal;1;0;H;1;0;H;26;4;8;1;23;12;10;0;2;2;0;1;2.05;3.3;3.6;2.04;3.3;3.46;1.85;1.88;2.05;1.81
SP1;14/12/08;Valladolid;La Coruna;3;0;H;2;0;H;12;9;6;3;9;8;4;6;1;2;0;0;2.1;3.4;3.4;2.16;3.24;3.25;2.09;1.68;1.93;1.93
SP1;20/12/08;Espanol;Ath Madrid;2;3;A;0;1;A;21;13;8;5;16;14;5;4;2;3;0;0;3.4;3.4;2.1;3.29;3.27;2.13;1.84;1.88;2.37;1.55
SP1;20/12/08;Real Madrid;Valencia;1;0;H;1;0;H;19;20;6;4;18;16;9;12;4;2;0;1;1.9;3.4;4.0;1.91;3.37;3.87;1.61;2.19;1.92;1.95
SP1;21/12/08;Betis;Ath Bilbao;0;1;A;0;1;A;12;12;1;4;16;22;4;5;0;2;0;0;2.1;3.25;3.6;2.09;3.23;3.46;2.02;1.72;1.52;2.46
SP1;21/12/08;La Coruna;Recreativo;4;1;H;3;1;H;21;6;7;2;9;18;9;2;4;1;0;0;1.72;3.5;5.0;1.7;3.47;4.85;2.04;1.7;2.01;1.87
SP1;21/12/08;Mallorca;Sevilla;0;0;D;0;0;D;15;7;2;1;20;13;8;3;3;4;0;0;3.5;3.5;2.05;3.51;3.35;2.01;1.8;1.94;1.82;2.04
SP1;21/12/08;Numancia;Valladolid;4;3;H;1;1;D;11;19;7;6;9;7;4;10;4;3;0;0;2.5;3.4;2.75;2.47;3.22;2.72;1.94;1.79;1.86;1.96
SP1;21/12/08;Osasuna;Getafe;5;2;H;4;0;H;12;14;8;7;16;14;7;5;1;4;0;0;2.4;3.3;2.87;2.4;3.21;2.81;2.17;1.62;1.76;2.07
SP1;21/12/08;Santander;Malaga;1;1;D;0;1;A;15;14;3;5;17;16;5;3;3;3;0;0;2.05;3.4;3.6;2.03;3.29;3.5;1.96;1.77;2.07;1.81
SP1;21/12/08;Sp Gijon;Almeria;1;0;H;1;0;H;8;10;3;4;17;12;6;9;5;2;0;0;2.3;3.0;3.4;2.25;3.14;3.1;1.86;1.86;1.61;2.24
SP1;21/12/08;Villarreal;Barcelona;1;2;A;0;0;D;8;16;1;7;17;22;4;7;3;2;0;1;4.2;3.75;1.8;4.14;3.51;1.81;1.64;2.14;2.03;1.82
SP1;03/01/09;Barcelona;Mallorca;3;1;H;1;1;D;18;6;8;3;11;17;5;0;4;4;0;1;1.18;6.5;15.0;1.17;6.5;14.68;1.43;2.65;2.03;1.79
SP1;03/01/09;Valencia;Ath Madrid;3;1;H;2;1;H;16;11;6;5;18;20;2;3;2;3;0;0;2.1;3.4;3.4;2.15;3.27;3.26;1.67;2.09;1.56;2.35
SP1;04/01/09;Almeria;Betis;1;0;H;1;0;H;10;17;3;5;18;14;4;6;2;1;1;1;2.37;3.3;3.0;2.33;3.21;2.92;2.1;1.67;1.69;2.04
SP1;04/01/09;Ath Bilbao;Espanol;1;1;D;0;1;A;16;10;6;5;22;23;8;5;3;5;0;0;1.9;3.4;4.0;1.85;3.32;4.14;2.01;1.74;1.9;1.96
SP1;04/01/09;Getafe;La Coruna;1;2;A;1;1;D;14;12;4;3;17;10;5;4;6;5;0;0;2.1;3.3;3.5;2.14;3.2;3.3;2.07;1.69;1.55;2.37
SP1;04/01/09;Malaga;Sp Gijon;1;0;H;1;0;H;14;6;8;2;11;19;5;1;1;3;0;0;1.95;3.25;4.2;1.93;3.2;3.92;1.81;1.92;1.95;1.9
SP1;04/01/09;Real Madrid;Villarreal;1;0;H;1;0;H;16;14;6;6;24;20;7;11;2;4;0;0;1.75;3.75;4.5;1.76;3.48;4.42;1.63;2.18;1.32;3.2
SP1;04/01/09;Recreativo;Numancia;3;1;H;1;0;H;10;12;4;4;16;14;4;5;3;0;0;0;2.1;3.3;3.5;2.07;3.23;3.43;2.07;1.69;1.51;2.47
SP1;04/01/09;Sevilla;Osasuna;1;1;D;0;0;D;15;13;3;1;19;12;11;3;5;3;0;0;1.36;4.5;9.0;1.36;4.38;8.39;1.77;1.97;1.98;1.89
SP1;04/01/09;Valladolid;Santander;0;1;A;0;0;D;8;9;3;4;8;15;11;4;1;4;0;0;2.0;3.4;3.75;1.99;3.29;3.63;1.96;1.78;2.06;1.81
SP1;10/01/09;La Coruna;Sevilla;1;3;A;1;0;H;20;8;4;4;13;15;10;1;1;2;0;1;2.7;3.2;2.7;2.56;3.21;2.67;2.06;1.71;1.84;1.95
SP1;10/01/09;Valencia;Villarreal;3;3;D;2;1;H;19;23;7;10;14;21;8;11;1;3;0;0;2.0;3.3;3.8;1.94;3.29;3.85;1.74;2.01;1.99;1.89
SP1;11/01/09;Ath Madrid;Ath Bilbao;2;3;A;1;1;D;12;9;2;4;21;16;11;8;7;4;1;0;1.62;3.6;6.0;1.6;3.57;5.73;1.7;2.06;1.83;2.04
SP1;11/01/09;Betis;Malaga;1;2;A;1;1;D;21;20;9;7;13;13;4;4;1;2;2;0;2.0;3.4;3.7;1.98;3.29;3.69;1.96;1.78;1.97;1.9
SP1;11/01/09;Espanol;Almeria;2;2;D;0;1;A;23;9;9;3;15;27;4;3;5;3;0;0;2.05;3.5;3.6;2.07;3.27;3.46;2.11;1.66;1.51;2.43
SP1;11/01/09;Mallorca;Real Madrid;0;3;A;0;2;A;14;11;3;6;24;20;9;0;6;3;0;0;4.75;3.5;1.75;4.61;3.42;1.75;1.7;2.05;3.39;1.28
SP1;11/01/09;Numancia;Getafe;2;0;H;1;0;H;14;7;5;3;21;15;3;3;1;3;0;1;2.5;3.3;2.8;2.44;3.22;2.77;1.95;1.78;1.81;1.99
SP1;11/01/09;Osasuna;Barcelona;2;3;A;0;1;A;6;17;5;9;11;11;2;7;2;3;0;0;8.0;4.5;1.4;7.58;4.27;1.41;1.59;2.24;5.55;1.12
SP1;11/01/09;Santander;Recreativo;1;1;D;1;1;D;10;10;2;5;17;12;4;5;3;3;0;0;1.91;3.4;4.0;1.88;3.32;4.06;2.14;1.65;1.9;1.96
SP1;11/01/09;Sp Gijon;Valladolid;2;1;H;2;0;H;8;6;6;2;22;14;2;12;3;1;0;1;2.38;3.1;3.2;2.33;3.16;2.96;1.83;1.89;1.66;2.11
SP1;17/01/09;Barcelona;La Coruna;5;0;H;3;0;H;21;1;10;0;8;12;9;4;0;0;0;1;1.25;5.5;12.0;1.27;5.12;10.88;1.52;2.42;1.95;1.92
SP1;17/01/09;Sevilla;Numancia;1;0;H;0;0;D;20;10;2;5;21;21;9;6;4;3;0;1;1.33;4.75;9.5;1.33;4.7;8.98;1.64;2.15;2.01;1.81
SP1;18/01/09;Almeria;Ath Madrid;1;1;D;1;1;D;11;18;3;4;17;18;10;7;3;2;1;1;3.0;3.4;2.3;2.97;3.26;2.29;1.81;1.92;1.85;2.01
SP1;18/01/09;Ath Bilbao;Valencia;3;2;H;2;2;D;14;17;7;6;15;16;4;1;4;2;0;1;3.0;3.4;2.3;2.91;3.23;2.34;1.86;1.87;2.11;1.71
SP1;18/01/09;Getafe;Santander;0;1;A;0;1;A;16;6;3;1;11;24;6;3;3;6;0;0;2.2;3.3;3.3;2.16;3.23;3.25;2.1;1.67;1.57;2.33
SP1;18/01/09;Malaga;Espanol;4;0;H;1;0;H;10;16;9;5;16;16;4;4;0;2;0;0;2.0;3.4;3.75;1.98;3.3;3.68;1.96;1.77;2.06;1.81
SP1;18/01/09;Real Madrid;Osasuna;3;1;H;0;1;A;19;5;6;3;16;21;5;1;3;3;0;1;1.25;5.5;12.0;1.24;5.53;11.18;1.56;2.3;1.82;2.02
SP1;18/01/09;Recreativo;Sp Gijon;2;0;H;1;0;H;17;13;4;1;19;22;4;4;2;4;0;0;2.25;3.0;3.5;2.16;3.18;3.29;1.88;1.85;1.56;2.37
SP1;18/01/09;Valladolid;Betis;1;3;A;1;1;D;14;11;2;9;10;14;4;2;0;3;0;0;2.05;3.4;3.5;2.04;3.27;3.51;1.98;1.77;1.48;2.53
SP1;18/01/09;Villarreal;Mallorca;2;0;H;2;0;H;9;17;6;6;9;13;1;2;0;1;0;0;1.44;4.2;7.5;1.45;3.95;7.32;1.68;2.08;1.83;2.01
SP1;24/01/09;Barcelona;Numancia;4;1;H;0;0;D;24;4;8;2;14;13;3;2;2;3;0;1;1.14;7.5;18.0;1.14;7.24;16.55;1.37;2.89;1.93;1.93
SP1;24/01/09;Villarreal;Osasuna;1;1;D;1;0;H;12;9;8;4;19;24;5;10;2;2;0;0;1.5;4.0;7.0;1.48;3.84;7.0;1.78;1.96;1.9;1.93
SP1;25/01/09;Almeria;Ath Bilbao;2;1;H;2;0;H;16;8;5;4;16;10;10;8;1;4;0;0;2.4;3.3;2.87;2.38;3.22;2.86;2.06;1.7;1.72;2.09
SP1;25/01/09;Getafe;Sp Gijon;5;1;H;2;1;H;22;9;10;5;12;21;7;6;2;2;0;0;1.9;3.3;4.0;1.96;3.23;3.81;1.87;1.85;1.42;2.72
SP1;25/01/09;Malaga;Ath Madrid;1;1;D;1;1;D;16;19;5;10;15;14;6;4;3;3;0;0;2.7;3.4;2.5;2.71;3.26;2.47;1.78;1.97;2.0;1.81
SP1;25/01/09;Mallorca;Valencia;3;1;H;3;0;H;22;12;10;1;14;11;8;6;1;1;0;0;3.2;3.3;2.25;3.25;3.27;2.15;1.77;1.97;2.32;1.57
SP1;25/01/09;Real Madrid;La Coruna;1;0;H;1;0;H;18;9;6;2;9;14;8;3;2;2;0;0;1.4;4.5;7.5;1.39;4.35;8.06;1.57;2.27;1.11;5.83
SP1;25/01/09;Recreativo;Betis;1;0;H;0;0;D;10;11;3;4;14;18;4;3;4;3;0;0;2.5;3.25;2.8;2.42;3.2;2.82;2.09;1.67;1.8;2.01
SP1;25/01/09;Sevilla;Santander;0;2;A;0;1;A;17;12;5;7;16;23;4;4;1;6;0;1;1.53;3.8;6.5;1.56;3.62;6.26;1.91;1.83;1.81;2.06
SP1;25/01/09;Valladolid;Espanol;1;1;D;1;0;H;22;13;7;4;22;18;6;7;1;4;0;0;2.05;3.4;3.6;1.97;3.3;3.67;1.95;1.79;1.43;2.67
SP1;31/01/09;Ath Bilbao;Malaga;3;2;H;1;1;D;21;16;6;4;13;20;3;2;2;3;0;0;2.0;3.5;3.6;2.05;3.27;3.5;1.94;1.8;1.46;2.56
SP1;31/01/09;Numancia;Real Madrid;0;2;A;0;0;D;13;13;3;5;17;14;6;2;2;2;0;1;6.5;3.6;1.57;5.95;3.61;1.58;1.65;2.12;1.78;2.06
SP1;01/02/09;Ath Madrid;Valladolid;1;2;A;0;0;D;10;12;2;2;16;11;4;5;2;2;0;0;1.53;3.8;7.5;1.54;3.67;6.36;1.6;2.15;2.01;1.84
SP1;01/02/09;Betis;Getafe;2;2;D;2;0;H;6;26;2;10;18;12;2;15;3;4;1;0;2.1;3.4;3.4;2.08;3.26;3.41;1.99;1.75;1.49;2.49
SP1;01/02/09;Espanol;Recreativo;1;1;D;0;0;D;10;14;5;5;16;18;6;8;2;2;1;0;2.0;3.4;3.75;2.01;3.29;3.57;2.1;1.67;2.04;1.83
SP1;01/02/09;La Coruna;Villarreal;3;0;H;1;0;H;17;10;12;4;20;16;5;4;3;4;0;0;2.5;3.4;2.75;2.48;3.21;2.73;1.96;1.78;1.81;2.0
SP1;01/02/09;Osasuna;Mallorca;1;0;H;1;0;H;9;13;3;2;20;24;9;8;3;3;1;2;2.0;3.25;4.0;1.98;3.27;3.71;1.97;1.71;2.02;1.84
SP1;01/02/09;Santander;Barcelona;1;2;A;0;0;D;7;8;4;2;21;12;2;3;1;2;0;2;7.5;3.75;1.5;6.61;3.71;1.52;1.66;2.07;1.92;1.93
SP1;01/02/09;Sp Gijon;Sevilla;1;0;H;0;0;D;13;15;4;9;21;16;3;7;2;2;1;0;3.75;3.25;2.05;3.47;3.2;2.08;1.78;1.89;2.4;1.51
SP1;01/02/09;Valencia;Almeria;3;2;H;2;1;H;9;12;5;5;23;17;4;4;3;2;0;0;1.61;3.6;6.0;1.59;3.61;5.69;1.69;2.07;1.19;4.17
SP1;07/02/09;Real Madrid;Santander;1;0;H;0;0;D;14;12;5;3;17;11;10;5;4;3;0;0;1.4;4.33;8.5;1.41;4.04;7.9;1.72;2.03;1.84;2.02
SP1;07/02/09;Sevilla;Betis;1;2;A;0;0;D;18;15;4;7;17;22;6;2;2;5;1;0;1.75;3.5;4.75;1.79;3.31;4.5;1.98;1.77;1.89;1.98
SP1;08/02/09;Barcelona;Sp Gijon;3;1;H;2;0;H;18;5;7;1;13;19;7;2;2;3;0;0;1.16;6.5;17.0;1.17;6.37;14.33;1.35;2.95;1.81;2.03
SP1;08/02/09;Getafe;Espanol;1;1;D;1;1;D;29;7;9;3;16;21;10;1;3;3;0;1;1.9;3.4;4.0;1.89;3.27;4.01;1.98;1.75;1.89;1.96
SP1;08/02/09;Malaga;Almeria;3;2;H;0;2;A;20;9;11;2;17;16;8;5;5;4;0;1;2.05;3.4;3.6;2.0;3.26;3.62;1.93;1.81;2.07;1.78
SP1;08/02/09;Mallorca;La Coruna;1;1;D;0;0;D;15;15;5;5;20;21;7;2;2;4;1;0;2.4;3.3;2.87;2.47;3.18;2.75;2.0;1.74;1.78;2.05
SP1;08/02/09;Osasuna;Valencia;1;0;H;0;0;D;10;15;2;4;18;13;7;4;6;5;0;0;2.62;3.3;2.62;2.64;3.21;2.55;1.82;1.92;1.93;1.88
SP1;08/02/09;Recreativo;Ath Madrid;0;3;A;0;3;A;15;9;6;4;10;23;10;2;1;2;0;0;2.87;3.4;2.37;2.76;3.23;2.43;1.87;1.86;2.04;1.78
SP1;08/02/09;Valladolid;Ath Bilbao;2;1;H;1;0;H;16;15;5;2;20;12;8;8;3;1;0;1;2.1;3.4;3.4;2.16;3.24;3.21;1.86;1.88;1.55;2.37
SP1;08/02/09;Villarreal;Numancia;2;1;H;1;1;D;21;8;12;4;10;18;3;4;4;2;0;0;1.5;4.0;7.0;1.5;3.84;6.54;1.74;2.0;1.84;2.01
SP1;14/02/09;Betis;Barcelona;2;2;D;2;1;H;7;23;5;12;20;14;1;7;3;2;0;0;6.5;4.0;1.53;6.17;3.8;1.53;1.58;2.26;1.86;1.96
SP1;14/02/09;La Coruna;Osasuna;0;0;D;0;0;D;15;6;2;1;10;18;10;4;2;2;0;0;2.05;3.25;3.75;2.01;3.26;3.63;2.13;1.65;1.44;2.65
SP1;14/02/09;Valencia;Malaga;1;1;D;0;0;D;19;15;9;5;21;11;5;1;3;3;0;0;1.73;3.6;4.75;1.69;3.49;4.95;1.63;2.16;1.91;1.96
SP1;15/02/09;Almeria;Valladolid;3;2;H;0;2;A;10;12;5;4;18;23;8;0;4;3;2;1;2.2;3.4;3.25;2.15;3.26;3.23;1.93;1.81;1.56;2.35
SP1;15/02/09;Ath Bilbao;Recreativo;1;1;D;0;1;A;7;16;2;1;13;15;3;2;2;3;0;0;1.8;3.4;4.5;1.78;3.35;4.56;1.96;1.78;1.88;1.99
SP1;15/02/09;Ath Madrid;Getafe;1;1;D;1;0;H;16;14;6;4;15;13;6;6;4;3;0;0;1.73;3.5;5.0;1.67;3.5;5.13;1.69;2.07;1.91;1.96
SP1;15/02/09;Espanol;Sevilla;0;2;A;0;0;D;12;20;4;7;14;12;4;8;2;2;1;0;3.1;3.3;2.3;2.95;3.21;2.33;2.1;1.67;2.13;1.7
SP1;15/02/09;Numancia;Mallorca;0;1;A;0;1;A;15;10;4;5;10;20;8;4;1;1;0;0;2.3;3.3;3.1;2.24;3.23;3.09;1.87;1.87;1.65;2.22
SP1;15/02/09;Santander;Villarreal;1;1;D;1;1;D;11;15;6;7;19;9;8;7;2;1;0;0;2.4;3.3;3.0;2.39;3.18;2.87;2.08;1.68;1.74;2.09
SP1;15/02/09;Sp Gijon;Real Madrid;0;4;A;0;2;A;10;17;1;9;13;6;5;5;1;1;0;0;5.5;3.75;1.62;5.51;3.6;1.61;1.68;2.1;3.94;1.22
SP1;21/02/09;Barcelona;Espanol;1;2;A;0;0;D;20;4;2;2;14;24;4;2;6;6;1;0;1.22;5.75;13.0;1.23;5.7;11.58;1.47;2.56;1.74;2.09
SP1;21/02/09;Real Madrid;Betis;6;1;H;6;1;H;21;13;8;1;11;19;2;2;1;3;0;0;1.44;4.33;7.0;1.46;4.03;6.81;1.66;2.12;1.93;1.9
SP1;21/02/09;Sevilla;Ath Madrid;1;0;H;0;0;D;12;5;11;4;18;16;9;7;2;4;0;0;2.0;3.3;3.75;1.99;3.29;3.68;1.84;1.91;1.44;2.64
SP1;21/02/09;Villarreal;Sp Gijon;2;1;H;2;1;H;15;7;11;2;14;26;5;5;3;4;0;0;1.57;3.8;6.0;1.57;3.64;5.88;1.65;2.14;2.01;1.84
SP1;22/02/09;Getafe;Ath Bilbao;1;1;D;1;1;D;20;4;8;2;16;24;7;3;6;3;0;0;2.1;3.3;3.5;2.08;3.24;3.44;1.99;1.77;1.51;2.44
SP1;22/02/09;La Coruna;Valencia;1;1;D;0;1;A;16;7;7;1;13;21;6;6;1;7;0;1;2.4;3.25;2.9;2.38;3.2;2.88;1.94;1.82;1.76;2.07
SP1;22/02/09;Mallorca;Santander;1;0;H;0;0;D;16;10;8;0;20;28;7;4;4;5;0;1;2.5;3.25;2.8;2.47;3.18;2.77;2.12;1.66;1.79;2.03
SP1;22/02/09;Osasuna;Numancia;2;0;H;2;0;H;15;16;6;4;20;18;10;8;5;2;0;0;1.72;3.5;5.0;1.72;3.4;4.94;2.07;1.7;1.26;3.45
SP1;22/02/09;Recreativo;Almeria;1;1;D;0;0;D;16;7;7;1;15;14;9;2;3;3;0;1;2.1;3.25;3.6;2.08;3.22;3.45;2.13;1.66;1.51;2.47
SP1;22/02/09;Valladolid;Malaga;1;3;A;0;2;A;22;8;16;5;17;10;9;3;3;2;0;0;2.2;3.25;3.25;2.14;3.22;3.31;1.81;1.94;1.54;2.39
SP1;28/02/09;Ath Bilbao;Sevilla;1;2;A;1;1;D;8;17;5;4;18;10;3;4;5;2;0;0;2.75;3.25;2.6;2.68;3.19;2.56;1.98;1.76;1.95;1.85
SP1;28/02/09;Espanol;Real Madrid;0;2;A;0;0;D;9;11;2;3;12;17;3;2;2;3;0;0;4.5;3.5;1.8;4.2;3.33;1.86;1.85;1.89;1.88;2.0
SP1;01/03/09;Almeria;Getafe;2;1;H;1;1;D;11;17;5;5;19;14;8;2;4;5;0;0;2.2;3.25;3.4;2.2;3.2;3.22;1.93;1.82;1.58;2.3
SP1;01/03/09;Ath Madrid;Barcelona;4;3;H;1;2;A;22;14;9;6;15;17;6;3;3;2;0;0;3.75;3.6;1.9;3.81;3.43;1.91;1.6;2.24;1.93;1.96
SP1;01/03/09;Betis;Villarreal;2;2;D;1;2;A;26;14;5;6;24;15;8;2;5;4;0;0;2.5;3.25;2.8;2.47;3.2;2.77;1.94;1.81;1.76;2.07
SP1;01/03/09;Malaga;Recreativo;0;2;A;0;0;D;16;10;4;5;17;23;12;4;2;5;1;0;1.8;3.5;4.5;1.76;3.41;4.58;1.9;1.85;1.79;2.11
SP1;01/03/09;Numancia;La Coruna;0;1;A;0;0;D;11;13;3;5;12;15;4;5;2;2;0;0;2.62;3.25;2.62;2.65;3.19;2.59;1.99;1.76;1.89;1.92
SP1;01/03/09;Santander;Osasuna;1;1;D;1;1;D;14;11;5;4;24;19;3;4;2;2;0;0;2.4;3.2;3.1;2.27;3.16;3.13;2.3;1.56;1.65;2.21
SP1;01/03/09;Sp Gijon;Mallorca;0;1;A;0;0;D;12;12;2;7;15;13;4;1;4;4;0;0;2.3;3.25;3.1;2.29;3.17;3.06;1.84;1.9;1.68;2.16
SP1;01/03/09;Valencia;Valladolid;1;2;A;0;2;A;13;9;4;2;18;13;5;3;3;3;0;1;1.8;3.4;4.75;1.78;3.39;4.54;1.67;2.1;1.83;2.06
SP1;07/03/09;Barcelona;Ath Bilbao;2;0;H;2;0;H;28;5;10;0;16;24;5;1;3;4;0;0;1.28;5.5;9.5;1.28;5.15;10.6;1.48;2.5;1.82;2.03
SP1;07/03/09;Real Madrid;Ath Madrid;1;1;D;0;1;A;19;18;5;4;21;16;12;4;2;1;0;0;1.72;3.6;4.75;1.73;3.53;4.68;1.67;2.11;2.06;1.84
SP1;07/03/09;Villarreal;Espanol;1;0;H;1;0;H;10;14;2;5;15;20;3;9;3;0;0;0;1.8;3.4;4.75;1.79;3.37;4.57;1.97;1.78;1.85;2.03
SP1;08/03/09;Getafe;Malaga;1;2;A;0;2;A;21;8;3;3;18;17;6;2;7;4;1;1;2.2;3.3;3.3;2.19;3.24;3.23;1.89;1.84;1.57;2.32
SP1;08/03/09;La Coruna;Santander;5;3;H;1;2;A;12;18;6;8;13;21;5;7;1;3;0;0;2.2;3.2;3.4;2.11;3.19;3.48;2.25;1.58;1.51;2.48
SP1;08/03/09;Mallorca;Betis;3;3;D;0;2;A;17;11;7;4;9;20;7;5;2;3;0;0;2.3;3.25;3.1;2.26;3.2;3.11;1.94;1.8;1.63;2.24
SP1;08/03/09;Numancia;Valencia;2;1;H;1;1;D;12;15;5;4;21;13;1;6;5;4;0;0;3.4;3.4;2.1;3.38;3.27;2.09;1.82;1.92;2.47;1.52
SP1;08/03/09;Osasuna;Sp Gijon;1;2;A;1;2;A;16;9;2;6;16;21;7;2;2;5;0;0;1.66;3.4;6.0;1.66;3.38;5.64;1.95;1.79;1.22;3.96
SP1;08/03/09;Recreativo;Valladolid;2;3;A;1;2;A;18;10;8;4;21;14;8;8;1;2;0;2;2.3;3.3;3.1;2.27;3.23;3.07;1.92;1.81;1.66;2.2
SP1;08/03/09;Sevilla;Almeria;2;1;H;1;0;H;15;11;10;5;19;13;4;3;3;2;0;0;1.72;3.6;4.75;1.67;3.47;5.38;1.89;1.84;1.98;1.91
SP1;14/03/09;Ath Bilbao;Real Madrid;2;5;A;2;2;D;13;25;8;9;17;27;10;1;7;4;2;0;3.75;3.4;2.0;3.55;3.32;2.02;1.81;1.95;1.8;2.1
SP1;14/03/09;Valencia;Recreativo;1;1;D;0;0;D;18;8;4;1;15;24;7;10;2;4;1;0;1.91;3.4;4.33;1.83;3.33;4.33;1.85;1.9;1.93;1.96
SP1;15/03/09;Almeria;Barcelona;0;2;A;0;0;D;5;17;1;7;11;10;5;5;4;0;0;0;5.75;3.8;1.6;5.27;3.66;1.62;1.59;2.25;1.81;2.05
SP1;15/03/09;Ath Madrid;Villarreal;3;2;H;0;1;A;32;6;14;4;28;15;12;2;5;2;0;1;2.05;3.4;3.6;2.06;3.31;3.45;1.74;2.02;2.09;1.8
SP1;15/03/09;Betis;Osasuna;0;0;D;0;0;D;22;5;5;0;10;24;6;3;3;4;0;0;2.1;3.3;3.5;2.11;3.23;3.38;1.98;1.78;1.51;2.5
SP1;15/03/09;Espanol;Mallorca;3;3;D;0;1;A;8;17;3;7;16;20;3;5;3;3;1;0;2.1;3.3;3.5;2.14;3.23;3.31;2.09;1.68;1.54;2.41
SP1;15/03/09;Malaga;Sevilla;2;2;D;2;0;H;4;21;2;9;22;16;1;5;3;1;1;0;2.8;3.3;2.5;2.72;3.19;2.51;1.93;1.82;2.0;1.82
SP1;15/03/09;Santander;Numancia;5;0;H;5;0;H;20;5;9;1;25;23;6;8;1;4;0;0;1.8;3.4;4.75;1.77;3.32;4.68;2.03;1.73;1.8;2.09
SP1;15/03/09;Sp Gijon;La Coruna;3;2;H;0;0;D;13;16;8;5;22;15;5;5;5;3;0;0;2.62;3.2;2.7;2.58;3.16;2.64;1.88;1.87;1.87;1.94
SP1;15/03/09;Valladolid;Getafe;1;0;H;0;0;D;16;8;6;1;12;13;17;4;2;1;0;1;2.05;3.4;3.6;2.03;3.29;3.54;1.82;1.94;2.06;1.82
SP1;21/03/09;Sevilla;Valladolid;4;1;H;2;1;H;16;8;7;2;15;19;9;2;2;4;0;0;1.66;3.6;5.5;1.64;3.52;5.35;1.78;1.97;1.24;3.73
SP1;21/03/09;Villarreal;Ath Bilbao;2;0;H;0;0;D;16;15;7;5;21;21;6;5;4;1;0;1;1.72;3.6;4.75;1.7;3.49;4.87;1.75;2.0;1.27;3.49
SP1;22/03/09;Barcelona;Malaga;6;0;H;4;0;H;27;10;14;3;9;15;10;7;2;3;0;0;1.22;6.0;13.0;1.23;5.56;11.68;1.41;2.69;1.05;8.7
SP1;22/03/09;Getafe;Recreativo;2;1;H;0;0;D;25;9;13;4;12;20;8;2;0;1;0;0;2.0;3.3;3.8;2.05;3.23;3.56;2.09;1.67;1.49;2.54
SP1;22/03/09;La Coruna;Betis;1;1;D;1;1;D;18;16;4;7;11;17;5;1;1;4;0;0;2.2;3.3;3.25;2.1;3.24;3.39;1.91;1.84;1.52;2.47
SP1;22/03/09;Mallorca;Ath Madrid;2;0;H;1;0;H;8;9;3;0;23;14;4;3;2;2;0;0;3.0;3.4;2.3;2.93;3.26;2.33;1.7;2.06;2.14;1.69
SP1;22/03/09;Numancia;Sp Gijon;2;1;H;1;0;H;13;9;6;3;22;22;9;3;2;3;1;1;2.35;3.25;3.0;2.31;3.17;2.99;1.82;1.92;1.69;2.14
SP1;22/03/09;Osasuna;Espanol;1;0;H;0;0;D;9;8;4;4;25;14;5;5;6;3;0;0;2.15;3.25;3.4;2.09;3.22;3.41;2.09;1.68;1.54;2.4
SP1;22/03/09;Real Madrid;Almeria;3;0;H;1;0;H;15;14;7;4;13;16;4;7;5;2;0;0;1.3;5.25;9.5;1.28;5.03;9.93;1.55;2.32;1.93;1.92
SP1;22/03/09;Santander;Valencia;0;1;A;0;0;D;19;7;8;2;17;20;9;6;4;2;0;1;2.4;3.25;2.9;2.35;3.19;2.92;1.99;1.76;1.7;2.12
SP1;04/04/09;Almeria;Villarreal;3;0;H;3;0;H;18;7;6;3;20;14;1;3;2;3;0;1;2.4;3.2;3.0;2.43;3.19;2.86;1.92;1.84;1.75;2.08
SP1;04/04/09;Ath Bilbao;Mallorca;2;1;H;1;0;H;9;18;3;1;29;22;0;0;6;3;0;0;2.0;3.4;3.6;2.07;3.27;3.5;1.9;1.84;1.47;2.59
SP1;04/04/09;Betis;Numancia;3;3;D;1;1;D;20;18;9;6;21;15;6;4;3;4;2;1;1.61;3.75;5.5;1.63;3.58;5.54;1.78;1.97;1.21;4.12
SP1;04/04/09;Malaga;Real Madrid;0;1;A;0;0;D;11;16;7;5;17;21;8;6;3;4;0;0;4.75;3.6;1.72;4.63;3.46;1.76;1.64;2.15;3.33;1.29
SP1;04/04/09;Recreativo;Sevilla;0;1;A;0;1;A;12;17;0;4;17;14;8;3;3;2;1;0;3.6;3.4;2.0;3.48;3.27;2.07;1.93;1.82;2.51;1.5
SP1;04/04/09;Valladolid;Barcelona;0;1;A;0;1;A;7;13;2;4;21;9;4;4;1;0;0;0;6.0;4.0;1.53;6.51;4.0;1.49;1.51;2.41;1.9;1.99
SP1;05/04/09;Ath Madrid;Osasuna;2;4;A;1;2;A;17;11;6;5;14;15;8;5;2;1;0;0;1.66;3.6;5.25;1.64;3.55;5.43;1.77;1.98;1.9;1.98
SP1;05/04/09;Espanol;La Coruna;3;1;H;2;1;H;12;11;6;5;20;17;5;3;2;1;0;0;2.4;3.2;3.0;2.32;3.18;3.0;2.12;1.66;1.7;2.13
SP1;05/04/09;Sp Gijon;Santander;0;2;A;0;0;D;15;5;12;3;18;16;9;2;2;4;0;0;2.62;3.25;2.62;2.58;3.14;2.7;1.92;1.82;1.84;1.97
SP1;05/04/09;Valencia;Getafe;4;1;H;2;0;H;16;18;8;5;26;14;3;3;1;3;0;1;1.85;3.5;4.2;1.84;3.38;4.25;1.79;1.95;1.89;1.99
SP1;11/04/09;Barcelona;Recreativo;2;0;H;1;0;H;16;7;6;4;12;14;15;4;0;1;0;0;1.14;7.5;17.0;1.14;7.47;16.49;1.4;2.75;1.83;2.06
SP1;11/04/09;Villarreal;Malaga;0;2;A;0;1;A;20;8;6;2;14;13;10;5;2;2;0;0;2.1;3.3;3.5;2.09;3.25;3.46;1.78;1.97;1.53;2.5
SP1;12/04/09;La Coruna;Ath Madrid;1;2;A;0;1;A;9;8;4;4;10;19;4;5;2;5;0;0;2.5;3.4;2.75;2.45;3.22;2.8;1.85;1.89;1.79;2.02
SP1;12/04/09;Mallorca;Almeria;2;0;H;0;0;D;8;5;6;3;7;6;1;0;5;1;0;1;2.1;3.4;3.4;2.05;3.28;3.51;1.89;1.86;2.1;1.79
SP1;12/04/09;Numancia;Espanol;0;0;D;0;0;D;9;18;4;7;32;18;4;7;5;2;0;0;2.5;3.25;2.8;2.53;3.18;2.72;1.89;1.86;1.87;1.94
SP1;12/04/09;Osasuna;Ath Bilbao;2;1;H;1;1;D;21;10;5;5;15;15;4;1;4;2;0;1;2.1;3.25;3.6;2.08;3.2;3.54;2.06;1.71;1.48;2.55
SP1;12/04/09;Real Madrid;Valladolid;2;0;H;1;0;H;20;17;6;9;15;15;2;5;3;1;0;0;1.29;5.5;10.0;1.26;5.46;10.15;1.5;2.42;1.91;1.94
SP1;12/04/09;Santander;Betis;2;3;A;2;2;D;14;14;3;5;21;20;10;7;3;5;1;0;2.0;3.4;3.75;2.0;3.28;3.68;1.96;1.79;2.01;1.87
SP1;12/04/09;Sevilla;Getafe;0;1;A;0;0;D;15;12;5;2;12;11;7;3;1;2;0;0;1.53;3.75;7.0;1.52;3.75;6.56;1.83;1.91;1.92;1.93
SP1;12/04/09;Sp Gijon;Valencia;2;3;A;1;1;D;16;5;7;3;19;11;11;3;5;3;0;0;3.6;3.2;2.1;3.28;3.22;2.15;1.78;1.97;2.41;1.53
SP1;18/04/09;Ath Bilbao;La Coruna;0;1;A;0;0;D;20;7;5;1;17;16;6;2;2;2;1;0;2.15;3.4;3.3;2.1;3.26;3.42;1.9;1.84;1.49;2.52
SP1;18/04/09;Ath Madrid;Numancia;3;0;H;0;0;D;24;5;9;1;13;11;10;1;3;2;0;0;1.33;4.75;9.5;1.35;4.58;8.67;1.58;2.24;2.02;1.83
SP1;18/04/09;Getafe;Barcelona;0;1;A;0;1;A;3;17;0;8;19;9;1;5;4;2;0;0;7.0;4.33;1.44;6.87;4.12;1.46;1.58;2.26;1.91;1.94
SP1;18/04/09;Malaga;Mallorca;1;1;D;0;0;D;8;18;3;8;9;15;5;4;0;3;0;0;2.0;3.4;3.7;1.94;3.33;3.85;1.82;1.92;1.97;1.91
SP1;18/04/09;Recreativo;Real Madrid;0;1;A;0;0;D;8;19;3;8;13;13;4;9;1;3;0;0;6.0;3.8;1.57;5.8;3.76;1.57;1.73;2.03;1.75;2.11
SP1;19/04/09;Almeria;Osasuna;2;1;H;0;0;D;23;10;9;5;15;17;16;0;3;4;0;0;2.25;3.25;3.2;2.21;3.2;3.22;2.02;1.73;1.59;2.31
SP1;19/04/09;Betis;Sp Gijon;2;0;H;1;0;H;14;13;6;2;16;21;3;5;1;4;1;1;1.67;3.6;5.25;1.66;3.55;5.12;1.67;2.1;1.25;3.67
SP1;19/04/09;Espanol;Santander;1;0;H;0;0;D;13;8;2;1;18;27;7;5;1;5;0;0;2.15;3.25;3.4;2.12;3.26;3.37;2.02;1.73;1.54;2.42
SP1;19/04/09;Valencia;Sevilla;3;1;H;1;1;D;21;12;7;3;21;22;5;12;7;8;0;1;2.1;3.4;3.4;2.16;3.26;3.27;1.75;2.0;1.53;2.41
SP1;19/04/09;Valladolid;Villarreal;0;0;D;0;0;D;11;10;3;2;8;13;10;3;1;0;1;0;2.3;3.4;3.0;2.26;3.26;3.07;1.84;1.91;1.63;2.25
SP1;21/04/09;Numancia;Ath Bilbao;1;2;A;1;1;D;14;10;2;4;22;10;2;4;3;1;1;1;2.62;3.4;2.6;2.67;3.24;2.57;1.87;1.88;1.94;1.86
SP1;21/04/09;Real Madrid;Getafe;3;2;H;1;1;D;18;12;6;4;20;15;6;4;6;4;1;0;1.25;5.5;12.0;1.27;5.27;10.88;1.57;2.28;1.98;1.87
SP1;22/04/09;Barcelona;Sevilla;4;0;H;2;0;H;28;6;7;2;11;17;9;2;2;2;0;0;1.36;4.75;8.0;1.35;4.65;8.59;1.48;2.5;1.92;1.93
SP1;22/04/09;Betis;Valencia;1;2;A;0;0;D;7;9;2;4;20;20;3;4;1;2;0;0;2.9;3.25;2.4;2.85;3.25;2.41;1.72;2.04;2.08;1.75
SP1;22/04/09;La Coruna;Almeria;2;0;H;0;0;D;17;16;5;2;17;13;5;5;2;1;0;0;2.0;3.3;3.75;1.94;3.34;3.85;1.87;1.87;1.99;1.88
SP1;22/04/09;Osasuna;Malaga;2;3;A;2;1;H;10;11;4;5;12;11;5;3;1;0;3;1;2.15;3.3;3.3;2.13;3.26;3.37;1.9;1.84;1.54;2.39
SP1;23/04/09;Mallorca;Valladolid;2;0;H;0;0;D;14;9;6;1;10;14;4;5;1;3;0;0;2.05;3.3;3.6;2.04;3.28;3.58;1.8;1.95;2.06;1.82
SP1;23/04/09;Santander;Ath Madrid;5;1;H;3;0;H;13;8;7;4;22;13;6;5;3;2;0;0;2.87;3.3;2.4;2.81;3.24;2.44;1.78;1.97;2.03;1.79
SP1;23/04/09;Sp Gijon;Espanol;0;3;A;0;1;A;12;8;4;3;16;22;5;2;2;0;1;0;2.65;3.3;2.6;2.64;3.24;2.57;1.76;1.99;1.94;1.85
SP1;23/04/09;Villarreal;Recreativo;2;1;H;1;1;D;9;7;2;1;18;14;8;4;4;4;0;0;1.65;3.6;5.5;1.65;3.51;5.51;1.92;1.82;1.88;2.0
SP1;25/04/09;Almeria;Numancia;2;1;H;2;0;H;15;15;4;5;14;7;11;8;1;2;0;0;1.66;3.6;5.5;1.66;3.55;5.19;1.78;1.98;1.86;2.02
SP1;25/04/09;Malaga;La Coruna;1;1;D;1;0;H;16;19;9;6;21;14;6;8;3;2;0;0;2.1;3.3;3.5;2.12;3.27;3.37;1.83;1.93;1.9;1.99
SP1;25/04/09;Valencia;Barcelona;2;2;D;2;1;H;10;14;5;6;21;9;5;9;5;2;0;0;4.0;3.4;1.9;3.84;3.43;1.91;1.55;2.32;1.91;1.97
SP1;26/04/09;Ath Bilbao;Santander;2;1;H;2;0;H;12;5;5;3;18;30;3;7;3;7;2;3;2.1;3.25;3.6;2.12;3.24;3.39;1.87;1.89;1.86;2.03
SP1;26/04/09;Ath Madrid;Sp Gijon;3;1;H;2;0;H;10;13;5;2;18;14;3;5;2;4;1;0;1.4;4.5;8.0;1.38;4.33;8.15;1.5;2.43;1.93;1.93
SP1;26/04/09;Espanol;Betis;2;0;H;1;0;H;17;13;6;3;10;16;4;9;1;1;0;0;2.2;3.25;3.3;2.15;3.26;3.28;1.88;1.88;1.84;2.06
SP1;26/04/09;Getafe;Villarreal;1;2;A;0;2;A;20;11;5;5;10;15;4;3;2;0;1;1;2.5;3.25;2.8;2.49;3.22;2.74;1.91;1.84;1.77;2.06
SP1;26/04/09;Recreativo;Mallorca;2;4;A;0;2;A;15;14;2;7;20;19;17;1;5;6;0;1;2.37;3.25;3.0;2.34;3.24;2.93;2.02;1.73;1.69;2.14
SP1;26/04/09;Sevilla;Real Madrid;2;4;A;1;1;D;11;12;5;6;19;18;4;1;4;2;0;0;2.62;3.3;2.6;2.63;3.29;2.55;1.75;2.0;1.88;1.93
SP1;26/04/09;Valladolid;Osasuna;0;0;D;0;0;D;7;14;3;1;15;11;8;7;2;2;0;0;2.1;3.3;3.5;2.09;3.26;3.43;1.94;1.82;1.81;2.09
SP1;02/05/09;Numancia;Malaga;2;0;H;1;0;H;14;11;5;3;24;18;3;5;4;3;1;0;3.1;3.4;2.25;3.04;3.32;2.23;1.74;2.02;2.25;1.63
SP1;02/05/09;Real Madrid;Barcelona;2;6;A;1;3;A;5;17;4;13;22;9;3;2;4;2;0;0;2.5;3.4;2.75;2.55;3.31;2.62;1.54;2.33;1.87;1.93
SP1;02/05/09;Villarreal;Sevilla;0;2;A;0;0;D;15;9;5;3;21;22;4;3;2;3;0;1;2.37;3.4;2.87;2.37;3.27;2.85;1.75;2.02;1.72;2.1
SP1;03/05/09;Betis;Ath Madrid;0;2;A;0;1;A;9;12;2;3;17;21;9;4;0;2;0;0;2.87;3.4;2.37;2.78;3.28;2.42;1.63;2.17;2.03;1.79
SP1;03/05/09;Espanol;Valencia;3;0;H;0;0;D;18;14;7;5;17;14;3;7;1;0;0;0;2.87;3.4;2.37;2.83;3.3;2.37;1.73;2.03;2.06;1.75
SP1;03/05/09;La Coruna;Valladolid;1;0;H;1;0;H;15;19;5;5;8;16;3;3;2;2;0;1;1.75;3.5;4.75;1.74;3.44;4.75;1.86;1.89;1.75;2.16
SP1;03/05/09;Mallorca;Getafe;2;1;H;1;0;H;11;19;6;3;24;14;3;10;2;3;0;0;2.1;3.3;3.5;2.13;3.25;3.34;1.87;1.88;1.54;2.41
SP1;03/05/09;Osasuna;Recreativo;1;2;A;1;0;H;11;20;2;9;16;17;7;2;1;2;1;0;1.75;3.5;4.75;1.71;3.48;4.89;1.97;1.79;1.93;1.96
SP1;03/05/09;Santander;Almeria;0;2;A;0;2;A;12;9;2;4;14;19;2;4;3;1;0;0;2.25;3.1;3.2;2.23;3.16;3.2;1.89;1.85;1.61;2.28
SP1;03/05/09;Sp Gijon;Ath Bilbao;1;1;D;0;0;D;22;15;6;5;17;14;5;3;4;1;0;0;2.62;3.3;2.62;2.63;3.24;2.57;1.74;2.01;1.94;1.86
SP1;09/05/09;Ath Bilbao;Betis;1;0;H;1;0;H;7;14;1;4;20;18;4;6;1;1;0;0;3.0;3.2;2.4;2.89;3.19;2.4;1.83;1.91;2.14;1.69
SP1;09/05/09;Sevilla;Mallorca;3;1;H;1;1;D;18;11;6;3;15;19;5;2;3;4;0;0;1.53;3.8;6.5;1.55;3.76;5.99;1.68;2.09;1.96;1.91
SP1;09/05/09;Valencia;Real Madrid;3;0;H;2;0;H;18;11;5;2;17;11;10;4;3;3;0;0;2.3;3.4;3.0;2.36;3.31;2.82;1.58;2.25;1.73;2.09
SP1;10/05/09;Almeria;Sp Gijon;3;1;H;1;1;D;11;22;7;5;24;7;4;1;4;2;0;0;2.0;3.4;3.75;1.91;3.34;3.9;1.75;1.98;1.4;2.78
SP1;10/05/09;Ath Madrid;Espanol;3;2;H;0;2;A;20;8;7;6;13;16;5;1;4;6;1;0;1.73;3.6;4.75;1.73;3.55;4.61;1.63;2.17;1.31;3.3
SP1;10/05/09;Barcelona;Villarreal;3;3;D;3;1;H;15;6;3;4;15;20;4;0;1;3;1;0;1.33;4.75;9.0;1.32;4.79;8.92;1.47;2.51;2.0;1.83
SP1;10/05/09;Getafe;Osasuna;3;0;H;1;0;H;10;8;7;2;13;23;1;5;2;6;1;1;2.1;3.25;3.6;2.1;3.22;3.44;1.96;1.78;1.51;2.48
SP1;10/05/09;Malaga;Santander;1;0;H;0;0;D;11;15;5;4;19;26;6;2;4;5;0;0;2.1;3.3;3.5;2.09;3.27;3.41;1.87;1.86;1.52;2.46
SP1;10/05/09;Recreativo;La Coruna;1;2;A;1;1;D;17;8;5;3;16;14;6;1;2;2;0;0;2.5;3.25;2.8;2.53;3.23;2.69;2.02;1.73;1.83;1.99
SP1;10/05/09;Valladolid;Numancia;0;0;D;0;0;D;13;9;5;2;16;15;8;2;1;3;0;0;1.8;3.6;4.33;1.79;3.43;4.43;1.75;1.99;1.84;2.06
SP1;16/05/09;La Coruna;Getafe;1;1;D;0;0;D;12;13;5;6;20;7;4;9;2;3;0;0;1.85;3.5;4.2;1.86;3.43;4.02;1.84;1.9;1.89;2.0
SP1;16/05/09;Osasuna;Sevilla;0;0;D;0;0;D;14;10;3;1;10;20;5;6;3;1;1;1;2.88;3.3;2.4;2.82;3.25;2.4;1.85;1.89;2.03;1.78
SP1;16/05/09;Villarreal;Real Madrid;3;2;H;1;0;H;13;11;8;5;19;21;4;4;2;3;0;0;2.25;3.5;3.0;2.19;3.39;3.06;1.56;2.3;1.62;2.23
SP1;17/05/09;Ath Madrid;Valencia;1;0;H;1;0;H;19;3;11;1;21;11;6;4;3;3;0;0;2.2;3.5;3.1;2.21;3.33;3.09;1.51;2.39;1.61;2.19
SP1;17/05/09;Betis;Almeria;2;0;H;1;0;H;15;11;7;1;24;13;3;5;5;2;0;1;1.6;4.0;5.25;1.6;3.71;5.49;1.76;1.99;1.79;2.11
SP1;17/05/09;Espanol;Ath Bilbao;1;0;H;0;0;D;10;9;2;4;19;24;2;2;3;4;0;0;1.62;3.8;5.5;1.6;3.69;5.42;1.82;1.92;1.78;2.12
SP1;17/05/09;Mallorca;Barcelona;2;1;H;0;1;A;16;17;7;10;16;20;8;7;1;2;0;0;5.25;3.75;1.6;5.45;3.69;1.6;1.52;2.38;1.76;2.11
SP1;17/05/09;Numancia;Recreativo;1;0;H;0;0;D;15;8;3;2;21;23;4;1;4;5;0;1;2.38;3.25;3.0;2.28;3.3;2.98;1.85;1.88;1.69;2.13
SP1;17/05/09;Santander;Valladolid;3;2;H;1;2;A;18;14;8;6;14;18;3;6;5;1;0;1;1.8;3.6;4.5;1.82;3.41;4.29;1.95;1.8;1.83;2.07
SP1;17/05/09;Sp Gijon;Malaga;2;1;H;1;1;D;23;6;10;2;22;19;10;5;3;3;0;0;2.4;3.3;2.88;2.34;3.32;2.84;1.73;2.0;1.72;2.1
SP1;23/05/09;Almeria;Espanol;0;3;A;0;1;A;14;13;11;8;23;14;3;6;4;1;0;0;2.8;3.3;2.5;2.73;3.29;2.48;1.88;1.87;2.02;1.8
SP1;23/05/09;Ath Bilbao;Ath Madrid;1;4;A;0;0;D;16;15;6;5;16;16;7;6;3;4;0;0;4.0;3.75;1.83;4.05;3.55;1.83;1.66;2.13;2.02;1.85
SP1;23/05/09;Barcelona;Osasuna;0;1;A;0;1;A;9;10;3;4;6;18;7;5;3;3;1;0;2.0;3.5;3.6;1.95;3.4;3.77;1.56;2.3;2.05;1.82
SP1;23/05/09;Getafe;Numancia;1;0;H;0;0;D;21;3;7;2;17;27;8;4;4;2;0;1;1.67;3.75;5.0;1.65;3.64;5.18;1.74;2.01;1.25;3.73
SP1;23/05/09;Malaga;Betis;1;1;D;0;1;A;11;10;6;4;11;12;2;3;1;2;0;0;2.5;3.3;2.75;2.5;3.31;2.69;1.78;1.98;1.87;1.93
SP1;23/05/09;Recreativo;Santander;0;1;A;0;0;D;4;9;1;1;10;4;4;3;2;1;0;0;2.1;3.4;3.4;2.12;3.37;3.28;1.87;1.87;1.55;2.38
SP1;23/05/09;Sevilla;La Coruna;1;0;H;0;0;D;17;8;5;2;16;17;11;2;0;2;0;0;1.67;3.75;5.0;1.67;3.6;5.09;1.73;2.03;1.88;2.0
SP1;23/05/09;Valladolid;Sp Gijon;1;2;A;0;1;A;14;7;6;5;14;15;12;2;2;3;0;0;2.38;3.25;3.0;2.28;3.3;3.01;1.68;2.09;1.64;2.19
SP1;23/05/09;Villarreal;Valencia;3;1;H;2;1;H;13;13;7;2;18;20;4;1;2;5;0;0;2.25;3.5;3.0;2.25;3.4;2.98;1.55;2.32;1.65;2.18
SP1;24/05/09;Real Madrid;Mallorca;1;3;A;1;1;D;15;15;5;6;14;11;4;6;4;2;0;0;1.5;4.33;6.0;1.5;4.07;6.19;1.47;2.51;1.81;2.04
SP1;30/05/09;Ath Madrid;Almeria;3;0;H;2;0;H;19;4;6;0;13;18;8;4;3;1;0;0;1.25;5.25;13.0;1.25;5.29;11.36;1.41;2.72;1.79;2.08
SP1;30/05/09;La Coruna;Barcelona;1;1;D;1;0;H;15;18;6;5;6;16;7;5;1;1;0;0;2.0;3.6;3.4;2.1;3.53;3.12;1.55;2.33;1.58;2.3
SP1;30/05/09;Mallorca;Villarreal;2;3;A;1;2;A;21;9;10;6;9;7;7;3;2;1;0;0;3.4;3.3;2.15;2.97;3.32;2.27;1.55;2.31;2.12;1.71
SP1;30/05/09;Valencia;Ath Bilbao;2;0;H;1;0;H;27;11;12;3;17;15;12;7;3;3;0;1;1.36;4.75;8.5;1.35;4.6;8.13;1.43;2.62;2.08;1.79
SP1;31/05/09;Betis;Valladolid;1;1;D;0;1;A;19;9;8;2;9;9;9;4;0;3;0;0;1.83;3.6;4.2;1.81;3.41;4.26;1.72;2.03;1.85;2.03
SP1;31/05/09;Espanol;Malaga;3;0;H;2;0;H;13;12;8;1;14;10;9;3;1;2;0;1;1.91;3.6;3.8;1.85;3.47;3.93;1.65;2.12;1.87;2.01
SP1;31/05/09;Numancia;Sevilla;0;2;A;0;0;D;9;23;2;7;14;12;5;8;3;1;0;0;4.2;3.6;1.83;3.91;3.41;1.88;1.64;2.14;1.97;1.91
SP1;31/05/09;Osasuna;Real Madrid;2;1;H;1;1;D;20;12;7;4;20;22;7;4;2;1;0;2;1.7;4.0;4.33;1.7;3.93;4.26;1.52;2.39;1.31;3.19
SP1;31/05/09;Santander;Getafe;1;1;D;1;1;D;9;9;2;4;27;13;3;4;6;3;0;0;3.3;3.3;2.15;3.31;3.23;2.14;1.75;1.99;2.29;1.56
SP1;31/05/09;Sp Gijon;Recreativo;2;1;H;0;1;A;22;4;9;2;29;14;7;0;3;2;0;0;1.33;5.0;8.5;1.33;4.81;8.4;1.49;2.46;1.84;2.03
SP1;29/08/09;Real Madrid;La Coruna;3;2;H;2;1;H;28;9;11;3;18;12;10;3;2;2;0;0;1.25;5.5;13.0;1.24;5.65;11.75;1.48;2.53;1.92;8.69
SP1;29/08/09;Zaragoza;Tenerife;1;0;H;0;0;D;17;16;8;2;16;17;7;8;1;4;0;0;1.91;3.4;4.2;1.89;3.36;4.1;1.97;1.79;1.36;3.01
SP1;30/08/09;Almeria;Valladolid;0;0;D;0;0;D;20;7;5;1;9;11;12;2;2;2;0;1;2.1;3.3;3.5;2.13;3.27;3.36;2.02;1.74;1.54;2.41
SP1;30/08/09;Ath Bilbao;Espanol;1;0;H;0;0;D;14;8;4;1;11;18;6;3;2;6;0;0;2.1;3.3;3.5;2.19;3.25;3.22;2.02;1.74;1.58;2.3
SP1;30/08/09;Malaga;Ath Madrid;3;0;H;1;0;H;8;16;4;3;16;8;4;5;4;4;0;0;3.4;3.4;2.1;3.37;3.35;2.1;1.8;1.96;2.45;1.51
SP1;30/08/09;Mallorca;Xerez;2;0;H;0;0;D;10;7;3;3;14;13;6;6;3;1;0;2;1.91;3.4;4.33;1.82;3.4;4.36;1.88;1.86;1.32;3.2
SP1;30/08/09;Osasuna;Villarreal;1;1;D;1;1;D;7;11;2;7;18;14;4;14;2;2;0;0;2.88;3.2;2.5;2.82;3.24;2.44;2.02;1.74;2.03;1.78
SP1;30/08/09;Santander;Getafe;1;4;A;1;3;A;4;9;3;6;14;10;4;5;2;3;0;0;2.15;3.3;3.4;2.09;3.24;3.49;2.08;1.69;1.5;2.51
SP1;30/08/09;Valencia;Sevilla;2;0;H;0;0;D;8;3;6;1;20;14;7;0;1;2;0;1;2.25;3.3;3.2;2.27;3.28;3.07;1.86;1.89;1.63;2.22
SP1;31/08/09;Barcelona;Sp Gijon;3;0;H;2;0;H;20;9;9;5;10;12;9;7;0;2;0;0;1.17;8.0;13.0;1.15;7.11;15.16;1.37;2.87;1.02;11.98
SP1;12/09/09;Ath Madrid;Santander;1;1;D;1;1;D;23;8;10;3;13;20;7;2;1;2;0;1;1.44;4.33;7.0;1.46;4.05;7.05;1.63;2.19;1.44;4.82
SP1;12/09/09;Espanol;Real Madrid;0;3;A;0;1;A;12;17;3;6;17;17;4;6;2;2;0;0;6.0;3.8;1.57;5.95;3.76;1.57;1.56;2.32;4.25;1.19
SP1;12/09/09;Getafe;Barcelona;0;2;A;0;0;D;19;14;3;9;15;19;2;5;3;0;0;0;6.5;4.2;1.5;6.79;3.99;1.49;1.53;2.39;5.06;1.14
SP1;12/09/09;Sevilla;Zaragoza;4;1;H;2;1;H;19;10;8;2;24;20;5;2;3;3;0;0;1.57;3.8;6.0;1.53;3.78;6.45;1.71;2.05;1.16;4.69
SP1;13/09/09;La Coruna;Malaga;1;0;H;0;0;D;15;11;4;2;16;10;4;4;2;5;0;0;1.83;3.5;4.33;1.85;3.39;4.26;1.86;1.88;1.35;3.01
SP1;13/09/09;Sp Gijon;Almeria;1;0;H;1;0;H;16;7;4;0;20;20;2;3;3;4;0;0;2.38;3.25;3.0;2.34;3.25;2.96;1.96;1.79;1.67;2.11
SP1;13/09/09;Tenerife;Osasuna;2;1;H;0;0;D;16;7;5;3;17;16;5;6;1;3;0;2;2.38;3.25;3.0;2.4;3.22;2.92;2.09;1.69;1.75;2.04
SP1;13/09/09;Valladolid;Valencia;2;4;A;1;3;A;14;15;9;6;10;15;2;3;1;2;0;0;3.4;3.4;2.1;3.39;3.31;2.12;1.88;1.86;2.42;1.52
SP1;13/09/09;Villarreal;Mallorca;1;1;D;0;0;D;15;8;5;4;15;24;5;3;1;2;0;0;1.57;3.8;6.0;1.54;3.8;6.41;1.76;1.99;1.16;4.72
SP1;13/09/09;Xerez;Ath Bilbao;0;1;A;0;1;A;17;15;4;5;14;17;7;3;4;3;1;0;2.75;3.2;2.63;2.68;3.21;2.58;2.07;1.7;1.93;1.85
SP1;19/09/09;Barcelona;Ath Madrid;5;2;H;4;1;H;8;14;6;4;8;17;7;8;1;3;0;0;1.33;5.0;8.5;1.32;4.9;9.09;1.42;2.69;1.08;7.01
SP1;19/09/09;La Coruna;Espanol;2;3;A;1;2;A;9;11;4;6;11;16;4;5;1;3;0;0;1.95;3.4;3.8;1.93;3.33;3.89;2.08;1.71;1.4;2.78
SP1;19/09/09;Malaga;Santander;1;2;A;0;1;A;20;7;6;3;17;25;6;0;3;5;0;0;2.05;3.3;3.6;2.07;3.3;3.48;1.93;1.82;1.48;2.53
SP1;19/09/09;Mallorca;Tenerife;4;0;H;1;0;H;16;10;9;2;19;15;3;5;1;2;0;2;2.0;3.4;3.6;1.94;3.33;3.86;1.94;1.82;1.4;2.79
SP1;19/09/09;Osasuna;Sevilla;0;2;A;0;1;A;11;10;3;4;13;18;9;9;4;4;1;0;3.25;3.25;2.25;3.23;3.26;2.18;2.03;1.74;2.31;1.57
SP1;20/09/09;Almeria;Getafe;1;0;H;0;0;D;11;23;3;11;19;13;4;12;4;3;0;0;2.5;3.25;2.8;2.45;3.23;2.81;2.03;1.74;1.79;1.99
SP1;20/09/09;Ath Bilbao;Villarreal;3;2;H;2;0;H;20;11;9;6;21;19;8;3;2;5;0;0;2.63;3.25;2.63;2.66;3.22;2.59;2.02;1.74;1.91;1.86
SP1;20/09/09;Real Madrid;Xerez;5;0;H;1;0;H;23;11;13;3;13;11;7;7;0;1;0;0;1.13;8.0;21.0;1.11;7.99;18.86;1.34;3.09;1.83;2.05
SP1;20/09/09;Valencia;Sp Gijon;2;2;D;1;1;D;25;6;10;5;21;11;8;1;4;2;0;1;1.29;5.25;10.0;1.3;4.99;9.76;1.51;2.45;1.06;7.71
SP1;20/09/09;Zaragoza;Valladolid;1;2;A;1;1;D;18;9;5;4;14;18;11;2;0;2;0;0;2.1;3.3;3.5;2.05;3.28;3.53;1.87;1.88;1.48;2.52
SP1;22/09/09;Santander;Barcelona;1;4;A;0;3;A;4;20;2;6;10;10;2;3;4;1;0;0;10.0;5.0;1.3;9.94;5.01;1.3;1.53;2.4;7.5;1.07
SP1;22/09/09;Sevilla;Mallorca;2;0;H;2;0;H;10;8;6;4;24;21;4;5;1;1;0;0;1.44;4.2;7.5;1.45;4.13;7.08;1.71;2.07;1.13;5.31
SP1;23/09/09;Ath Madrid;Almeria;2;2;D;1;1;D;24;12;9;7;24;13;7;7;3;2;0;0;1.44;4.33;7.0;1.44;4.16;7.18;1.64;2.18;1.12;5.49
SP1;23/09/09;Espanol;Malaga;2;1;H;0;1;A;12;15;5;9;14;13;11;7;2;4;0;0;2.0;3.4;3.75;1.96;3.34;3.83;1.91;1.84;1.43;2.66
SP1;23/09/09;Getafe;Valencia;3;1;H;2;1;H;16;8;6;2;4;16;4;10;2;4;0;0;3.0;3.3;2.35;2.99;3.3;2.3;1.79;1.97;2.13;1.67
SP1;23/09/09;Tenerife;Ath Bilbao;1;0;H;0;0;D;21;5;8;3;24;21;8;2;3;6;0;0;2.6;3.25;2.7;2.6;3.25;2.64;1.96;1.79;1.87;1.9
SP1;23/09/09;Valladolid;Osasuna;1;2;A;0;1;A;10;10;1;3;23;15;4;3;3;3;2;0;2.15;3.3;3.4;2.12;3.24;3.43;2.18;1.63;1.52;2.42
SP1;23/09/09;Villarreal;Real Madrid;0;2;A;0;1;A;10;17;4;6;23;20;4;5;2;3;1;0;5.5;3.8;1.6;5.44;3.8;1.59;1.52;2.4;3.94;1.21
SP1;23/09/09;Xerez;La Coruna;0;3;A;0;1;A;10;13;3;3;10;16;5;8;1;1;0;0;2.88;3.25;2.45;2.86;3.25;2.41;2.03;1.73;2.04;1.74
SP1;24/09/09;Sp Gijon;Zaragoza;1;1;D;1;0;H;13;13;5;5;12;19;5;8;2;2;0;0;2.25;3.4;3.1;2.24;3.32;3.07;1.78;1.97;1.63;2.18
SP1;26/09/09;Ath Bilbao;Sevilla;0;4;A;0;3;A;13;16;3;8;21;13;4;3;2;2;1;0;2.9;3.3;2.4;2.92;3.29;2.34;1.9;1.85;2.11;1.69
SP1;26/09/09;Malaga;Barcelona;0;2;A;0;1;A;3;11;0;6;16;17;3;1;3;3;1;0;11.0;5.0;1.29;10.32;5.3;1.27;1.42;2.73;8.6;1.05
SP1;26/09/09;Real Madrid;Tenerife;3;0;H;0;0;D;18;20;7;7;15;22;5;8;1;5;0;0;1.11;8.5;21.0;1.1;8.45;21.38;1.79;1.98;1.92;1.94
SP1;26/09/09;Valencia;Ath Madrid;2;2;D;2;1;H;15;15;7;3;15;10;13;5;2;1;0;0;1.91;3.4;4.0;1.89;3.44;3.92;1.59;2.27;1.38;2.85
SP1;27/09/09;Almeria;Santander;2;2;D;1;0;H;13;13;4;6;14;19;7;4;3;2;0;0;2.25;3.25;3.2;2.18;3.27;3.23;2.04;1.72;1.56;2.33
SP1;27/09/09;Espanol;Xerez;0;0;D;0;0;D;16;4;3;1;12;10;10;2;1;1;0;0;1.53;4.0;6.0;1.54;3.77;6.15;1.85;1.9;1.16;4.65
SP1;27/09/09;La Coruna;Villarreal;1;0;H;1;0;H;12;13;7;7;23;17;3;9;1;3;0;0;2.4;3.3;2.9;2.38;3.27;2.88;1.92;1.83;1.73;2.05
SP1;27/09/09;Mallorca;Valladolid;3;0;H;1;0;H;13;6;8;0;17;19;9;5;0;0;0;0;1.85;3.4;4.2;1.85;3.41;4.17;1.87;1.88;1.35;2.99
SP1;27/09/09;Osasuna;Sp Gijon;1;0;H;0;0;D;12;9;2;0;14;18;5;1;1;3;0;0;1.91;3.4;4.0;1.92;3.37;3.87;1.9;1.85;1.39;2.77
SP1;27/09/09;Zaragoza;Getafe;3;0;H;2;0;H;19;12;10;4;15;8;5;3;2;2;0;0;2.2;3.25;3.3;2.28;3.26;3.05;1.9;1.85;1.66;2.14
SP1;03/10/09;Ath Madrid;Zaragoza;2;1;H;1;0;H;16;14;6;4;17;14;6;12;6;3;0;0;1.57;3.8;6.0;1.62;3.67;5.47;1.54;2.34;1.21;3.95
SP1;03/10/09;Barcelona;Almeria;1;0;H;1;0;H;17;0;7;0;18;14;10;3;3;3;0;0;1.08;10.0;26.0;1.1;8.7;20.98;1.29;3.33;1.87;1.99
SP1;03/10/09;Tenerife;La Coruna;0;1;A;0;0;D;17;11;4;5;20;13;6;9;2;1;0;0;2.5;3.3;2.75;2.56;3.21;2.69;1.98;1.78;1.83;1.92
SP1;04/10/09;Getafe;Osasuna;2;1;H;0;0;D;14;13;7;2;16;19;5;5;2;2;0;0;2.05;3.3;3.6;2.01;3.31;3.64;1.97;1.78;1.43;2.6
SP1;04/10/09;Santander;Valencia;0;1;A;0;0;D;18;7;6;2;21;20;6;1;1;3;0;0;3.4;3.4;2.1;3.29;3.34;2.13;1.66;2.14;2.37;1.52
SP1;04/10/09;Sevilla;Real Madrid;2;1;H;1;0;H;24;17;10;3;20;9;14;6;4;3;0;0;3.75;3.5;1.95;3.6;3.47;1.97;1.52;2.41;2.61;1.44
SP1;04/10/09;Sp Gijon;Mallorca;4;1;H;0;1;A;19;8;8;2;9;14;3;4;2;1;0;0;2.45;3.3;2.8;2.43;3.28;2.79;1.77;1.99;1.76;2.02
SP1;04/10/09;Valladolid;Ath Bilbao;2;2;D;0;1;A;19;9;4;3;15;9;14;5;3;4;2;1;2.4;3.3;2.88;2.4;3.25;2.86;1.89;1.87;1.73;2.04
SP1;04/10/09;Villarreal;Espanol;0;0;D;0;0;D;15;5;6;0;13;23;14;1;3;3;0;1;1.73;3.6;4.75;1.72;3.54;4.8;1.85;1.91;1.26;3.48
SP1;04/10/09;Xerez;Malaga;1;1;D;0;0;D;6;18;3;4;14;22;4;8;3;2;0;1;2.4;3.3;2.88;2.43;3.24;2.82;2.03;1.72;1.77;2.0
SP1;17/10/09;La Coruna;Sevilla;1;0;H;1;0;H;9;10;2;1;10;19;3;5;0;1;0;0;3.6;3.3;2.1;3.45;3.29;2.09;1.89;1.85;2.47;1.5
SP1;17/10/09;Real Madrid;Valladolid;4;2;H;3;1;H;19;19;6;8;11;16;6;12;2;2;0;0;1.17;7.0;15.0;1.15;7.33;15.38;1.34;3.03;1.97;1.89
SP1;17/10/09;Valencia;Barcelona;0;0;D;0;0;D;13;12;4;3;15;11;5;6;4;2;0;0;4.75;3.75;1.7;4.71;3.62;1.71;1.46;2.55;3.46;1.27
SP1;18/10/09;Ath Bilbao;Sp Gijon;1;2;A;0;0;D;17;9;2;3;16;21;5;3;4;3;0;0;1.83;3.5;4.33;1.83;3.42;4.2;1.78;1.97;1.34;3.06
SP1;18/10/09;Espanol;Tenerife;2;1;H;1;1;D;15;8;7;4;11;14;5;2;2;4;0;0;1.83;3.4;4.5;1.85;3.38;4.17;1.94;1.81;1.34;3.05
SP1;18/10/09;Malaga;Almeria;1;2;A;0;2;A;16;18;5;7;23;18;6;3;4;3;0;0;2.1;3.2;3.3;2.08;3.27;3.43;2.03;1.73;1.49;2.48
SP1;18/10/09;Mallorca;Getafe;3;1;H;1;0;H;14;14;8;4;26;24;7;5;3;3;0;0;2.15;3.25;3.4;2.14;3.29;3.26;1.82;1.92;1.58;2.28
SP1;18/10/09;Osasuna;Ath Madrid;3;0;H;3;0;H;14;20;6;5;19;18;8;7;1;3;0;0;2.75;3.3;2.5;2.71;3.27;2.49;1.71;2.05;1.95;1.82
SP1;18/10/09;Xerez;Villarreal;2;1;H;1;1;D;11;13;3;6;16;14;3;4;2;3;0;1;3.8;3.3;2.0;3.73;3.36;1.96;1.96;1.79;2.74;1.4
SP1;18/10/09;Zaragoza;Santander;2;2;D;2;0;H;17;14;4;3;11;13;6;7;2;3;1;0;2.0;3.4;3.75;2.0;3.34;3.61;1.88;1.85;1.44;2.61
SP1;24/10/09;Ath Madrid;Mallorca;1;1;D;0;0;D;25;8;6;2;15;25;11;3;0;3;0;2;1.8;3.5;4.5;1.78;3.51;4.31;1.55;2.33;1.31;3.16
SP1;24/10/09;Sevilla;Espanol;0;0;D;0;0;D;28;8;8;1;13;19;11;0;2;5;0;1;1.44;4.33;7.0;1.46;4.08;6.81;1.72;2.05;1.13;5.09
SP1;24/10/09;Sp Gijon;Real Madrid;0;0;D;0;0;D;10;13;2;5;20;10;3;7;2;4;0;0;7.0;4.33;1.44;6.16;4.09;1.49;1.44;2.61;4.8;1.15
SP1;25/10/09;Almeria;Valencia;0;3;A;0;0;D;9;18;2;7;24;18;4;6;3;4;1;0;3.5;3.3;2.1;3.19;3.29;2.24;1.8;1.94;2.36;1.55
SP1;25/10/09;Barcelona;Zaragoza;6;1;H;3;0;H;17;7;13;5;9;14;6;1;0;2;0;0;1.1;9.0;21.0;1.13;7.73;16.49;1.36;2.94;1.8;2.07
SP1;25/10/09;Getafe;Ath Bilbao;2;0;H;0;0;D;21;9;10;4;17;15;13;2;2;2;0;2;2.0;3.5;3.75;1.97;3.35;3.7;1.86;1.88;1.4;2.72
SP1;25/10/09;Santander;Osasuna;1;1;D;0;0;D;12;5;4;2;21;20;6;5;1;5;0;0;2.3;3.3;3.1;2.26;3.24;3.07;2.0;1.75;1.61;2.21
SP1;25/10/09;Tenerife;Xerez;1;0;H;0;0;D;22;7;4;1;12;11;10;3;1;1;0;0;1.91;3.3;4.2;1.85;3.34;4.2;2.01;1.74;1.35;2.97
SP1;25/10/09;Valladolid;La Coruna;4;0;H;1;0;H;19;11;8;3;14;10;4;5;3;1;0;0;2.6;3.2;2.75;2.56;3.21;2.66;1.9;1.85;1.84;1.95
SP1;25/10/09;Villarreal;Malaga;2;1;H;1;1;D;17;9;6;2;14;10;3;6;3;3;0;0;1.62;3.75;5.5;1.64;3.63;5.19;1.82;1.93;1.21;3.91
SP1;31/10/09;Ath Bilbao;Ath Madrid;1;0;H;1;0;H;17;16;6;6;13;16;5;5;1;2;0;0;2.6;3.25;2.7;2.51;3.29;2.68;1.71;2.06;1.84;1.94
SP1;31/10/09;Osasuna;Barcelona;1;1;D;0;0;D;9;16;3;7;15;10;4;7;1;3;0;0;7.5;4.5;1.4;6.79;4.29;1.44;1.58;2.27;5.12;1.13
SP1;31/10/09;Real Madrid;Getafe;2;0;H;0;0;D;23;17;8;7;9;11;2;5;2;1;1;0;1.44;4.2;7.5;1.43;4.26;7.02;1.45;2.58;1.76;2.12
SP1;31/10/09;Xerez;Sevilla;0;2;A;0;1;A;8;16;2;7;23;18;5;9;4;3;0;0;5.5;3.75;1.62;5.64;3.78;1.58;1.9;1.85;4.02;1.21
SP1;01/11/09;Espanol;Valladolid;1;1;D;0;0;D;10;15;4;1;18;15;9;1;4;4;0;0;1.91;3.5;4.0;1.88;3.4;4.01;1.87;1.87;1.36;2.92
SP1;01/11/09;La Coruna;Sp Gijon;1;1;D;1;0;H;14;13;4;5;14;10;10;3;2;3;0;0;1.8;3.5;4.5;1.82;3.42;4.27;1.86;1.88;1.33;3.06
SP1;01/11/09;Malaga;Valencia;0;1;A;0;0;D;16;20;5;6;12;18;5;9;3;2;0;0;3.8;3.6;1.91;3.83;3.44;1.91;1.82;1.94;2.82;1.38
SP1;01/11/09;Mallorca;Santander;1;0;H;1;0;H;17;10;6;3;17;19;4;1;1;1;0;0;1.83;3.5;4.33;1.82;3.46;4.24;1.77;1.99;1.32;3.12
SP1;01/11/09;Villarreal;Tenerife;5;0;H;1;0;H;11;13;5;2;19;19;4;4;1;0;0;0;1.73;3.5;5.0;1.75;3.47;4.66;1.84;1.91;1.29;3.33
SP1;01/11/09;Zaragoza;Almeria;2;1;H;2;1;H;21;12;6;4;26;29;8;1;5;5;0;0;2.0;3.4;3.75;1.98;3.35;3.69;1.87;1.87;1.41;2.7
SP1;07/11/09;Ath Madrid;Real Madrid;2;3;A;0;2;A;18;15;8;6;16;18;7;4;3;4;0;1;3.75;3.5;1.95;3.67;3.44;1.96;1.56;2.31;2.65;1.43
SP1;07/11/09;Barcelona;Mallorca;4;2;H;3;1;H;18;10;10;5;18;22;2;4;1;2;0;0;1.17;7.0;15.0;1.17;6.71;14.3;1.4;2.76;1.93;1.93
SP1;07/11/09;Getafe;La Coruna;0;2;A;0;1;A;22;8;3;3;18;12;14;3;4;1;0;2;2.1;3.3;3.5;2.08;3.28;3.44;1.96;1.79;1.48;2.51
SP1;07/11/09;Tenerife;Malaga;2;2;D;2;1;H;10;17;4;7;21;13;4;4;4;5;0;0;2.0;3.4;3.75;2.01;3.28;3.64;1.95;1.8;1.44;2.62
SP1;08/11/09;Almeria;Osasuna;2;0;H;1;0;H;10;10;3;1;18;17;11;4;2;2;0;0;2.5;3.25;2.8;2.47;3.2;2.8;2.06;1.7;1.75;2.04
SP1;08/11/09;Santander;Ath Bilbao;0;2;A;0;1;A;11;10;5;5;23;18;7;6;4;2;0;0;2.25;3.3;3.2;2.23;3.27;3.12;1.95;1.79;1.59;2.24
SP1;08/11/09;Sevilla;Villarreal;3;2;H;1;1;D;15;5;6;3;17;16;11;6;2;2;0;0;1.67;3.7;5.0;1.61;3.74;5.29;1.79;1.95;1.21;3.96
SP1;08/11/09;Sp Gijon;Espanol;1;0;H;1;0;H;14;11;3;2;15;17;5;5;3;3;0;0;2.25;3.3;3.2;2.26;3.27;3.04;1.96;1.78;1.62;2.2
SP1;08/11/09;Valencia;Zaragoza;3;1;H;3;0;H;10;13;7;4;17;17;6;6;2;5;0;0;1.5;4.0;6.5;1.5;3.98;6.4;1.54;2.33;1.16;4.6
SP1;08/11/09;Valladolid;Xerez;0;0;D;0;0;D;13;4;3;2;8;16;12;3;0;3;0;1;1.65;3.7;5.25;1.61;3.65;5.48;1.86;1.88;1.21;3.97
SP1;21/11/09;Ath Bilbao;Barcelona;1;1;D;0;0;D;8;13;1;3;17;15;5;7;1;1;0;0;6.5;4.0;1.53;6.24;4.01;1.5;1.62;2.19;4.56;1.17
SP1;21/11/09;La Coruna;Ath Madrid;2;1;H;1;1;D;22;14;11;5;13;25;9;3;3;3;0;1;2.5;3.3;2.75;2.44;3.28;2.76;1.83;1.91;1.81;1.99
SP1;21/11/09;Real Madrid;Santander;1;0;H;1;0;H;20;8;9;0;11;20;7;0;2;3;0;0;1.22;6.0;12.0;1.21;5.99;12.02;1.43;2.67;1.03;10.92
SP1;21/11/09;Tenerife;Sevilla;1;2;A;0;1;A;11;11;1;3;9;15;6;4;4;3;0;0;5.0;3.5;1.73;4.76;3.49;1.72;1.93;1.81;3.48;1.28
SP1;22/11/09;Espanol;Getafe;0;2;A;0;0;D;14;11;3;4;13;15;7;3;2;4;0;0;2.1;3.3;3.5;2.1;3.26;3.4;1.97;1.79;1.51;2.45
SP1;22/11/09;Malaga;Zaragoza;1;1;D;0;0;D;15;7;4;1;22;22;6;4;5;3;1;1;2.3;3.4;3.0;2.31;3.27;2.94;1.82;1.91;1.67;2.13
SP1;22/11/09;Mallorca;Almeria;3;1;H;0;0;D;11;20;5;10;13;16;9;10;4;3;0;0;1.73;3.6;4.75;1.78;3.44;4.49;1.83;1.92;1.31;3.24
SP1;22/11/09;Osasuna;Valencia;1;3;A;0;2;A;8;15;2;3;18;19;4;5;3;2;2;0;3.25;3.3;2.2;3.29;3.3;2.13;1.91;1.84;2.34;1.56
SP1;22/11/09;Villarreal;Valladolid;3;1;H;1;0;H;13;13;6;5;8;20;7;6;1;2;0;0;1.62;3.75;5.5;1.64;3.64;5.24;1.72;2.03;1.23;3.78
SP1;22/11/09;Xerez;Sp Gijon;0;0;D;0;0;D;10;5;3;2;10;11;12;1;2;2;0;0;2.8;3.25;2.5;2.77;3.24;2.46;2.08;1.69;2.0;1.79
SP1;28/11/09;Sevilla;Malaga;2;2;D;0;2;A;13;9;6;4;20;31;5;4;4;4;0;1;1.25;5.5;12.0;1.27;5.19;10.89;1.6;2.21;1.06;8.36
SP1;28/11/09;Sp Gijon;Villarreal;1;0;H;0;0;D;12;6;5;2;17;13;8;0;1;4;0;1;2.75;3.3;2.5;2.88;3.26;2.37;1.92;1.83;2.09;1.71
SP1;28/11/09;Valencia;Mallorca;1;1;D;0;0;D;17;9;6;2;11;15;11;2;4;4;0;0;1.53;4.0;6.0;1.52;3.95;6.12;1.58;2.26;1.18;4.41
SP1;29/11/09;Almeria;Ath Bilbao;1;4;A;0;2;A;13;17;5;7;28;13;6;3;3;4;0;0;2.2;3.3;3.25;2.2;3.25;3.19;2.0;1.76;1.58;2.3
SP1;29/11/09;Ath Madrid;Espanol;4;0;H;1;0;H;17;5;6;1;20;17;8;4;2;2;0;1;1.75;3.5;4.75;1.75;3.51;4.59;1.72;2.04;1.3;3.31
SP1;29/11/09;Barcelona;Real Madrid;1;0;H;0;0;D;9;16;4;2;17;25;6;6;0;4;1;1;1.85;3.6;4.0;1.82;3.61;4.08;1.57;2.29;1.36;2.96
SP1;29/11/09;Getafe;Xerez;5;1;H;2;1;H;16;7;6;2;8;17;7;3;0;3;0;1;1.5;4.0;6.5;1.54;3.75;6.3;1.9;1.85;1.17;4.51
SP1;29/11/09;Santander;La Coruna;0;1;A;0;0;D;13;11;3;6;18;12;5;3;3;3;0;0;2.63;3.25;2.63;2.6;3.22;2.63;2.02;1.74;1.84;1.95
SP1;29/11/09;Valladolid;Tenerife;3;3;D;2;0;H;16;13;8;5;14;16;8;8;2;2;0;1;2.0;3.4;3.7;1.96;3.36;3.74;1.93;1.83;1.42;2.72
SP1;29/11/09;Zaragoza;Osasuna;0;1;A;0;1;A;21;9;2;4;21;18;6;7;6;2;0;0;2.0;3.4;3.7;2.02;3.32;3.6;1.97;1.79;1.44;2.63
SP1;02/12/09;Xerez;Barcelona;0;2;A;0;0;D;7;14;4;3;13;16;3;9;1;0;0;0;12.0;5.5;1.25;11.84;5.43;1.24;1.55;2.32;9.27;1.04
SP1;05/12/09;La Coruna;Barcelona;1;3;A;1;1;D;4;19;1;9;9;13;1;9;1;2;0;0;5.5;3.8;1.62;5.3;3.76;1.62;1.77;1.98;3.93;1.22
SP1;05/12/09;Real Madrid;Almeria;4;2;H;1;0;H;37;9;14;4;15;16;8;3;0;4;1;0;1.17;6.5;17.0;1.19;6.37;14.47;1.46;2.59;1.03;11.32
SP1;05/12/09;Sevilla;Valladolid;1;1;D;1;1;D;17;9;4;2;16;22;4;4;4;4;0;1;1.33;4.75;9.5;1.35;4.64;8.76;1.62;2.21;1.1;6.49
SP1;05/12/09;Xerez;Ath Madrid;0;2;A;0;1;A;11;9;4;6;17;18;8;7;1;1;1;1;4.6;3.6;1.75;4.7;3.51;1.74;1.83;1.92;3.31;1.3
SP1;06/12/09;Ath Bilbao;Valencia;1;2;A;0;0;D;9;8;4;3;18;18;2;5;2;4;1;0;3.2;3.4;2.2;3.07;3.31;2.25;1.85;1.89;2.24;1.61
SP1;06/12/09;Espanol;Santander;0;4;A;0;0;D;10;15;1;5;19;21;4;7;2;4;0;0;2.0;3.3;3.8;1.98;3.29;3.82;2.21;1.62;1.41;2.71
SP1;06/12/09;Malaga;Osasuna;1;1;D;0;0;D;16;7;2;3;23;18;6;5;2;2;0;0;2.3;3.3;3.1;2.34;3.22;2.99;2.08;1.7;1.66;2.16
SP1;06/12/09;Mallorca;Zaragoza;4;1;H;1;0;H;14;9;7;5;16;14;4;7;3;3;0;0;1.85;3.5;4.2;1.81;3.46;4.35;1.78;1.98;1.33;3.08
SP1;06/12/09;Tenerife;Sp Gijon;2;1;H;0;1;A;13;4;6;1;9;10;6;3;1;3;0;0;2.1;3.3;3.5;2.11;3.3;3.38;1.96;1.79;1.52;2.4
SP1;06/12/09;Villarreal;Getafe;3;2;H;1;1;D;11;5;6;3;17;19;7;0;3;4;2;0;1.75;3.6;4.6;1.76;3.5;4.58;1.76;1.98;1.31;3.24
SP1;12/12/09;Barcelona;Espanol;1;0;H;1;0;H;15;7;3;2;15;20;10;2;3;3;0;0;1.17;7.0;17.0;1.19;6.43;13.79;1.46;2.56;2.16;1.72
SP1;12/12/09;Valencia;Real Madrid;2;3;A;0;0;D;12;14;5;6;19;15;7;2;4;2;0;0;2.5;3.4;2.7;2.44;3.36;2.73;1.62;2.2;1.77;2.03
SP1;12/12/09;Zaragoza;Ath Bilbao;1;2;A;0;0;D;15;9;2;4;21;18;6;2;3;6;0;0;2.2;3.3;3.3;2.16;3.29;3.26;1.87;1.88;1.55;2.37
SP1;13/12/09;Almeria;La Coruna;1;1;D;0;0;D;15;17;4;4;17;12;8;6;1;0;0;0;2.7;3.1;2.7;2.62;3.22;2.63;2.18;1.63;1.89;1.92
SP1;13/12/09;Ath Madrid;Villarreal;1;2;A;1;0;H;8;22;1;11;22;4;5;3;2;0;0;0;2.0;3.5;3.6;2.03;3.37;3.54;1.6;2.22;1.47;2.57
SP1;13/12/09;Getafe;Tenerife;2;1;H;1;0;H;13;11;5;1;18;13;10;1;1;1;0;0;1.75;3.6;4.75;1.75;3.5;4.65;1.85;1.9;1.28;3.42
SP1;13/12/09;Osasuna;Mallorca;0;1;A;0;0;D;8;10;2;2;18;22;5;6;2;3;0;0;2.2;3.3;3.25;2.16;3.29;3.27;1.97;1.78;1.55;2.4
SP1;13/12/09;Santander;Xerez;3;2;H;1;1;D;14;14;7;4;20;11;6;6;3;3;0;0;1.73;3.5;5.0;1.73;3.49;4.81;2.05;1.71;1.27;3.52
SP1;13/12/09;Sp Gijon;Sevilla;0;1;A;0;1;A;12;8;2;2;25;17;4;7;5;3;0;0;3.5;3.3;2.1;3.44;3.29;2.09;1.99;1.77;2.48;1.52
SP1;13/12/09;Valladolid;Malaga;1;1;D;0;1;A;22;10;4;1;17;21;7;4;3;3;0;0;2.0;3.4;3.75;1.99;3.35;3.65;1.88;1.87;1.43;2.66
SP1;19/12/09;Ath Bilbao;Osasuna;2;0;H;2;0;H;11;9;3;4;22;12;2;1;3;4;0;0;2.1;3.3;3.5;2.05;3.29;3.56;2.07;1.7;1.47;2.57
SP1;19/12/09;Real Madrid;Zaragoza;6;0;H;4;0;H;20;6;9;2;18;18;3;4;2;3;0;0;1.2;6.5;13.0;1.2;6.31;12.8;1.41;2.71;1.88;2.0
SP1;19/12/09;Sevilla;Getafe;1;2;A;0;2;A;26;7;5;5;14;16;8;1;1;5;0;0;1.6;3.6;6.0;1.57;3.72;5.95;1.7;2.07;2.03;1.83
SP1;20/12/09;Espanol;Almeria;2;0;H;1;0;H;18;9;4;3;27;18;11;8;3;3;0;0;2.1;3.3;3.5;2.08;3.29;3.47;2.08;1.69;1.5;2.52
SP1;20/12/09;La Coruna;Valencia;0;0;D;0;0;D;14;15;3;3;9;16;2;4;1;3;0;0;2.8;3.25;2.5;2.81;3.28;2.43;;;2.06;1.75
SP1;20/12/09;Malaga;Mallorca;2;1;H;1;0;H;8;14;4;5;16;14;3;5;2;4;0;0;2.5;3.3;2.75;2.48;3.25;2.75;1.92;1.83;1.78;2.01
SP1;20/12/09;Tenerife;Ath Madrid;1;1;D;1;1;D;22;9;10;1;12;16;2;4;1;5;0;0;3.1;3.4;2.25;3.06;3.31;2.25;1.74;2.01;2.21;1.63
SP1;20/12/09;Valladolid;Sp Gijon;2;1;H;1;1;D;17;8;4;3;12;19;2;5;3;2;0;0;2.1;3.3;3.5;2.13;3.29;3.34;2.01;1.75;1.53;2.44
SP1;20/12/09;Villarreal;Santander;2;0;H;0;0;D;20;4;8;0;14;23;10;5;1;4;0;0;1.6;3.75;5.75;1.59;3.73;5.62;1.78;1.98;2.05;1.81
SP1;02/01/10;Ath Madrid;Sevilla;2;1;H;0;1;A;12;7;3;1;21;16;5;6;3;3;0;1;2.63;3.3;2.63;2.64;3.28;2.58;1.82;1.93;1.91;1.86
SP1;02/01/10;Barcelona;Villarreal;1;1;D;1;0;H;12;8;3;2;22;15;6;7;2;4;0;0;1.33;4.75;10.0;1.34;4.72;8.9;1.49;2.45;1.84;2.05
SP1;02/01/10;Valencia;Espanol;1;0;H;0;0;D;17;11;8;3;18;18;6;0;3;4;0;0;1.44;4.33;7.0;1.44;4.21;7.35;1.79;1.97;1.13;5.25
SP1;03/01/10;Almeria;Xerez;1;0;H;0;0;D;12;10;4;2;18;13;7;1;3;5;0;0;1.8;3.5;4.5;1.76;3.42;4.68;2.07;1.71;1.3;3.4
SP1;03/01/10;Getafe;Valladolid;1;0;H;0;0;D;18;10;7;3;16;21;8;3;1;3;0;0;1.8;3.5;4.5;1.76;3.43;4.7;1.79;1.97;1.3;3.33
SP1;03/01/10;Mallorca;Ath Bilbao;2;0;H;0;0;D;17;4;6;3;13;24;4;4;5;2;0;0;2.0;3.5;3.6;2.03;3.32;3.58;1.83;1.92;1.47;2.58
SP1;03/01/10;Osasuna;Real Madrid;0;0;D;0;0;D;6;19;2;4;11;14;6;8;3;3;0;0;7.0;4.33;1.44;6.82;4.09;1.47;1.65;2.17;2.05;1.82
SP1;03/01/10;Santander;Tenerife;2;0;H;0;0;D;8;9;2;3;23;15;3;7;1;2;0;0;2.0;3.4;3.75;2.01;3.32;3.64;1.94;1.81;1.45;2.61
SP1;03/01/10;Sp Gijon;Malaga;2;2;D;1;1;D;18;7;7;3;11;16;7;0;3;3;0;0;2.0;3.4;3.75;2.03;3.3;3.59;2.08;1.69;1.45;2.62
SP1;03/01/10;Zaragoza;La Coruna;0;0;D;0;0;D;17;9;4;3;21;19;3;4;4;2;0;0;2.6;3.25;2.7;2.58;3.24;2.65;1.95;1.81;1.86;1.92
SP1;09/01/10;Sevilla;Santander;1;2;A;0;2;A;20;8;7;5;18;23;14;0;1;2;0;0;1.55;3.75;6.0;1.52;3.82;6.43;1.85;1.9;1.16;4.59
SP1;09/01/10;Valladolid;Ath Madrid;0;4;A;0;2;A;16;8;6;6;19;20;5;2;5;1;0;0;2.5;3.3;2.75;2.55;3.26;2.64;1.89;1.85;1.86;1.93
SP1;09/01/10;Villarreal;Almeria;1;1;D;1;0;H;9;8;3;3;18;22;4;3;2;2;1;0;1.44;4.2;7.5;1.47;3.97;7.07;1.83;1.91;1.13;5.29
SP1;10/01/10;Espanol;Zaragoza;2;1;H;1;1;D;10;10;6;3;25;24;3;5;4;1;0;0;2.0;3.3;3.75;1.99;3.3;3.69;1.93;1.81;1.44;2.62
SP1;10/01/10;La Coruna;Osasuna;1;0;H;0;0;D;8;10;1;1;19;16;2;3;3;0;0;1;1.91;3.4;4.0;1.84;3.34;4.27;2.16;1.64;1.33;3.11
SP1;10/01/10;Malaga;Ath Bilbao;1;1;D;0;0;D;6;13;2;6;19;16;3;6;3;3;0;0;2.4;3.3;2.88;2.4;3.24;2.85;2.08;1.69;1.74;2.05
SP1;10/01/10;Real Madrid;Mallorca;2;0;H;1;0;H;16;6;7;1;8;14;6;4;0;3;0;0;1.29;5.25;10.0;1.29;5.08;9.73;1.48;2.5;1.92;1.94
SP1;10/01/10;Sp Gijon;Getafe;1;0;H;1;0;H;18;14;8;4;22;10;4;5;2;4;0;0;2.5;3.3;2.75;2.43;3.22;2.83;1.97;1.78;1.74;2.02
SP1;10/01/10;Tenerife;Barcelona;0;5;A;0;3;A;13;15;3;5;20;11;3;1;3;2;0;0;7.5;4.5;1.4;7.55;4.39;1.4;1.6;2.23;5.58;1.12
SP1;10/01/10;Xerez;Valencia;1;3;A;1;2;A;10;13;4;6;12;13;7;4;3;3;0;0;6.0;3.75;1.57;5.96;3.7;1.57;1.9;1.84;4.36;1.18
SP1;16/01/10;Ath Bilbao;Real Madrid;1;0;H;1;0;H;11;31;3;10;20;15;4;9;3;4;1;0;6.0;3.8;1.57;5.67;3.75;1.59;1.8;1.95;4.14;1.2
SP1;16/01/10;Barcelona;Sevilla;4;0;H;0;0;D;27;4;12;0;11;13;11;2;2;4;0;0;1.33;5.0;8.5;1.34;4.91;8.34;1.59;2.25;1.1;6.31
SP1;16/01/10;Osasuna;Espanol;2;0;H;2;0;H;10;16;5;2;18;17;11;3;2;1;1;1;2.05;3.25;3.75;2.07;3.23;3.54;2.25;1.6;1.46;2.56
SP1;17/01/10;Almeria;Tenerife;1;1;D;0;1;A;16;12;4;5;16;27;12;4;0;7;1;0;1.95;3.4;3.8;1.94;3.34;3.87;2.14;1.66;1.39;2.79
SP1;17/01/10;Ath Madrid;Sp Gijon;3;2;H;1;1;D;15;17;7;8;11;18;2;5;4;2;0;0;1.57;3.8;6.0;1.54;3.91;5.96;1.68;2.1;1.9;1.96
SP1;17/01/10;Malaga;Getafe;1;0;H;0;0;D;19;13;4;4;16;19;8;3;5;6;0;1;2.5;3.25;2.8;2.5;3.22;2.75;2.0;1.76;1.81;1.97
SP1;17/01/10;Mallorca;La Coruna;2;0;H;0;0;D;19;8;8;1;15;15;7;4;2;4;0;0;2.15;3.25;3.4;2.08;3.26;3.52;2.11;1.67;1.48;2.5
SP1;17/01/10;Santander;Valladolid;1;1;D;0;1;A;15;5;4;2;15;21;6;3;1;2;0;0;2.0;3.3;3.6;1.97;3.31;3.77;2.08;1.7;1.41;2.74
SP1;17/01/10;Valencia;Villarreal;4;1;H;2;0;H;20;5;11;2;18;14;7;2;5;0;0;1;1.91;3.6;3.75;1.88;3.46;3.97;1.73;2.03;1.38;2.84
SP1;17/01/10;Zaragoza;Xerez;0;0;D;0;0;D;21;5;5;1;19;15;4;2;1;3;0;1;1.67;3.6;5.25;1.59;3.67;5.71;1.94;1.81;1.19;4.23
SP1;23/01/10;La Coruna;Ath Bilbao;3;1;H;0;0;D;12;16;4;4;9;17;2;6;2;3;0;0;2.1;3.2;3.6;2.16;3.23;3.3;2.19;1.63;1.58;2.3
SP1;23/01/10;Sevilla;Almeria;1;0;H;1;0;H;10;9;3;3;9;11;10;4;2;3;0;0;1.44;4.2;7.5;1.44;4.08;7.58;1.86;1.88;1.93;1.93
SP1;23/01/10;Valladolid;Barcelona;0;3;A;0;2;A;11;14;5;8;13;17;5;5;2;2;0;0;10.0;5.25;1.29;9.99;5.26;1.28;1.51;2.41;2.13;1.74
SP1;24/01/10;Espanol;Mallorca;1;1;D;0;0;D;15;11;2;4;18;19;5;3;3;4;0;0;2.4;3.2;3.0;2.37;3.23;2.9;2.15;1.65;1.7;2.1
SP1;24/01/10;Getafe;Ath Madrid;1;0;H;1;0;H;17;11;5;3;16;13;5;2;1;3;0;1;2.5;3.2;2.88;2.46;3.23;2.78;1.87;1.87;1.77;2.06
SP1;24/01/10;Real Madrid;Malaga;2;0;H;2;0;H;16;6;6;1;16;24;6;6;0;4;1;0;1.17;7.0;15.0;1.18;6.4;13.82;1.44;2.61;1.94;1.91
SP1;24/01/10;Sp Gijon;Santander;0;1;A;0;1;A;14;16;5;1;8;15;10;4;0;0;0;1;2.35;3.3;3.0;2.27;3.23;3.07;2.15;1.65;1.66;2.22
SP1;24/01/10;Tenerife;Valencia;0;0;D;0;0;D;15;7;7;3;16;13;12;10;0;2;0;0;5.25;3.75;1.65;5.06;3.62;1.66;1.77;1.98;1.99;1.89
SP1;24/01/10;Villarreal;Zaragoza;4;2;H;3;0;H;9;15;6;5;22;19;4;3;1;4;0;0;1.44;4.2;7.5;1.46;3.97;7.16;1.76;2.0;1.84;2.01
SP1;24/01/10;Xerez;Osasuna;1;2;A;1;1;D;7;15;2;7;14;15;2;3;1;1;0;0;3.25;3.2;2.25;3.17;3.22;2.23;2.26;1.59;2.26;1.61
SP1;30/01/10;Espanol;Ath Bilbao;1;0;H;0;0;D;12;8;4;2;16;10;10;6;5;2;0;0;2.25;3.25;3.25;2.29;3.25;3.06;2.18;1.64;1.63;2.22
SP1;30/01/10;La Coruna;Real Madrid;1;3;A;0;2;A;11;17;2;8;13;7;6;4;3;0;0;0;4.0;3.4;1.85;3.81;3.38;1.94;1.91;1.83;2.63;1.51
SP1;30/01/10;Sp Gijon;Barcelona;0;1;A;0;1;A;5;22;2;5;21;9;2;10;6;3;0;0;13.0;6.5;1.2;12.25;5.74;1.23;1.52;2.43;1.94;1.93
SP1;31/01/10;Ath Madrid;Malaga;0;2;A;0;1;A;11;9;4;4;17;24;2;5;3;3;0;0;1.5;4.2;6.5;1.5;3.97;6.5;1.58;2.24;1.16;4.62
SP1;31/01/10;Getafe;Santander;0;0;D;0;0;D;19;7;2;3;14;16;16;0;1;0;0;1;2.0;3.4;3.75;1.97;3.27;3.82;1.98;1.77;1.41;2.7
SP1;31/01/10;Sevilla;Valencia;2;1;H;1;0;H;15;14;4;8;14;20;6;4;4;4;0;0;2.25;3.4;3.2;2.25;3.31;3.08;1.76;1.99;1.6;2.25
SP1;31/01/10;Tenerife;Zaragoza;1;3;A;0;0;D;17;9;6;5;14;24;7;3;5;4;0;0;2.0;3.4;3.75;2.0;3.33;3.67;1.9;1.85;2.04;1.82
SP1;31/01/10;Valladolid;Almeria;1;1;D;0;1;A;12;12;2;4;18;12;6;4;4;2;1;0;2.1;3.3;3.5;2.07;3.29;3.5;2.0;1.76;1.49;2.49
SP1;31/01/10;Villarreal;Osasuna;0;2;A;0;1;A;12;10;3;4;12;13;4;5;3;1;0;0;1.57;3.75;6.0;1.59;3.73;5.78;1.92;1.82;1.19;4.19
SP1;31/01/10;Xerez;Mallorca;2;1;H;0;1;A;10;14;5;7;14;13;5;2;2;2;0;0;3.5;3.3;2.1;3.55;3.28;2.06;2.07;1.7;2.54;1.48
SP1;06/02/10;Barcelona;Getafe;2;1;H;1;0;H;18;13;8;6;14;14;5;2;4;3;2;0;1.14;8.0;15.0;1.16;7.09;14.77;1.44;2.62;1.84;2.01
SP1;06/02/10;Real Madrid;Espanol;3;0;H;2;0;H;26;13;8;3;15;22;7;4;2;3;0;0;1.2;6.5;13.0;1.2;6.26;12.67;1.56;2.3;1.96;1.91
SP1;06/02/10;Valencia;Valladolid;2;0;H;2;0;H;25;12;10;4;19;10;10;8;1;2;0;0;1.36;5.0;7.5;1.34;4.76;8.73;1.57;2.26;1.08;6.72
SP1;07/02/10;Almeria;Sp Gijon;3;1;H;2;1;H;13;14;3;7;10;21;4;6;0;7;1;2;2.1;3.3;3.5;2.13;3.24;3.39;2.19;1.63;1.51;2.47
SP1;07/02/10;Ath Bilbao;Xerez;3;2;H;1;2;A;17;15;5;5;12;17;11;4;2;5;0;0;1.5;3.75;7.5;1.49;3.85;7.11;1.92;1.82;1.89;1.96
SP1;07/02/10;Malaga;La Coruna;0;0;D;0;0;D;20;8;9;0;17;7;6;4;4;2;0;1;2.3;3.25;3.1;2.34;3.23;2.97;2.17;1.63;1.66;2.17
SP1;07/02/10;Mallorca;Villarreal;1;0;H;0;0;D;11;9;3;2;21;12;3;4;3;5;0;0;2.3;3.25;3.1;2.29;3.26;3.03;1.83;1.91;1.65;2.17
SP1;07/02/10;Osasuna;Tenerife;1;0;H;0;0;D;12;16;5;7;16;13;5;8;2;1;0;0;1.8;3.5;4.5;1.79;3.41;4.51;2.18;1.63;1.31;3.23
SP1;07/02/10;Santander;Ath Madrid;1;1;D;1;1;D;12;9;4;1;20;13;5;8;2;0;0;0;2.4;3.3;2.88;2.49;3.24;2.76;1.89;1.85;1.81;1.97
SP1;07/02/10;Zaragoza;Sevilla;2;1;H;2;1;H;11;12;4;4;24;14;5;6;5;1;1;2;3.5;3.3;2.1;3.42;3.31;2.08;1.83;1.91;2.48;1.51
SP1;13/02/10;Sp Gijon;Valencia;1;1;D;1;0;H;10;17;6;8;18;11;6;6;3;2;0;0;4.33;3.6;1.8;4.27;3.52;1.81;1.94;1.81;2.03;1.82
SP1;13/02/10;Villarreal;Ath Bilbao;2;1;H;2;1;H;13;7;5;2;12;16;6;9;1;2;1;2;1.8;3.5;4.5;1.81;3.46;4.38;1.85;1.89;1.83;2.03
SP1;13/02/10;Xerez;Real Madrid;0;3;A;0;0;D;5;22;1;11;15;16;1;6;2;3;0;0;13.0;5.5;1.25;12.25;5.35;1.25;1.59;2.24;2.06;1.82
SP1;14/02/10;Ath Madrid;Barcelona;2;1;H;2;1;H;13;13;6;7;19;13;5;7;2;5;0;0;4.5;3.75;1.73;4.69;3.76;1.69;1.52;2.42;1.94;1.93
SP1;14/02/10;Espanol;La Coruna;2;0;H;1;0;H;17;5;9;1;15;20;5;2;3;3;0;1;2.3;3.2;3.2;2.31;3.19;3.07;2.26;1.58;1.64;2.21
SP1;14/02/10;Getafe;Almeria;2;2;D;0;0;D;14;12;8;5;17;19;10;6;2;2;0;0;1.67;3.5;5.25;1.73;3.46;4.93;2.01;1.75;1.99;1.88
SP1;14/02/10;Santander;Malaga;0;3;A;0;2;A;13;11;4;5;14;16;8;3;6;3;1;0;2.0;3.3;3.75;2.04;3.26;3.65;2.15;1.65;2.08;1.79
SP1;14/02/10;Sevilla;Osasuna;1;0;H;1;0;H;13;10;3;5;15;14;3;7;1;3;0;0;1.67;3.5;5.5;1.64;3.58;5.45;1.97;1.78;1.86;2.0
SP1;14/02/10;Valladolid;Zaragoza;1;1;D;1;1;D;20;10;7;3;17;15;7;2;4;4;0;1;2.25;3.3;3.2;2.25;3.26;3.13;1.89;1.86;1.61;2.23
SP1;15/02/10;Tenerife;Mallorca;1;0;H;1;0;H;8;14;3;6;20;18;5;10;3;1;0;0;2.5;3.2;2.88;2.46;3.25;2.78;1.93;1.82;1.77;2.06
SP1;20/02/10;Barcelona;Santander;4;0;H;3;0;H;16;5;9;0;14;13;6;0;3;4;0;0;1.2;6.5;13.0;1.18;6.43;14.38;1.5;2.46;1.81;2.07
SP1;20/02/10;La Coruna;Xerez;2;1;H;2;1;H;11;11;5;2;24;20;3;3;3;5;0;0;1.53;3.75;7.0;1.51;3.82;6.82;1.93;1.83;1.95;1.91
SP1;20/02/10;Mallorca;Sevilla;1;3;A;1;1;D;11;12;5;6;23;14;5;4;3;1;1;2;2.5;3.25;2.8;2.45;3.26;2.8;1.95;1.8;1.78;2.03
SP1;21/02/10;Almeria;Ath Madrid;1;0;H;0;0;D;13;18;5;9;20;13;4;4;2;3;0;0;2.7;3.4;2.5;2.73;3.26;2.5;1.93;1.82;1.96;1.84
SP1;21/02/10;Ath Bilbao;Tenerife;4;1;H;2;0;H;21;14;9;3;11;13;12;5;1;1;0;1;1.73;3.5;5.0;1.71;3.52;4.95;1.87;1.88;2.01;1.87
SP1;21/02/10;Malaga;Espanol;2;1;H;1;1;D;11;12;2;4;20;9;4;7;5;2;1;0;2.2;3.3;3.25;2.14;3.24;3.38;2.21;1.61;1.52;2.44
SP1;21/02/10;Osasuna;Valladolid;1;1;D;0;0;D;16;14;1;6;18;14;10;10;2;1;0;0;1.85;3.4;4.33;1.82;3.36;4.43;2.18;1.63;1.32;3.18
SP1;21/02/10;Real Madrid;Villarreal;6;2;H;2;1;H;17;9;9;3;19;14;5;6;3;3;0;0;1.3;5.5;9.0;1.3;5.04;9.76;1.53;2.37;1.92;1.93
SP1;21/02/10;Zaragoza;Sp Gijon;1;3;A;0;1;A;17;10;7;3;10;6;0;5;2;0;0;0;1.91;3.4;4.0;1.9;3.39;3.97;1.92;1.83;1.89;1.96
SP1;22/02/10;Valencia;Getafe;2;1;H;1;0;H;12;15;7;3;17;9;3;5;2;6;1;0;1.57;4.0;5.5;1.55;3.78;6.06;1.75;2.01;2.06;1.81
SP1;27/02/10;Barcelona;Malaga;2;1;H;0;0;D;20;5;8;2;10;16;13;3;1;1;0;0;1.17;7.0;15.0;1.15;6.99;17.22;1.46;2.54;1.95;1.91
SP1;27/02/10;Getafe;Zaragoza;0;2;A;0;2;A;14;8;5;2;10;11;14;3;3;4;0;0;1.91;3.4;4.0;1.86;3.39;4.11;1.84;1.91;1.91;1.95
SP1;27/02/10;Tenerife;Real Madrid;1;5;A;0;2;A;14;14;5;6;16;7;6;4;2;1;0;0;11.0;5.75;1.25;10.2;5.14;1.28;1.54;2.34;2.04;1.82
SP1;28/02/10;Ath Madrid;Valencia;4;1;H;1;1;D;25;7;13;2;14;18;7;7;3;4;0;2;2.5;3.3;2.75;2.44;3.27;2.78;1.7;2.07;1.75;2.07
SP1;28/02/10;Santander;Almeria;0;2;A;0;1;A;12;5;0;2;22;14;2;4;5;1;0;0;2.1;3.3;3.5;2.11;3.25;3.39;2.08;1.69;1.52;2.46
SP1;28/02/10;Sevilla;Ath Bilbao;0;0;D;0;0;D;22;13;5;6;18;17;10;4;1;6;1;0;1.67;3.75;5.0;1.65;3.64;5.19;1.88;1.87;1.85;2.03
SP1;28/02/10;Sp Gijon;Osasuna;3;2;H;1;1;D;15;11;6;5;18;11;5;4;4;1;0;0;2.38;3.25;3.0;2.32;3.21;3.01;2.24;1.6;1.65;2.17
SP1;28/02/10;Valladolid;Mallorca;1;2;A;0;0;D;10;13;4;3;17;16;5;5;2;3;0;0;2.5;3.25;2.8;2.39;3.22;2.88;2.01;1.75;1.74;2.07
SP1;28/02/10;Villarreal;La Coruna;1;0;H;1;0;H;19;8;6;2;16;13;5;3;2;3;0;0;1.91;3.4;4.0;1.93;3.35;3.86;1.93;1.82;1.98;1.89
SP1;28/02/10;Xerez;Espanol;1;1;D;0;1;A;11;19;5;1;17;21;4;3;2;1;0;0;3.0;3.25;2.38;2.98;3.22;2.32;2.1;1.67;2.19;1.64
SP1;06/03/10;Almeria;Barcelona;2;2;D;1;1;D;7;22;2;8;17;12;5;5;0;0;0;1;11.0;5.75;1.25;10.64;5.27;1.27;1.6;2.23;1.95;1.9
SP1;06/03/10;La Coruna;Tenerife;3;1;H;1;1;D;7;11;3;2;12;17;4;3;1;1;0;0;1.62;3.6;5.75;1.67;3.55;5.2;1.96;1.79;1.92;1.95
SP1;06/03/10;Real Madrid;Sevilla;3;2;H;0;1;A;34;2;13;1;19;16;6;5;4;4;0;0;1.4;4.5;8.0;1.37;4.64;7.74;1.46;2.56;1.91;1.96
SP1;07/03/10;Ath Bilbao;Valladolid;2;0;H;2;0;H;11;13;8;2;7;13;8;3;0;0;0;0;1.67;3.6;5.25;1.73;3.49;4.75;1.97;1.78;1.97;1.91
SP1;07/03/10;Espanol;Villarreal;0;0;D;0;0;D;16;16;6;6;14;14;10;8;1;4;1;0;2.4;3.25;2.9;2.38;3.24;2.9;2.03;1.73;1.74;2.08
SP1;07/03/10;Malaga;Xerez;2;4;A;1;1;D;23;11;6;8;14;18;12;3;2;7;1;1;1.62;3.6;5.75;1.62;3.63;5.54;2.05;1.71;1.82;2.06
SP1;07/03/10;Mallorca;Sp Gijon;3;0;H;1;0;H;13;5;4;1;12;18;4;5;1;3;0;0;1.73;3.6;4.75;1.74;3.48;4.74;1.95;1.8;1.97;1.89
SP1;07/03/10;Osasuna;Getafe;0;0;D;0;0;D;27;13;8;3;18;16;5;4;1;4;0;0;2.2;3.25;3.25;2.16;3.24;3.3;2.18;1.62;1.56;2.38
SP1;07/03/10;Zaragoza;Ath Madrid;1;1;D;1;0;H;12;6;5;2;23;20;4;4;7;3;0;1;2.5;3.3;2.8;2.53;3.27;2.67;1.77;1.98;1.83;1.97
SP1;08/03/10;Valencia;Santander;0;0;D;0;0;D;17;11;3;4;11;16;4;3;2;4;1;0;1.57;3.8;6.0;1.55;3.81;6.06;1.73;2.02;2.09;1.79
SP1;13/03/10;Getafe;Mallorca;3;0;H;1;0;H;18;12;9;3;16;10;9;3;4;0;0;1;2.1;3.3;3.5;2.13;3.27;3.36;1.97;1.78;1.53;2.43
SP1;13/03/10;Sevilla;La Coruna;1;1;D;1;1;D;17;6;8;4;14;15;12;1;2;4;0;0;1.62;3.6;5.5;1.64;3.63;5.34;1.92;1.82;1.85;2.03
SP1;13/03/10;Sp Gijon;Ath Bilbao;0;0;D;0;0;D;17;17;5;6;16;14;7;5;5;3;0;0;2.38;3.25;3.0;2.39;3.23;2.89;2.01;1.74;1.72;2.09
SP1;14/03/10;Almeria;Malaga;1;0;H;0;0;D;7;15;3;3;10;11;6;7;2;3;0;0;2.1;3.3;3.5;2.04;3.29;3.58;2.13;1.66;1.46;2.58
SP1;14/03/10;Barcelona;Valencia;3;0;H;0;0;D;19;7;8;4;10;19;7;3;1;4;0;1;1.4;4.5;8.0;1.4;4.46;7.6;1.5;2.45;1.1;5.83
SP1;14/03/10;Santander;Zaragoza;0;0;D;0;0;D;9;8;3;4;28;19;3;4;1;2;0;0;2.2;3.3;3.25;2.22;3.26;3.15;1.94;1.8;1.6;2.27
SP1;14/03/10;Tenerife;Espanol;4;1;H;1;0;H;21;10;8;3;17;22;9;2;1;4;0;0;2.2;3.3;3.25;2.25;3.26;3.1;2.03;1.73;1.62;2.25
SP1;14/03/10;Valladolid;Real Madrid;1;4;A;0;2;A;11;21;2;11;27;22;2;2;5;3;0;0;10.0;5.25;1.29;9.96;5.12;1.29;1.5;2.45;1.96;1.89
SP1;14/03/10;Villarreal;Xerez;2;0;H;1;0;H;25;4;9;2;11;19;6;3;1;3;0;0;1.36;4.5;9.0;1.35;4.54;9.0;1.69;2.08;1.08;7.07
SP1;15/03/10;Ath Madrid;Osasuna;1;0;H;0;0;D;14;12;6;5;10;18;5;7;2;4;1;0;1.73;3.5;5.0;1.73;3.5;4.74;1.82;1.92;1.29;3.34
SP1;20/03/10;Ath Bilbao;Getafe;2;2;D;1;1;D;11;15;3;8;15;19;5;5;2;4;1;1;2.1;3.3;3.5;2.05;3.29;3.54;1.98;1.77;1.47;2.55
SP1;20/03/10;Espanol;Sevilla;2;0;H;1;0;H;24;11;7;2;18;9;2;7;3;2;0;0;3.2;3.3;2.25;3.09;3.24;2.27;2.06;1.71;2.26;1.61
SP1;20/03/10;La Coruna;Valladolid;0;2;A;0;1;A;4;15;1;6;10;16;5;9;0;0;0;0;1.67;3.6;5.25;1.64;3.59;5.38;1.94;1.8;1.9;1.98
SP1;20/03/10;Real Madrid;Sp Gijon;3;1;H;0;0;D;28;9;10;5;16;15;4;3;2;1;0;0;1.13;8.0;19.0;1.13;7.61;17.6;1.34;3.04;1.82;2.05
SP1;20/03/10;Xerez;Tenerife;2;1;H;2;0;H;13;17;4;5;18;14;2;9;1;4;1;0;2.4;3.3;2.88;2.39;3.25;2.87;1.96;1.79;1.72;2.08
SP1;21/03/10;Malaga;Villarreal;2;0;H;0;0;D;11;10;6;3;22;19;7;3;1;1;0;0;2.88;3.2;2.5;2.69;3.23;2.54;1.99;1.76;1.96;1.82
SP1;21/03/10;Mallorca;Ath Madrid;4;1;H;2;1;H;18;10;9;5;16;16;7;3;1;1;0;1;2.1;3.3;3.5;2.12;3.29;3.34;1.87;1.87;1.52;2.46
SP1;21/03/10;Osasuna;Santander;1;3;A;1;1;D;13;12;6;6;17;17;10;4;2;2;0;0;2.0;3.3;3.75;2.02;3.26;3.66;2.18;1.63;1.43;2.65
SP1;21/03/10;Valencia;Almeria;2;0;H;0;0;D;23;8;7;3;15;18;5;8;2;2;0;0;1.57;3.75;6.0;1.59;3.69;5.8;1.71;2.07;1.19;4.17
SP1;21/03/10;Zaragoza;Barcelona;2;4;A;0;1;A;10;18;2;6;22;18;7;6;3;3;0;0;11.0;5.25;1.29;9.96;5.05;1.29;1.52;2.4;1.95;1.89
SP1;23/03/10;Sevilla;Xerez;1;1;D;0;0;D;19;6;3;1;8;17;4;5;0;2;0;0;1.29;5.25;11.0;1.28;5.09;10.63;1.69;2.08;2.0;1.86
SP1;23/03/10;Sp Gijon;La Coruna;2;1;H;1;0;H;21;10;8;3;14;8;7;6;2;2;0;2;2.4;3.3;2.88;2.48;3.23;2.8;2.18;1.63;1.79;2.01
SP1;24/03/10;Almeria;Zaragoza;1;0;H;0;0;D;11;14;3;4;14;22;5;5;3;4;0;0;2.05;3.3;3.6;2.07;3.28;3.51;1.93;1.82;1.47;2.51
SP1;24/03/10;Barcelona;Osasuna;2;0;H;0;0;D;16;3;5;1;12;22;8;3;4;2;0;0;1.13;8.0;19.0;1.12;7.9;20.48;1.37;2.85;2.04;1.82
SP1;24/03/10;Santander;Mallorca;0;0;D;0;0;D;10;13;4;4;15;22;7;7;1;1;0;0;2.35;3.3;3.0;2.38;3.25;2.9;2.07;1.69;1.7;2.1
SP1;24/03/10;Tenerife;Villarreal;2;2;D;0;1;A;10;14;4;7;23;17;9;4;3;4;0;0;2.88;3.3;2.4;2.76;3.25;2.48;1.86;1.89;2.0;1.8
SP1;24/03/10;Valencia;Malaga;1;0;H;1;0;H;14;5;4;0;17;20;9;4;3;5;0;0;1.5;4.0;7.0;1.48;4.04;6.76;1.67;2.1;1.83;2.04
SP1;24/03/10;Valladolid;Espanol;0;0;D;0;0;D;8;9;0;1;13;17;4;7;4;2;1;1;2.25;3.3;3.2;2.23;3.25;3.16;2.05;1.71;1.61;2.26
SP1;25/03/10;Ath Madrid;Ath Bilbao;2;0;H;0;0;D;15;17;6;5;16;15;7;7;1;4;0;0;1.85;3.5;4.0;1.87;3.41;4.05;1.76;1.98;1.36;2.94
SP1;25/03/10;Getafe;Real Madrid;2;4;A;1;4;A;10;21;4;10;9;11;6;8;3;2;0;0;9.0;4.75;1.36;7.89;4.58;1.37;1.49;2.46;5.99;1.1
SP1;27/03/10;Malaga;Tenerife;1;1;D;0;0;D;7;14;1;4;15;14;5;2;2;2;1;0;1.91;3.4;4.0;1.93;3.34;3.87;1.98;1.78;1.4;2.75
SP1;27/03/10;Mallorca;Barcelona;0;1;A;0;0;D;10;7;2;5;29;21;4;8;4;3;0;0;7.5;4.2;1.44;6.52;4.08;1.47;1.52;2.4;1.97;1.87
SP1;27/03/10;Zaragoza;Valencia;3;0;H;1;0;H;20;9;6;3;19;19;6;5;4;4;0;1;2.9;3.3;2.38;2.91;3.22;2.38;1.84;1.91;2.07;1.73
SP1;28/03/10;Espanol;Sp Gijon;0;0;D;0;0;D;15;6;1;3;14;18;11;0;1;0;0;0;1.91;3.4;4.0;1.94;3.34;3.81;2.12;1.67;1.39;2.79
SP1;28/03/10;La Coruna;Getafe;1;3;A;0;2;A;14;21;6;9;4;8;8;6;0;4;0;0;2.1;3.3;3.5;2.1;3.24;3.43;2.02;1.74;1.53;2.43
SP1;28/03/10;Osasuna;Almeria;1;0;H;1;0;H;21;9;11;2;17;20;7;4;3;2;0;1;2.2;3.3;3.3;2.19;3.22;3.25;2.26;1.59;1.56;2.36
SP1;28/03/10;Real Madrid;Ath Madrid;3;2;H;0;1;A;32;10;8;3;22;16;7;2;3;1;0;0;1.3;5.25;10.0;1.31;4.92;9.11;1.39;2.8;1.83;2.04
SP1;28/03/10;Villarreal;Sevilla;3;0;H;2;0;H;14;9;8;6;10;15;9;3;2;3;0;0;2.25;3.3;3.2;2.19;3.26;3.19;1.99;1.77;1.57;2.34
SP1;28/03/10;Xerez;Valladolid;3;0;H;2;0;H;12;17;4;5;22;19;4;6;2;4;0;1;2.5;3.25;2.8;2.48;3.23;2.77;1.95;1.8;1.77;2.08
SP1;29/03/10;Ath Bilbao;Santander;4;3;H;2;1;H;12;9;5;5;10;21;10;1;1;3;0;1;1.91;3.4;4.0;1.9;3.34;4.04;2.02;1.74;1.37;2.85
SP1;03/04/10;Barcelona;Ath Bilbao;4;1;H;2;0;H;17;14;7;5;5;8;7;10;1;1;0;0;1.17;7.0;15.0;1.17;6.6;14.96;1.42;2.65;2.12;1.77
SP1;03/04/10;Sevilla;Tenerife;3;0;H;2;0;H;13;15;5;3;21;19;4;5;5;4;0;0;1.4;4.5;8.0;1.42;4.29;7.54;1.69;2.07;1.11;5.56
SP1;03/04/10;Zaragoza;Malaga;2;0;H;1;0;H;15;8;6;3;9;14;8;3;3;4;0;0;1.85;3.4;4.2;1.85;3.42;4.1;1.87;1.87;1.36;2.91
SP1;04/04/10;Almeria;Mallorca;1;1;D;1;0;H;16;17;6;8;14;16;7;4;1;2;0;0;2.4;3.3;2.88;2.41;3.25;2.85;1.94;1.81;1.7;2.07
SP1;04/04/10;Ath Madrid;La Coruna;3;0;H;1;0;H;18;6;10;2;15;8;6;3;2;0;0;0;1.83;3.5;4.33;1.8;3.47;4.36;1.82;1.92;1.32;3.15
SP1;04/04/10;Getafe;Espanol;1;1;D;1;0;H;17;10;2;3;10;15;8;7;3;4;0;0;1.8;3.5;4.5;1.83;3.44;4.26;2.01;1.74;1.33;3.05
SP1;04/04/10;Santander;Real Madrid;0;2;A;0;1;A;5;16;2;4;27;12;1;9;4;1;0;0;9.5;5.25;1.3;9.1;5.02;1.31;1.49;2.45;1.88;1.97
SP1;04/04/10;Sp Gijon;Xerez;2;2;D;1;0;H;15;12;7;4;18;18;3;4;1;0;0;0;1.73;3.5;5.0;1.75;3.48;4.69;2.01;1.73;1.29;3.31
SP1;04/04/10;Valencia;Osasuna;3;0;H;0;0;D;18;14;7;5;14;20;7;3;0;2;0;0;1.62;3.75;5.5;1.56;3.72;6.17;1.92;1.82;1.16;4.5
SP1;04/04/10;Valladolid;Villarreal;0;2;A;0;1;A;15;12;5;7;15;14;6;4;3;4;0;0;2.88;3.3;2.4;2.89;3.29;2.36;1.88;1.86;2.11;1.7
SP1;10/04/10;Malaga;Sevilla;1;2;A;1;0;H;10;11;4;7;29;14;3;4;3;5;0;0;3.25;3.25;2.25;3.18;3.3;2.19;1.89;1.84;2.34;1.56
SP1;10/04/10;Real Madrid;Barcelona;0;2;A;0;1;A;16;8;7;4;30;15;4;7;4;4;0;0;2.5;3.4;2.7;2.49;3.41;2.69;1.52;2.41;1.79;2.0
SP1;10/04/10;Tenerife;Valladolid;0;0;D;0;0;D;18;5;4;0;13;22;9;6;2;3;0;0;2.0;3.4;3.75;1.97;3.35;3.71;1.85;1.88;1.43;2.62
SP1;10/04/10;Villarreal;Sp Gijon;1;0;H;1;0;H;16;3;8;1;10;15;9;4;0;1;0;0;1.5;4.0;7.0;1.5;3.88;6.57;1.83;1.91;1.83;2.0
SP1;10/04/10;Xerez;Getafe;0;1;A;0;0;D;14;9;4;2;23;14;12;3;3;2;0;1;2.8;3.25;2.5;2.74;3.27;2.47;1.93;1.81;1.98;1.79
SP1;11/04/10;Ath Bilbao;Almeria;4;1;H;2;0;H;25;11;11;5;10;17;9;3;1;0;0;0;1.8;3.5;4.5;1.78;3.47;4.47;1.98;1.77;1.31;3.2
SP1;11/04/10;Espanol;Ath Madrid;3;0;H;0;0;D;21;12;7;2;8;13;5;5;2;3;0;1;2.5;3.25;2.8;2.48;3.25;2.74;1.92;1.82;1.76;2.03
SP1;11/04/10;La Coruna;Santander;1;1;D;1;0;H;15;12;3;4;9;16;9;7;0;1;0;0;2.0;3.4;3.8;2.03;3.3;3.58;2.08;1.69;1.46;2.53
SP1;11/04/10;Mallorca;Valencia;3;2;H;2;0;H;17;15;8;4;12;15;4;7;3;3;0;1;2.38;3.25;3.0;2.36;3.29;2.89;1.87;1.86;1.69;2.1
SP1;11/04/10;Osasuna;Zaragoza;2;0;H;1;0;H;9;12;6;4;22;14;3;7;4;4;1;0;2.25;3.25;3.2;2.21;3.24;3.2;2.02;1.74;1.57;2.33
SP1;13/04/10;Getafe;Villarreal;3;0;H;0;0;D;15;8;5;2;19;10;5;5;1;2;0;0;2.5;3.3;2.75;2.55;3.31;2.68;1.86;1.89;1.86;1.92
SP1;13/04/10;Sp Gijon;Tenerife;0;2;A;0;0;D;12;7;5;4;16;12;9;9;2;0;0;0;1.91;3.4;4.0;1.89;3.39;4.07;1.97;1.79;1.37;2.91
SP1;13/04/10;Valladolid;Sevilla;2;1;H;1;0;H;20;8;5;5;27;13;4;3;5;1;0;0;4.0;3.5;1.91;3.98;3.43;1.91;1.98;1.78;1.93;1.95
SP1;14/04/10;Ath Madrid;Xerez;1;2;A;1;1;D;21;11;5;3;19;16;8;4;3;4;0;0;1.36;4.5;9.0;1.37;4.45;8.43;1.7;2.07;1.86;2.0
SP1;14/04/10;Barcelona;La Coruna;3;0;H;1;0;H;21;5;11;3;11;12;14;2;0;3;0;0;1.13;8.5;17.0;1.12;7.87;18.38;1.4;2.74;1.96;1.9
SP1;14/04/10;Osasuna;Malaga;2;2;D;1;1;D;11;16;2;6;20;18;5;4;1;5;1;1;1.91;3.4;4.0;1.92;3.36;3.94;2.05;1.72;1.94;1.91
SP1;14/04/10;Santander;Espanol;3;1;H;1;1;D;13;7;4;2;24;10;7;5;3;3;0;1;2.1;3.3;3.5;2.15;3.27;3.32;2.11;1.68;1.52;2.45
SP1;14/04/10;Zaragoza;Mallorca;1;1;D;1;1;D;14;6;3;3;16;14;5;5;2;4;0;0;2.2;3.3;3.2;2.25;3.29;3.08;1.89;1.85;1.62;2.24
SP1;15/04/10;Almeria;Real Madrid;1;2;A;1;1;D;10;32;4;15;19;17;4;10;3;4;0;0;10.0;5.5;1.29;9.17;5.18;1.3;1.46;2.54;1.96;1.89
SP1;15/04/10;Valencia;Ath Bilbao;2;0;H;1;0;H;17;6;5;3;17;13;15;3;1;2;0;0;1.62;3.75;5.5;1.63;3.67;5.44;1.73;2.04;1.86;2.0
SP1;17/04/10;Espanol;Barcelona;0;0;D;0;0;D;9;4;3;1;21;17;3;4;3;2;0;1;9.0;5.0;1.33;8.77;4.87;1.32;1.55;2.33;7.02;1.08
SP1;17/04/10;Sevilla;Sp Gijon;3;0;H;1;0;H;16;4;7;2;8;20;6;3;3;4;0;2;1.4;4.33;8.5;1.38;4.41;8.05;1.78;1.97;1.1;6.14
SP1;17/04/10;Villarreal;Ath Madrid;2;1;H;2;0;H;7;13;5;7;15;22;4;8;2;2;0;0;1.83;3.5;4.33;1.78;3.54;4.3;1.73;2.03;1.32;3.16
SP1;18/04/10;Ath Bilbao;Zaragoza;0;0;D;0;0;D;16;6;6;1;14;17;5;2;3;5;0;0;1.73;3.5;5.0;1.77;3.51;4.43;1.86;1.87;1.3;3.23
SP1;18/04/10;La Coruna;Almeria;0;0;D;0;0;D;18;18;4;2;14;10;3;9;2;2;0;0;1.91;3.4;4.0;1.95;3.34;3.83;2.02;1.74;1.4;2.73
SP1;18/04/10;Malaga;Valladolid;0;0;D;0;0;D;13;14;4;0;15;22;6;6;2;2;0;0;1.91;3.4;4.0;1.93;3.36;3.84;1.99;1.77;1.4;2.74
SP1;18/04/10;Real Madrid;Valencia;2;0;H;1;0;H;24;9;11;3;16;16;2;7;2;3;0;0;1.4;4.5;8.0;1.39;4.55;7.33;1.41;2.7;1.11;5.68
SP1;18/04/10;Tenerife;Getafe;3;2;H;1;1;D;19;14;4;7;13;19;7;3;2;4;0;0;2.4;3.3;2.88;2.38;3.28;2.85;1.94;1.8;1.7;2.1
SP1;18/04/10;Xerez;Santander;2;2;D;1;1;D;11;14;4;7;16;13;5;13;1;2;0;0;2.4;3.3;2.88;2.4;3.26;2.84;2.04;1.73;1.74;2.06
SP1;19/04/10;Mallorca;Osasuna;2;0;H;1;0;H;15;12;8;4;14;15;5;9;1;3;0;0;1.62;3.6;6.0;1.6;3.66;5.6;1.99;1.76;1.2;4.09
SP1;24/04/10;Barcelona;Xerez;3;1;H;2;1;H;14;8;7;4;17;17;3;6;1;9;0;2;1.1;8.5;29.0;1.08;9.13;25.1;1.33;3.13;2.02;1.84
SP1;24/04/10;Valencia;La Coruna;1;0;H;1;0;H;12;9;6;1;17;11;12;2;3;3;1;0;1.4;4.5;8.0;1.41;4.31;7.48;1.67;2.12;1.12;5.63
SP1;24/04/10;Zaragoza;Real Madrid;1;2;A;0;0;D;7;19;2;12;21;22;1;7;3;4;1;0;10.0;5.5;1.29;9.24;5.23;1.3;1.42;2.71;7.01;1.07
SP1;25/04/10;Almeria;Espanol;0;1;A;0;0;D;13;16;2;6;17;15;10;2;4;4;0;1;2.2;3.2;3.4;2.18;3.18;3.36;2.21;1.61;1.54;2.35
SP1;25/04/10;Ath Madrid;Tenerife;3;1;H;2;0;H;26;14;11;3;10;14;9;7;1;2;0;0;1.8;3.5;4.5;1.74;3.63;4.53;1.61;2.22;1.29;3.3
SP1;25/04/10;Getafe;Sevilla;4;3;H;1;2;A;20;10;9;6;11;16;10;3;6;3;0;1;2.8;3.25;2.5;2.75;3.27;2.49;1.88;1.87;2.01;1.78
SP1;25/04/10;Mallorca;Malaga;1;1;D;0;0;D;24;14;7;8;19;20;8;6;2;5;0;1;1.5;4.0;7.0;1.48;4.0;6.8;1.92;1.83;1.14;4.99
SP1;25/04/10;Santander;Villarreal;1;2;A;1;0;H;10;22;6;11;21;10;4;9;7;4;0;0;3.0;3.25;2.38;2.92;3.26;2.37;1.94;1.81;2.09;1.69
SP1;25/04/10;Sp Gijon;Valladolid;0;2;A;0;0;D;8;12;1;6;24;17;3;1;2;3;1;1;2.25;3.25;3.25;2.24;3.23;3.17;2.01;1.76;1.6;2.25
SP1;26/04/10;Osasuna;Ath Bilbao;0;0;D;0;0;D;12;8;3;5;15;12;5;6;1;1;0;0;2.5;3.25;2.8;2.47;3.2;2.81;2.07;1.71;1.78;2.01
SP1;01/05/10;Espanol;Valencia;0;2;A;0;0;D;9;15;2;6;14;19;6;10;3;0;0;0;2.88;3.3;2.4;2.87;3.25;2.4;1.94;1.81;2.05;1.73
SP1;01/05/10;La Coruna;Zaragoza;0;1;A;0;0;D;7;7;4;1;20;11;4;6;3;2;0;0;2.4;3.3;2.88;2.37;3.26;2.89;2.02;1.75;1.7;2.07
SP1;01/05/10;Malaga;Sp Gijon;1;1;D;0;1;A;19;7;6;1;14;18;15;5;3;8;0;0;1.83;3.5;4.33;1.85;3.39;4.24;2.08;1.7;1.33;3.07
SP1;01/05/10;Tenerife;Santander;2;1;H;1;0;H;20;7;11;2;15;23;5;2;0;4;0;0;2.1;3.3;3.5;2.12;3.3;3.36;1.87;1.86;1.51;2.41
SP1;01/05/10;Valladolid;Getafe;0;0;D;0;0;D;13;4;3;2;14;21;5;6;2;3;0;1;2.4;3.3;2.88;2.39;3.28;2.87;2.01;1.75;1.71;2.09
SP1;01/05/10;Villarreal;Barcelona;1;4;A;0;3;A;8;15;2;6;23;11;4;4;3;3;0;0;5.5;3.8;1.57;5.83;3.95;1.54;1.57;2.28;1.84;2.0
SP1;01/05/10;Xerez;Almeria;2;1;H;1;1;D;11;18;2;3;8;17;4;6;2;4;1;1;2.5;3.3;2.75;2.43;3.26;2.82;2.03;1.74;1.74;2.04
SP1;02/05/10;Ath Bilbao;Mallorca;1;3;A;1;1;D;13;18;4;6;14;21;6;7;1;4;0;0;2.0;3.4;3.75;2.02;3.31;3.63;1.94;1.81;1.45;2.56
SP1;02/05/10;Real Madrid;Osasuna;3;2;H;2;2;D;31;17;12;6;13;15;11;3;1;1;0;0;1.13;8.0;19.0;1.11;7.98;18.94;1.36;2.96;1.88;1.97
SP1;02/05/10;Sevilla;Ath Madrid;3;1;H;3;1;H;12;13;8;3;19;16;12;1;1;3;0;0;1.36;5.0;8.0;1.38;4.7;7.49;1.63;2.17;1.12;5.38
SP1;04/05/10;Almeria;Villarreal;4;2;H;3;0;H;11;16;4;9;18;8;7;1;4;1;1;1;3.2;3.25;2.25;3.04;3.33;2.26;1.88;1.88;2.2;1.64
SP1;04/05/10;Barcelona;Tenerife;4;1;H;1;1;D;21;4;8;2;5;21;9;2;0;3;0;0;1.06;11.0;29.0;1.06;11.8;28.12;1.27;3.44;2.03;1.86
SP1;04/05/10;Getafe;Sp Gijon;1;1;D;0;1;A;16;14;8;4;6;13;11;8;0;0;0;0;1.57;3.8;6.0;1.56;3.8;6.04;1.78;1.98;1.18;4.29
SP1;04/05/10;Valencia;Xerez;3;1;H;1;1;D;22;7;6;3;12;15;8;0;3;0;0;1;1.25;5.75;11.0;1.25;5.73;10.81;1.51;2.45;1.05;8.18
SP1;05/05/10;Ath Bilbao;Malaga;1;1;D;1;1;D;15;18;6;5;14;20;8;9;2;7;0;0;1.8;3.5;4.33;1.81;3.44;4.35;1.96;1.8;1.31;3.17
SP1;05/05/10;Ath Madrid;Valladolid;3;1;H;1;0;H;15;24;8;7;17;14;7;4;0;2;0;0;2.0;3.5;3.6;2.03;3.38;3.52;1.79;1.98;1.47;2.51
SP1;05/05/10;Mallorca;Real Madrid;1;4;A;1;1;D;6;14;4;9;21;12;4;4;4;2;0;0;5.75;4.2;1.53;5.38;4.08;1.56;1.45;2.62;3.99;1.2
SP1;05/05/10;Osasuna;La Coruna;3;1;H;3;1;H;13;9;5;3;14;6;2;3;3;0;0;0;1.73;3.6;4.75;1.71;3.59;4.71;2.1;1.69;1.26;3.52
SP1;05/05/10;Santander;Sevilla;1;5;A;0;2;A;11;17;4;8;15;17;4;8;2;1;1;0;3.2;3.3;2.25;3.11;3.33;2.2;1.92;1.84;2.25;1.59
SP1;05/05/10;Zaragoza;Espanol;1;0;H;0;0;D;11;7;3;3;21;16;1;5;2;3;0;1;1.75;3.75;4.75;1.75;3.53;4.6;2.07;1.72;1.29;3.3
SP1;08/05/10;Espanol;Osasuna;2;1;H;0;1;A;13;11;8;2;4;14;5;5;3;1;0;0;2.1;3.2;3.6;2.06;3.23;3.57;2.01;1.75;1.47;2.49
SP1;08/05/10;Getafe;Malaga;2;1;H;1;0;H;9;5;5;2;10;12;4;3;3;1;0;0;1.8;3.5;4.5;1.81;3.43;4.34;1.91;1.84;1.32;3.12
SP1;08/05/10;La Coruna;Mallorca;1;0;H;0;0;D;12;18;2;2;15;17;3;5;1;3;0;0;3.75;3.4;2.0;3.53;3.46;1.97;1.99;1.77;2.6;1.44
SP1;08/05/10;Real Madrid;Ath Bilbao;5;1;H;1;1;D;34;6;15;4;13;14;9;1;3;2;0;1;1.11;9.0;19.0;1.1;8.43;19.62;1.32;3.16;1.69;2.24
SP1;08/05/10;Sevilla;Barcelona;2;3;A;0;2;A;7;18;5;7;23;15;2;4;4;6;1;0;6.0;4.33;1.5;5.94;4.26;1.49;1.44;2.64;4.44;1.17
SP1;08/05/10;Sp Gijon;Ath Madrid;1;1;D;0;0;D;4;4;1;1;9;8;5;3;2;1;0;0;1.67;3.8;5.0;1.65;3.81;4.75;1.74;2.02;1.26;3.49
SP1;08/05/10;Tenerife;Almeria;2;2;D;1;1;D;17;9;7;5;15;6;9;3;2;2;0;0;1.67;3.75;5.0;1.66;3.77;4.71;1.81;1.94;1.26;3.53
SP1;08/05/10;Valladolid;Santander;2;1;H;0;1;A;12;5;4;3;13;19;6;4;1;2;1;1;2.1;3.2;3.6;2.07;3.31;3.43;2.0;1.76;1.47;2.49
SP1;08/05/10;Villarreal;Valencia;2;0;H;2;0;H;8;8;5;4;8;21;4;4;3;6;2;0;1.73;3.8;4.5;1.73;3.7;4.37;1.56;2.28;1.31;3.23
SP1;08/05/10;Xerez;Zaragoza;3;2;H;1;0;H;9;14;6;7;16;15;2;4;3;3;0;1;3.0;3.25;2.38;2.81;3.33;2.38;1.89;1.85;2.08;1.72
SP1;15/05/10;Almeria;Sevilla;2;3;A;1;1;D;14;11;5;5;16;14;4;8;3;4;0;1;6.5;4.5;1.44;6.63;4.45;1.43;1.5;2.47;4.83;1.15
SP1;15/05/10;Ath Bilbao;La Coruna;2;0;H;1;0;H;19;13;5;5;16;13;12;0;0;0;0;0;1.8;3.6;4.33;1.77;3.56;4.4;1.69;2.11;1.31;3.13
SP1;15/05/10;Ath Madrid;Getafe;0;3;A;0;1;A;9;11;4;8;16;13;3;3;1;2;0;0;4.75;4.2;1.65;4.59;3.92;1.66;1.53;2.39;3.44;1.27
SP1;15/05/10;Mallorca;Espanol;2;0;H;1;0;H;13;8;4;3;18;11;7;2;3;2;0;0;1.29;5.5;9.5;1.27;5.39;10.05;1.61;2.22;1.95;1.91
SP1;15/05/10;Zaragoza;Villarreal;3;3;D;3;1;H;10;20;6;13;21;8;3;7;6;3;0;0;4.0;3.6;1.85;4.0;3.6;1.83;1.54;2.35;2.85;1.37
SP1;16/05/10;Barcelona;Valladolid;4;0;H;2;0;H;14;10;7;4;17;20;7;5;1;3;0;0;1.04;13.0;34.0;1.04;12.09;29.29;1.21;4.06;1.83;2.02
SP1;16/05/10;Malaga;Real Madrid;1;1;D;1;0;H;8;19;3;9;24;19;2;5;4;4;1;0;10.0;5.5;1.29;9.5;5.89;1.25;1.31;3.23;7.64;1.06
SP1;16/05/10;Osasuna;Xerez;1;1;D;0;0;D;9;17;4;6;9;11;5;7;0;0;0;1;2.35;3.4;2.9;2.31;3.42;2.84;1.66;2.12;1.7;2.1
SP1;16/05/10;Santander;Sp Gijon;2;0;H;1;0;H;23;8;8;4;15;8;12;0;0;0;0;0;1.3;5.25;9.5;1.29;5.09;9.84;1.64;2.14;1.06;7.58
SP1;16/05/10;Valencia;Tenerife;1;0;H;0;0;D;20;11;8;2;13;13;13;6;1;1;0;0;2.2;3.6;3.0;2.17;3.47;3.07;1.51;2.43;1.6;2.25
SP1;28/08/10;Hercules;Ath Bilbao;0;1;A;0;0;D;9;14;3;5;15;18;10;1;2;4;1;0;2.5;3.25;2.8;2.56;3.22;2.72;2.12;1.67;1.84;1.95
SP1;28/08/10;Levante;Sevilla;1;4;A;1;2;A;7;14;4;8;20;22;4;2;4;4;0;0;3.6;3.5;2.0;3.59;3.35;2.03;1.95;1.82;2.54;1.48
SP1;28/08/10;Malaga;Valencia;1;3;A;1;1;D;19;21;5;8;16;15;7;10;2;5;0;0;2.88;3.3;2.4;2.91;3.26;2.38;2.04;1.74;2.08;1.71
SP1;29/08/10;Espanol;Getafe;3;1;H;1;0;H;17;13;8;1;17;9;8;4;3;4;0;0;2.1;3.3;3.5;2.12;3.25;3.42;2.25;1.6;1.51;2.48
SP1;29/08/10;La Coruna;Zaragoza;0;0;D;0;0;D;8;8;2;3;16;19;4;6;0;1;0;0;2.1;3.3;3.5;2.07;3.26;3.53;2.21;1.62;1.49;2.5
SP1;29/08/10;Mallorca;Real Madrid;0;0;D;0;0;D;7;16;2;5;16;15;1;4;2;2;0;0;8.0;4.75;1.36;7.92;4.48;1.39;1.57;2.29;5.79;1.11
SP1;29/08/10;Osasuna;Almeria;0;0;D;0;0;D;13;3;2;0;22;18;9;3;4;1;0;1;2.0;3.4;3.75;2.04;3.28;3.62;2.23;1.61;1.45;2.57
SP1;29/08/10;Santander;Barcelona;0;3;A;0;2;A;11;9;7;5;21;14;6;5;4;1;0;0;15.0;6.0;1.2;13.3;5.97;1.21;1.45;2.61;9.39;1.04
SP1;29/08/10;Sociedad;Villarreal;1;0;H;0;0;D;10;23;3;5;15;21;7;4;3;3;0;0;3.0;3.25;2.38;2.96;3.24;2.35;2.07;1.71;2.11;1.68
SP1;30/08/10;Ath Madrid;Sp Gijon;4;0;H;2;0;H;16;18;7;8;13;22;2;3;3;3;0;0;1.53;4.0;6.0;1.54;3.83;6.17;1.74;2.03;1.18;4.41
SP1;11/09/10;Ath Bilbao;Ath Madrid;1;2;A;0;1;A;18;11;3;5;22;13;6;1;4;5;0;0;3.0;3.25;2.38;3.0;3.26;2.34;1.86;1.9;2.14;1.67
SP1;11/09/10;Barcelona;Hercules;0;2;A;0;1;A;17;9;9;7;7;8;14;2;2;2;0;0;1.06;11.0;34.0;1.06;10.96;28.31;1.26;3.64;1.95;1.93
SP1;11/09/10;Real Madrid;Osasuna;1;0;H;0;0;D;25;4;7;1;20;27;9;3;2;2;0;0;1.17;6.5;17.0;1.17;6.74;15.26;1.46;2.58;1.87;2.01
SP1;11/09/10;Valencia;Santander;1;0;H;1;0;H;14;15;5;7;19;15;6;8;4;2;0;0;1.44;4.33;7.0;1.46;4.11;7.11;1.81;1.96;1.82;2.05
SP1;12/09/10;Getafe;Levante;4;1;H;2;1;H;21;7;10;2;19;14;13;7;3;4;0;0;1.57;3.8;6.0;1.58;3.74;5.93;1.88;1.88;2.04;1.83
SP1;12/09/10;Sevilla;La Coruna;0;0;D;0;0;D;26;12;10;2;9;12;8;5;3;3;0;0;1.5;4.0;7.0;1.49;3.94;7.05;1.92;1.85;1.86;2.01
SP1;12/09/10;Sp Gijon;Mallorca;2;0;H;0;0;D;12;9;6;1;19;11;2;2;2;2;0;1;2.4;3.3;2.9;2.42;3.25;2.88;2.08;1.71;1.72;2.09
SP1;12/09/10;Villarreal;Espanol;4;0;H;2;0;H;11;15;5;5;16;19;3;8;6;6;0;1;1.8;3.5;4.5;1.77;3.47;4.62;2.02;1.76;1.29;3.33
SP1;12/09/10;Zaragoza;Malaga;3;5;A;1;5;A;32;12;10;8;11;13;10;1;2;2;0;0;1.91;3.4;4.0;1.96;3.33;3.86;2.07;1.71;1.4;2.77
SP1;13/09/10;Almeria;Sociedad;2;2;D;1;2;A;18;15;7;6;17;13;6;4;4;2;0;0;2.2;3.25;3.3;2.19;3.25;3.31;2.27;1.6;1.56;2.36
SP1;18/09/10;Espanol;Almeria;1;0;H;0;0;D;13;4;4;1;23;12;7;2;3;3;0;0;2.0;3.3;3.75;1.99;3.3;3.8;2.13;1.67;1.43;2.69
SP1;18/09/10;Mallorca;Osasuna;2;0;H;1;0;H;13;12;5;4;8;20;6;5;0;2;0;0;1.91;3.4;4.0;1.94;3.33;3.95;2.13;1.68;1.38;2.89
SP1;18/09/10;Sociedad;Real Madrid;1;2;A;0;0;D;10;22;1;10;13;15;8;3;1;2;0;0;8.5;4.6;1.36;8.75;4.49;1.37;1.67;2.14;6.33;1.1
SP1;18/09/10;Sp Gijon;Ath Bilbao;2;2;D;2;1;H;10;17;5;7;15;13;5;6;3;3;0;0;2.4;3.25;2.9;2.39;3.23;2.92;2.09;1.7;1.71;2.09
SP1;19/09/10;Ath Madrid;Barcelona;1;2;A;1;2;A;7;16;4;8;21;15;6;6;4;5;1;0;5.0;3.75;1.67;4.64;3.76;1.71;1.5;2.5;3.32;1.3
SP1;19/09/10;Hercules;Valencia;1;2;A;1;2;A;13;8;7;4;12;12;5;1;2;4;0;1;3.5;3.2;2.15;3.31;3.26;2.18;1.93;1.84;2.37;1.55
SP1;19/09/10;Levante;Villarreal;1;2;A;0;2;A;15;8;2;5;9;17;6;2;1;1;0;0;3.75;3.3;2.0;3.65;3.32;2.02;1.86;1.9;2.58;1.46
SP1;19/09/10;Malaga;Sevilla;1;2;A;1;2;A;8;19;5;6;13;22;3;8;2;6;0;0;3.25;3.25;2.2;3.15;3.28;2.24;1.84;1.92;2.25;1.62
SP1;19/09/10;Santander;Zaragoza;2;0;H;0;0;D;8;7;4;1;14;22;3;2;1;4;0;0;2.25;3.2;3.25;2.23;3.25;3.18;2.01;1.77;1.6;2.28
SP1;20/09/10;La Coruna;Getafe;2;2;D;0;1;A;26;12;11;2;7;13;5;7;1;4;0;1;2.25;3.2;3.25;2.28;3.22;3.11;2.21;1.63;1.62;2.23
SP1;21/09/10;Ath Bilbao;Mallorca;3;0;H;1;0;H;12;15;6;3;22;12;9;3;1;0;0;0;1.91;3.4;4.0;1.93;3.38;3.92;2.02;1.75;1.95;1.91
SP1;21/09/10;Osasuna;Sociedad;3;1;H;2;1;H;17;8;5;2;22;10;7;5;3;2;0;0;2.1;3.25;3.6;2.13;3.24;3.46;2.24;1.62;1.52;2.44
SP1;21/09/10;Real Madrid;Espanol;3;0;H;1;0;H;20;9;7;3;15;11;8;5;2;2;1;2;1.17;7.0;15.0;1.16;6.92;16.59;1.48;2.52;2.02;1.86
SP1;22/09/10;Almeria;Levante;0;1;A;0;1;A;19;6;5;2;10;12;6;5;4;2;0;0;1.75;3.5;4.75;1.76;3.53;4.57;1.9;1.86;1.77;2.12
SP1;22/09/10;Barcelona;Sp Gijon;1;0;H;0;0;D;16;3;5;0;14;15;8;4;2;5;0;0;1.14;7.0;21.0;1.14;7.4;17.71;1.41;2.72;1.92;1.95
SP1;22/09/10;Valencia;Ath Madrid;1;1;D;0;1;A;16;6;4;2;15;17;13;2;5;3;0;0;2.1;3.25;3.5;2.1;3.32;3.4;1.66;2.15;1.81;2.07
SP1;22/09/10;Zaragoza;Hercules;0;0;D;0;0;D;20;5;5;4;22;17;8;2;4;2;0;0;1.95;3.3;4.0;1.98;3.31;3.76;1.96;1.8;2.0;1.86
SP1;23/09/10;Getafe;Malaga;0;2;A;0;0;D;24;15;7;5;21;16;10;4;1;3;1;1;1.8;3.4;4.75;1.82;3.43;4.3;1.97;1.79;1.85;2.01
SP1;23/09/10;Sevilla;Santander;1;1;D;1;0;H;14;13;4;4;14;13;9;5;0;2;0;0;1.5;4.0;7.0;1.49;3.96;6.75;1.76;2.02;1.94;1.92
SP1;23/09/10;Villarreal;La Coruna;1;0;H;1;0;H;19;14;8;4;13;17;4;1;2;3;0;0;1.67;3.75;5.0;1.69;3.55;4.98;2.01;1.77;1.9;1.97
SP1;25/09/10;Ath Bilbao;Barcelona;1;3;A;0;0;D;11;25;4;10;8;8;1;8;1;1;1;1;6.0;3.8;1.57;5.72;3.82;1.58;1.61;2.24;4.16;1.2
SP1;25/09/10;Levante;Real Madrid;0;0;D;0;0;D;4;25;0;6;15;11;2;6;5;2;0;0;12.0;5.5;1.25;11.39;5.5;1.25;1.62;2.23;2.05;1.81
SP1;25/09/10;Sp Gijon;Valencia;0;2;A;0;2;A;10;8;1;5;19;13;6;2;3;0;0;0;3.25;3.3;2.2;3.23;3.27;2.21;1.99;1.78;2.3;1.58
SP1;26/09/10;Ath Madrid;Zaragoza;1;0;H;1;0;H;12;19;4;6;15;18;5;3;7;3;1;0;1.53;4.0;6.0;1.53;3.96;6.2;1.66;2.14;1.97;1.9
SP1;26/09/10;Espanol;Osasuna;1;0;H;1;0;H;26;7;7;2;9;15;8;6;2;2;0;1;2.2;3.3;3.25;2.16;3.22;3.37;2.23;1.61;1.54;2.41
SP1;26/09/10;Hercules;Sevilla;2;0;H;2;0;H;7;15;3;5;22;14;3;1;2;1;0;0;3.5;3.3;2.1;3.24;3.3;2.18;1.97;1.8;2.32;1.57
SP1;26/09/10;La Coruna;Almeria;0;2;A;0;2;A;15;15;7;6;20;11;6;4;2;2;1;0;2.1;3.3;3.5;2.09;3.26;3.5;2.22;1.62;1.51;2.48
SP1;26/09/10;Mallorca;Sociedad;2;0;H;1;0;H;15;13;6;3;17;10;7;7;2;2;0;0;2.05;3.3;3.6;2.02;3.29;3.68;2.03;1.74;1.43;2.65
SP1;26/09/10;Santander;Getafe;0;1;A;0;1;A;15;9;5;2;22;14;4;6;4;3;1;0;2.4;3.3;2.9;2.42;3.25;2.86;2.04;1.74;1.74;2.08
SP1;27/09/10;Malaga;Villarreal;2;3;A;2;3;A;9;19;3;8;14;16;4;5;1;4;1;0;3.0;3.25;2.38;2.81;3.27;2.43;1.93;1.83;2.02;1.77
SP1;02/10/10;Sociedad;Espanol;1;0;H;0;0;D;18;18;4;9;13;18;8;6;1;4;0;0;2.2;3.25;3.25;2.24;3.23;3.22;2.23;1.62;1.59;2.28
SP1;02/10/10;Valencia;Ath Bilbao;2;1;H;1;0;H;18;13;6;2;17;13;6;5;3;2;0;0;1.73;3.4;5.25;1.69;3.59;5.03;1.83;1.94;1.25;3.65
SP1;02/10/10;Zaragoza;Sp Gijon;2;2;D;0;1;A;9;18;4;5;16;16;3;8;2;3;1;0;2.05;3.3;3.6;2.03;3.32;3.64;2.04;1.74;1.45;2.58
SP1;03/10/10;Almeria;Malaga;1;1;D;0;0;D;26;11;7;4;14;12;7;5;2;5;0;1;2.2;3.25;3.25;2.25;3.28;3.14;1.99;1.79;1.6;2.27
SP1;03/10/10;Barcelona;Mallorca;1;1;D;1;1;D;26;11;10;2;7;15;13;6;0;6;0;0;1.17;7.0;15.0;1.17;6.82;14.69;1.44;2.63;1.97;1.89
SP1;03/10/10;Getafe;Hercules;3;0;H;2;0;H;20;9;7;1;17;14;3;5;4;2;0;1;2.05;3.3;3.6;2.06;3.32;3.55;1.95;1.82;1.46;2.55
SP1;03/10/10;Osasuna;Levante;1;1;D;0;0;D;18;7;8;2;14;13;4;3;4;2;0;0;1.73;3.5;5.0;1.77;3.45;4.63;2.07;1.72;1.29;3.34
SP1;03/10/10;Real Madrid;La Coruna;6;1;H;3;0;H;17;8;8;3;7;6;4;1;0;1;0;0;1.17;7.0;15.0;1.18;6.6;15.4;1.55;2.34;1.97;1.89
SP1;03/10/10;Sevilla;Ath Madrid;3;1;H;2;0;H;18;9;10;4;16;17;6;9;4;3;0;0;2.1;3.3;3.5;2.2;3.32;3.17;1.8;1.96;1.59;2.29
SP1;03/10/10;Villarreal;Santander;2;0;H;2;0;H;16;19;10;4;10;17;6;8;1;0;0;0;1.73;3.5;5.0;1.68;3.59;5.14;1.86;1.9;1.24;3.79
SP1;16/10/10;Ath Madrid;Getafe;2;0;H;1;0;H;11;15;3;8;21;16;2;8;2;4;0;0;1.8;3.5;4.5;1.78;3.55;4.47;1.71;2.1;1.31;3.22
SP1;16/10/10;Barcelona;Valencia;2;1;H;0;1;A;12;8;8;2;9;9;7;6;2;4;0;0;1.4;4.5;7.5;1.38;4.71;7.74;1.51;2.46;1.11;5.87
SP1;16/10/10;Malaga;Real Madrid;1;4;A;0;2;A;9;21;1;7;10;18;4;7;4;3;0;0;8.0;4.5;1.4;7.94;4.56;1.39;1.58;2.28;1.91;1.97
SP1;17/10/10;Ath Bilbao;Zaragoza;2;1;H;2;0;H;16;16;7;3;19;19;5;5;3;4;0;1;1.8;3.5;4.5;1.81;3.46;4.41;1.93;1.84;1.33;3.14
SP1;17/10/10;La Coruna;Osasuna;0;0;D;0;0;D;23;8;10;2;18;19;12;2;3;1;0;1;2.3;3.2;3.2;2.32;3.21;3.08;2.32;1.56;1.64;2.21
SP1;17/10/10;Levante;Sociedad;2;1;H;0;0;D;13;10;3;5;14;19;9;4;3;3;0;0;2.4;3.2;3.0;2.41;3.24;2.89;2.06;1.73;1.73;2.06
SP1;17/10/10;Mallorca;Espanol;0;1;A;0;1;A;12;14;1;7;14;18;6;4;3;3;0;1;1.91;3.4;4.0;1.97;3.32;3.86;2.14;1.67;2.0;1.87
SP1;17/10/10;Santander;Almeria;1;0;H;1;0;H;25;9;14;4;22;7;8;5;3;1;0;0;2.1;3.3;3.5;2.16;3.26;3.37;2.18;1.65;1.54;2.39
SP1;17/10/10;Sp Gijon;Sevilla;2;0;H;1;0;H;14;18;7;4;20;7;8;5;6;2;0;0;3.4;3.4;2.1;3.37;3.33;2.12;2.03;1.75;2.4;1.54
SP1;18/10/10;Hercules;Villarreal;2;2;D;2;1;H;9;23;5;9;8;22;4;2;5;3;1;2;2.8;3.25;2.5;2.77;3.23;2.48;2.0;1.77;2.01;1.81
SP1;23/10/10;Real Madrid;Santander;6;1;H;3;0;H;16;13;10;3;16;13;4;4;2;2;0;0;1.14;7.0;21.0;1.13;7.79;18.49;1.47;2.57;1.74;2.16
SP1;23/10/10;Valencia;Mallorca;1;2;A;1;2;A;13;14;5;6;17;17;11;2;6;4;0;0;1.57;3.75;6.0;1.56;3.85;5.93;1.76;2.03;1.99;1.86
SP1;23/10/10;Zaragoza;Barcelona;0;2;A;0;1;A;5;20;4;10;21;12;5;3;4;1;1;0;11.0;5.75;1.25;11.09;5.8;1.25;1.54;2.39;1.83;2.06
SP1;24/10/10;Almeria;Hercules;1;1;D;0;1;A;13;9;8;4;15;11;8;6;2;3;0;0;2.2;3.25;3.25;2.19;3.26;3.3;2.26;1.62;1.55;2.36
SP1;24/10/10;Espanol;Levante;2;1;H;1;0;H;14;12;3;2;15;14;6;3;5;6;0;1;1.75;3.4;5.0;1.76;3.42;4.86;2.29;1.6;2.05;1.83
SP1;24/10/10;Getafe;Sp Gijon;3;0;H;1;0;H;15;10;6;3;10;13;4;2;1;2;0;0;1.73;3.5;5.0;1.74;3.53;4.81;2.05;1.74;1.99;1.89
SP1;24/10/10;Osasuna;Malaga;3;0;H;2;0;H;14;8;8;0;13;17;4;4;1;3;0;0;2.1;3.25;3.5;2.13;3.25;3.46;2.29;1.59;1.52;2.48
SP1;24/10/10;Sevilla;Ath Bilbao;4;3;H;2;0;H;14;17;9;9;10;18;5;7;3;5;1;0;1.7;3.6;5.0;1.73;3.56;4.78;1.89;1.88;1.99;1.88
SP1;24/10/10;Villarreal;Ath Madrid;2;0;H;1;0;H;10;11;5;2;15;15;2;3;1;3;0;0;2.3;3.25;3.1;2.26;3.29;3.11;1.78;2.0;1.62;2.24
SP1;25/10/10;Sociedad;La Coruna;3;0;H;1;0;H;9;8;7;2;18;14;4;3;1;2;0;0;2.1;3.25;3.5;2.08;3.24;3.55;2.37;1.54;1.48;2.52
SP1;30/10/10;Barcelona;Sevilla;5;0;H;2;0;H;18;3;9;1;13;11;11;1;1;2;0;1;1.29;5.0;11.0;1.28;5.48;10.44;1.51;2.47;1.72;2.19
SP1;30/10/10;Hercules;Real Madrid;1;3;A;1;0;H;7;25;2;10;6;9;3;6;0;3;0;0;10.0;5.0;1.3;9.55;5.01;1.32;1.53;2.42;1.85;2.02
SP1;30/10/10;Valencia;Zaragoza;1;1;D;1;1;D;15;10;2;3;20;21;7;4;3;3;0;1;1.4;4.33;7.5;1.42;4.36;7.5;1.68;2.15;1.74;2.17
SP1;31/10/10;Ath Bilbao;Getafe;3;0;H;2;0;H;20;10;7;2;14;15;6;4;2;5;0;0;2.0;3.5;3.6;1.99;3.39;3.73;1.87;1.89;1.99;1.9
SP1;31/10/10;Ath Madrid;Almeria;1;1;D;1;1;D;28;10;11;3;15;13;12;3;3;2;0;0;1.5;4.33;6.0;1.53;3.97;6.3;1.74;2.06;1.9;1.98
SP1;31/10/10;La Coruna;Espanol;3;0;H;1;0;H;11;11;4;4;17;14;5;4;2;3;0;0;2.63;3.3;2.63;2.63;3.22;2.66;2.4;1.53;1.92;1.9
SP1;31/10/10;Malaga;Sociedad;1;2;A;0;1;A;16;12;6;2;18;17;1;5;1;3;0;0;2.1;3.25;3.6;2.07;3.3;3.55;2.0;1.78;1.49;2.54
SP1;31/10/10;Santander;Osasuna;4;1;H;2;0;H;17;12;7;4;18;14;5;5;2;3;0;0;2.5;3.3;2.75;2.42;3.23;2.9;2.28;1.6;1.78;2.07
SP1;31/10/10;Sp Gijon;Villarreal;1;1;D;0;0;D;12;10;5;4;20;11;2;4;5;2;0;1;3.5;3.3;2.1;3.43;3.31;2.11;1.92;1.85;2.47;1.52
SP1;01/11/10;Mallorca;Levante;2;1;H;0;1;A;22;13;6;3;14;15;5;3;2;2;0;0;1.62;3.8;5.5;1.65;3.65;5.25;1.95;1.82;1.85;2.04
SP1;06/11/10;Espanol;Malaga;1;0;H;1;0;H;15;11;6;3;20;18;5;5;2;3;0;0;1.91;3.4;4.0;1.91;3.38;4.08;2.1;1.7;1.92;1.94
SP1;06/11/10;Sociedad;Santander;1;0;H;1;0;H;11;13;4;3;15;18;5;6;1;6;0;0;2.1;3.25;3.6;2.13;3.26;3.46;2.1;1.7;1.52;2.48
SP1;07/11/10;Almeria;Sp Gijon;1;1;D;1;0;H;9;14;3;3;16;12;5;10;5;2;0;0;2.1;3.3;3.5;2.08;3.26;3.55;2.27;1.59;1.48;2.53
SP1;07/11/10;Getafe;Barcelona;1;3;A;0;2;A;12;14;5;8;10;9;5;3;3;1;1;1;8.5;5.0;1.33;8.7;4.94;1.34;1.6;2.24;1.85;2.02
SP1;07/11/10;Levante;La Coruna;1;2;A;0;1;A;11;11;2;6;14;10;11;4;2;2;0;0;2.3;3.2;3.2;2.3;3.22;3.1;2.3;1.58;1.64;2.25
SP1;07/11/10;Osasuna;Hercules;3;0;H;1;0;H;16;8;5;1;18;16;4;3;1;4;0;0;2.0;3.3;3.8;2.05;3.28;3.62;2.29;1.58;2.07;1.8
SP1;07/11/10;Real Madrid;Ath Madrid;2;0;H;2;0;H;22;18;13;3;13;14;3;7;2;2;0;0;1.29;5.5;9.5;1.29;5.38;9.62;1.4;2.8;1.79;2.1
SP1;07/11/10;Villarreal;Ath Bilbao;4;1;H;2;1;H;23;7;9;4;13;27;7;3;4;3;0;1;1.8;3.6;4.33;1.79;3.57;4.38;1.69;2.12;1.81;2.06
SP1;07/11/10;Zaragoza;Mallorca;3;2;H;0;1;A;22;8;3;4;10;20;11;3;4;6;0;0;2.4;3.2;3.0;2.38;3.24;2.96;2.03;1.75;1.71;2.12
SP1;08/11/10;Sevilla;Valencia;2;0;H;0;0;D;22;12;10;6;11;12;7;2;1;0;0;1;2.2;3.4;3.2;2.18;3.32;3.23;1.73;2.05;1.58;2.33
SP1;13/11/10;Ath Bilbao;Almeria;1;0;H;1;0;H;13;8;4;3;18;15;9;2;2;3;2;0;1.67;3.75;5.0;1.67;3.63;5.18;1.89;1.88;1.91;1.98
SP1;13/11/10;Ath Madrid;Osasuna;3;0;H;2;0;H;24;14;7;5;11;17;8;3;1;1;0;1;1.62;3.75;5.5;1.61;3.75;5.62;1.81;1.96;1.21;4.09
SP1;13/11/10;Barcelona;Villarreal;3;1;H;1;1;D;15;9;5;2;22;19;4;4;2;3;0;0;1.2;6.25;13.0;1.23;5.95;11.82;1.36;2.98;1.85;2.03
SP1;14/11/10;Hercules;Sociedad;2;1;H;0;1;A;14;18;5;1;19;12;6;7;1;2;0;0;2.1;3.3;3.5;2.12;3.27;3.48;2.14;1.68;1.51;2.48
SP1;14/11/10;Malaga;Levante;1;0;H;0;0;D;11;12;7;2;15;15;5;8;3;5;0;0;1.95;3.5;3.8;1.91;3.46;3.93;1.9;1.87;1.91;1.95
SP1;14/11/10;Mallorca;La Coruna;0;0;D;0;0;D;13;8;4;4;9;13;8;1;2;1;0;0;1.8;3.5;4.5;1.78;3.46;4.68;2.23;1.62;2.02;1.86
SP1;14/11/10;Santander;Espanol;0;0;D;0;0;D;10;8;4;3;22;12;5;5;2;3;0;0;2.38;3.0;3.2;2.31;3.19;3.12;2.26;1.61;1.64;2.22
SP1;14/11/10;Sp Gijon;Real Madrid;0;1;A;0;0;D;10;12;3;5;19;7;2;9;5;2;1;0;12.0;5.5;1.25;10.82;5.33;1.27;1.52;2.45;2.02;1.85
SP1;14/11/10;Valencia;Getafe;2;0;H;1;0;H;14;8;4;3;22;9;7;5;3;3;0;0;1.62;3.75;5.5;1.61;3.81;5.45;1.68;2.14;1.22;3.96
SP1;14/11/10;Zaragoza;Sevilla;1;2;A;0;1;A;15;2;2;2;21;26;7;3;5;4;0;1;3.0;3.25;2.38;2.98;3.28;2.35;1.85;1.92;2.12;1.7
SP1;20/11/10;Almeria;Barcelona;0;8;A;0;5;A;9;18;2;13;10;7;6;5;2;1;0;0;12.0;5.5;1.25;11.34;5.55;1.26;1.55;2.36;1.95;1.93
SP1;20/11/10;Real Madrid;Ath Bilbao;5;1;H;2;1;H;16;14;6;6;10;15;4;6;2;2;0;0;1.17;7.0;15.0;1.18;6.7;14.79;1.41;2.75;2.03;1.85
SP1;20/11/10;Villarreal;Valencia;1;1;D;0;1;A;18;8;6;2;9;28;1;4;3;7;0;1;2.0;3.5;3.6;2.03;3.44;3.57;1.68;2.14;1.47;2.54
SP1;21/11/10;Espanol;Hercules;3;0;H;1;0;H;7;12;5;5;25;19;1;6;3;1;0;1;1.91;3.3;4.2;1.92;3.35;4.03;2.19;1.65;1.95;1.92
SP1;21/11/10;La Coruna;Malaga;3;0;H;2;0;H;8;13;3;4;18;11;6;12;3;2;0;0;2.25;3.25;3.2;2.2;3.22;3.3;2.25;1.61;1.56;2.36
SP1;21/11/10;Levante;Santander;3;1;H;3;0;H;18;15;10;4;22;17;6;1;2;3;0;1;2.38;3.25;3.0;2.34;3.24;3.0;2.11;1.69;1.67;2.17
SP1;21/11/10;Osasuna;Sp Gijon;1;0;H;0;0;D;13;9;2;0;22;20;5;6;4;2;0;0;1.83;3.4;4.5;1.86;3.38;4.23;2.24;1.62;1.89;1.98
SP1;21/11/10;Sevilla;Mallorca;1;2;A;0;1;A;11;17;2;8;8;12;2;1;2;1;0;0;1.67;3.75;5.0;1.62;3.84;5.29;1.69;2.12;1.22;3.92
SP1;21/11/10;Sociedad;Ath Madrid;2;4;A;1;0;H;10;23;4;8;21;15;4;8;3;2;0;0;2.75;3.3;2.5;2.76;3.29;2.49;1.84;1.93;2.0;1.8
SP1;22/11/10;Getafe;Zaragoza;1;1;D;0;1;A;21;10;3;4;16;13;10;1;3;2;0;1;1.8;3.5;4.5;1.8;3.45;4.46;1.98;1.81;1.32;3.21
SP1;27/11/10;Ath Madrid;Espanol;2;3;A;1;1;D;23;15;10;6;19;23;10;4;3;6;0;0;1.62;3.6;6.0;1.64;3.73;5.31;1.78;1.99;1.23;3.82
SP1;27/11/10;Sevilla;Getafe;1;3;A;1;0;H;17;13;6;6;16;18;10;6;3;1;0;0;1.67;3.75;5.0;1.64;3.76;5.29;1.68;2.14;1.24;3.8
SP1;27/11/10;Zaragoza;Villarreal;0;3;A;0;2;A;13;14;4;6;15;8;4;1;4;2;1;0;3.25;3.25;2.2;3.19;3.29;2.22;1.8;1.97;2.3;1.6
SP1;28/11/10;Ath Bilbao;Osasuna;1;0;H;0;0;D;15;11;5;3;12;16;6;8;3;2;0;0;1.73;3.6;4.75;1.73;3.57;4.83;1.93;1.84;1.28;3.44
SP1;28/11/10;Hercules;Levante;3;1;H;1;1;D;18;9;10;5;17;16;6;4;2;4;0;0;1.83;3.5;4.33;1.88;3.44;4.07;2.02;1.76;1.89;1.97
SP1;28/11/10;Mallorca;Malaga;2;0;H;0;0;D;12;14;6;5;17;13;2;6;3;1;0;0;1.73;3.75;4.5;1.74;3.58;4.68;1.9;1.87;1.28;3.41
SP1;28/11/10;Santander;La Coruna;1;0;H;0;0;D;11;4;6;0;10;12;7;2;1;1;0;0;2.2;3.2;3.4;2.18;3.24;3.31;2.25;1.61;1.55;2.39
SP1;28/11/10;Sp Gijon;Sociedad;1;3;A;1;2;A;9;12;3;6;31;27;8;3;5;3;0;0;2.1;3.25;3.6;2.1;3.27;3.48;2.22;1.63;1.52;2.47
SP1;28/11/10;Valencia;Almeria;2;1;H;1;0;H;11;10;6;3;24;12;8;7;2;3;0;0;1.33;5.0;9.0;1.38;4.54;8.11;1.67;2.15;1.9;1.98
SP1;29/11/10;Barcelona;Real Madrid;5;0;H;2;0;H;15;5;6;2;12;16;3;6;5;7;0;1;2.1;3.3;3.5;2.09;3.49;3.36;1.63;2.24;1.51;2.46
SP1;04/12/10;Levante;Ath Madrid;2;0;H;1;0;H;18;15;8;5;20;14;5;3;5;5;0;0;4.2;3.5;1.83;4.0;3.52;1.88;1.76;2.02;2.93;1.37
SP1;04/12/10;Osasuna;Barcelona;0;3;A;0;1;A;4;16;2;8;23;7;3;5;3;0;0;0;15.0;6.0;1.2;13.32;6.11;1.21;1.53;2.4;2.01;1.88
SP1;04/12/10;Real Madrid;Valencia;2;0;H;0;0;D;19;15;11;4;22;22;12;7;3;4;0;1;1.4;4.5;7.5;1.37;4.76;8.04;1.46;2.61;1.9;1.98
SP1;05/12/10;Almeria;Zaragoza;1;1;D;0;0;D;15;17;5;6;10;9;7;6;2;0;0;0;2.2;3.2;3.4;2.21;3.25;3.26;2.17;1.66;1.57;2.36
SP1;05/12/10;Espanol;Sp Gijon;1;0;H;0;0;D;7;13;2;2;15;13;1;6;2;5;1;0;1.62;3.75;5.5;1.65;3.64;5.41;2.15;1.67;1.9;1.98
SP1;05/12/10;Getafe;Mallorca;3;0;H;2;0;H;12;17;7;3;9;9;8;7;1;0;0;0;2.0;3.4;3.75;2.05;3.35;3.56;1.92;1.86;2.06;1.82
SP1;05/12/10;Malaga;Santander;4;1;H;2;1;H;18;11;6;4;10;10;6;4;1;0;0;0;2.0;3.4;3.75;2.03;3.31;3.64;1.99;1.8;2.05;1.83
SP1;05/12/10;Sociedad;Ath Bilbao;2;0;H;1;0;H;7;22;2;3;15;18;2;11;2;1;0;0;2.3;3.3;3.1;2.34;3.28;3.0;1.85;1.92;1.68;2.17
SP1;05/12/10;Villarreal;Sevilla;1;0;H;1;0;H;11;8;4;3;16;22;9;3;3;3;0;0;1.83;3.5;4.2;1.83;3.55;4.2;1.78;2.0;1.35;3.03
SP1;06/12/10;La Coruna;Hercules;1;0;H;0;0;D;12;7;4;1;14;12;3;3;2;4;0;0;2.2;3.2;3.4;2.14;3.22;3.43;2.27;1.6;1.54;2.42
SP1;11/12/10;Ath Madrid;La Coruna;2;0;H;2;0;H;20;5;7;0;9;12;11;6;1;3;0;0;1.44;4.2;7.0;1.5;3.99;6.78;1.77;2.03;1.82;2.06
SP1;11/12/10;Getafe;Villarreal;1;0;H;0;0;D;9;14;3;7;21;18;3;5;3;1;2;0;2.5;3.3;2.75;2.5;3.29;2.73;1.76;2.03;1.81;2.01
SP1;11/12/10;Sevilla;Almeria;1;3;A;0;0;D;19;16;8;9;20;21;10;6;2;3;1;0;1.4;4.5;7.5;1.43;4.29;7.48;1.69;2.12;2.05;1.84
SP1;12/12/10;Ath Bilbao;Espanol;2;1;H;0;1;A;16;11;7;6;20;13;4;7;3;4;0;0;1.95;3.4;3.9;1.94;3.39;3.87;1.94;1.84;1.93;1.93
SP1;12/12/10;Barcelona;Sociedad;5;0;H;2;0;H;21;2;9;0;9;9;11;2;1;0;0;0;1.1;8.5;26.0;1.09;9.45;22.97;1.28;3.46;1.8;2.08
SP1;12/12/10;Hercules;Malaga;4;1;H;0;1;A;19;8;7;5;10;22;5;3;5;4;0;0;2.1;3.4;3.4;2.1;3.35;3.39;1.87;1.9;1.51;2.47
SP1;12/12/10;Mallorca;Santander;0;1;A;0;0;D;14;10;4;3;9;13;6;3;1;0;0;0;1.73;3.5;5.0;1.71;3.56;4.96;2.03;1.76;1.94;1.94
SP1;12/12/10;Sp Gijon;Levante;1;1;D;0;0;D;15;4;5;1;20;16;13;3;2;5;0;0;1.91;3.5;3.9;1.94;3.37;3.87;2.02;1.77;1.97;1.9
SP1;12/12/10;Zaragoza;Real Madrid;1;3;A;0;2;A;6;20;3;7;13;14;5;5;3;4;0;0;12.0;5.5;1.25;11.35;5.61;1.25;1.52;2.45;2.03;1.82
SP1;13/12/10;Valencia;Osasuna;3;3;D;3;1;H;12;16;9;4;18;18;5;9;1;4;0;0;1.4;4.5;7.5;1.4;4.36;7.89;1.81;1.97;1.97;1.91
SP1;18/12/10;Espanol;Barcelona;1;5;A;0;2;A;7;19;5;10;20;15;2;7;5;3;0;0;12.0;5.5;1.25;10.86;5.73;1.26;1.5;2.49;1.94;1.94
SP1;18/12/10;La Coruna;Sp Gijon;1;1;D;1;0;H;12;10;6;3;10;13;3;9;4;3;0;0;2.05;3.25;3.75;2.01;3.31;3.76;2.3;1.59;2.04;1.83
SP1;18/12/10;Levante;Ath Bilbao;1;2;A;1;1;D;15;9;2;6;16;19;12;4;2;4;0;0;2.8;3.25;2.5;2.7;3.26;2.58;1.9;1.88;1.96;1.85
SP1;18/12/10;Sociedad;Valencia;1;2;A;1;1;D;12;15;2;5;10;11;7;7;3;4;0;0;3.1;3.25;2.3;3.03;3.3;2.32;1.89;1.89;2.21;1.66
SP1;18/12/10;Villarreal;Mallorca;3;1;H;2;1;H;14;7;7;2;8;25;3;3;1;5;0;0;1.53;3.8;6.5;1.52;3.89;6.52;1.72;2.08;1.98;1.89
SP1;19/12/10;Almeria;Getafe;2;3;A;2;1;H;16;22;5;9;15;12;9;10;3;4;0;0;2.5;3.2;2.8;2.48;3.22;2.84;2.09;1.71;1.78;2.04
SP1;19/12/10;Malaga;Ath Madrid;0;3;A;0;1;A;12;11;3;6;21;19;3;3;2;2;0;0;3.25;3.5;2.1;3.21;3.38;2.19;1.76;2.04;2.31;1.6
SP1;19/12/10;Osasuna;Zaragoza;0;0;D;0;0;D;15;10;5;1;11;18;13;2;2;2;0;0;2.0;3.4;3.75;1.95;3.35;3.94;2.16;1.67;1.98;1.88
SP1;19/12/10;Real Madrid;Sevilla;1;0;H;0;0;D;10;5;5;2;22;18;8;3;6;3;1;1;1.2;6.5;13.0;1.19;6.63;13.79;1.33;3.12;1.93;1.93
SP1;20/12/10;Santander;Hercules;0;0;D;0;0;D;8;8;2;3;20;15;4;9;3;2;0;0;1.91;3.4;4.0;1.93;3.34;3.95;2.17;1.66;1.96;1.9
SP1;02/01/11;Ath Bilbao;La Coruna;1;2;A;0;1;A;21;7;7;3;18;17;9;1;1;2;2;1;1.67;3.5;5.5;1.66;3.61;5.33;2.03;1.76;1.9;1.98
SP1;02/01/11;Barcelona;Levante;2;1;H;0;0;D;22;4;10;2;16;13;12;1;4;2;0;0;1.06;11.0;29.0;1.06;12.18;28.87;1.23;3.71;1.92;1.94
SP1;02/01/11;Sevilla;Osasuna;1;0;H;1;0;H;13;7;5;3;17;22;8;6;1;5;0;0;1.62;3.75;5.5;1.63;3.76;5.46;1.85;1.93;1.81;2.09
SP1;02/01/11;Sp Gijon;Malaga;1;2;A;1;1;D;14;6;6;5;16;20;2;3;5;3;0;0;2.2;3.3;3.25;2.17;3.28;3.34;2.05;1.74;1.54;2.43
SP1;02/01/11;Valencia;Espanol;2;1;H;1;1;D;13;15;8;2;17;14;6;4;2;3;1;0;1.62;3.75;5.5;1.62;3.75;5.5;1.86;1.92;1.8;2.1
SP1;03/01/11;Ath Madrid;Santander;0;0;D;0;0;D;13;9;5;3;15;11;10;0;2;1;0;0;1.44;4.33;7.0;1.44;4.29;7.16;1.68;2.15;1.78;2.11
SP1;03/01/11;Getafe;Real Madrid;2;3;A;1;2;A;12;15;5;5;16;20;3;2;5;3;0;1;10.0;5.25;1.29;9.82;5.15;1.3;1.46;2.59;1.95;1.9
SP1;03/01/11;Mallorca;Hercules;3;0;H;2;0;H;20;11;10;3;7;7;4;12;1;4;0;0;1.83;3.4;4.5;1.81;3.46;4.46;2.06;1.73;1.82;2.05
SP1;03/01/11;Villarreal;Almeria;2;0;H;1;0;H;16;11;10;2;16;18;4;0;1;4;0;0;1.44;4.33;7.0;1.43;4.3;7.53;1.69;2.12;1.8;2.07
SP1;03/01/11;Zaragoza;Sociedad;2;1;H;1;1;D;24;8;9;2;17;16;9;4;3;1;0;0;2.2;3.4;3.2;2.19;3.29;3.27;1.92;1.85;1.55;2.4
SP1;08/01/11;La Coruna;Barcelona;0;4;A;0;1;A;7;8;1;5;8;7;4;7;1;0;0;0;13.0;6.5;1.2;12.53;6.02;1.22;1.52;2.45;2.07;1.82
SP1;08/01/11;Malaga;Ath Bilbao;1;1;D;0;0;D;12;13;3;6;15;19;8;5;4;3;0;0;2.25;3.4;3.1;2.24;3.32;3.16;1.83;1.95;1.63;2.27
SP1;08/01/11;Sociedad;Sevilla;2;3;A;2;1;H;14;17;8;5;12;13;5;7;2;1;0;0;2.8;3.25;2.5;2.87;3.26;2.46;1.88;1.91;2.08;1.75
SP1;09/01/11;Espanol;Zaragoza;4;0;H;3;0;H;11;13;6;4;12;21;3;3;2;4;0;0;1.73;3.6;4.75;1.83;3.45;4.4;2.06;1.73;1.86;2.01
SP1;09/01/11;Levante;Valencia;0;1;A;0;0;D;13;16;2;6;14;14;6;3;4;1;0;0;4.33;3.4;1.85;4.19;3.51;1.85;1.78;2.01;2.01;1.86
SP1;09/01/11;Mallorca;Almeria;4;1;H;2;0;H;18;10;9;2;14;9;8;9;2;1;0;0;1.73;3.4;4.5;1.73;3.58;4.78;1.96;1.82;2.01;1.88
SP1;09/01/11;Osasuna;Getafe;0;0;D;0;0;D;15;18;3;7;15;10;6;11;4;1;0;0;2.25;3.25;3.2;2.29;3.23;3.13;2.19;1.65;1.63;2.27
SP1;09/01/11;Real Madrid;Villarreal;4;2;H;2;2;D;15;12;7;3;20;8;6;3;3;4;0;0;1.29;5.5;10.0;1.28;5.38;10.22;1.42;2.72;2.02;1.86
SP1;09/01/11;Santander;Sp Gijon;1;1;D;1;0;H;13;17;3;9;16;15;4;10;1;3;0;0;1.91;3.4;4.0;1.93;3.39;3.97;2.29;1.59;1.96;1.91
SP1;10/01/11;Hercules;Ath Madrid;4;1;H;4;0;H;10;22;6;4;17;15;4;4;1;0;0;0;2.9;3.25;2.4;2.97;3.3;2.34;1.84;1.94;2.17;1.69
SP1;15/01/11;Ath Bilbao;Santander;2;1;H;2;0;H;9;12;4;4;13;12;6;7;2;3;0;1;1.67;3.6;5.25;1.7;3.66;5.03;1.97;1.82;1.9;1.98
SP1;15/01/11;Getafe;Sociedad;0;4;A;0;2;A;22;11;3;4;8;17;10;2;3;4;0;0;1.8;3.25;5.0;1.76;3.52;4.71;1.89;1.89;2.04;1.85
SP1;15/01/11;Sevilla;Espanol;1;2;A;0;1;A;17;11;6;4;17;9;7;3;1;2;0;0;1.73;3.5;5.0;1.72;3.66;4.86;1.97;1.81;1.96;1.92
SP1;15/01/11;Sp Gijon;Hercules;2;0;H;2;0;H;8;5;6;2;12;17;3;4;3;5;0;0;2.2;3.3;3.25;2.17;3.26;3.41;2.15;1.68;1.51;2.49
SP1;15/01/11;Villarreal;Osasuna;4;2;H;1;0;H;20;12;12;4;10;10;6;5;1;3;0;0;1.53;3.8;6.5;1.51;3.99;6.73;1.91;1.87;1.97;1.9
SP1;15/01/11;Zaragoza;Levante;1;0;H;1;0;H;10;8;2;3;25;18;4;0;5;3;0;0;1.91;3.4;4.0;1.85;3.43;4.32;2.01;1.78;1.86;2.0
SP1;16/01/11;Almeria;Real Madrid;1;1;D;0;0;D;9;24;3;10;21;18;1;12;2;2;0;0;10.0;6.0;1.25;11.24;5.9;1.25;1.43;2.68;1.93;1.95
SP1;16/01/11;Barcelona;Malaga;4;1;H;3;0;H;13;4;9;2;12;12;8;1;1;1;0;0;1.08;10.0;23.0;1.08;10.94;21.92;1.24;3.8;1.89;1.99
SP1;16/01/11;Valencia;La Coruna;2;0;H;0;0;D;17;9;7;1;16;14;2;3;3;2;0;0;1.44;4.2;7.5;1.42;4.36;7.8;1.91;1.87;2.01;1.87
SP1;17/01/11;Ath Madrid;Mallorca;3;0;H;2;0;H;10;18;5;7;12;9;4;4;2;3;1;1;1.83;3.5;4.33;1.84;3.51;4.28;1.79;2.0;1.88;1.99
SP1;22/01/11;Barcelona;Santander;3;0;H;2;0;H;14;7;11;3;6;15;8;1;0;0;0;0;1.07;11.0;23.0;1.06;12.0;24.93;1.21;4.04;1.95;1.91
SP1;22/01/11;Sevilla;Levante;4;1;H;3;0;H;9;5;5;2;14;22;6;1;2;2;0;0;1.4;4.5;7.5;1.4;4.53;7.69;1.65;2.18;1.89;1.99
SP1;22/01/11;Valencia;Malaga;4;3;H;1;2;A;15;9;7;6;15;7;9;2;1;4;0;2;1.44;4.33;7.0;1.49;4.11;6.52;1.68;2.13;1.93;1.93
SP1;23/01/11;Almeria;Osasuna;3;2;H;2;1;H;14;16;4;5;19;16;6;9;3;5;0;0;2.2;3.2;3.4;2.21;3.22;3.27;2.3;1.59;1.56;2.37
SP1;23/01/11;Getafe;Espanol;1;3;A;1;0;H;17;12;5;6;15;6;5;6;0;0;0;0;2.1;3.3;3.5;2.11;3.3;3.4;1.95;1.82;1.51;2.51
SP1;23/01/11;Real Madrid;Mallorca;1;0;H;0;0;D;18;10;5;2;12;15;12;5;3;4;0;0;1.17;7.0;15.0;1.17;7.1;14.67;1.33;3.12;1.82;2.05
SP1;23/01/11;Sp Gijon;Ath Madrid;1;0;H;0;0;D;6;5;3;1;19;14;4;5;2;3;0;0;2.9;3.3;2.38;2.84;3.25;2.45;2.01;1.76;2.04;1.79
SP1;23/01/11;Villarreal;Sociedad;2;1;H;1;1;D;28;4;8;1;14;20;8;2;1;4;0;0;1.5;4.1;6.5;1.51;4.01;6.3;1.65;2.17;1.94;1.92
SP1;23/01/11;Zaragoza;La Coruna;1;0;H;1;0;H;7;5;4;0;30;14;5;1;4;2;0;0;2.0;3.4;3.75;2.03;3.28;3.69;2.19;1.64;2.04;1.83
SP1;24/01/11;Ath Bilbao;Hercules;3;0;H;1;0;H;12;7;4;3;21;16;8;1;3;4;0;0;1.73;3.6;4.75;1.71;3.59;4.85;1.91;1.85;1.95;1.93
SP1;29/01/11;Hercules;Barcelona;0;3;A;0;1;A;4;22;2;8;12;8;2;9;2;1;1;0;15.0;7.0;1.17;16.09;7.51;1.15;1.35;3.02;2.27;1.67
SP1;29/01/11;La Coruna;Sevilla;3;3;D;1;0;H;16;12;5;6;14;8;4;5;1;3;0;1;3.5;3.3;2.1;3.28;3.28;2.19;2.07;1.71;2.34;1.58
SP1;29/01/11;Levante;Getafe;2;0;H;0;0;D;15;7;6;0;10;11;3;3;3;2;1;1;2.8;3.25;2.5;2.77;3.26;2.5;1.91;1.85;2.0;1.82
SP1;29/01/11;Malaga;Zaragoza;1;2;A;1;1;D;15;12;6;7;14;26;5;3;3;4;0;0;1.83;3.5;4.33;1.89;3.48;3.98;1.85;1.91;1.92;1.94
SP1;29/01/11;Mallorca;Sp Gijon;0;4;A;0;1;A;16;10;3;3;17;10;4;2;4;2;0;0;1.8;3.25;5.0;1.77;3.4;4.82;2.09;1.7;1.79;2.1
SP1;29/01/11;Sociedad;Almeria;2;0;H;1;0;H;13;22;5;5;10;23;9;2;2;3;0;0;2.0;3.4;3.75;1.99;3.35;3.77;1.84;1.93;2.03;1.84
SP1;30/01/11;Ath Madrid;Ath Bilbao;0;2;A;0;1;A;16;15;7;7;17;17;3;6;3;1;1;0;1.83;3.5;4.33;1.81;3.52;4.34;1.73;2.05;1.81;2.05
SP1;30/01/11;Espanol;Villarreal;0;1;A;0;1;A;13;16;5;6;9;13;7;5;2;4;0;0;2.5;3.25;2.8;2.49;3.26;2.77;1.89;1.87;1.79;2.03
SP1;30/01/11;Osasuna;Real Madrid;1;0;H;0;0;D;9;21;3;4;24;9;5;5;8;3;0;0;9.0;5.0;1.33;9.43;5.22;1.3;1.56;2.3;1.93;1.92
SP1;31/01/11;Santander;Valencia;1;1;D;1;0;H;8;8;4;3;14;16;3;6;4;2;1;2;3.5;3.3;2.1;3.34;3.26;2.16;2.06;1.72;2.37;1.56
SP1;05/02/11;Almeria;Espanol;3;2;H;3;1;H;11;17;5;5;24;16;4;6;5;3;0;0;2.5;3.3;2.75;2.49;3.26;2.8;2.04;1.75;1.78;2.04
SP1;05/02/11;Ath Bilbao;Sp Gijon;3;0;H;2;0;H;13;6;6;1;15;14;9;3;4;2;0;1;1.67;3.5;5.5;1.67;3.61;5.27;1.99;1.77;1.94;1.94
SP1;05/02/11;Barcelona;Ath Madrid;3;0;H;2;0;H;15;10;8;4;11;15;5;5;2;3;0;0;1.14;7.5;17.0;1.14;7.92;15.62;1.26;3.54;1.89;1.99
SP1;05/02/11;Getafe;La Coruna;4;1;H;3;0;H;19;19;10;8;12;8;5;7;5;4;0;0;1.83;3.5;4.33;1.84;3.44;4.31;2.08;1.71;1.86;2.01
SP1;05/02/11;Osasuna;Mallorca;1;1;D;1;1;D;16;8;5;4;16;14;5;4;1;1;0;0;2.1;3.3;3.5;2.05;3.3;3.64;2.22;1.62;2.02;1.84
SP1;05/02/11;Villarreal;Levante;0;1;A;0;0;D;14;11;4;4;10;14;6;7;2;7;0;0;1.25;5.25;13.0;1.26;5.52;11.21;1.55;2.35;1.78;2.09
SP1;05/02/11;Zaragoza;Santander;1;1;D;1;1;D;18;13;5;4;20;22;4;5;4;3;0;0;2.0;3.3;3.75;2.05;3.29;3.67;2.16;1.65;2.05;1.82
SP1;06/02/11;Real Madrid;Sociedad;4;1;H;3;0;H;30;14;8;4;7;10;11;3;2;3;0;0;1.17;6.5;19.0;1.16;6.99;16.62;1.32;3.12;2.02;1.86
SP1;06/02/11;Sevilla;Malaga;0;0;D;0;0;D;9;6;2;1;17;16;7;4;4;4;0;0;1.53;4.0;6.0;1.52;4.09;6.12;1.58;2.25;1.88;1.99
SP1;06/02/11;Valencia;Hercules;2;0;H;1;0;H;15;7;7;3;17;14;4;2;3;2;0;0;1.44;4.2;7.5;1.45;4.25;7.25;1.74;2.05;1.78;2.09
SP1;12/02/11;Ath Madrid;Valencia;1;2;A;1;1;D;15;11;5;2;14;17;13;5;2;4;1;0;2.1;3.4;3.4;2.09;3.34;3.46;1.84;1.94;2.08;1.81
SP1;12/02/11;Santander;Sevilla;3;2;H;2;1;H;8;19;4;6;19;10;1;7;4;3;1;0;3.0;3.4;2.3;2.93;3.27;2.38;1.96;1.81;2.1;1.75
SP1;12/02/11;Sp Gijon;Barcelona;1;1;D;1;0;H;7;15;1;6;17;8;4;10;4;6;0;0;15.0;8.0;1.14;14.82;7.14;1.16;1.4;2.77;2.01;1.86
SP1;13/02/11;Espanol;Real Madrid;0;1;A;0;1;A;19;19;5;10;11;9;5;9;2;2;0;1;7.0;4.33;1.44;6.92;4.47;1.43;1.61;2.21;1.84;2.04
SP1;13/02/11;Hercules;Zaragoza;2;1;H;0;1;A;7;11;5;6;12;17;2;3;1;3;0;0;2.0;3.4;3.75;2.02;3.34;3.64;2.02;1.76;2.02;1.86
SP1;13/02/11;La Coruna;Villarreal;1;0;H;0;0;D;12;3;3;2;16;12;2;2;1;2;0;0;3.5;3.3;2.1;3.43;3.33;2.1;2.0;1.78;2.45;1.52
SP1;13/02/11;Levante;Almeria;1;0;H;0;0;D;11;12;4;3;16;17;7;9;3;2;0;0;2.3;3.3;3.1;2.29;3.27;3.06;1.93;1.84;1.64;2.24
SP1;13/02/11;Malaga;Getafe;2;2;D;0;2;A;20;8;6;5;13;15;9;3;2;4;0;0;2.1;3.4;3.4;2.11;3.35;3.37;1.81;1.96;1.52;2.49
SP1;13/02/11;Sociedad;Osasuna;1;0;H;0;0;D;19;12;9;1;10;15;5;3;1;3;0;1;2.1;3.25;3.6;2.08;3.27;3.55;2.05;1.74;1.5;2.54
SP1;14/02/11;Mallorca;Ath Bilbao;1;0;H;1;0;H;11;12;5;3;15;11;3;9;2;2;0;0;2.1;3.4;3.4;2.16;3.3;3.27;1.91;1.85;1.56;2.38
SP1;19/02/11;Real Madrid;Levante;2;0;H;2;0;H;25;3;11;1;8;11;13;2;2;2;0;0;1.14;7.5;17.0;1.14;7.97;17.53;1.33;3.18;1.94;1.95
SP1;19/02/11;Valencia;Sp Gijon;0;0;D;0;0;D;12;7;2;0;13;5;12;4;1;0;0;0;1.44;4.33;7.0;1.49;4.09;6.82;1.74;2.05;1.91;1.95
SP1;19/02/11;Zaragoza;Ath Madrid;0;1;A;0;0;D;14;16;2;7;15;15;4;5;3;3;0;0;2.88;3.3;2.4;2.8;3.29;2.5;1.91;1.86;2.0;1.82
SP1;20/02/11;Almeria;La Coruna;1;1;D;0;0;D;12;8;4;4;15;17;3;7;1;4;0;0;2.05;3.3;3.6;2.11;3.29;3.51;2.13;1.69;1.5;2.53
SP1;20/02/11;Barcelona;Ath Bilbao;2;1;H;1;0;H;20;5;5;4;9;18;11;1;3;3;0;0;1.13;7.5;21.0;1.13;8.39;18.4;1.25;3.65;1.95;1.92
SP1;20/02/11;Getafe;Santander;0;1;A;0;0;D;6;8;1;4;13;12;8;4;1;2;1;0;1.8;3.5;4.5;1.84;3.45;4.34;2.0;1.78;1.86;2.02
SP1;20/02/11;Osasuna;Espanol;4;0;H;1;0;H;15;11;8;0;19;12;8;8;2;2;0;0;2.2;3.3;3.25;2.16;3.27;3.4;2.19;1.65;1.51;2.48
SP1;20/02/11;Sevilla;Hercules;1;0;H;1;0;H;17;7;6;3;14;16;6;8;2;3;0;0;1.57;3.8;6.0;1.57;3.89;5.89;1.7;2.11;2.0;1.87
SP1;20/02/11;Villarreal;Malaga;1;1;D;1;0;H;15;6;7;2;14;23;3;1;1;1;0;0;1.5;4.1;6.5;1.51;4.1;6.37;1.53;2.39;1.94;1.94
SP1;21/02/11;Sociedad;Mallorca;1;0;H;0;0;D;12;9;4;2;13;17;11;5;1;2;0;0;2.05;3.3;3.6;2.12;3.29;3.5;2.02;1.77;1.52;2.48
SP1;26/02/11;Ath Madrid;Sevilla;2;2;D;0;1;A;19;15;11;5;15;10;9;3;2;2;0;0;2.1;3.4;3.4;2.12;3.32;3.43;1.82;1.96;1.54;2.43
SP1;26/02/11;Espanol;Sociedad;4;1;H;1;1;D;11;14;4;5;13;16;4;6;1;1;0;0;1.95;3.3;4.0;1.99;3.29;3.85;1.99;1.79;2.03;1.85
SP1;26/02/11;La Coruna;Real Madrid;0;0;D;0;0;D;4;21;1;9;21;13;4;11;4;3;0;0;7.5;4.5;1.4;8.01;4.56;1.39;1.7;2.09;1.86;2.03
SP1;26/02/11;Mallorca;Barcelona;0;3;A;0;1;A;8;7;3;4;12;9;5;2;1;0;0;0;8.5;5.0;1.33;8.66;4.75;1.36;1.66;2.16;1.73;2.13
SP1;26/02/11;Sp Gijon;Zaragoza;0;0;D;0;0;D;13;12;5;0;15;11;4;3;3;4;0;0;1.91;3.4;4.0;1.94;3.36;3.99;2.14;1.66;1.97;1.91
SP1;27/02/11;Ath Bilbao;Valencia;1;2;A;1;0;H;17;11;6;5;19;14;7;5;3;4;0;0;2.3;3.3;3.1;2.31;3.29;3.04;1.96;1.82;1.67;2.19
SP1;27/02/11;Hercules;Getafe;0;0;D;0;0;D;11;17;5;7;12;15;7;9;1;2;1;0;2.3;3.3;3.1;2.31;3.28;3.04;1.92;1.85;1.66;2.2
SP1;27/02/11;Levante;Osasuna;2;1;H;1;1;D;14;8;7;4;13;16;5;1;3;2;0;0;2.4;3.2;3.0;2.33;3.23;3.04;2.17;1.65;1.66;2.2
SP1;27/02/11;Santander;Villarreal;2;2;D;1;0;H;17;17;9;2;11;7;6;8;2;3;0;0;2.8;3.25;2.5;2.8;3.21;2.51;2.14;1.67;2.0;1.83
SP1;28/02/11;Malaga;Almeria;3;1;H;0;1;A;18;15;8;5;12;20;6;5;4;1;0;2;1.85;3.4;4.33;1.87;3.42;4.13;1.87;1.89;1.88;2.0
SP1;01/03/11;Espanol;Mallorca;1;2;A;1;0;H;10;16;3;6;20;18;0;9;5;3;0;0;2.1;3.3;3.5;2.14;3.26;3.5;2.03;1.76;1.53;2.46
SP1;01/03/11;Sevilla;Sp Gijon;3;0;H;2;0;H;16;3;8;0;17;15;2;1;2;1;0;1;1.57;4.0;5.5;1.53;3.92;6.49;1.86;1.92;1.94;1.94
SP1;02/03/11;Getafe;Ath Madrid;1;1;D;1;0;H;11;13;3;3;15;13;7;8;4;2;0;0;2.7;3.25;2.6;2.64;3.29;2.61;1.91;1.86;1.95;1.87
SP1;02/03/11;Osasuna;La Coruna;0;0;D;0;0;D;19;5;6;3;14;16;8;4;2;2;0;0;1.95;3.3;4.0;1.95;3.29;3.99;2.31;1.57;1.99;1.89
SP1;02/03/11;Sociedad;Levante;1;1;D;0;0;D;14;11;1;1;15;20;4;6;1;4;0;0;1.91;3.4;4.0;1.9;3.41;4.06;1.98;1.8;1.91;1.95
SP1;02/03/11;Valencia;Barcelona;0;1;A;0;0;D;7;20;1;8;18;7;8;4;4;1;0;0;5.5;4.0;1.57;5.67;3.9;1.58;1.62;2.22;1.87;2.0
SP1;02/03/11;Villarreal;Hercules;1;0;H;1;0;H;18;6;7;3;8;18;5;4;2;2;0;0;1.5;4.0;7.0;1.49;3.98;6.95;1.81;1.96;1.91;1.96
SP1;02/03/11;Zaragoza;Ath Bilbao;2;1;H;0;1;A;18;9;5;3;19;18;8;3;4;2;0;0;2.6;3.25;2.7;2.58;3.25;2.69;2.04;1.76;1.88;1.94
SP1;03/03/11;Almeria;Santander;1;1;D;0;1;A;20;6;6;3;17;12;15;5;2;4;0;1;2.38;3.25;3.0;2.3;3.2;3.12;2.19;1.63;1.64;2.22
SP1;03/03/11;Real Madrid;Malaga;7;0;H;3;0;H;20;5;13;1;18;14;5;2;1;2;0;1;1.14;7.5;17.0;1.16;7.14;15.69;1.34;3.08;1.93;1.94
SP1;05/03/11;Ath Madrid;Villarreal;3;1;H;1;1;D;16;8;6;2;19;7;11;2;3;3;0;0;2.1;3.4;3.4;2.14;3.37;3.37;1.85;1.93;1.52;2.46
SP1;05/03/11;Barcelona;Zaragoza;1;0;H;1;0;H;23;3;12;1;9;12;13;2;1;1;0;0;1.1;9.0;21.0;1.1;9.56;21.19;1.35;3.05;1.96;1.92
SP1;05/03/11;Mallorca;Valencia;1;2;A;1;1;D;10;11;4;6;16;14;7;6;2;0;0;0;2.7;3.2;2.6;2.63;3.23;2.68;2.06;1.73;1.87;1.95
SP1;06/03/11;Ath Bilbao;Sevilla;2;0;H;0;0;D;15;12;6;3;17;19;12;8;1;3;0;0;2.4;3.3;2.9;2.41;3.3;2.89;1.86;1.92;1.72;2.13
SP1;06/03/11;Hercules;Almeria;1;2;A;0;0;D;13;8;3;6;11;12;4;1;3;4;0;0;2.0;3.4;3.75;1.99;3.35;3.77;2.0;1.79;1.99;1.88
SP1;06/03/11;Levante;Espanol;1;0;H;1;0;H;13;11;5;2;16;11;2;5;3;5;0;0;2.38;3.2;3.0;2.36;3.26;3.01;2.11;1.7;1.66;2.21
SP1;06/03/11;Malaga;Osasuna;0;1;A;0;0;D;20;15;4;4;20;25;6;8;0;6;0;0;2.0;3.3;3.75;2.03;3.33;3.66;2.03;1.77;2.03;1.84
SP1;06/03/11;Santander;Real Madrid;1;3;A;0;2;A;7;21;3;8;22;10;3;3;2;2;0;0;8.0;4.75;1.36;7.29;4.25;1.45;1.75;2.05;2.01;1.87
SP1;06/03/11;Sp Gijon;Getafe;2;0;H;2;0;H;16;12;4;0;20;15;8;1;2;4;1;0;2.3;3.25;3.1;2.27;3.24;3.17;2.22;1.63;1.6;2.31
SP1;07/03/11;La Coruna;Sociedad;2;1;H;1;0;H;14;5;3;2;9;9;6;2;2;1;0;0;2.2;3.25;3.25;2.17;3.24;3.39;2.21;1.63;1.52;2.46
SP1;12/03/11;Almeria;Ath Madrid;2;2;D;0;1;A;12;17;6;7;19;13;6;7;2;3;0;0;3.25;3.4;2.15;3.29;3.35;2.17;1.9;1.87;2.37;1.57
SP1;12/03/11;Real Madrid;Hercules;2;0;H;1;0;H;22;9;11;4;9;12;8;7;0;1;0;0;1.14;7.5;17.0;1.13;8.13;19.03;1.35;3.06;1.91;1.98
SP1;12/03/11;Zaragoza;Valencia;4;0;H;2;0;H;9;3;6;1;17;20;1;3;2;2;0;1;2.9;3.25;2.4;2.93;3.27;2.39;1.98;1.8;2.13;1.7
SP1;13/03/11;Espanol;La Coruna;2;0;H;0;0;D;13;6;6;2;12;19;9;5;2;2;0;1;2.0;3.3;3.8;1.96;3.29;3.91;2.28;1.59;1.98;1.89
SP1;13/03/11;Levante;Mallorca;1;1;D;1;0;H;8;15;2;7;11;7;4;6;4;2;0;0;2.25;3.2;3.25;2.23;3.24;3.22;2.12;1.68;1.57;2.35
SP1;13/03/11;Osasuna;Santander;3;1;H;2;0;H;12;10;3;3;13;17;7;8;2;2;1;0;2.0;3.3;3.8;2.04;3.25;3.72;2.25;1.59;2.05;1.82
SP1;13/03/11;Sevilla;Barcelona;1;1;D;0;1;A;11;12;3;6;20;11;0;4;5;2;0;0;7.5;4.5;1.4;7.72;4.62;1.39;1.57;2.28;2.05;1.83
SP1;13/03/11;Sociedad;Malaga;0;2;A;0;1;A;14;10;5;5;23;14;8;2;2;2;0;0;2.0;3.4;3.75;1.99;3.35;3.77;2.09;1.7;2.0;1.86
SP1;13/03/11;Villarreal;Sp Gijon;1;1;D;1;0;H;12;14;3;5;13;14;4;2;2;2;0;2;1.6;3.8;5.75;1.62;3.71;5.61;1.89;1.88;2.15;1.73
SP1;14/03/11;Getafe;Ath Bilbao;2;2;D;0;0;D;14;12;3;5;16;15;6;4;4;2;0;0;2.3;3.25;2.8;2.4;3.27;2.87;1.95;1.82;1.75;2.07
SP1;19/03/11;Ath Madrid;Real Madrid;1;2;A;0;2;A;16;17;9;8;16;15;12;1;2;3;0;0;5.25;4.0;1.62;5.41;3.98;1.6;1.59;2.27;1.83;2.05
SP1;19/03/11;Barcelona;Getafe;2;1;H;1;0;H;14;8;6;3;12;10;5;3;3;2;0;0;1.13;8.5;17.0;1.12;8.65;19.38;1.34;3.14;1.97;1.92
SP1;19/03/11;Mallorca;Zaragoza;1;0;H;0;0;D;11;6;5;1;20;18;2;3;4;2;0;1;1.95;3.4;3.8;1.94;3.36;4.0;2.15;1.68;1.96;1.91
SP1;20/03/11;Ath Bilbao;Villarreal;0;1;A;0;0;D;15;9;6;4;22;5;10;2;2;1;0;0;2.3;3.4;3.0;2.27;3.31;3.12;1.92;1.86;1.62;2.28
SP1;20/03/11;Hercules;Osasuna;0;4;A;0;2;A;18;13;6;7;18;13;7;3;2;4;0;0;2.15;3.25;3.4;2.14;3.24;3.47;2.33;1.58;1.51;2.53
SP1;20/03/11;La Coruna;Levante;0;1;A;0;0;D;11;20;3;6;15;8;6;6;2;2;0;0;2.1;3.4;3.4;2.07;3.27;3.64;2.32;1.58;2.07;1.81
SP1;20/03/11;Malaga;Espanol;2;0;H;2;0;H;11;10;7;2;17;18;6;9;1;2;0;0;2.0;3.4;3.75;2.06;3.4;3.53;1.87;1.91;2.04;1.84
SP1;20/03/11;Santander;Sociedad;2;1;H;1;0;H;16;11;3;5;18;14;5;5;1;2;0;0;2.0;3.5;3.6;2.0;3.34;3.78;2.05;1.74;2.0;1.88
SP1;20/03/11;Sp Gijon;Almeria;1;0;H;1;0;H;9;15;4;5;18;24;0;3;3;3;0;0;1.91;3.4;4.0;1.95;3.32;3.99;2.17;1.66;1.95;1.92
SP1;20/03/11;Valencia;Sevilla;0;1;A;0;0;D;26;23;9;10;14;13;9;6;2;1;0;0;1.95;3.5;3.7;1.97;3.41;3.82;1.88;1.9;1.99;1.88
SP1;02/04/11;Getafe;Valencia;2;4;A;1;0;H;13;12;6;5;11;11;7;7;1;2;0;0;2.8;3.25;2.5;2.87;3.3;2.44;1.92;1.86;2.08;1.76
SP1;02/04/11;Real Madrid;Sp Gijon;0;1;A;0;0;D;33;4;13;1;17;14;10;1;4;3;0;0;1.14;7.5;17.0;1.16;7.36;15.65;1.45;2.64;2.03;1.85
SP1;02/04/11;Villarreal;Barcelona;0;1;A;0;0;D;7;10;3;6;10;14;3;8;2;4;0;0;5.5;3.8;1.62;5.24;3.86;1.63;1.59;2.26;2.04;1.84
SP1;03/04/11;Espanol;Santander;1;2;A;1;0;H;8;7;4;5;11;27;6;2;1;3;0;0;1.91;3.4;4.0;1.94;3.39;3.97;2.13;1.68;1.96;1.91
SP1;03/04/11;La Coruna;Mallorca;2;1;H;0;1;A;16;4;5;2;14;17;6;1;3;1;0;1;2.3;3.2;3.1;2.37;3.19;3.04;2.3;1.58;1.71;2.13
SP1;03/04/11;Levante;Malaga;3;1;H;2;0;H;9;18;5;4;29;7;2;8;5;4;0;0;2.3;3.25;3.1;2.33;3.27;3.04;1.97;1.81;1.68;2.18
SP1;03/04/11;Osasuna;Ath Madrid;2;3;A;1;1;D;15;12;7;6;21;11;3;4;4;2;1;0;2.5;3.25;2.8;2.5;3.27;2.82;2.0;1.79;1.8;2.03
SP1;03/04/11;Sevilla;Zaragoza;3;1;H;1;0;H;20;15;10;5;12;19;8;5;1;4;0;0;1.53;4.0;6.0;1.54;3.97;6.08;1.73;2.06;1.98;1.88
SP1;03/04/11;Sociedad;Hercules;1;3;A;0;0;D;19;13;5;8;13;14;9;5;2;5;0;0;1.83;3.5;4.33;1.84;3.47;4.32;2.05;1.74;1.86;2.01
SP1;04/04/11;Almeria;Ath Bilbao;1;3;A;1;1;D;18;14;6;7;8;10;8;7;1;1;0;0;2.9;3.3;2.4;2.92;3.29;2.39;1.92;1.86;2.11;1.73
SP1;09/04/11;Ath Bilbao;Real Madrid;0;3;A;0;1;A;12;7;2;2;13;10;8;1;3;5;0;0;4.5;3.75;1.73;4.47;3.75;1.76;1.7;2.1;2.12;1.73
SP1;09/04/11;Barcelona;Almeria;3;1;H;0;0;D;14;2;4;1;7;5;8;4;3;3;0;0;1.11;8.5;21.0;1.09;9.99;22.59;1.3;3.36;1.95;1.91
SP1;09/04/11;Mallorca;Sevilla;2;2;D;2;1;H;10;7;3;3;10;6;5;5;3;3;0;0;2.6;3.2;2.75;2.61;3.26;2.7;2.01;1.77;1.89;1.93
SP1;10/04/11;Ath Madrid;Sociedad;3;0;H;2;0;H;21;7;13;4;16;7;10;7;2;1;0;0;1.53;4.0;6.0;1.53;4.0;6.22;1.62;2.2;1.89;1.98
SP1;10/04/11;Hercules;Espanol;0;0;D;0;0;D;8;3;3;1;11;8;4;2;2;2;0;0;2.1;3.25;3.6;2.07;3.32;3.58;2.13;1.68;2.07;1.81
SP1;10/04/11;Malaga;La Coruna;0;0;D;0;0;D;8;5;1;2;12;7;6;2;4;3;0;1;1.75;3.5;4.75;1.79;3.53;4.54;2.02;1.77;1.77;2.11
SP1;10/04/11;Santander;Levante;1;1;D;1;0;H;14;6;6;2;10;9;6;3;3;2;0;0;1.91;3.4;4.0;1.91;3.37;4.16;2.12;1.69;1.9;1.97
SP1;10/04/11;Sp Gijon;Osasuna;1;0;H;0;0;D;9;7;5;4;2;13;1;6;1;2;0;0;2.0;3.4;3.75;2.03;3.29;3.77;2.2;1.64;2.03;1.84
SP1;10/04/11;Valencia;Villarreal;5;0;H;1;0;H;17;7;12;4;10;7;14;5;1;2;0;0;1.91;3.4;4.0;1.99;3.39;3.78;1.89;1.89;2.03;1.85
SP1;11/04/11;Zaragoza;Getafe;2;1;H;2;1;H;11;14;7;5;23;12;2;9;2;3;0;0;2.1;3.3;3.5;2.12;3.28;3.43;2.08;1.72;1.51;2.52
SP1;16/04/11;Almeria;Valencia;0;3;A;0;0;D;8;18;1;7;9;10;5;9;0;1;0;0;3.8;3.4;2.0;3.68;3.44;2.0;1.79;1.99;1.85;1.99
SP1;16/04/11;Getafe;Sevilla;1;0;H;0;0;D;13;2;6;2;20;16;5;2;3;4;0;0;2.88;3.3;2.4;2.84;3.32;2.43;1.76;2.02;2.08;1.76
SP1;16/04/11;Malaga;Mallorca;3;0;H;2;0;H;19;14;8;8;12;17;14;2;2;3;0;0;1.91;3.4;4.0;1.97;3.4;3.81;1.93;1.85;2.0;1.89
SP1;16/04/11;Real Madrid;Barcelona;1;1;D;0;0;D;13;11;6;6;22;14;8;0;2;5;1;0;2.75;3.6;2.38;2.74;3.45;2.47;1.65;2.2;2.02;1.81
SP1;17/04/11;Espanol;Ath Madrid;2;2;D;1;1;D;10;19;3;4;12;15;1;9;2;5;0;0;2.7;3.25;2.6;2.71;3.29;2.56;1.84;1.94;1.99;1.83
SP1;17/04/11;La Coruna;Santander;2;0;H;1;0;H;12;16;4;5;8;9;7;6;2;2;0;0;2.1;3.25;3.5;2.15;3.19;3.51;2.29;1.58;1.5;2.52
SP1;17/04/11;Levante;Hercules;2;1;H;2;0;H;16;9;5;3;15;25;7;4;4;3;0;0;2.1;3.25;3.5;2.12;3.28;3.48;2.04;1.75;1.51;2.49
SP1;17/04/11;Osasuna;Ath Bilbao;1;2;A;0;0;D;6;6;2;2;19;15;4;3;3;4;1;1;2.4;3.25;2.9;2.41;3.25;2.94;2.12;1.69;1.72;2.12
SP1;17/04/11;Sociedad;Sp Gijon;2;1;H;1;0;H;13;12;4;6;10;23;4;6;3;2;0;0;2.1;3.25;3.5;2.15;3.26;3.43;2.1;1.7;1.53;2.46
SP1;18/04/11;Villarreal;Zaragoza;1;0;H;0;0;D;10;17;6;8;12;24;4;3;2;4;0;1;1.57;4.0;5.5;1.56;3.84;5.96;1.76;2.03;2.04;1.83
SP1;23/04/11;Ath Bilbao;Sociedad;2;1;H;2;1;H;9;10;6;3;19;13;5;5;6;2;0;0;1.62;3.75;5.5;1.64;3.8;5.35;1.67;2.15;1.85;2.03
SP1;23/04/11;Barcelona;Osasuna;2;0;H;1;0;H;11;14;2;5;11;17;6;5;2;2;0;0;1.2;6.0;15.0;1.18;6.7;14.64;1.45;2.63;2.07;1.81
SP1;23/04/11;Valencia;Real Madrid;3;6;A;0;4;A;21;14;8;8;7;19;11;7;1;0;0;0;2.38;3.5;2.8;2.38;3.39;2.88;1.78;2.0;1.73;2.13
SP1;24/04/11;Ath Madrid;Levante;4;1;H;1;1;D;16;12;6;3;14;18;5;4;3;4;0;0;1.44;4.5;6.5;1.48;4.24;6.55;1.57;2.31;1.79;2.09
SP1;24/04/11;Hercules;La Coruna;1;0;H;0;0;D;14;9;3;2;8;13;8;5;2;4;0;0;2.0;3.4;3.75;2.04;3.27;3.71;2.3;1.57;2.06;1.82
SP1;24/04/11;Mallorca;Getafe;2;0;H;1;0;H;13;11;7;3;15;8;7;5;2;3;0;0;2.0;3.4;3.75;2.02;3.34;3.75;1.9;1.88;2.07;1.82
SP1;24/04/11;Santander;Malaga;1;2;A;0;2;A;21;11;5;4;8;10;11;5;4;3;0;0;2.3;3.3;3.1;2.36;3.25;3.01;1.94;1.84;1.71;2.14
SP1;24/04/11;Sevilla;Villarreal;3;2;H;2;0;H;9;19;3;7;11;18;0;9;3;3;0;1;1.95;3.5;3.75;1.96;3.48;3.78;1.8;1.99;1.95;1.93
SP1;24/04/11;Sp Gijon;Espanol;1;0;H;0;0;D;14;10;4;4;16;13;2;3;0;6;0;0;2.0;3.4;3.75;1.99;3.34;3.83;2.19;1.62;2.0;1.88
SP1;25/04/11;Zaragoza;Almeria;1;0;H;0;0;D;22;7;11;3;15;19;8;10;2;4;1;0;1.8;3.5;4.5;1.78;3.58;4.46;1.9;1.88;1.8;2.09
SP1;30/04/11;La Coruna;Ath Madrid;0;1;A;0;0;D;10;17;3;5;16;8;9;6;1;4;1;0;3.3;3.4;2.15;3.18;3.33;2.22;1.84;1.94;1.93;1.94
SP1;30/04/11;Real Madrid;Zaragoza;2;3;A;0;1;A;18;10;7;4;12;21;7;5;1;4;1;0;1.3;5.5;9.0;1.28;5.34;10.37;1.54;2.36;1.98;1.89
SP1;30/04/11;Sociedad;Barcelona;2;1;H;0;1;A;8;13;3;7;19;12;4;5;2;1;0;0;7.5;4.5;1.4;7.32;4.49;1.42;1.65;2.19;1.82;2.07
SP1;01/05/11;Almeria;Sevilla;0;1;A;0;0;D;6;19;1;10;13;13;3;5;1;3;1;0;4.0;3.8;1.8;4.21;3.68;1.8;1.78;2.02;2.08;1.77
SP1;01/05/11;Levante;Sp Gijon;0;0;D;0;0;D;8;4;2;1;10;16;6;1;2;2;0;0;2.1;3.1;3.75;2.16;3.17;3.51;2.12;1.69;2.19;1.71
SP1;01/05/11;Malaga;Hercules;3;1;H;1;1;D;12;11;3;4;15;14;4;6;2;3;0;1;1.73;3.75;4.5;1.75;3.62;4.6;1.81;1.99;1.75;2.14
SP1;01/05/11;Osasuna;Valencia;1;0;H;0;0;D;19;5;6;1;12;16;8;1;4;7;0;0;2.9;3.3;2.4;2.84;3.26;2.47;1.9;1.88;2.02;1.81
SP1;01/05/11;Santander;Mallorca;2;0;H;2;0;H;8;13;3;8;18;12;3;6;4;1;0;0;2.2;3.25;3.3;2.16;3.27;3.37;2.06;1.74;1.89;1.99
SP1;01/05/11;Villarreal;Getafe;2;1;H;0;1;A;19;15;6;6;15;16;8;5;4;4;0;0;1.8;3.5;4.75;1.83;3.46;4.36;1.76;2.01;1.87;2.01
SP1;02/05/11;Espanol;Ath Bilbao;2;1;H;1;1;D;9;7;6;4;16;18;11;6;2;2;0;0;2.75;3.25;2.5;2.69;3.24;2.59;1.87;1.92;1.96;1.88
SP1;07/05/11;Ath Bilbao;Levante;3;2;H;1;0;H;13;13;4;4;14;11;4;6;3;4;0;0;1.53;4.0;6.0;1.55;3.97;5.88;1.66;2.11;1.96;1.91
SP1;07/05/11;Ath Madrid;Malaga;0;3;A;0;2;A;14;11;6;5;15;14;7;1;2;3;0;0;1.57;4.0;5.5;1.58;3.99;5.51;1.53;2.4;1.98;1.89
SP1;07/05/11;Getafe;Almeria;2;0;H;1;0;H;15;10;8;1;10;20;7;3;5;4;0;0;1.44;4.33;7.0;1.46;4.25;6.97;1.73;2.07;1.77;2.09
SP1;07/05/11;Hercules;Santander;2;3;A;2;3;A;21;12;9;7;14;20;13;2;1;1;1;0;2.1;3.25;3.5;2.13;3.29;3.43;2.04;1.76;1.83;2.05
SP1;07/05/11;Sevilla;Real Madrid;2;6;A;0;3;A;16;19;5;10;13;15;10;10;2;2;0;0;3.0;3.5;2.25;3.02;3.46;2.25;1.6;2.23;2.25;1.63
SP1;07/05/11;Sp Gijon;La Coruna;2;2;D;1;2;A;17;8;7;5;15;9;4;4;4;4;0;0;2.05;3.3;3.6;2.09;3.25;3.58;2.22;1.61;2.11;1.77
SP1;07/05/11;Valencia;Sociedad;3;0;H;3;0;H;9;11;4;1;10;8;8;7;1;1;0;0;1.44;4.33;7.0;1.45;4.37;6.88;1.52;2.42;2.02;1.86
SP1;08/05/11;Barcelona;Espanol;2;0;H;1;0;H;14;6;6;2;13;14;8;3;1;3;0;0;1.17;7.0;15.0;1.17;7.05;14.26;1.44;2.63;1.91;1.96
SP1;08/05/11;Mallorca;Villarreal;0;0;D;0;0;D;11;6;5;2;16;6;6;7;1;1;0;0;2.6;3.25;2.7;2.54;3.27;2.73;1.89;1.89;1.85;1.97
SP1;08/05/11;Zaragoza;Osasuna;1;3;A;1;0;H;21;11;7;3;11;15;5;3;1;1;0;0;2.1;3.3;3.5;2.11;3.25;3.52;2.14;1.67;1.84;2.05
SP1;10/05/11;La Coruna;Ath Bilbao;2;1;H;1;1;D;10;12;3;2;7;12;5;4;3;2;0;0;2.25;3.4;3.1;2.31;3.37;2.99;1.92;1.87;1.73;2.13
SP1;10/05/11;Malaga;Sp Gijon;2;0;H;1;0;H;6;13;3;4;10;14;6;7;2;1;0;0;1.73;3.6;4.75;1.72;3.52;5.14;1.89;1.9;1.72;2.19
SP1;10/05/11;Real Madrid;Getafe;4;0;H;1;0;H;21;8;7;1;16;18;7;4;2;3;0;0;1.2;6.5;13.0;1.2;6.82;12.41;1.33;3.12;1.84;2.04
SP1;10/05/11;Santander;Ath Madrid;2;1;H;1;1;D;14;6;6;1;24;19;4;7;2;2;0;0;3.2;3.3;2.25;3.3;3.36;2.19;1.84;1.95;2.03;1.86
SP1;11/05/11;Almeria;Villarreal;0;0;D;0;0;D;15;12;3;4;11;5;10;9;3;1;0;0;5.5;3.75;1.62;5.22;3.77;1.64;1.75;2.04;1.99;1.89
SP1;11/05/11;Espanol;Valencia;2;2;D;1;2;A;20;10;7;5;7;18;7;4;2;3;0;0;2.9;3.3;2.4;2.91;3.37;2.35;1.72;2.07;2.17;1.68
SP1;11/05/11;Hercules;Mallorca;2;2;D;2;0;H;15;9;2;3;10;15;4;2;2;2;0;0;2.2;3.3;3.25;2.18;3.28;3.31;1.95;1.84;1.89;2.0
SP1;11/05/11;Levante;Barcelona;1;1;D;1;1;D;9;10;2;2;10;4;2;3;1;1;0;0;11.0;5.0;1.3;10.42;5.06;1.3;1.55;2.34;2.0;1.86
SP1;11/05/11;Osasuna;Sevilla;3;2;H;0;2;A;19;9;7;3;11;13;7;2;3;3;0;1;2.25;3.4;3.1;2.19;3.37;3.21;1.91;1.86;1.88;2.0
SP1;11/05/11;Sociedad;Zaragoza;2;1;H;1;0;H;14;11;4;4;22;21;7;1;4;2;0;0;2.1;3.4;3.4;2.13;3.33;3.37;1.8;1.98;1.91;1.97
SP1;15/05/11;Almeria;Mallorca;3;1;H;3;1;H;13;13;4;5;11;7;3;7;1;1;0;0;2.75;3.5;2.4;2.77;3.31;2.45;1.78;2.01;2.05;1.8
SP1;15/05/11;Ath Bilbao;Malaga;1;1;D;0;1;A;18;8;7;3;13;14;5;7;2;2;0;1;1.7;3.75;4.75;1.7;3.7;4.72;1.58;2.27;1.67;2.23
SP1;15/05/11;Ath Madrid;Hercules;2;1;H;1;0;H;19;8;6;2;12;8;7;10;1;3;0;0;1.29;5.5;9.5;1.28;5.34;9.33;1.45;2.58;1.83;2.05
SP1;15/05/11;Barcelona;La Coruna;0;0;D;0;0;D;8;8;2;4;11;13;5;0;0;2;0;0;1.53;4.33;5.5;1.52;4.15;5.81;1.58;2.27;1.91;1.95
SP1;15/05/11;Getafe;Osasuna;2;0;H;0;0;D;19;12;4;5;8;14;11;8;0;0;0;0;1.8;3.6;4.33;1.77;3.59;4.39;1.81;1.98;1.79;2.08
SP1;15/05/11;Sevilla;Sociedad;3;1;H;0;0;D;16;4;8;1;12;18;7;3;3;3;0;0;1.53;4.33;5.5;1.52;4.04;6.06;1.57;2.3;1.88;1.98
SP1;15/05/11;Sp Gijon;Santander;2;1;H;1;1;D;33;3;16;2;11;4;16;1;0;0;0;0;1.33;5.0;8.5;1.33;4.81;8.45;1.88;1.9;2.05;1.83
SP1;15/05/11;Valencia;Levante;0;0;D;0;0;D;17;5;5;1;19;5;5;2;2;2;0;1;1.65;3.4;6.0;1.61;3.55;5.93;1.64;2.17;2.09;1.79
SP1;15/05/11;Villarreal;Real Madrid;1;3;A;0;2;A;10;7;2;5;13;17;4;4;5;1;0;0;4.0;3.8;1.8;4.21;3.77;1.77;1.43;2.65;2.15;1.7
SP1;15/05/11;Zaragoza;Espanol;1;0;H;0;0;D;21;7;7;5;11;16;5;6;2;0;0;0;1.6;3.8;5.5;1.62;3.77;5.42;1.81;1.99;2.07;1.78
SP1;21/05/11;Espanol;Sevilla;2;3;A;0;2;A;15;5;7;3;7;14;7;1;0;1;0;0;3.0;3.5;2.25;3.1;3.47;2.18;1.66;2.13;1.98;1.9
SP1;21/05/11;Hercules;Sp Gijon;0;0;D;0;0;D;17;9;4;2;10;9;10;4;1;0;0;0;2.2;3.4;3.2;2.2;3.32;3.18;1.78;2.02;1.95;1.93
SP1;21/05/11;La Coruna;Valencia;0;2;A;0;1;A;28;12;6;6;6;22;11;3;1;1;0;0;1.44;4.2;6.0;1.47;4.26;6.29;1.81;1.97;1.91;1.96
SP1;21/05/11;Levante;Zaragoza;1;2;A;0;1;A;3;20;2;10;19;18;1;11;5;4;0;0;5.5;4.33;1.53;5.59;4.07;1.55;1.87;1.91;2.14;1.76
SP1;21/05/11;Malaga;Barcelona;1;3;A;1;1;D;13;18;4;8;10;8;6;8;3;2;0;0;3.25;3.5;2.1;3.14;3.32;2.21;1.78;2.0;1.86;2.02
SP1;21/05/11;Mallorca;Ath Madrid;3;4;A;0;2;A;25;12;14;6;17;8;10;4;1;3;0;0;2.5;2.75;3.3;2.5;2.79;3.22;1.7;2.09;1.71;2.17
SP1;21/05/11;Osasuna;Villarreal;1;0;H;1;0;H;14;4;6;3;20;10;11;3;1;2;0;0;1.8;3.0;5.75;1.8;2.94;5.65;1.9;1.89;1.81;2.07
SP1;21/05/11;Real Madrid;Almeria;8;1;H;2;1;H;27;6;13;1;11;10;15;6;1;1;0;0;1.13;8.5;17.0;1.11;8.76;18.15;1.23;3.9;1.69;2.24
SP1;21/05/11;Santander;Ath Bilbao;1;2;A;0;2;A;18;9;6;7;14;12;9;2;2;0;1;0;3.0;3.5;2.25;3.08;3.43;2.21;1.64;2.15;1.97;1.91
SP1;21/05/11;Sociedad;Getafe;1;1;D;0;1;A;12;8;7;1;8;12;4;3;0;1;0;0;2.38;3.25;3.0;2.36;3.26;2.95;1.72;2.07;1.71;2.15
SP1;27/08/11;Granada;Betis;0;1;A;0;0;D;11;18;2;3;12;16;8;5;2;2;0;0;2.3;3.4;3.0;2.37;3.29;2.92;2.02;1.76;2.05;1.83
SP1;27/08/11;Sp Gijon;Sociedad;1;2;A;0;1;A;17;6;4;2;14;11;9;2;2;1;1;1;2.05;3.25;3.75;2.06;3.3;3.58;2.1;1.7;2.05;1.82
SP1;27/08/11;Valencia;Santander;4;3;H;1;2;A;26;4;11;3;14;11;10;3;3;3;0;0;1.4;4.33;8.0;1.43;4.22;7.43;1.76;2.0;2.03;1.84
SP1;28/08/11;Ath Bilbao;Vallecano;1;1;D;0;0;D;10;13;4;6;17;19;9;4;1;3;0;0;1.57;3.75;6.0;1.58;3.76;5.9;1.82;1.95;2.0;1.86
SP1;28/08/11;Ath Madrid;Osasuna;0;0;D;0;0;D;28;16;8;2;9;8;12;5;1;0;0;0;1.53;3.8;6.5;1.56;3.79;6.14;1.85;1.91;2.04;1.82
SP1;28/08/11;Getafe;Levante;1;1;D;0;0;D;8;9;2;1;15;6;1;4;5;3;0;0;1.8;3.5;4.5;1.79;3.47;4.47;1.95;1.82;2.04;1.83
SP1;28/08/11;Mallorca;Espanol;1;0;H;0;0;D;11;9;4;3;21;15;5;4;2;3;0;0;2.0;3.4;3.75;2.03;3.29;3.67;2.05;1.73;2.02;1.84
SP1;28/08/11;Sevilla;Malaga;2;1;H;2;0;H;15;6;9;1;15;7;2;8;3;1;0;0;2.1;3.4;3.4;2.11;3.3;3.44;1.72;2.06;1.87;2.0
SP1;28/08/11;Zaragoza;Real Madrid;0;6;A;0;2;A;8;39;1;16;16;16;7;9;2;1;0;0;8.5;5.0;1.33;9.75;5.27;1.29;1.53;2.39;2.01;1.85
SP1;29/08/11;Barcelona;Villarreal;5;0;H;2;0;H;18;5;9;1;15;14;12;0;3;3;0;0;1.25;5.75;11.0;1.25;5.71;11.12;1.42;2.67;1.88;1.99
SP1;10/09/11;Real Madrid;Getafe;4;2;H;1;1;D;26;10;10;6;9;13;4;6;3;3;0;0;1.08;10.0;26.0;1.09;9.69;22.35;1.27;3.54;1.85;2.02
SP1;10/09/11;Sociedad;Barcelona;2;2;D;0;2;A;10;13;4;6;10;17;5;4;2;1;0;0;15.0;7.0;1.17;14.96;7.1;1.17;1.44;2.65;1.95;1.91
SP1;10/09/11;Valencia;Ath Madrid;1;0;H;0;0;D;12;12;6;2;15;18;3;7;1;2;0;0;1.91;3.6;3.75;1.9;3.48;3.96;1.78;2.0;1.91;1.93
SP1;10/09/11;Villarreal;Sevilla;2;2;D;1;1;D;11;10;5;5;15;14;2;1;2;4;1;0;2.1;3.4;3.4;2.12;3.36;3.38;1.88;1.9;1.86;2.0
SP1;11/09/11;Betis;Mallorca;1;0;H;0;0;D;24;9;7;2;9;17;7;5;2;4;0;0;1.91;3.4;4.0;1.9;3.39;4.08;2.05;1.73;1.91;1.94
SP1;11/09/11;Espanol;Ath Bilbao;2;1;H;1;0;H;10;17;6;7;17;21;2;3;2;1;0;0;2.4;3.3;2.9;2.42;3.26;2.88;2.03;1.76;1.76;2.09
SP1;11/09/11;Osasuna;Sp Gijon;2;1;H;2;0;H;21;10;7;2;22;16;6;8;2;3;0;0;1.91;3.4;4.0;1.9;3.39;4.1;2.25;1.61;1.9;1.95
SP1;11/09/11;Santander;Levante;0;0;D;0;0;D;8;11;1;2;14;20;3;4;2;2;1;0;2.1;3.3;3.5;2.12;3.3;3.44;2.14;1.67;1.89;1.97
SP1;11/09/11;Vallecano;Zaragoza;0;0;D;0;0;D;20;7;5;1;19;14;3;1;4;4;0;0;2.2;3.2;3.4;2.18;3.29;3.29;2.11;1.69;1.86;2.0
SP1;12/09/11;Malaga;Granada;4;0;H;2;0;H;20;12;9;4;12;11;4;3;1;2;0;0;1.4;4.33;8.5;1.42;4.28;7.7;1.7;2.1;2.0;1.87
SP1;17/09/11;Barcelona;Osasuna;8;0;H;5;0;H;18;7;14;1;8;15;8;3;1;5;0;0;1.08;10.0;26.0;1.08;9.87;26.04;1.28;3.48;2.09;1.79
SP1;17/09/11;Granada;Villarreal;1;0;H;0;0;D;8;14;2;4;17;11;0;7;7;2;0;0;3.3;3.3;2.2;3.29;3.33;2.17;1.93;1.84;1.96;1.9
SP1;17/09/11;Mallorca;Malaga;0;1;A;0;1;A;6;8;1;4;21;12;4;8;2;1;0;0;3.1;3.4;2.25;3.09;3.32;2.26;1.9;1.87;1.93;1.93
SP1;17/09/11;Sevilla;Sociedad;1;0;H;0;0;D;15;11;5;1;20;9;8;1;3;2;0;0;1.53;4.0;6.0;1.54;3.97;6.03;1.65;2.18;1.94;1.91
SP1;17/09/11;Sp Gijon;Valencia;0;1;A;0;1;A;15;11;4;5;13;19;6;6;1;5;0;0;3.3;3.3;2.2;3.41;3.3;2.13;2.01;1.77;1.99;1.87
SP1;18/09/11;Ath Bilbao;Betis;2;3;A;1;3;A;18;18;9;6;14;19;10;1;3;4;1;1;2.0;3.4;3.75;2.03;3.33;3.64;1.97;1.8;2.07;1.78
SP1;18/09/11;Ath Madrid;Santander;4;0;H;2;0;H;17;4;7;0;17;17;5;4;3;2;0;0;1.44;4.2;7.5;1.46;4.15;7.24;1.76;2.02;1.76;2.12
SP1;18/09/11;Getafe;Vallecano;0;1;A;0;1;A;7;9;2;4;20;14;5;8;3;5;0;0;1.95;3.5;3.8;1.94;3.39;3.9;2.05;1.73;1.97;1.88
SP1;18/09/11;Levante;Real Madrid;1;0;H;0;0;D;11;14;4;3;20;16;3;6;7;3;0;1;13.0;6.5;1.2;12.14;6.43;1.21;1.4;2.78;2.02;1.86
SP1;18/09/11;Zaragoza;Espanol;2;1;H;1;0;H;12;14;5;4;23;12;3;4;2;4;0;1;2.1;3.2;3.6;2.17;3.22;3.38;2.15;1.66;1.91;1.95
SP1;20/09/11;Osasuna;Sevilla;0;0;D;0;0;D;15;11;8;5;18;15;5;3;3;2;0;0;2.63;3.3;2.63;2.81;3.29;2.48;2.01;1.78;1.79;2.08
SP1;20/09/11;Sociedad;Granada;1;0;H;0;0;D;14;15;4;4;16;16;5;4;5;2;0;0;2.0;3.4;3.75;1.95;3.37;3.96;1.94;1.83;2.01;1.84
SP1;20/09/11;Villarreal;Mallorca;2;0;H;1;0;H;13;9;9;3;9;14;3;2;0;3;0;0;1.62;3.75;5.5;1.7;3.59;5.12;1.88;1.89;1.97;1.89
SP1;21/09/11;Ath Madrid;Sp Gijon;4;0;H;1;0;H;19;3;11;1;18;18;11;2;2;4;0;0;1.4;4.5;7.5;1.42;4.34;7.62;1.71;2.08;1.98;1.88
SP1;21/09/11;Malaga;Ath Bilbao;1;0;H;0;0;D;13;8;4;3;16;20;6;6;1;2;0;0;1.62;3.75;5.5;1.65;3.72;5.27;1.73;2.06;1.85;2.01
SP1;21/09/11;Santander;Real Madrid;0;0;D;0;0;D;5;16;2;2;20;19;2;10;6;3;0;0;13.0;6.5;1.2;12.52;6.38;1.21;1.39;2.79;2.07;1.81
SP1;21/09/11;Valencia;Barcelona;2;2;D;2;1;H;9;10;1;7;14;5;4;3;4;1;1;0;7.5;4.5;1.4;7.25;4.53;1.42;1.48;2.51;1.9;1.97
SP1;21/09/11;Vallecano;Levante;1;2;A;0;2;A;14;9;7;5;15;12;7;5;2;1;1;0;2.1;3.25;3.5;2.13;3.24;3.49;2.2;1.64;1.84;2.03
SP1;22/09/11;Betis;Zaragoza;4;3;H;2;1;H;9;21;6;8;8;16;2;10;0;2;1;0;1.67;3.6;5.25;1.7;3.55;5.06;1.98;1.79;1.92;1.94
SP1;22/09/11;Espanol;Getafe;1;0;H;0;0;D;16;9;6;0;25;16;10;0;5;1;0;0;2.1;3.25;3.5;2.1;3.27;3.5;2.04;1.74;1.84;2.03
SP1;24/09/11;Ath Bilbao;Villarreal;1;1;D;1;0;H;10;15;6;3;22;17;8;4;3;1;1;0;2.2;3.25;3.3;2.19;3.3;3.25;1.93;1.85;1.85;2.01
SP1;24/09/11;Barcelona;Ath Madrid;5;0;H;3;0;H;18;6;8;2;17;18;8;1;1;1;0;0;1.2;6.5;13.0;1.19;6.84;12.47;1.29;3.35;1.95;1.91
SP1;24/09/11;Real Madrid;Vallecano;6;2;H;2;1;H;18;16;11;6;7;18;7;6;0;4;1;0;1.1;9.0;21.0;1.09;9.25;23.64;1.26;3.57;1.79;2.09
SP1;24/09/11;Sevilla;Valencia;1;0;H;1;0;H;12;14;6;6;15;13;4;8;2;3;2;1;2.3;3.25;3.1;2.25;3.34;3.11;1.81;1.97;1.93;1.92
SP1;25/09/11;Granada;Osasuna;1;1;D;0;1;A;10;20;2;6;20;12;4;6;3;3;0;0;2.25;3.25;3.2;2.25;3.24;3.19;2.19;1.65;1.93;1.93
SP1;25/09/11;Levante;Espanol;3;1;H;1;0;H;12;18;5;6;11;14;7;8;1;4;0;2;2.2;3.25;3.3;2.11;3.28;3.47;2.14;1.68;1.8;2.07
SP1;25/09/11;Mallorca;Sociedad;2;1;H;1;1;D;16;16;4;5;14;8;6;1;2;0;0;0;2.1;3.3;3.5;2.19;3.24;3.31;2.14;1.68;1.86;2.01
SP1;25/09/11;Sp Gijon;Santander;0;0;D;0;0;D;16;8;1;3;15;15;3;5;2;4;0;0;2.05;3.3;3.6;2.08;3.28;3.57;2.15;1.68;1.78;2.09
SP1;25/09/11;Zaragoza;Malaga;0;0;D;0;0;D;8;9;4;4;19;10;3;7;1;1;0;0;3.2;3.4;2.2;3.23;3.36;2.18;1.79;1.98;1.96;1.9
SP1;26/09/11;Getafe;Betis;1;0;H;1;0;H;12;9;5;3;13;22;2;4;5;3;0;0;2.5;3.25;2.8;2.49;3.25;2.78;1.98;1.8;1.83;1.99
SP1;01/10/11;Malaga;Getafe;3;2;H;0;0;D;19;6;8;2;11;22;5;1;2;6;0;1;1.57;4.0;5.5;1.54;3.93;6.08;1.83;1.94;2.01;1.85
SP1;01/10/11;Osasuna;Mallorca;2;2;D;1;1;D;10;14;6;6;11;16;7;1;2;4;0;1;1.83;3.5;4.33;1.82;3.43;4.42;2.15;1.67;1.82;2.04
SP1;01/10/11;Santander;Vallecano;1;1;D;0;1;A;7;9;4;5;11;17;3;4;1;4;0;0;2.2;3.3;3.25;2.19;3.27;3.31;2.08;1.72;1.94;1.92
SP1;01/10/11;Valencia;Granada;1;0;H;1;0;H;23;14;11;5;14;1;10;4;2;0;0;0;1.33;4.5;11.0;1.32;4.88;9.87;1.65;2.19;2.03;1.83
SP1;01/10/11;Villarreal;Zaragoza;2;2;D;1;2;A;25;16;12;9;3;23;13;4;1;3;0;1;1.62;3.8;5.5;1.59;3.77;5.8;1.81;1.96;2.11;1.77
SP1;02/10/11;Ath Madrid;Sevilla;0;0;D;0;0;D;15;8;4;5;20;17;7;5;5;6;0;0;1.91;3.6;3.75;1.96;3.47;3.75;1.72;2.07;1.95;1.9
SP1;02/10/11;Betis;Levante;0;1;A;0;1;A;20;8;4;3;13;11;11;2;2;4;0;0;1.73;3.6;4.75;1.77;3.54;4.57;1.95;1.83;2.01;1.85
SP1;02/10/11;Espanol;Real Madrid;0;4;A;0;1;A;15;16;3;7;25;6;9;5;4;1;0;0;10.0;6.0;1.25;10.91;5.68;1.26;1.43;2.64;1.97;1.89
SP1;02/10/11;Sociedad;Ath Bilbao;1;2;A;0;1;A;15;16;4;7;15;16;5;6;1;4;0;0;2.4;3.2;3.0;2.42;3.26;2.88;2.02;1.77;2.1;1.78
SP1;02/10/11;Sp Gijon;Barcelona;0;1;A;0;1;A;4;14;1;4;19;7;4;5;2;2;0;0;13.0;7.5;1.17;15.32;7.35;1.16;1.39;2.77;1.93;1.94
SP1;15/10/11;Barcelona;Santander;3;0;H;2;0;H;19;3;6;2;5;17;6;0;0;2;0;0;1.06;12.0;26.0;1.07;10.9;29.87;1.25;3.71;1.99;1.87
SP1;15/10/11;Getafe;Villarreal;0;0;D;0;0;D;8;14;3;4;18;14;6;2;4;5;0;0;2.25;3.5;3.0;2.32;3.3;3.01;2.0;1.78;1.99;1.86
SP1;15/10/11;Granada;Ath Madrid;0;0;D;0;0;D;18;20;3;8;13;17;10;8;3;5;0;0;3.5;3.3;2.1;3.45;3.35;2.09;1.93;1.84;2.02;1.83
SP1;15/10/11;Mallorca;Valencia;1;1;D;0;1;A;11;10;1;3;13;19;10;6;3;4;0;0;3.0;3.4;2.3;3.1;3.3;2.27;1.99;1.79;1.85;2.0
SP1;15/10/11;Real Madrid;Betis;4;1;H;0;0;D;22;10;10;3;14;15;2;0;1;3;0;0;1.14;8.0;16.0;1.13;7.99;17.22;1.27;3.47;2.15;1.73
SP1;16/10/11;Levante;Malaga;3;0;H;3;0;H;14;7;4;3;19;12;4;4;3;0;0;1;2.9;3.25;2.4;2.94;3.22;2.4;1.99;1.8;1.77;2.1
SP1;16/10/11;Sevilla;Sp Gijon;2;1;H;1;0;H;20;15;4;6;14;20;5;7;4;2;0;0;1.36;4.75;8.5;1.37;4.51;8.86;1.81;1.96;1.91;1.94
SP1;16/10/11;Vallecano;Espanol;0;1;A;0;0;D;6;10;1;4;12;14;6;8;3;3;0;0;2.2;3.2;3.4;2.18;3.24;3.34;2.18;1.65;1.87;1.98
SP1;16/10/11;Zaragoza;Sociedad;2;0;H;1;0;H;8;13;4;2;13;9;2;6;3;3;0;0;2.0;3.3;3.8;2.05;3.28;3.64;2.11;1.69;2.08;1.79
SP1;17/10/11;Ath Bilbao;Osasuna;3;1;H;3;0;H;13;11;6;6;15;12;11;3;2;1;0;1;1.83;3.5;4.33;1.82;3.41;4.43;2.03;1.75;1.85;2.01
SP1;22/10/11;Barcelona;Sevilla;0;0;D;0;0;D;21;6;6;3;9;8;13;3;2;8;0;2;1.17;7.5;13.0;1.15;7.56;15.55;1.32;3.4;1.86;1.99
SP1;22/10/11;Malaga;Real Madrid;0;4;A;0;4;A;21;12;6;7;7;13;6;1;1;0;0;0;7.5;4.5;1.4;7.5;4.64;1.4;1.5;2.48;2.01;1.84
SP1;22/10/11;Santander;Espanol;0;1;A;0;0;D;20;14;5;4;13;17;7;3;1;4;0;0;2.5;3.2;2.88;2.44;3.2;2.91;2.23;1.62;1.77;2.07
SP1;22/10/11;Sp Gijon;Granada;2;0;H;2;0;H;16;19;5;5;15;11;5;5;2;1;0;0;2.0;3.3;3.75;1.99;3.27;3.87;2.21;1.64;1.98;1.87
SP1;23/10/11;Ath Madrid;Mallorca;1;1;D;1;1;D;20;6;4;3;11;21;15;0;2;6;0;0;1.44;4.2;7.5;1.45;4.24;7.22;1.77;2.01;2.02;1.83
SP1;23/10/11;Betis;Vallecano;0;2;A;0;0;D;18;12;4;5;17;18;12;7;2;3;0;0;1.73;3.6;4.75;1.75;3.52;4.74;2.0;1.78;2.0;1.85
SP1;23/10/11;Osasuna;Zaragoza;3;0;H;3;0;H;16;6;7;2;17;24;5;1;2;6;0;0;1.91;3.4;4.0;1.97;3.32;3.87;2.15;1.67;2.01;1.84
SP1;23/10/11;Sociedad;Getafe;0;0;D;0;0;D;12;12;2;2;11;11;10;5;2;1;0;0;2.3;3.2;3.2;2.26;3.23;3.18;2.13;1.68;1.99;1.86
SP1;23/10/11;Valencia;Ath Bilbao;1;1;D;0;0;D;22;6;3;3;20;20;9;4;3;4;0;0;1.67;3.75;5.0;1.68;3.68;5.03;1.79;2.0;1.9;1.95
SP1;23/10/11;Villarreal;Levante;0;3;A;0;2;A;15;9;5;3;7;8;4;4;2;1;0;0;1.91;3.3;4.2;1.93;3.34;3.99;2.03;1.75;1.96;1.89
SP1;25/10/11;Granada;Barcelona;0;1;A;0;1;A;2;17;0;7;14;9;2;10;3;4;2;0;23.0;9.0;1.1;22.83;8.28;1.12;1.36;2.93;1.85;2.01
SP1;25/10/11;Sevilla;Santander;2;2;D;1;0;H;22;9;11;5;8;19;14;0;1;3;0;0;1.4;4.5;7.5;1.4;4.37;8.22;1.82;1.96;1.99;1.87
SP1;26/10/11;Getafe;Osasuna;2;2;D;0;1;A;13;6;4;3;12;19;4;3;2;3;0;0;1.95;3.3;4.0;1.95;3.35;3.94;2.11;1.7;1.98;1.87
SP1;26/10/11;Levante;Sociedad;3;2;H;0;1;A;10;19;4;5;12;16;6;6;3;1;1;0;1.73;3.5;5.0;1.74;3.5;4.93;2.15;1.68;1.97;1.88
SP1;26/10/11;Mallorca;Sp Gijon;1;2;A;1;0;H;17;12;5;2;15;12;6;5;4;4;0;0;2.0;3.3;3.8;2.0;3.31;3.82;2.17;1.65;2.03;1.83
SP1;26/10/11;Real Madrid;Villarreal;3;0;H;3;0;H;13;4;6;3;15;12;4;5;2;3;0;0;1.13;8.0;21.0;1.12;8.23;19.67;1.26;3.57;1.9;1.96
SP1;26/10/11;Vallecano;Malaga;2;0;H;1;0;H;15;5;6;0;13;10;6;4;2;3;0;1;2.9;3.3;2.4;2.9;3.22;2.42;1.97;1.8;2.07;1.77
SP1;26/10/11;Zaragoza;Valencia;0;1;A;0;0;D;8;15;0;4;20;16;1;9;3;4;0;0;3.3;3.3;2.2;3.3;3.26;2.19;1.95;1.82;1.96;1.89
SP1;27/10/11;Ath Bilbao;Ath Madrid;3;0;H;0;0;D;14;11;4;4;9;21;10;8;3;5;0;0;2.38;3.4;2.88;2.36;3.31;2.94;1.87;1.9;2.03;1.82
SP1;27/10/11;Espanol;Betis;1;0;H;0;0;D;17;9;5;5;9;10;5;8;5;2;0;0;2.2;3.3;3.3;2.19;3.25;3.32;2.04;1.75;1.85;2.0
SP1;29/10/11;Barcelona;Mallorca;5;0;H;3;0;H;18;2;10;0;11;16;9;1;1;2;0;0;1.06;11.0;34.0;1.07;10.34;28.18;1.28;3.44;1.88;1.98
SP1;29/10/11;Sociedad;Real Madrid;0;1;A;0;1;A;5;12;3;6;18;18;3;5;5;2;0;0;15.0;7.0;1.17;14.52;6.47;1.18;1.38;2.87;1.98;1.88
SP1;29/10/11;Valencia;Getafe;3;1;H;2;1;H;13;9;5;3;20;13;5;3;2;2;0;0;1.44;4.33;7.0;1.49;4.02;6.6;1.81;1.96;1.91;1.95
SP1;29/10/11;Villarreal;Vallecano;2;0;H;1;0;H;11;9;5;1;14;11;5;2;3;5;0;0;2.0;3.4;3.75;1.96;3.35;3.81;1.95;1.83;1.98;1.87
SP1;30/10/11;Ath Madrid;Zaragoza;3;1;H;2;0;H;18;12;7;4;18;12;5;4;3;3;0;0;1.4;4.5;8.0;1.42;4.37;7.32;1.67;2.16;1.97;1.88
SP1;30/10/11;Malaga;Espanol;2;1;H;1;1;D;19;7;8;3;12;21;9;3;0;5;0;0;1.73;3.5;5.0;1.77;3.46;4.61;1.92;1.85;1.83;2.03
SP1;30/10/11;Osasuna;Levante;2;0;H;2;0;H;13;14;5;1;13;13;5;5;1;3;1;0;2.3;3.2;3.2;2.32;3.21;3.02;2.1;1.7;1.96;1.88
SP1;30/10/11;Santander;Betis;1;0;H;0;0;D;6;22;2;5;21;12;8;7;4;1;0;0;2.6;3.2;2.75;2.51;3.22;2.75;2.08;1.71;1.82;2.0
SP1;30/10/11;Sp Gijon;Ath Bilbao;1;1;D;0;0;D;11;7;4;3;9;21;2;5;1;3;0;0;2.6;3.2;2.75;2.57;3.21;2.69;2.03;1.75;1.85;1.97
SP1;31/10/11;Sevilla;Granada;1;2;A;1;0;H;31;15;13;4;7;12;4;7;1;1;0;0;1.4;4.5;8.0;1.39;4.44;7.99;1.74;2.04;1.97;1.88
SP1;05/11/11;Betis;Malaga;0;0;D;0;0;D;10;9;0;4;16;19;2;7;2;1;0;0;2.63;3.25;2.63;2.64;3.23;2.65;2.1;1.71;1.89;1.93
SP1;05/11/11;Levante;Valencia;0;2;A;0;1;A;13;8;3;3;13;19;9;5;6;3;0;0;3.0;3.25;2.38;2.94;3.26;2.38;2.1;1.7;1.83;2.04
SP1;05/11/11;Mallorca;Sevilla;0;0;D;0;0;D;15;11;5;1;20;6;9;8;5;2;0;0;3.0;3.2;2.38;2.87;3.22;2.45;2.14;1.68;1.77;2.11
SP1;06/11/11;Ath Bilbao;Barcelona;2;2;D;1;1;D;4;16;4;9;26;12;3;5;3;1;1;0;11.0;6.5;1.22;11.21;5.62;1.26;1.49;2.48;1.9;1.96
SP1;06/11/11;Espanol;Villarreal;0;0;D;0;0;D;19;10;2;1;14;9;7;2;1;3;1;0;1.85;3.4;4.33;1.84;3.4;4.36;2.23;1.62;1.84;2.02
SP1;06/11/11;Getafe;Ath Madrid;3;2;H;1;1;D;14;11;5;6;17;19;4;5;5;6;1;0;3.0;3.25;2.38;2.95;3.25;2.37;1.96;1.82;1.82;2.04
SP1;06/11/11;Granada;Santander;0;0;D;0;0;D;16;14;3;2;13;20;5;5;4;5;0;1;2.1;3.25;3.5;2.1;3.24;3.54;2.29;1.56;1.8;2.06
SP1;06/11/11;Real Madrid;Osasuna;7;1;H;3;1;H;18;4;11;2;9;13;6;1;0;1;0;1;1.06;11.0;29.0;1.08;10.14;25.4;1.31;3.2;1.91;1.95
SP1;06/11/11;Vallecano;Sociedad;4;0;H;1;0;H;13;10;9;3;24;9;5;2;1;1;0;1;1.91;3.4;4.0;1.99;3.32;3.81;2.23;1.63;2.04;1.82
SP1;06/11/11;Zaragoza;Sp Gijon;2;2;D;1;2;A;13;7;7;2;15;17;5;3;4;2;0;0;2.1;3.3;3.5;2.12;3.25;3.48;2.07;1.73;1.85;2.0
SP1;19/11/11;Barcelona;Zaragoza;4;0;H;2;0;H;27;4;11;0;20;17;6;1;2;3;0;0;1.06;12.0;26.0;1.06;11.71;27.51;1.28;3.44;1.92;1.94
SP1;19/11/11;Valencia;Real Madrid;2;3;A;0;1;A;14;11;5;4;22;19;5;2;3;7;0;0;6.0;4.0;1.53;5.82;4.08;1.54;1.53;2.37;1.86;1.99
SP1;19/11/11;Villarreal;Betis;1;0;H;1;0;H;11;14;5;4;17;24;3;5;5;2;0;0;2.0;3.3;3.8;2.0;3.31;3.78;2.17;1.66;2.0;1.85
SP1;20/11/11;Ath Madrid;Levante;3;2;H;0;0;D;26;9;13;5;18;9;7;2;4;2;0;0;1.57;4.0;5.5;1.58;3.76;5.96;1.82;1.96;2.05;1.81
SP1;20/11/11;Osasuna;Vallecano;0;0;D;0;0;D;10;9;5;2;17;14;6;5;3;5;0;0;1.91;3.4;4.0;1.97;3.33;3.87;2.14;1.68;1.99;1.87
SP1;20/11/11;Sevilla;Ath Bilbao;1;2;A;1;1;D;8;14;5;5;13;9;1;6;2;2;0;0;1.91;3.5;4.0;1.95;3.36;3.9;1.97;1.81;1.98;1.87
SP1;20/11/11;Sociedad;Espanol;0;0;D;0;0;D;12;19;1;5;15;10;7;6;4;1;0;0;2.25;3.25;3.2;2.28;3.22;3.17;2.28;1.6;1.99;1.87
SP1;20/11/11;Sp Gijon;Getafe;2;1;H;1;1;D;19;9;8;1;12;22;8;1;3;8;0;1;2.2;3.2;3.4;2.18;3.24;3.33;2.17;1.66;1.88;1.98
SP1;21/11/11;Santander;Malaga;1;3;A;0;0;D;11;19;4;7;16;8;5;8;3;2;0;0;3.2;3.2;2.25;3.03;3.21;2.35;2.15;1.67;1.84;2.02
SP1;26/11/11;Getafe;Barcelona;1;0;H;0;0;D;7;21;1;7;16;6;2;13;4;2;0;0;13.0;6.5;1.2;13.59;6.32;1.2;1.44;2.62;2.14;1.75
SP1;26/11/11;Real Madrid;Ath Madrid;4;1;H;1;1;D;16;4;7;1;8;25;2;2;1;5;0;2;1.17;6.5;17.0;1.18;6.78;14.43;1.3;3.29;1.99;1.87
SP1;26/11/11;Vallecano;Valencia;1;2;A;0;1;A;12;10;3;3;14;16;9;3;2;4;0;0;3.4;3.4;2.1;3.34;3.29;2.15;2.13;1.69;1.99;1.88
SP1;27/11/11;Ath Bilbao;Granada;0;1;A;0;1;A;18;13;4;5;11;15;8;3;2;4;0;0;1.44;4.2;7.5;1.44;4.16;7.49;1.89;1.9;2.0;1.86
SP1;27/11/11;Betis;Sociedad;2;3;A;0;0;D;20;11;5;7;20;8;7;4;3;3;0;0;2.0;3.4;3.75;1.95;3.38;3.87;2.14;1.68;1.94;1.91
SP1;27/11/11;Espanol;Osasuna;1;2;A;0;1;A;8;6;3;3;14;14;7;1;4;4;0;1;1.83;3.5;4.33;1.86;3.37;4.28;2.22;1.64;1.88;1.98
SP1;27/11/11;Levante;Sp Gijon;4;0;H;1;0;H;10;17;6;3;16;10;8;6;3;2;0;0;1.83;3.5;4.33;1.9;3.35;4.14;2.19;1.65;1.93;1.92
SP1;27/11/11;Mallorca;Santander;2;1;H;1;0;H;12;13;6;4;27;20;5;9;3;2;1;0;1.83;3.4;4.5;1.84;3.37;4.37;2.25;1.62;1.85;2.01
SP1;27/11/11;Zaragoza;Sevilla;0;1;A;0;1;A;13;14;2;7;20;15;11;8;5;2;1;0;2.9;3.25;2.4;2.9;3.23;2.42;2.13;1.68;1.82;2.06
SP1;28/11/11;Malaga;Villarreal;2;1;H;2;1;H;10;12;5;8;9;18;5;3;2;3;1;0;1.73;3.5;5.0;1.73;3.56;4.79;2.02;1.77;1.96;1.91
SP1;29/11/11;Barcelona;Vallecano;4;0;H;3;0;H;12;10;6;4;9;16;5;2;2;3;0;0;1.06;11.0;29.0;1.06;12.19;31.15;1.26;3.55;1.96;1.9
SP1;03/12/11;Barcelona;Levante;5;0;H;3;0;H;18;6;9;3;12;10;10;4;2;3;0;0;1.1;8.5;26.0;1.09;9.14;27.24;1.32;3.16;1.86;2.0
SP1;03/12/11;Santander;Villarreal;1;0;H;1;0;H;8;6;1;2;24;18;4;3;2;3;0;0;2.75;3.2;2.6;2.72;3.19;2.61;2.24;1.62;1.98;1.84
SP1;03/12/11;Sp Gijon;Real Madrid;0;3;A;0;1;A;10;20;5;7;18;12;2;8;4;3;1;0;13.0;6.0;1.22;12.8;5.94;1.22;1.49;2.5;1.94;1.91
SP1;03/12/11;Valencia;Espanol;2;1;H;1;0;H;8;9;5;4;25;6;9;4;6;5;0;0;1.5;4.0;7.0;1.5;3.98;6.79;1.89;1.89;1.83;2.02
SP1;04/12/11;Ath Madrid;Vallecano;3;1;H;1;0;H;21;14;8;4;16;18;1;3;1;3;0;0;1.57;4.0;5.5;1.55;3.9;6.03;1.69;2.12;1.96;1.89
SP1;04/12/11;Granada;Zaragoza;1;0;H;1;0;H;11;18;5;5;8;16;5;6;2;2;0;0;2.1;3.25;3.5;2.13;3.23;3.5;2.32;1.58;1.82;2.04
SP1;04/12/11;Mallorca;Ath Bilbao;1;1;D;1;1;D;12;7;4;4;30;12;8;5;7;5;0;0;2.75;3.3;2.5;2.78;3.21;2.54;2.05;1.75;2.02;1.8
SP1;04/12/11;Osasuna;Betis;2;1;H;1;0;H;8;15;3;8;9;5;5;12;3;2;0;0;2.1;3.25;3.6;2.09;3.27;3.55;2.19;1.65;1.82;2.05
SP1;04/12/11;Sociedad;Malaga;3;2;H;1;1;D;13;11;4;6;12;10;5;4;2;3;0;0;3.0;3.2;2.4;2.93;3.22;2.42;2.19;1.65;1.8;2.07
SP1;05/12/11;Sevilla;Getafe;3;0;H;1;0;H;15;6;7;1;10;17;9;3;2;4;0;0;1.62;3.8;5.5;1.64;3.63;5.45;1.87;1.91;1.83;2.03
SP1;07/12/11;Granada;Mallorca;2;2;D;0;1;A;13;11;6;4;10;23;3;5;4;3;0;0;2.25;3.1;3.4;2.24;3.18;3.26;2.43;1.51;1.91;1.95
SP1;10/12/11;Betis;Valencia;2;1;H;0;0;D;18;7;4;2;11;16;13;5;3;3;0;0;3.2;3.25;2.25;3.14;3.26;2.28;2.08;1.73;1.84;2.03
SP1;10/12/11;Levante;Sevilla;1;0;H;0;0;D;7;15;3;6;14;18;4;2;2;4;0;0;2.8;3.3;2.5;2.83;3.23;2.49;2.11;1.71;2.06;1.77
SP1;10/12/11;Real Madrid;Barcelona;1;3;A;1;1;D;17;12;5;7;22;13;3;5;4;3;0;0;2.4;3.5;2.8;2.38;3.42;2.87;1.7;2.12;2.06;1.81
SP1;11/12/11;Ath Bilbao;Santander;1;1;D;0;0;D;16;6;2;2;13;23;10;1;2;4;0;0;1.4;4.5;8.0;1.39;4.46;8.41;1.85;1.93;1.88;1.99
SP1;11/12/11;Espanol;Ath Madrid;4;2;H;3;1;H;18;9;11;4;18;18;7;3;3;4;0;0;2.8;3.25;2.5;2.79;3.25;2.52;2.09;1.72;2.04;1.79
SP1;11/12/11;Getafe;Granada;1;0;H;0;0;D;19;7;7;2;12;9;5;3;4;2;0;0;1.73;3.5;5.0;1.77;3.48;4.75;2.15;1.68;2.01;1.85
SP1;11/12/11;Malaga;Osasuna;1;1;D;0;1;A;19;7;5;1;8;13;9;1;1;1;0;0;1.62;3.75;5.5;1.61;3.74;5.58;1.91;1.87;1.77;2.11
SP1;11/12/11;Vallecano;Sp Gijon;1;3;A;0;2;A;19;13;7;7;9;14;9;7;2;2;0;0;2.0;3.2;4.0;2.04;3.26;3.76;2.25;1.62;2.08;1.8
SP1;11/12/11;Villarreal;Sociedad;1;1;D;0;0;D;19;8;7;2;16;15;9;3;2;2;0;1;1.8;3.5;4.5;1.8;3.51;4.52;2.11;1.7;2.03;1.84
SP1;11/12/11;Zaragoza;Mallorca;0;1;A;0;1;A;7;14;3;6;16;13;4;4;2;1;0;0;2.1;3.25;3.6;2.15;3.24;3.45;2.19;1.65;1.85;2.01
SP1;17/12/11;Ath Bilbao;Zaragoza;2;1;H;1;1;D;11;6;5;2;10;23;11;4;1;4;1;1;1.4;4.33;8.5;1.43;4.26;7.61;1.8;1.99;1.76;2.13
SP1;17/12/11;Mallorca;Getafe;1;2;A;1;2;A;12;6;4;2;22;15;9;3;5;4;0;0;2.1;3.4;3.4;2.09;3.26;3.57;2.21;1.65;1.8;2.06
SP1;17/12/11;Sevilla;Real Madrid;2;6;A;0;3;A;19;17;6;10;12;10;9;1;3;3;1;1;8.0;4.5;1.4;7.39;4.46;1.42;1.56;2.36;1.92;1.93
SP1;17/12/11;Sp Gijon;Espanol;1;2;A;0;1;A;12;22;6;9;15;16;6;4;0;2;0;0;2.2;3.25;3.25;2.24;3.2;3.26;2.32;1.58;1.9;1.95
SP1;18/12/11;Ath Madrid;Betis;0;2;A;0;0;D;31;6;9;4;10;15;14;4;3;3;0;1;1.5;4.0;6.5;1.54;3.96;6.19;1.74;2.07;1.95;1.9
SP1;18/12/11;Granada;Levante;2;1;H;2;0;H;17;13;6;4;10;9;4;6;1;5;0;0;2.5;3.25;2.8;2.46;3.21;2.87;2.34;1.57;2.1;1.77
SP1;18/12/11;Osasuna;Villarreal;2;1;H;0;0;D;19;9;6;4;22;14;7;3;2;2;0;0;2.1;3.4;3.4;2.1;3.27;3.54;2.21;1.65;1.82;2.03
SP1;18/12/11;Santander;Sociedad;0;0;D;0;0;D;11;9;4;4;15;12;8;3;5;2;0;1;2.1;3.3;3.5;2.2;3.22;3.33;2.25;1.62;1.93;1.92
SP1;18/12/11;Valencia;Malaga;2;0;H;1;0;H;13;18;6;6;21;9;1;5;4;2;0;0;1.73;3.6;4.75;1.75;3.56;4.71;1.82;1.96;2.0;1.86
SP1;07/01/12;Levante;Mallorca;0;0;D;0;0;D;8;11;2;4;16;23;4;6;2;3;0;0;1.91;3.4;4.0;1.96;3.35;3.93;2.12;1.7;1.97;1.89
SP1;07/01/12;Malaga;Ath Madrid;0;0;D;0;0;D;11;10;2;3;15;26;5;6;3;5;0;0;2.2;3.25;3.25;2.2;3.3;3.25;1.9;1.89;1.91;1.94
SP1;07/01/12;Real Madrid;Granada;5;1;H;2;1;H;35;12;12;4;13;9;10;8;1;1;0;0;1.06;11.0;29.0;1.06;12.51;27.27;1.21;4.01;1.84;2.03
SP1;07/01/12;Santander;Zaragoza;1;0;H;1;0;H;14;8;4;1;16;19;7;1;2;3;0;0;2.0;3.3;3.8;2.0;3.28;3.81;2.33;1.58;2.01;1.85
SP1;07/01/12;Sociedad;Osasuna;0;0;D;0;0;D;20;9;6;1;10;18;12;5;0;2;0;0;2.2;3.25;3.3;2.2;3.24;3.31;2.25;1.62;1.89;1.96
SP1;08/01/12;Betis;Sp Gijon;2;0;H;1;0;H;19;11;8;5;14;14;5;3;1;2;0;2;1.91;3.5;4.0;1.88;3.38;4.23;2.08;1.74;1.88;1.98
SP1;08/01/12;Espanol;Barcelona;1;1;D;0;1;A;14;10;4;3;16;7;4;4;6;1;0;0;13.0;6.0;1.22;12.73;6.0;1.22;1.48;2.54;2.03;1.82
SP1;08/01/12;Getafe;Ath Bilbao;0;0;D;0;0;D;16;11;2;2;15;12;9;3;3;1;0;0;2.5;3.3;2.75;2.53;3.23;2.77;2.0;1.79;1.81;2.01
SP1;08/01/12;Vallecano;Sevilla;2;1;H;1;0;H;11;17;4;3;20;17;4;10;4;4;0;0;3.0;3.25;2.38;2.98;3.23;2.38;2.16;1.67;1.81;2.06
SP1;08/01/12;Villarreal;Valencia;2;2;D;2;1;H;13;13;7;3;17;15;5;6;5;4;0;0;3.0;3.4;2.3;3.0;3.26;2.35;2.05;1.75;1.8;2.07
SP1;14/01/12;Granada;Vallecano;1;2;A;0;1;A;15;12;6;4;14;12;11;3;5;3;1;0;2.25;3.2;3.25;2.28;3.23;3.16;2.21;1.65;1.98;1.88
SP1;14/01/12;Mallorca;Real Madrid;1;2;A;1;0;H;8;14;1;9;23;7;4;5;4;1;0;0;11.0;5.0;1.29;10.97;5.45;1.27;1.45;2.62;1.79;2.07
SP1;14/01/12;Sevilla;Espanol;0;0;D;0;0;D;19;8;3;1;13;16;6;4;1;4;0;0;1.8;3.5;4.5;1.77;3.51;4.69;2.02;1.78;2.03;1.83
SP1;14/01/12;Valencia;Sociedad;0;1;A;0;0;D;12;7;3;2;7;10;5;0;1;0;0;0;1.4;4.5;8.0;1.41;4.37;8.01;1.75;2.05;1.98;1.88
SP1;14/01/12;Zaragoza;Getafe;1;1;D;1;0;H;15;9;4;5;10;10;10;10;3;2;0;0;2.6;3.2;2.75;2.52;3.21;2.8;2.24;1.63;1.83;1.99
SP1;15/01/12;Ath Bilbao;Levante;3;0;H;2;0;H;17;16;9;4;12;9;4;8;2;4;0;1;1.62;3.75;5.5;1.62;3.7;5.69;1.98;1.81;2.05;1.81
SP1;15/01/12;Ath Madrid;Villarreal;3;0;H;1;0;H;20;3;9;0;13;8;11;2;3;1;0;0;1.67;3.75;5.0;1.69;3.65;5.04;1.85;1.94;1.89;1.97
SP1;15/01/12;Barcelona;Betis;4;2;H;2;1;H;16;10;9;5;13;15;5;3;3;4;0;1;1.07;11.0;26.0;1.06;11.61;28.92;1.25;3.61;1.99;1.88
SP1;15/01/12;Osasuna;Santander;0;2;A;0;1;A;8;13;2;5;20;12;8;5;5;3;0;0;1.73;3.5;5.0;1.78;3.45;4.72;2.24;1.63;2.08;1.79
SP1;15/01/12;Sp Gijon;Malaga;2;1;H;1;0;H;11;10;7;4;24;8;2;8;5;3;0;0;3.1;3.25;2.3;3.06;3.25;2.33;2.12;1.7;1.86;2.0
SP1;21/01/12;Betis;Sevilla;1;1;D;1;1;D;16;15;2;5;12;13;8;10;5;0;0;1;2.5;3.3;2.75;2.51;3.22;2.81;2.09;1.72;1.79;2.04
SP1;21/01/12;Espanol;Granada;3;0;H;2;0;H;16;14;8;6;11;12;10;5;1;3;0;0;1.73;3.5;5.0;1.75;3.49;4.86;2.16;1.68;2.04;1.82
SP1;21/01/12;Santander;Getafe;1;2;A;1;1;D;18;15;8;5;11;13;6;5;1;2;0;0;2.5;3.2;2.8;2.49;3.18;2.86;2.31;1.59;1.81;2.02
SP1;21/01/12;Sociedad;Ath Madrid;0;4;A;0;1;A;16;15;1;9;8;24;5;3;4;7;0;0;2.9;3.3;2.4;2.94;3.24;2.4;2.05;1.76;1.82;2.04
SP1;22/01/12;Levante;Zaragoza;0;0;D;0;0;D;6;7;0;3;15;15;6;3;0;0;0;0;1.83;3.4;4.5;1.85;3.38;4.38;2.08;1.73;1.88;1.99
SP1;22/01/12;Malaga;Barcelona;1;4;A;0;1;A;9;16;6;11;12;13;3;2;1;0;0;0;9.5;5.5;1.29;10.17;5.36;1.28;1.53;2.38;2.01;1.84
SP1;22/01/12;Osasuna;Valencia;1;1;D;0;0;D;12;9;5;1;20;19;3;6;3;3;0;1;3.25;3.25;2.25;3.11;3.25;2.29;2.06;1.74;1.89;1.96
SP1;22/01/12;Real Madrid;Ath Bilbao;4;1;H;1;1;D;23;13;10;2;13;9;4;6;3;2;0;1;1.2;6.5;15.0;1.2;6.5;13.29;1.31;3.24;2.01;1.85
SP1;22/01/12;Vallecano;Mallorca;0;1;A;0;0;D;12;16;4;2;9;17;7;7;1;5;0;0;2.0;3.4;3.75;2.06;3.3;3.62;2.09;1.72;1.77;2.1
SP1;23/01/12;Villarreal;Sp Gijon;3;0;H;0;0;D;14;8;8;1;15;14;7;3;1;3;0;0;1.83;3.5;4.33;1.86;3.4;4.3;2.04;1.76;1.87;1.99
SP1;28/01/12;Espanol;Mallorca;1;0;H;1;0;H;12;14;6;5;17;11;3;6;5;2;0;1;1.91;3.4;4.0;1.94;3.34;3.96;2.17;1.67;1.97;1.89
SP1;28/01/12;Real Madrid;Zaragoza;3;1;H;1;1;D;18;10;6;3;9;12;3;4;1;2;0;0;1.07;11.0;26.0;1.06;11.85;27.4;1.23;3.85;2.0;1.86
SP1;28/01/12;Vallecano;Ath Bilbao;2;3;A;2;2;D;19;12;10;4;18;14;6;5;2;4;0;0;3.0;3.2;2.38;2.92;3.25;2.4;2.04;1.76;1.79;2.07
SP1;28/01/12;Villarreal;Barcelona;0;0;D;0;0;D;5;8;2;2;18;12;1;4;3;0;0;0;12.0;6.0;1.22;11.69;5.74;1.24;1.49;2.46;1.9;1.95
SP1;29/01/12;Betis;Granada;1;2;A;0;2;A;16;12;6;5;9;11;12;6;3;6;0;0;1.62;3.75;5.5;1.63;3.67;5.56;2.05;1.75;1.83;2.03
SP1;29/01/12;Levante;Getafe;1;2;A;0;1;A;18;10;5;6;11;19;10;3;1;2;0;1;2.4;3.3;2.88;2.46;3.23;2.84;2.17;1.67;1.78;2.05
SP1;29/01/12;Malaga;Sevilla;2;1;H;2;1;H;9;9;5;3;14;20;6;3;4;7;1;0;2.2;3.3;3.3;2.19;3.24;3.31;1.99;1.8;1.88;1.97
SP1;29/01/12;Santander;Valencia;2;2;D;1;0;H;11;11;5;4;16;16;5;8;5;5;1;1;3.25;3.3;2.2;3.36;3.28;2.14;2.11;1.71;1.98;1.87
SP1;29/01/12;Sociedad;Sp Gijon;5;1;H;2;0;H;14;11;9;2;9;16;5;3;0;4;0;0;2.0;3.4;3.75;1.98;3.32;3.82;2.13;1.69;1.98;1.89
SP1;30/01/12;Osasuna;Ath Madrid;0;1;A;0;1;A;17;9;7;4;22;17;7;7;3;3;0;0;3.1;3.3;2.3;3.03;3.28;2.33;2.12;1.71;1.87;1.99
SP1;04/02/12;Ath Bilbao;Espanol;3;3;D;1;1;D;20;16;7;6;14;10;13;4;5;3;0;0;1.73;3.5;5.0;1.74;3.5;4.82;2.11;1.7;1.96;1.89
SP1;04/02/12;Barcelona;Sociedad;2;1;H;1;0;H;18;8;9;5;10;15;6;3;0;2;0;0;1.07;11.0;26.0;1.07;11.29;23.34;1.24;3.63;1.95;1.92
SP1;04/02/12;Getafe;Real Madrid;0;1;A;0;1;A;5;14;0;5;15;15;3;8;6;0;0;0;9.0;5.0;1.33;8.62;4.92;1.34;1.52;2.41;1.8;2.05
SP1;04/02/12;Levante;Santander;1;1;D;1;0;H;14;15;6;5;13;8;8;7;2;1;0;0;2.3;3.2;3.2;2.22;3.24;3.24;2.27;1.61;1.95;1.89
SP1;04/02/12;Mallorca;Betis;1;0;H;1;0;H;11;6;4;0;21;8;4;3;2;1;2;1;2.2;3.2;3.4;2.19;3.25;3.32;2.18;1.66;1.92;1.94
SP1;05/02/12;Ath Madrid;Valencia;0;0;D;0;0;D;9;7;3;1;25;21;4;4;2;3;0;0;2.0;3.4;3.75;2.02;3.37;3.66;1.93;1.86;2.02;1.85
SP1;05/02/12;Sevilla;Villarreal;1;2;A;1;1;D;20;16;8;8;13;15;10;4;2;4;0;1;1.83;3.5;4.33;1.78;3.52;4.54;2.03;1.77;2.08;1.8
SP1;05/02/12;Sp Gijon;Osasuna;1;1;D;1;0;H;11;13;5;5;15;18;6;2;2;2;0;0;2.25;3.25;3.25;2.24;3.28;3.17;2.16;1.67;1.89;1.96
SP1;05/02/12;Zaragoza;Vallecano;1;2;A;1;0;H;10;9;3;4;15;13;5;11;6;3;0;0;2.38;3.2;3.0;2.37;3.24;2.97;2.19;1.66;2.06;1.8
SP1;06/02/12;Granada;Malaga;2;1;H;0;0;D;16;9;8;4;13;13;7;6;4;1;0;1;3.0;3.2;2.4;2.93;3.22;2.39;2.15;1.68;1.79;2.08
SP1;11/02/12;Betis;Ath Bilbao;2;1;H;1;1;D;25;9;5;4;24;10;13;10;5;1;0;1;2.8;3.2;2.5;2.7;3.27;2.56;2.04;1.76;1.97;1.85
SP1;11/02/12;Osasuna;Barcelona;3;2;H;2;0;H;7;20;3;8;23;7;3;12;2;6;0;0;9.5;5.0;1.33;9.25;4.79;1.34;1.62;2.25;1.86;1.98
SP1;11/02/12;Santander;Ath Madrid;0;0;D;0;0;D;6;23;1;9;18;25;4;9;4;4;0;0;3.75;3.4;2.0;3.63;3.34;2.03;2.12;1.71;1.83;2.02
SP1;12/02/12;Espanol;Zaragoza;0;2;A;0;0;D;14;10;4;7;17;24;6;8;2;5;0;0;1.62;3.75;5.5;1.61;3.73;5.63;1.99;1.8;1.78;2.08
SP1;12/02/12;Malaga;Mallorca;3;1;H;1;1;D;17;8;8;3;8;15;2;3;2;2;0;0;1.73;3.5;5.0;1.74;3.48;4.84;2.03;1.76;2.02;1.84
SP1;12/02/12;Real Madrid;Levante;4;2;H;1;1;D;26;5;9;3;16;9;14;1;3;2;0;1;1.08;10.0;26.0;1.08;10.5;25.44;1.26;3.68;1.87;1.99
SP1;12/02/12;Valencia;Sp Gijon;4;0;H;1;0;H;22;5;8;1;19;15;5;5;1;1;0;0;1.36;4.5;9.0;1.38;4.44;8.36;1.84;1.95;1.95;1.9
SP1;12/02/12;Vallecano;Getafe;2;0;H;1;0;H;13;5;7;0;19;23;4;3;5;3;0;1;2.5;3.2;2.8;2.47;3.2;2.87;2.25;1.62;1.78;2.05
SP1;12/02/12;Villarreal;Granada;3;1;H;1;0;H;12;14;7;4;15;12;6;5;2;2;0;1;1.57;3.75;6.0;1.6;3.7;5.78;2.09;1.71;1.82;2.04
SP1;13/02/12;Sociedad;Sevilla;2;0;H;0;0;D;12;13;6;1;17;16;3;6;1;2;0;0;2.8;3.25;2.5;2.72;3.21;2.59;2.25;1.62;1.99;1.83
SP1;18/02/12;Getafe;Espanol;1;1;D;0;0;D;19;11;8;3;12;14;12;2;2;3;0;1;2.0;3.3;3.75;2.14;3.27;3.42;2.21;1.65;1.81;2.04
SP1;18/02/12;Real Madrid;Santander;4;0;H;2;0;H;23;8;9;0;16;9;6;4;3;1;0;1;1.08;9.5;26.0;1.08;10.45;22.64;1.25;3.69;2.01;1.86
SP1;18/02/12;Sevilla;Osasuna;2;0;H;1;0;H;17;11;7;3;10;16;6;5;3;3;0;0;1.62;3.75;5.5;1.7;3.54;5.1;2.07;1.74;1.87;1.98
SP1;19/02/12;Ath Bilbao;Malaga;3;0;H;0;0;D;13;19;4;7;19;13;11;7;4;1;0;0;1.83;3.6;4.2;1.87;3.47;4.04;1.91;1.88;1.88;1.98
SP1;19/02/12;Barcelona;Valencia;5;1;H;2;1;H;32;3;15;3;6;15;11;1;0;3;0;0;1.25;5.75;11.0;1.25;5.79;10.65;1.52;2.43;1.93;1.92
SP1;19/02/12;Granada;Sociedad;4;1;H;1;1;D;20;8;8;1;16;16;5;3;2;4;1;1;2.3;3.2;3.2;2.32;3.24;3.07;2.17;1.67;2.0;1.85
SP1;19/02/12;Levante;Vallecano;3;5;A;0;1;A;19;12;8;6;11;15;11;3;5;3;0;0;2.3;3.2;3.2;2.29;3.26;3.09;2.1;1.71;1.97;1.88
SP1;19/02/12;Mallorca;Villarreal;4;0;H;1;0;H;14;9;8;3;17;17;5;4;4;2;0;0;2.25;3.25;3.2;2.31;3.23;3.07;2.19;1.65;1.97;1.87
SP1;19/02/12;Sp Gijon;Ath Madrid;1;1;D;1;1;D;10;16;3;9;20;20;5;8;5;2;0;0;4.0;3.4;1.91;3.92;3.36;1.94;1.99;1.8;1.94;1.92
SP1;20/02/12;Zaragoza;Betis;0;2;A;0;1;A;13;10;4;6;16;14;8;3;3;4;0;0;2.6;3.2;2.75;2.57;3.2;2.73;2.21;1.64;1.87;1.94
SP1;25/02/12;Betis;Getafe;1;1;D;0;0;D;13;7;4;3;18;9;8;7;2;7;0;0;2.0;3.4;3.75;2.05;3.32;3.6;2.07;1.73;1.75;2.12
SP1;25/02/12;Espanol;Levante;1;2;A;0;1;A;10;5;1;4;13;18;4;4;2;5;0;0;1.73;3.5;5.0;1.74;3.51;4.89;2.13;1.7;1.98;1.88
SP1;25/02/12;Malaga;Zaragoza;5;1;H;1;1;D;18;14;9;3;12;25;9;1;1;3;0;0;1.44;4.2;7.5;1.48;4.03;6.9;1.88;1.9;1.79;2.07
SP1;25/02/12;Santander;Sp Gijon;1;1;D;0;1;A;19;15;7;5;17;18;11;4;1;3;0;0;2.05;3.25;3.75;2.05;3.26;3.7;2.23;1.64;2.05;1.82
SP1;26/02/12;Ath Madrid;Barcelona;1;2;A;0;1;A;10;7;5;3;22;12;6;2;7;5;0;0;7.0;4.33;1.44;6.55;4.29;1.47;1.57;2.28;1.78;2.08
SP1;26/02/12;Osasuna;Granada;2;1;H;2;1;H;15;16;4;7;19;11;5;5;3;4;1;0;1.91;3.3;4.2;1.92;3.32;4.09;2.16;1.68;1.96;1.9
SP1;26/02/12;Sociedad;Mallorca;1;0;H;0;0;D;13;12;1;3;8;14;5;8;2;4;0;0;2.1;3.25;3.5;2.14;3.22;3.43;2.2;1.65;1.88;1.97
SP1;26/02/12;Valencia;Sevilla;1;2;A;1;1;D;10;11;5;4;22;15;8;4;3;2;0;0;1.75;3.5;4.75;1.8;3.52;4.42;1.91;1.87;2.06;1.8
SP1;26/02/12;Vallecano;Real Madrid;0;1;A;0;0;D;7;9;1;3;17;16;12;5;3;6;1;0;8.0;4.75;1.36;8.56;4.75;1.35;1.47;2.53;1.8;2.06
SP1;26/02/12;Villarreal;Ath Bilbao;2;2;D;1;0;H;21;13;8;6;22;18;5;7;1;4;0;0;2.25;3.25;3.2;2.3;3.25;3.07;1.99;1.81;1.98;1.87
SP1;03/03/12;Barcelona;Sp Gijon;3;1;H;1;0;H;15;4;5;1;11;23;13;1;4;7;1;0;1.08;11.0;26.0;1.08;10.31;22.71;1.29;3.33;1.98;1.88
SP1;03/03/12;Getafe;Malaga;1;3;A;1;0;H;17;9;6;7;16;20;2;2;3;4;0;0;2.4;3.2;3.0;2.45;3.25;2.84;2.01;1.78;2.08;1.79
SP1;03/03/12;Mallorca;Osasuna;1;1;D;0;1;A;14;9;2;2;15;13;8;8;2;3;0;0;1.91;3.3;4.2;1.89;3.34;4.23;2.25;1.62;1.88;1.98
SP1;03/03/12;Sevilla;Ath Madrid;1;1;D;0;1;A;20;9;5;6;14;21;1;6;2;5;0;0;2.38;3.25;3.0;2.34;3.27;3.02;2.12;1.75;2.02;1.83
SP1;03/03/12;Vallecano;Santander;4;2;H;1;2;A;22;9;13;3;15;13;4;3;4;4;0;1;1.83;3.4;4.5;1.83;3.44;4.35;2.03;1.76;1.82;2.04
SP1;04/03/12;Ath Bilbao;Sociedad;2;0;H;1;0;H;14;16;7;4;13;12;7;10;4;6;0;0;1.62;3.6;6.0;1.62;3.68;5.6;1.75;2.05;1.78;2.07
SP1;04/03/12;Granada;Valencia;0;1;A;0;1;A;8;5;3;2;11;22;6;1;4;9;0;0;3.5;3.3;2.1;3.44;3.32;2.1;1.97;1.82;2.05;1.81
SP1;04/03/12;Real Madrid;Espanol;5;0;H;2;0;H;22;6;12;1;18;14;10;3;1;3;0;0;1.13;8.0;21.0;1.12;8.42;18.42;1.29;3.36;1.99;1.87
SP1;04/03/12;Zaragoza;Villarreal;2;1;H;0;1;A;12;11;4;5;20;18;5;3;2;3;0;0;3.1;3.25;2.3;2.99;3.26;2.35;2.11;1.7;1.84;2.01
SP1;05/03/12;Levante;Betis;3;1;H;2;1;H;7;16;4;5;20;7;2;7;5;3;0;0;2.5;3.2;2.88;2.43;3.2;2.92;2.11;1.7;2.11;1.76
SP1;10/03/12;Betis;Real Madrid;2;3;A;1;1;D;14;20;6;10;13;15;3;5;1;3;0;0;7.0;4.33;1.44;6.93;4.38;1.44;1.53;2.39;1.82;2.03
SP1;10/03/12;Malaga;Levante;1;0;H;0;0;D;24;10;4;3;11;16;11;2;4;2;0;0;1.53;3.8;6.5;1.56;3.81;6.11;1.81;1.98;1.96;1.88
SP1;10/03/12;Sociedad;Zaragoza;3;0;H;3;0;H;13;7;7;2;14;15;4;2;2;1;0;1;1.73;3.6;4.75;1.78;3.53;4.51;1.95;1.84;2.01;1.84
SP1;10/03/12;Sp Gijon;Sevilla;1;0;H;1;0;H;15;18;7;3;21;7;5;7;6;4;0;1;3.25;3.3;2.2;3.29;3.28;2.18;2.04;1.75;1.95;1.89
SP1;11/03/12;Ath Madrid;Granada;2;0;H;1;0;H;14;10;3;3;16;10;9;4;2;2;0;1;1.33;4.75;10.0;1.35;4.67;8.71;1.65;2.19;1.98;1.87
SP1;11/03/12;Espanol;Vallecano;5;1;H;4;0;H;17;13;10;6;26;23;3;6;4;2;0;0;2.1;3.4;3.4;2.07;3.32;3.55;1.93;1.85;2.1;1.77
SP1;11/03/12;Osasuna;Ath Bilbao;2;1;H;2;0;H;17;17;6;4;17;22;8;7;2;7;0;0;2.8;3.25;2.5;2.76;3.21;2.53;2.06;1.73;2.02;1.79
SP1;11/03/12;Santander;Barcelona;0;2;A;0;1;A;1;23;0;8;21;14;3;6;6;0;0;0;13.0;6.0;1.22;12.58;5.78;1.23;1.59;2.29;2.0;1.85
SP1;11/03/12;Valencia;Mallorca;2;2;D;2;0;H;23;9;8;4;13;13;13;6;1;4;1;0;1.5;4.0;7.0;1.5;3.98;6.56;1.82;1.96;1.88;1.96
SP1;12/03/12;Villarreal;Getafe;1;2;A;1;1;D;16;7;4;4;12;11;4;4;3;3;0;0;1.91;3.4;4.0;1.92;3.37;3.95;2.0;1.78;1.98;1.88
SP1;17/03/12;Getafe;Sociedad;1;0;H;0;0;D;11;16;1;5;14;18;5;9;4;4;0;0;1.95;3.3;4.0;1.94;3.35;3.97;2.15;1.68;1.94;1.93
SP1;17/03/12;Granada;Sp Gijon;2;1;H;2;0;H;13;8;4;2;15;11;5;3;0;1;1;0;2.0;3.3;3.8;2.03;3.29;3.71;2.19;1.66;2.02;1.85
SP1;17/03/12;Sevilla;Barcelona;0;2;A;0;2;A;12;17;2;9;15;12;7;4;3;3;0;0;8.5;4.75;1.36;7.98;4.85;1.37;1.5;2.48;1.81;2.05
SP1;17/03/12;Vallecano;Betis;3;0;H;0;0;D;13;7;7;2;19;25;7;3;2;2;0;0;2.2;3.3;3.3;2.25;3.27;3.17;1.96;1.82;2.0;1.87
SP1;17/03/12;Zaragoza;Osasuna;1;1;D;0;0;D;17;9;3;3;18;15;4;4;5;2;0;0;2.5;3.2;2.88;2.46;3.24;2.85;2.19;1.66;1.78;2.06
SP1;18/03/12;Ath Bilbao;Valencia;0;3;A;0;1;A;11;22;3;7;16;25;5;3;3;6;1;0;2.25;3.4;3.1;2.27;3.29;3.08;1.9;1.89;1.99;1.88
SP1;18/03/12;Levante;Villarreal;1;0;H;0;0;D;11;6;4;1;14;18;10;3;3;4;0;1;2.4;3.2;3.0;2.43;3.24;2.9;2.12;1.7;2.1;1.78
SP1;18/03/12;Mallorca;Ath Madrid;2;1;H;0;0;D;9;25;3;8;18;10;2;10;4;1;1;0;3.0;3.25;2.38;2.95;3.24;2.38;2.12;1.7;1.85;2.02
SP1;18/03/12;Real Madrid;Malaga;1;1;D;1;0;H;18;5;6;2;21;9;5;3;2;1;0;0;1.17;7.5;14.0;1.18;6.86;14.02;1.29;3.3;1.74;2.15
SP1;19/03/12;Espanol;Santander;3;1;H;2;1;H;15;8;7;3;15;21;6;2;4;2;0;1;1.67;3.75;5.0;1.68;3.59;5.1;2.07;1.73;1.89;1.98
SP1;20/03/12;Barcelona;Granada;5;3;H;2;0;H;18;6;8;3;10;13;4;2;2;7;1;0;1.05;13.0;34.0;1.05;13.76;33.22;1.21;4.06;1.69;2.22
SP1;20/03/12;Osasuna;Getafe;0;0;D;0;0;D;19;12;7;2;16;15;4;5;2;0;0;0;2.2;3.2;3.4;2.13;3.28;3.47;2.19;1.67;1.86;2.0
SP1;21/03/12;Ath Madrid;Ath Bilbao;2;1;H;0;0;D;21;3;8;2;18;8;5;5;4;3;0;0;1.8;3.5;4.5;1.81;3.61;4.23;1.76;2.03;1.8;2.08
SP1;21/03/12;Sociedad;Levante;1;3;A;1;2;A;9;10;3;6;10;19;7;3;2;6;1;0;2.0;3.4;3.75;2.04;3.36;3.58;2.08;1.72;2.03;1.84
SP1;21/03/12;Sp Gijon;Mallorca;2;3;A;1;1;D;22;11;6;4;20;20;9;3;2;4;0;0;2.38;3.25;3.0;2.39;3.23;2.97;2.21;1.65;2.03;1.83
SP1;21/03/12;Valencia;Zaragoza;1;2;A;1;1;D;28;6;10;2;9;10;9;0;3;4;0;2;1.29;5.0;11.0;1.29;5.19;10.38;1.61;2.26;1.83;2.03
SP1;21/03/12;Villarreal;Real Madrid;1;1;D;0;0;D;10;22;2;8;23;17;5;8;5;5;0;2;8.5;4.75;1.36;8.08;4.61;1.38;1.46;2.58;2.05;1.81
SP1;22/03/12;Betis;Espanol;1;1;D;0;0;D;9;12;2;4;15;17;3;4;1;2;0;0;1.91;3.4;4.0;2.0;3.39;3.66;2.04;1.76;1.99;1.88
SP1;22/03/12;Malaga;Vallecano;4;2;H;1;1;D;15;11;6;7;9;14;7;4;3;4;0;0;1.67;3.75;5.0;1.67;3.69;5.06;1.63;2.24;1.88;1.97
SP1;22/03/12;Santander;Sevilla;0;3;A;0;1;A;9;19;3;7;14;13;6;6;4;3;1;0;3.2;3.25;2.25;3.09;3.22;2.28;2.11;1.7;1.91;1.94
SP1;24/03/12;Getafe;Valencia;3;1;H;3;1;H;9;10;4;4;20;15;1;9;3;6;0;0;2.8;3.25;2.5;2.91;3.27;2.4;1.93;1.86;2.07;1.76
SP1;24/03/12;Mallorca;Barcelona;0;2;A;0;1;A;10;18;2;6;17;6;5;8;2;1;0;1;13.0;6.0;1.22;13.06;5.95;1.22;1.45;2.63;2.0;1.85
SP1;24/03/12;Real Madrid;Sociedad;5;1;H;3;1;H;19;11;10;4;14;8;9;3;1;4;0;0;1.13;8.0;21.0;1.12;8.23;18.75;1.32;3.26;2.17;1.72
SP1;25/03/12;Ath Bilbao;Sp Gijon;1;1;D;0;0;D;12;11;4;4;15;18;2;3;2;4;0;0;1.36;4.5;9.0;1.38;4.42;8.38;1.67;2.16;1.89;1.95
SP1;25/03/12;Betis;Santander;1;1;D;1;0;H;18;11;7;5;12;20;3;9;3;5;0;0;1.67;3.75;5.0;1.64;3.69;5.38;1.97;1.82;2.06;1.8
SP1;25/03/12;Espanol;Malaga;1;2;A;1;0;H;8;12;3;6;17;10;6;6;3;1;0;0;2.38;3.25;3.0;2.38;3.25;2.93;1.87;1.91;2.1;1.77
SP1;25/03/12;Levante;Osasuna;0;2;A;0;1;A;20;12;7;6;12;14;5;6;2;2;0;0;2.1;3.3;3.5;2.09;3.31;3.45;2.01;1.78;1.85;2.01
SP1;25/03/12;Vallecano;Villarreal;0;2;A;0;1;A;19;13;4;5;18;14;7;3;3;1;0;0;2.1;3.4;3.4;2.15;3.3;3.35;1.88;1.9;1.83;2.02
SP1;25/03/12;Zaragoza;Ath Madrid;1;0;H;0;0;D;12;12;3;2;14;19;6;9;0;5;0;0;4.5;3.5;1.8;4.46;3.5;1.79;1.93;1.85;1.88;1.98
SP1;26/03/12;Granada;Sevilla;0;3;A;0;1;A;20;21;4;10;10;15;12;1;4;4;0;0;3.0;3.25;2.38;2.92;3.24;2.4;2.13;1.69;2.12;1.73
SP1;31/03/12;Barcelona;Ath Bilbao;2;0;H;1;0;H;20;4;14;1;11;14;10;4;1;3;0;0;1.11;9.0;21.0;1.11;8.83;18.25;1.28;3.42;2.0;1.86
SP1;31/03/12;Malaga;Betis;0;2;A;0;2;A;20;7;6;2;9;21;8;1;1;4;0;0;1.67;3.8;5.0;1.64;3.75;5.23;1.69;2.13;1.81;2.05
SP1;31/03/12;Osasuna;Real Madrid;1;5;A;0;3;A;13;13;1;7;17;14;3;4;2;1;1;0;8.0;4.5;1.4;7.56;4.53;1.41;1.57;2.3;1.91;1.95
SP1;31/03/12;Santander;Granada;0;1;A;0;0;D;7;16;2;6;20;11;3;5;4;2;0;0;2.1;3.3;3.5;2.19;3.27;3.31;2.15;1.68;1.92;1.94
SP1;31/03/12;Sp Gijon;Zaragoza;1;2;A;0;1;A;14;11;6;5;20;30;7;6;3;7;0;0;2.1;3.3;3.5;2.14;3.27;3.43;2.02;1.77;1.86;2.01
SP1;01/04/12;Ath Madrid;Getafe;3;0;H;1;0;H;8;10;4;3;25;10;7;3;1;2;0;0;1.62;3.8;5.5;1.6;3.78;5.67;1.9;1.88;1.77;2.1
SP1;01/04/12;Sociedad;Vallecano;4;0;H;2;0;H;15;9;8;1;16;18;3;5;1;3;0;0;2.1;3.3;3.5;2.11;3.3;3.46;1.93;1.86;1.82;2.04
SP1;01/04/12;Valencia;Levante;1;1;D;1;0;H;12;9;4;2;15;12;5;2;4;3;0;0;1.62;3.8;5.5;1.6;3.77;5.63;1.77;2.02;1.79;2.07
SP1;01/04/12;Villarreal;Espanol;0;0;D;0;0;D;9;8;3;2;12;17;3;1;1;3;0;0;2.0;3.4;3.75;2.03;3.33;3.66;2.04;1.75;1.76;2.1
SP1;02/04/12;Sevilla;Mallorca;3;1;H;0;0;D;15;8;6;3;10;16;8;4;4;2;0;0;1.73;3.6;4.75;1.74;3.59;4.69;1.97;1.82;1.96;1.89
SP1;07/04/12;Betis;Villarreal;3;1;H;2;0;H;16;11;8;3;16;14;4;9;3;1;0;1;2.1;3.3;3.5;2.09;3.31;3.55;2.12;1.7;1.78;2.08
SP1;07/04/12;Espanol;Sociedad;2;2;D;1;2;A;27;11;12;4;14;17;13;2;5;3;0;1;1.91;3.4;4.0;1.87;3.48;4.15;1.93;1.86;2.12;1.76
SP1;07/04/12;Getafe;Sp Gijon;2;0;H;1;0;H;10;14;4;3;27;18;4;5;4;4;0;0;1.73;3.5;5.0;1.69;3.67;5.03;1.91;1.89;1.88;1.99
SP1;07/04/12;Vallecano;Osasuna;6;0;H;4;0;H;19;10;12;3;15;13;5;7;1;4;0;0;2.05;3.4;3.6;2.03;3.35;3.66;1.93;1.86;1.75;2.13
SP1;07/04/12;Zaragoza;Barcelona;1;4;A;1;2;A;14;14;5;7;22;13;2;9;4;5;1;0;19.0;7.5;1.14;17.38;7.33;1.15;1.4;2.75;1.93;1.94
SP1;08/04/12;Ath Bilbao;Sevilla;1;0;H;0;0;D;18;17;6;3;14;12;4;3;4;4;0;0;2.25;3.25;3.2;2.27;3.31;3.11;1.87;1.91;1.99;1.87
SP1;08/04/12;Levante;Ath Madrid;2;0;H;2;0;H;8;18;4;6;11;13;2;7;4;5;0;1;3.0;3.4;2.3;3.07;3.29;2.3;2.0;1.8;1.88;1.98
SP1;08/04/12;Mallorca;Granada;0;0;D;0;0;D;13;19;3;7;21;8;11;7;4;1;0;0;1.83;3.5;4.33;1.88;3.42;4.17;1.95;1.85;1.91;1.95
SP1;08/04/12;Real Madrid;Valencia;0;0;D;0;0;D;33;17;10;4;12;16;11;5;3;3;0;0;1.2;6.5;13.0;1.21;6.46;12.52;1.33;3.15;2.01;1.84
SP1;09/04/12;Malaga;Santander;3;0;H;1;0;H;30;1;13;0;12;13;12;0;3;2;0;1;1.4;4.5;8.0;1.38;4.59;8.22;1.66;2.18;1.83;2.03
SP1;10/04/12;Barcelona;Getafe;4;0;H;2;0;H;14;2;7;0;9;10;13;5;1;1;0;0;1.06;13.0;26.0;1.06;12.5;29.69;1.23;3.91;2.03;1.84
SP1;10/04/12;Osasuna;Espanol;2;0;H;0;0;D;14;4;4;0;13;17;4;3;3;4;0;2;2.5;3.25;2.8;2.46;3.25;2.91;2.03;1.77;1.8;2.05
SP1;10/04/12;Sociedad;Betis;1;1;D;0;0;D;17;12;4;6;10;10;9;5;0;3;0;0;2.25;3.4;3.1;2.24;3.3;3.23;1.83;1.96;1.94;1.92
SP1;11/04/12;Ath Madrid;Real Madrid;1;4;A;0;1;A;11;25;3;9;18;15;7;8;2;3;0;0;5.5;4.0;1.57;5.66;4.02;1.57;1.52;2.44;1.85;2.01
SP1;11/04/12;Granada;Ath Bilbao;2;2;D;1;0;H;9;19;4;5;9;13;0;11;2;3;1;0;2.63;3.4;2.6;2.73;3.32;2.52;1.83;1.96;1.96;1.87
SP1;11/04/12;Sp Gijon;Levante;3;2;H;1;1;D;24;11;5;7;21;7;7;1;5;0;0;0;2.6;3.2;2.75;2.55;3.24;2.74;2.09;1.73;1.85;1.98
SP1;11/04/12;Valencia;Vallecano;4;1;H;1;0;H;10;12;7;3;13;23;7;7;2;7;0;0;1.5;4.2;6.5;1.48;4.22;6.5;1.57;2.31;1.77;2.1
SP1;12/04/12;Santander;Mallorca;0;3;A;0;1;A;17;12;4;6;16;21;5;5;3;1;0;0;2.7;3.2;2.63;2.6;3.22;2.69;2.1;1.71;1.94;1.88
SP1;12/04/12;Sevilla;Zaragoza;3;0;H;3;0;H;22;10;8;2;15;15;7;2;1;3;0;0;1.44;4.33;7.0;1.46;4.18;6.96;1.69;2.13;2.0;1.86
SP1;12/04/12;Villarreal;Malaga;2;1;H;0;0;D;9;9;3;4;14;15;4;2;0;4;0;1;2.5;3.3;2.8;2.47;3.26;2.8;1.87;1.92;2.11;1.76
SP1;14/04/12;Levante;Barcelona;1;2;A;1;0;H;5;16;2;8;16;7;1;6;5;2;0;0;15.0;6.0;1.2;13.86;6.4;1.2;1.46;2.59;2.08;1.79
SP1;14/04/12;Real Madrid;Sp Gijon;3;1;H;1;1;D;24;3;6;2;7;26;5;1;2;5;0;1;1.06;11.0;29.0;1.06;11.58;30.69;1.23;3.87;1.97;1.89
SP1;15/04/12;Ath Bilbao;Mallorca;1;0;H;1;0;H;13;11;2;1;12;17;7;5;1;4;0;0;1.67;3.8;5.0;1.68;3.68;5.05;1.75;2.05;1.84;2.02
SP1;15/04/12;Betis;Osasuna;1;0;H;1;0;H;10;5;4;1;10;7;3;3;1;2;0;1;1.91;3.5;4.0;1.9;3.45;4.07;1.93;1.86;2.15;1.73
SP1;15/04/12;Espanol;Valencia;4;0;H;2;0;H;16;4;5;1;15;19;6;3;3;5;0;0;2.88;3.4;2.38;2.93;3.31;2.37;1.92;1.87;2.12;1.73
SP1;15/04/12;Malaga;Sociedad;1;1;D;1;0;H;19;10;6;2;11;9;15;6;2;0;0;1;1.5;4.2;6.5;1.49;4.14;6.53;1.6;2.24;1.81;2.05
SP1;15/04/12;Vallecano;Ath Madrid;0;1;A;0;0;D;12;9;3;4;22;17;9;3;6;2;0;0;2.8;3.4;2.4;2.93;3.32;2.37;1.77;2.03;1.82;2.03
SP1;15/04/12;Villarreal;Santander;1;1;D;0;0;D;19;7;5;3;15;6;7;6;2;2;0;0;1.5;4.0;7.0;1.51;4.04;6.5;1.77;2.02;1.83;2.03
SP1;15/04/12;Zaragoza;Granada;1;0;H;1;0;H;8;10;4;0;25;10;2;3;3;3;1;0;2.1;3.4;3.4;2.18;3.29;3.33;1.9;1.89;1.94;1.91
SP1;16/04/12;Getafe;Sevilla;5;1;H;1;1;D;12;15;7;3;9;10;7;7;2;2;0;0;2.6;3.3;2.63;2.6;3.27;2.67;1.98;1.81;1.92;1.91
SP1;21/04/12;Barcelona;Real Madrid;1;2;A;0;1;A;14;14;3;6;11;20;4;7;2;4;0;0;1.62;4.0;5.0;1.65;3.96;4.94;1.59;2.3;1.82;2.05
SP1;21/04/12;Mallorca;Zaragoza;1;0;H;1;0;H;12;11;4;3;18;15;9;2;3;3;0;0;1.8;3.6;4.33;1.83;3.58;4.17;1.84;1.95;2.07;1.81
SP1;21/04/12;Sevilla;Levante;1;1;D;1;1;D;22;7;5;2;8;19;11;2;3;5;0;0;1.57;3.8;6.0;1.56;3.91;5.9;1.71;2.11;1.91;1.95
SP1;21/04/12;Sp Gijon;Vallecano;2;1;H;1;0;H;16;10;6;4;18;17;11;7;4;2;0;2;2.3;3.4;3.0;2.25;3.37;3.08;1.69;2.13;1.63;2.27
SP1;22/04/12;Ath Madrid;Espanol;3;1;H;1;1;D;17;13;7;1;14;11;6;5;3;2;0;0;1.57;3.75;6.0;1.6;3.79;5.62;1.7;2.09;2.04;1.83
SP1;22/04/12;Granada;Getafe;1;0;H;1;0;H;11;7;6;2;6;15;6;1;2;2;0;0;2.25;3.25;3.2;2.26;3.28;3.13;1.89;1.89;1.96;1.9
SP1;22/04/12;Santander;Ath Bilbao;0;1;A;0;1;A;11;9;3;2;14;16;6;12;2;2;0;0;3.6;3.5;2.0;3.71;3.43;1.98;1.88;1.9;1.83;2.05
SP1;22/04/12;Sociedad;Villarreal;1;1;D;0;1;A;18;13;4;4;11;14;6;1;3;2;0;0;2.25;3.25;3.2;2.32;3.25;3.06;1.84;1.95;1.67;2.2
SP1;22/04/12;Valencia;Betis;4;0;H;1;0;H;14;8;7;2;18;8;4;2;2;2;0;2;1.62;3.75;5.5;1.6;3.83;5.53;1.67;2.12;2.07;1.8
SP1;23/04/12;Osasuna;Malaga;1;1;D;0;0;D;12;14;4;4;9;12;6;9;2;1;0;0;3.1;3.3;2.3;2.9;3.25;2.39;1.79;2.0;2.16;1.7
SP1;28/04/12;Espanol;Sp Gijon;0;3;A;0;0;D;18;11;5;6;12;12;10;5;2;3;0;0;1.67;3.75;5.0;1.62;3.77;5.43;1.67;2.13;2.06;1.8
SP1;28/04/12;Getafe;Mallorca;1;3;A;0;1;A;12;16;3;9;8;16;7;3;4;3;0;0;1.91;3.4;4.0;1.94;3.4;3.88;1.87;1.92;1.96;1.9
SP1;28/04/12;Levante;Granada;3;1;H;0;0;D;9;9;5;3;10;10;3;0;1;3;0;0;1.83;3.5;4.33;1.87;3.46;4.14;1.85;1.94;1.89;1.96
SP1;28/04/12;Sociedad;Santander;3;0;H;0;0;D;17;14;5;5;13;17;5;5;1;5;0;0;1.5;4.0;6.5;1.51;4.03;6.49;1.75;2.05;1.84;2.01
SP1;28/04/12;Villarreal;Osasuna;1;1;D;1;0;H;20;9;6;2;12;12;6;5;1;2;0;0;1.8;3.5;4.5;1.79;3.5;4.51;1.95;1.84;1.76;2.11
SP1;29/04/12;Betis;Ath Madrid;2;2;D;0;0;D;9;22;3;6;19;17;3;10;3;2;0;0;3.2;3.3;2.25;3.17;3.33;2.2;1.85;1.93;1.98;1.88
SP1;29/04/12;Malaga;Valencia;1;0;H;1;0;H;16;5;7;1;7;27;7;6;3;3;0;1;2.2;3.4;3.2;2.18;3.35;3.21;1.74;2.04;1.86;2.0
SP1;29/04/12;Real Madrid;Sevilla;3;0;H;1;0;H;15;10;5;3;14;7;9;4;3;2;0;0;1.22;6.0;13.0;1.23;6.05;11.56;1.31;3.26;1.99;1.86
SP1;29/04/12;Vallecano;Barcelona;0;7;A;0;3;A;10;19;4;8;20;7;7;9;3;1;0;0;9.0;5.0;1.33;8.36;4.95;1.35;1.39;2.87;1.85;1.99
SP1;29/04/12;Zaragoza;Ath Bilbao;2;0;H;1;0;H;21;8;8;3;13;11;7;6;1;2;0;0;3.2;3.4;2.2;3.14;3.3;2.22;1.79;1.99;1.98;1.88
SP1;01/05/12;Getafe;Santander;1;1;D;0;0;D;9;11;4;3;25;17;4;5;4;3;0;0;1.4;4.5;8.0;1.41;4.41;7.7;1.71;2.08;1.95;1.92
SP1;01/05/12;Granada;Espanol;2;1;H;2;0;H;17;9;9;3;9;13;7;9;0;1;0;0;1.83;3.5;3.75;1.95;3.51;3.82;1.86;1.93;1.68;2.24
SP1;01/05/12;Sp Gijon;Villarreal;2;3;A;1;2;A;22;10;5;8;19;9;9;5;5;5;0;1;2.4;3.4;2.8;2.48;3.33;2.81;2.03;1.77;1.83;2.02
SP1;02/05/12;Ath Bilbao;Real Madrid;0;3;A;0;2;A;11;18;2;10;13;20;4;8;3;5;1;0;6.0;4.0;1.53;5.95;4.05;1.54;1.44;2.68;1.99;1.87
SP1;02/05/12;Ath Madrid;Sociedad;1;1;D;0;0;D;13;16;1;5;14;9;6;10;2;1;1;0;1.4;4.5;7.5;1.41;4.47;7.63;1.59;2.28;1.86;2.01
SP1;02/05/12;Barcelona;Malaga;4;1;H;2;1;H;11;11;6;3;17;14;4;1;2;2;0;0;1.2;6.0;15.0;1.19;6.76;13.49;1.28;3.49;1.74;2.13
SP1;02/05/12;Mallorca;Vallecano;1;0;H;0;0;D;20;15;8;6;15;8;9;4;2;4;0;0;1.85;3.5;4.2;1.87;3.5;4.11;1.71;2.09;1.88;1.98
SP1;02/05/12;Sevilla;Betis;1;2;A;1;1;D;12;15;3;3;18;14;9;4;3;4;1;0;1.73;3.6;4.75;1.73;3.62;4.86;1.69;2.11;1.93;1.94
SP1;02/05/12;Valencia;Osasuna;4;0;H;0;0;D;23;11;9;3;8;11;17;2;1;5;0;1;1.44;4.0;8.0;1.47;4.1;7.08;1.67;2.16;1.71;2.16
SP1;02/05/12;Zaragoza;Levante;1;0;H;1;0;H;12;11;5;4;15;14;2;10;5;5;0;0;2.25;3.4;3.1;2.29;3.33;3.08;1.92;1.87;1.64;2.28
SP1;05/05/12;Ath Bilbao;Getafe;0;0;D;0;0;D;16;11;1;1;11;10;8;2;1;3;0;0;1.8;3.5;4.5;1.85;3.46;4.18;1.81;1.97;2.15;1.72
SP1;05/05/12;Ath Madrid;Malaga;2;1;H;0;1;A;9;13;2;4;20;14;8;5;6;2;0;0;2.0;3.5;3.6;1.97;3.45;3.68;1.67;2.13;2.03;1.84
SP1;05/05/12;Barcelona;Espanol;4;0;H;1;0;H;14;10;6;3;13;24;5;3;4;5;0;0;1.13;8.0;19.0;1.12;8.27;17.68;1.25;3.77;2.0;1.87
SP1;05/05/12;Granada;Real Madrid;1;2;A;1;0;H;12;14;5;3;13;14;4;6;4;4;2;0;7.5;5.0;1.36;8.34;4.83;1.35;1.39;2.83;1.82;2.02
SP1;05/05/12;Mallorca;Levante;1;0;H;0;0;D;10;7;3;2;13;5;6;5;1;3;0;0;1.91;3.4;4.0;1.89;3.48;3.91;1.77;2.02;1.88;1.99
SP1;05/05/12;Osasuna;Sociedad;1;0;H;1;0;H;18;13;10;3;24;13;4;4;5;1;0;0;1.8;3.5;4.5;1.84;3.47;4.24;1.81;1.97;1.89;1.97
SP1;05/05/12;Sevilla;Vallecano;5;2;H;2;1;H;15;13;8;3;13;10;5;5;3;5;0;0;1.7;3.6;5.0;1.69;3.69;4.91;1.6;2.26;2.24;1.67
SP1;05/05/12;Sp Gijon;Betis;2;1;H;1;1;D;12;15;3;8;19;16;4;4;2;3;0;0;2.3;3.25;3.1;2.29;3.35;2.99;1.78;1.99;1.68;2.19
SP1;05/05/12;Valencia;Villarreal;1;0;H;0;0;D;17;9;7;3;16;16;8;3;5;3;0;0;1.57;4.2;4.5;1.54;3.99;5.89;1.67;2.13;1.96;1.89
SP1;05/05/12;Zaragoza;Santander;2;1;H;1;1;D;29;2;8;2;17;21;12;1;3;6;0;0;1.33;5.0;9.0;1.33;4.83;9.16;1.69;2.1;1.75;2.12
SP1;12/05/12;Betis;Barcelona;2;2;D;0;1;A;5;11;3;6;15;11;2;7;2;0;0;1;7.5;5.5;1.33;8.25;5.23;1.33;1.39;2.85;1.96;1.88
SP1;12/05/12;Sociedad;Valencia;1;0;H;0;0;D;13;19;6;2;14;10;7;14;2;0;0;0;2.7;3.4;2.5;2.81;3.33;2.45;1.61;2.25;2.06;1.78
SP1;13/05/12;Espanol;Sevilla;1;1;D;0;1;A;9;17;4;6;14;16;8;7;4;2;0;0;2.8;3.5;2.38;2.8;3.38;2.42;1.51;2.49;2.09;1.77
SP1;13/05/12;Getafe;Zaragoza;0;2;A;0;0;D;3;12;0;4;22;18;0;6;2;4;3;1;5.5;4.0;1.57;5.26;3.91;1.61;1.73;2.08;1.99;1.86
SP1;13/05/12;Levante;Ath Bilbao;3;0;H;1;0;H;12;9;4;5;3;8;4;6;1;0;0;0;1.57;4.0;5.5;1.61;3.94;5.23;1.63;2.2;1.8;2.07
SP1;13/05/12;Malaga;Sp Gijon;1;0;H;0;0;D;22;6;12;1;10;24;10;1;3;5;1;0;1.3;5.5;9.0;1.3;5.43;8.73;1.39;2.85;1.83;2.01
SP1;13/05/12;Real Madrid;Mallorca;4;1;H;2;0;H;23;11;12;5;7;16;8;6;0;1;0;0;1.2;7.0;11.0;1.2;6.97;11.56;1.23;3.88;1.81;2.07
SP1;13/05/12;Santander;Osasuna;2;4;A;1;0;H;7;27;2;13;11;9;0;9;0;2;0;0;6.0;4.0;1.53;5.41;3.97;1.59;1.69;2.11;1.72;2.16
SP1;13/05/12;Vallecano;Granada;1;0;H;0;0;D;18;12;2;5;19;14;9;6;3;4;0;0;1.83;3.5;4.33;1.82;3.48;4.36;1.62;2.23;1.8;2.07
SP1;13/05/12;Villarreal;Ath Madrid;0;1;A;0;0;D;10;11;1;4;9;18;6;4;2;2;0;0;2.3;3.4;3.0;2.31;3.36;2.99;1.82;1.97;1.63;2.29
SP1;18/08/12;Celta;Malaga;0;1;A;0;0;D;17;16;3;6;13;9;8;9;2;0;0;0;2.25;3.25;3.2;2.28;3.26;3.15;2.02;1.78;1.96;1.91
SP1;18/08/12;Mallorca;Espanol;2;1;H;1;1;D;17;13;9;5;14;14;7;4;3;2;0;0;2.0;3.3;3.8;2.0;3.36;3.78;2.17;1.68;1.98;1.9
SP1;18/08/12;Sevilla;Getafe;2;1;H;2;0;H;16;10;5;3;15;17;8;8;4;4;0;0;1.62;3.75;5.5;1.65;3.72;5.33;1.96;1.84;1.82;2.05
SP1;19/08/12;Ath Bilbao;Betis;3;5;A;0;3;A;17;13;8;9;12;17;11;4;2;2;0;0;1.83;3.5;4.2;1.85;3.54;4.18;1.88;1.92;2.12;1.76
SP1;19/08/12;Barcelona;Sociedad;5;1;H;4;1;H;18;5;10;2;9;12;9;1;2;3;0;0;1.1;9.0;26.0;1.09;9.77;24.64;1.3;3.36;1.93;1.93
SP1;19/08/12;Levante;Ath Madrid;1;1;D;1;1;D;6;11;1;3;17;7;3;6;2;1;0;0;3.2;3.4;2.2;3.13;3.31;2.27;1.97;1.84;1.93;1.93
SP1;19/08/12;Real Madrid;Valencia;1;1;D;1;1;D;24;5;9;1;10;16;12;5;1;4;0;0;1.25;6.0;10.0;1.25;5.93;10.92;1.4;2.79;1.93;1.93
SP1;20/08/12;La Coruna;Osasuna;2;0;H;0;0;D;10;11;3;1;14;13;5;7;3;4;0;0;2.0;3.4;3.75;2.03;3.33;3.65;2.12;1.71;1.75;2.13
SP1;20/08/12;Vallecano;Granada;1;0;H;0;0;D;16;14;3;3;13;9;3;5;2;0;0;0;2.2;3.3;3.3;2.19;3.28;3.3;1.93;1.87;1.92;1.94
SP1;20/08/12;Zaragoza;Valladolid;0;1;A;0;1;A;11;7;3;2;17;14;4;4;2;5;0;0;2.15;3.3;3.4;2.14;3.29;3.41;1.99;1.82;1.55;2.47
SP1;25/08/12;Betis;Vallecano;1;2;A;1;1;D;14;19;4;5;14;17;6;8;5;5;0;0;1.7;3.6;5.0;1.71;3.62;4.95;1.89;1.91;1.91;1.97
SP1;25/08/12;Espanol;Zaragoza;1;2;A;1;0;H;9;10;1;5;16;21;5;3;4;4;1;0;1.67;3.6;5.25;1.7;3.57;5.11;2.09;1.73;1.9;1.98
SP1;25/08/12;Malaga;Mallorca;1;1;D;0;0;D;18;9;6;4;7;12;14;4;2;4;1;0;1.91;3.5;4.0;1.91;3.38;4.01;2.04;1.77;1.92;1.96
SP1;25/08/12;Sociedad;Celta;2;1;H;0;0;D;15;14;6;4;17;16;7;7;5;2;0;0;2.0;3.4;3.75;2.03;3.29;3.7;2.1;1.72;1.79;2.1
SP1;26/08/12;Getafe;Real Madrid;2;1;H;0;1;A;11;14;3;5;12;11;3;7;3;1;0;1;9.5;5.5;1.29;9.74;5.3;1.29;1.5;2.52;1.93;1.95
SP1;26/08/12;Granada;Sevilla;1;1;D;1;1;D;18;9;7;3;15;15;6;0;4;2;0;1;3.0;3.25;2.38;2.88;3.28;2.43;2.05;1.76;1.78;2.11
SP1;26/08/12;Osasuna;Barcelona;1;2;A;1;0;H;17;15;5;10;17;11;4;7;6;3;1;0;12.0;6.0;1.22;12.3;6.04;1.22;1.49;2.52;2.01;1.88
SP1;26/08/12;Valencia;La Coruna;3;3;D;3;1;H;13;13;5;8;16;10;2;10;5;2;1;0;1.44;4.2;7.5;1.45;4.18;7.3;1.79;2.0;1.77;2.12
SP1;27/08/12;Ath Madrid;Ath Bilbao;4;0;H;2;0;H;23;7;14;0;11;13;10;4;3;3;0;0;1.6;4.0;5.5;1.61;3.79;5.51;1.77;2.04;1.8;2.1
SP1;27/08/12;Valladolid;Levante;2;0;H;1;0;H;15;8;7;1;11;14;7;1;1;5;0;1;2.05;3.4;3.5;2.12;3.3;3.42;2.18;1.68;1.81;2.08
SP1;01/09/12;Celta;Osasuna;2;0;H;0;0;D;12;7;4;2;5;15;4;6;1;2;0;1;2.0;3.3;3.75;2.07;3.33;3.56;2.11;1.72;1.79;2.1
SP1;01/09/12;La Coruna;Getafe;1;1;D;1;1;D;10;13;5;4;8;13;6;6;2;2;0;0;2.2;3.2;3.4;2.17;3.32;3.32;2.06;1.76;1.88;1.99
SP1;01/09/12;Mallorca;Sociedad;1;0;H;0;0;D;15;10;5;3;21;11;6;3;5;2;0;0;2.1;3.2;3.6;2.07;3.32;3.59;2.19;1.66;2.1;1.79
SP1;01/09/12;Zaragoza;Malaga;0;1;A;0;0;D;11;11;4;3;23;14;10;10;1;4;0;0;2.7;3.25;2.6;2.68;3.24;2.61;2.17;1.68;1.98;1.87
SP1;02/09/12;Ath Bilbao;Valladolid;2;0;H;0;0;D;17;8;3;1;6;7;9;4;0;1;0;0;2.0;3.4;3.75;2.02;3.39;3.69;1.94;1.87;2.05;1.83
SP1;02/09/12;Barcelona;Valencia;1;0;H;1;0;H;11;4;5;1;8;10;5;3;1;2;0;0;1.22;6.0;13.0;1.21;6.31;12.73;1.36;2.98;1.77;2.12
SP1;02/09/12;Levante;Espanol;3;2;H;0;2;A;11;9;4;2;30;21;6;2;3;6;1;0;2.2;3.2;3.4;2.22;3.25;3.27;2.24;1.63;1.93;1.94
SP1;02/09/12;Real Madrid;Granada;3;0;H;1;0;H;22;7;8;0;12;11;6;3;2;0;0;1;1.08;10.0;23.0;1.09;10.27;21.8;1.24;3.84;1.99;1.88
SP1;02/09/12;Vallecano;Sevilla;0;0;D;0;0;D;13;18;4;3;23;14;5;6;4;2;1;0;2.8;3.25;2.5;2.76;3.27;2.53;2.02;1.79;2.03;1.83
SP1;15/09/12;Getafe;Barcelona;1;4;A;0;1;A;6;15;3;9;14;10;1;7;2;2;0;0;11.0;6.0;1.25;10.37;5.46;1.28;1.52;2.45;1.94;1.93
SP1;15/09/12;Malaga;Levante;3;1;H;1;0;H;12;5;5;1;15;19;4;4;2;4;1;0;1.7;3.6;5.0;1.71;3.58;5.15;2.04;1.77;1.94;1.93
SP1;15/09/12;Sevilla;Real Madrid;1;0;H;1;0;H;10;18;7;6;21;13;3;4;3;3;0;0;5.0;4.0;1.62;5.46;3.98;1.6;1.54;2.4;2.1;1.79
SP1;15/09/12;Valencia;Celta;2;1;H;1;1;D;15;15;4;4;17;15;8;11;3;2;0;0;1.44;4.33;7.0;1.47;4.22;6.97;1.65;2.21;1.79;2.1
SP1;16/09/12;Ath Madrid;Vallecano;4;3;H;1;0;H;12;17;6;5;15;14;5;5;0;4;0;0;1.33;5.0;9.0;1.35;4.83;8.9;1.58;2.31;1.96;1.92
SP1;16/09/12;Espanol;Ath Bilbao;3;3;D;2;0;H;15;16;5;7;27;20;3;4;3;5;1;0;2.2;3.4;3.2;2.19;3.33;3.28;1.9;1.9;1.93;1.93
SP1;16/09/12;Granada;La Coruna;1;1;D;0;1;A;13;14;2;5;17;14;7;3;3;4;0;0;2.3;3.2;3.2;2.26;3.24;3.22;2.21;1.65;1.94;1.93
SP1;16/09/12;Osasuna;Mallorca;1;1;D;0;0;D;20;7;7;3;12;11;14;7;2;1;1;1;2.2;3.25;3.25;2.28;3.21;3.22;2.2;1.65;1.98;1.89
SP1;16/09/12;Sociedad;Zaragoza;2;0;H;0;0;D;7;12;3;2;13;18;3;5;4;2;0;0;1.8;3.5;4.5;1.84;3.5;4.32;2.04;1.77;1.82;2.07
SP1;17/09/12;Valladolid;Betis;0;1;A;0;0;D;10;8;3;2;9;12;5;3;1;2;0;0;2.1;3.3;3.5;2.11;3.3;3.47;2.03;1.77;1.8;2.08
SP1;22/09/12;Barcelona;Granada;2;0;H;0;0;D;20;6;11;3;10;15;14;5;0;3;0;0;1.05;12.0;34.0;1.06;12.27;32.22;1.22;3.98;1.89;1.98
SP1;22/09/12;Betis;Espanol;1;0;H;1;0;H;15;11;3;2;24;13;7;1;6;4;0;1;1.95;3.5;3.75;1.96;3.43;3.81;1.9;1.9;1.93;1.95
SP1;22/09/12;Celta;Getafe;2;1;H;0;0;D;14;6;6;4;14;13;4;4;4;3;0;1;2.0;3.4;3.75;2.01;3.35;3.74;2.06;1.75;2.01;1.87
SP1;22/09/12;Zaragoza;Osasuna;3;1;H;2;1;H;10;11;4;3;18;13;1;2;2;2;0;0;2.25;3.25;3.2;2.24;3.24;3.23;2.28;1.62;1.91;1.96
SP1;23/09/12;Ath Bilbao;Malaga;0;0;D;0;0;D;9;12;1;4;7;6;7;7;3;3;0;0;2.2;3.4;3.2;2.26;3.3;3.15;1.87;1.92;1.97;1.9
SP1;23/09/12;Ath Madrid;Valladolid;2;1;H;2;0;H;14;4;7;3;15;23;6;1;2;6;0;0;1.3;5.25;10.0;1.33;4.93;9.29;1.58;2.31;1.97;1.9
SP1;23/09/12;Levante;Sociedad;2;1;H;0;1;A;16;17;6;6;20;10;4;5;2;4;0;0;2.1;3.4;3.4;2.19;3.28;3.33;2.18;1.68;1.93;1.93
SP1;23/09/12;Mallorca;Valencia;2;0;H;1;0;H;6;27;3;7;17;9;0;9;4;4;0;0;2.8;3.25;2.5;2.83;3.24;2.5;2.07;1.75;2.02;1.84
SP1;24/09/12;La Coruna;Sevilla;0;2;A;0;0;D;14;13;4;7;8;9;9;10;0;2;0;0;2.6;3.3;2.63;2.64;3.24;2.66;2.03;1.78;1.89;1.95
SP1;24/09/12;Vallecano;Real Madrid;0;2;A;0;1;A;13;16;3;6;14;14;5;6;2;3;1;0;9.0;5.5;1.3;9.79;5.24;1.3;1.49;2.53;2.04;1.84
SP1;26/09/12;Betis;Ath Madrid;2;4;A;2;1;H;6;21;3;10;12;19;3;11;2;3;2;0;3.1;3.3;2.3;3.13;3.3;2.25;1.85;1.95;1.91;1.96
SP1;29/09/12;Malaga;Betis;4;0;H;2;0;H;21;4;11;2;13;8;6;6;2;0;0;1;1.7;3.75;4.75;1.72;3.67;4.8;1.91;1.89;1.9;1.96
SP1;29/09/12;Sevilla;Barcelona;2;3;A;1;0;H;8;15;3;7;15;3;2;7;2;2;1;0;6.0;4.33;1.5;6.28;4.1;1.53;1.6;2.3;1.97;1.9
SP1;29/09/12;Sociedad;Ath Bilbao;2;0;H;0;0;D;19;7;10;1;13;15;12;5;1;3;0;1;2.3;3.4;3.0;2.33;3.34;3.0;1.93;1.87;1.99;1.88
SP1;29/09/12;Valencia;Zaragoza;2;0;H;1;0;H;13;17;4;7;20;11;3;8;2;2;1;0;1.36;4.75;8.5;1.41;4.46;8.01;1.68;2.17;1.93;1.93
SP1;30/09/12;Espanol;Ath Madrid;0;1;A;0;1;A;9;15;3;5;20;16;1;3;3;3;0;0;3.6;3.5;2.0;3.63;3.4;2.04;1.88;1.93;2.15;1.75
SP1;30/09/12;Granada;Celta;2;1;H;2;1;H;7;19;4;9;12;14;3;8;3;3;0;0;2.3;3.25;3.1;2.24;3.28;3.22;2.1;1.73;1.92;1.95
SP1;30/09/12;Osasuna;Levante;4;0;H;0;0;D;16;8;8;1;13;24;5;4;2;3;0;0;1.95;3.3;4.0;1.99;3.36;3.83;2.19;1.67;1.98;1.9
SP1;30/09/12;Real Madrid;La Coruna;5;1;H;3;1;H;23;5;13;2;15;11;12;2;2;2;0;0;1.13;8.0;21.0;1.12;8.53;21.21;1.35;3.04;1.85;2.03
SP1;30/09/12;Valladolid;Vallecano;6;1;H;4;1;H;14;14;10;4;14;17;5;9;1;3;0;0;1.83;3.5;4.33;1.84;3.55;4.26;1.88;1.91;1.83;2.04
SP1;01/10/12;Getafe;Mallorca;1;0;H;0;0;D;26;12;6;4;18;12;12;2;2;3;0;1;2.1;3.25;3.6;2.12;3.29;3.48;2.19;1.67;1.81;2.07
SP1;05/10/12;Celta;Sevilla;2;0;H;0;0;D;11;11;5;2;14;12;3;6;2;2;0;0;2.63;3.3;2.63;2.52;3.34;2.77;2.01;1.81;1.82;2.04
SP1;06/10/12;Betis;Sociedad;2;0;H;1;0;H;12;17;4;5;19;13;6;10;4;2;1;0;1.95;3.3;4.0;1.98;3.37;3.85;1.94;1.86;2.02;1.86
SP1;06/10/12;Valladolid;Espanol;1;1;D;0;0;D;12;14;6;6;19;13;8;3;2;5;0;1;1.91;3.5;4.0;1.9;3.48;4.06;2.06;1.76;2.21;1.72
SP1;06/10/12;Vallecano;La Coruna;2;1;H;2;1;H;14;10;5;2;20;12;5;2;8;2;0;0;2.3;3.3;3.1;2.29;3.31;3.09;1.95;1.85;1.96;1.9
SP1;06/10/12;Zaragoza;Getafe;0;1;A;0;0;D;12;17;6;9;19;27;8;5;5;2;2;1;2.3;3.3;3.1;2.35;3.26;3.04;2.13;1.71;2.05;1.83
SP1;07/10/12;Ath Bilbao;Osasuna;1;0;H;1;0;H;18;16;8;5;12;9;11;1;4;4;0;0;1.83;3.5;4.33;1.92;3.42;4.05;1.94;1.87;1.95;1.93
SP1;07/10/12;Ath Madrid;Malaga;2;1;H;1;1;D;9;8;3;2;25;18;11;1;4;3;0;0;1.73;3.75;4.5;1.73;3.66;4.75;1.76;2.07;1.97;1.9
SP1;07/10/12;Barcelona;Real Madrid;2;2;D;1;1;D;10;10;2;3;17;16;7;2;2;4;0;0;1.83;4.0;3.75;1.88;3.72;3.88;1.51;2.5;2.11;1.78
SP1;07/10/12;Levante;Valencia;1;0;H;1;0;H;15;12;4;4;15;12;6;9;5;5;0;0;3.5;3.3;2.1;3.44;3.36;2.11;2.02;1.79;2.07;1.81
SP1;07/10/12;Mallorca;Granada;1;2;A;0;0;D;15;10;5;5;15;11;6;4;2;1;1;1;1.83;3.5;4.33;1.85;3.46;4.3;2.06;1.75;1.88;2.0
SP1;20/10/12;La Coruna;Barcelona;4;5;A;2;4;A;13;10;8;6;13;15;5;1;4;3;0;1;10.0;5.0;1.3;9.29;5.12;1.32;1.51;2.49;1.85;2.02
SP1;20/10/12;Malaga;Valladolid;2;1;H;1;1;D;15;11;6;6;9;24;8;1;1;4;0;1;1.53;3.8;6.5;1.55;3.88;6.34;1.84;1.97;1.97;1.91
SP1;20/10/12;Real Madrid;Celta;2;0;H;1;0;H;24;7;3;3;11;15;11;5;3;2;0;0;1.1;9.0;23.0;1.12;8.85;19.98;1.26;3.71;1.96;1.92
SP1;20/10/12;Valencia;Ath Bilbao;3;2;H;1;2;A;27;7;12;3;12;10;11;5;3;2;0;1;1.62;3.8;5.5;1.67;3.82;5.12;1.73;2.11;1.89;1.99
SP1;21/10/12;Espanol;Vallecano;3;2;H;1;1;D;13;14;7;6;15;18;6;2;3;3;1;1;1.91;3.4;4.0;1.92;3.53;3.91;1.76;2.07;1.9;1.98
SP1;21/10/12;Getafe;Levante;0;1;A;0;0;D;18;7;6;4;8;15;13;2;2;3;0;0;1.83;3.5;4.2;1.84;3.44;4.4;2.09;1.74;1.83;2.06
SP1;21/10/12;Granada;Zaragoza;1;2;A;0;2;A;6;14;3;5;18;17;7;4;5;4;1;0;1.91;3.4;4.0;1.95;3.33;4.01;2.17;1.69;1.96;1.92
SP1;21/10/12;Osasuna;Betis;0;0;D;0;0;D;11;7;2;2;17;11;4;3;3;1;0;0;2.0;3.4;3.75;2.04;3.31;3.73;2.1;1.74;2.04;1.84
SP1;21/10/12;Sociedad;Ath Madrid;0;1;A;0;0;D;15;12;3;4;11;14;10;6;5;2;0;0;3.4;3.4;2.1;3.54;3.37;2.08;1.93;1.88;2.06;1.82
SP1;22/10/12;Sevilla;Mallorca;3;2;H;1;2;A;22;3;9;2;7;11;15;1;0;2;0;0;1.62;3.8;5.5;1.61;3.79;5.66;1.9;1.91;2.03;1.86
SP1;27/10/12;Betis;Valencia;1;0;H;1;0;H;10;10;3;3;8;16;8;7;0;6;0;0;2.9;3.3;2.4;2.83;3.3;2.46;1.87;1.94;2.06;1.8
SP1;27/10/12;Celta;La Coruna;1;1;D;1;1;D;12;12;2;4;15;16;4;10;2;4;1;0;1.91;3.5;4.0;1.93;3.44;3.93;1.94;1.87;1.93;1.95
SP1;27/10/12;Espanol;Malaga;0;0;D;0;0;D;12;13;3;4;19;21;6;8;4;5;0;0;2.8;3.3;2.5;2.85;3.27;2.47;2.06;1.76;2.08;1.78
SP1;27/10/12;Vallecano;Barcelona;0;5;A;0;1;A;18;15;3;10;18;14;7;4;5;1;0;0;11.0;6.0;1.25;10.41;5.82;1.26;1.36;3.05;1.9;1.97
SP1;28/10/12;Ath Bilbao;Getafe;1;2;A;0;1;A;21;15;10;8;18;15;8;3;5;2;0;0;1.85;3.5;4.2;1.87;3.48;4.12;1.89;1.91;1.89;1.99
SP1;28/10/12;Ath Madrid;Osasuna;3;1;H;2;1;H;19;8;9;4;11;11;6;4;3;3;0;0;1.3;5.0;11.0;1.3;5.08;10.36;1.65;2.22;1.86;2.01
SP1;28/10/12;Levante;Granada;3;1;H;1;0;H;11;10;6;2;9;13;3;6;1;2;0;0;2.0;3.4;3.75;2.0;3.35;3.77;2.12;1.72;2.04;1.84
SP1;28/10/12;Mallorca;Real Madrid;0;5;A;0;2;A;5;16;0;8;11;9;8;6;2;2;0;0;8.0;4.5;1.4;8.35;4.79;1.36;1.48;2.58;1.82;2.05
SP1;28/10/12;Zaragoza;Sevilla;2;1;H;2;0;H;11;9;6;6;18;12;5;5;3;6;0;0;3.0;3.25;2.38;3.05;3.24;2.35;2.11;1.72;2.25;1.66
SP1;29/10/12;Valladolid;Sociedad;2;2;D;1;1;D;12;14;6;4;18;14;5;3;3;1;0;0;2.1;3.3;3.5;2.11;3.32;3.48;1.96;1.84;1.51;2.55
SP1;03/11/12;Barcelona;Celta;3;1;H;2;1;H;13;11;6;4;9;11;4;5;1;2;0;0;1.08;10.0;26.0;1.08;10.11;25.58;1.24;3.84;1.77;2.12
SP1;03/11/12;Malaga;Vallecano;1;2;A;0;1;A;11;10;4;5;14;13;6;5;3;5;0;0;1.4;4.5;8.0;1.4;4.58;7.85;1.61;2.27;1.63;2.34
SP1;03/11/12;Real Madrid;Zaragoza;4;0;H;2;0;H;20;13;11;3;10;16;5;4;2;2;0;0;1.08;10.0;26.0;1.1;9.6;23.71;1.26;3.76;1.84;2.04
SP1;03/11/12;Valencia;Ath Madrid;2;0;H;1;0;H;6;13;2;2;18;13;1;10;3;4;1;0;2.4;3.4;2.8;2.49;3.37;2.77;1.81;2.0;1.83;2.03
SP1;04/11/12;Granada;Ath Bilbao;1;2;A;0;2;A;24;15;9;8;17;17;6;6;5;4;0;0;2.38;3.4;2.88;2.39;3.33;2.92;1.91;1.89;1.72;2.15
SP1;04/11/12;La Coruna;Mallorca;1;0;H;1;0;H;13;19;3;5;7;15;4;4;1;2;0;0;1.95;3.3;4.0;2.03;3.36;3.69;2.01;1.8;1.75;2.16
SP1;04/11/12;Osasuna;Valladolid;0;1;A;0;0;D;17;5;4;3;19;14;11;2;1;3;1;0;2.05;3.2;3.8;2.05;3.28;3.71;2.17;1.69;1.8;2.08
SP1;04/11/12;Sevilla;Levante;0;0;D;0;0;D;20;3;5;1;9;8;10;2;1;1;0;0;1.5;4.0;7.0;1.5;4.0;6.85;1.85;1.96;1.81;2.07
SP1;04/11/12;Sociedad;Espanol;0;1;A;0;0;D;16;8;8;2;16;23;11;7;1;6;0;0;1.83;3.5;4.33;1.88;3.48;4.14;1.98;1.83;2.16;1.75
SP1;05/11/12;Getafe;Betis;2;4;A;0;0;D;18;7;3;5;9;9;11;3;2;4;0;0;1.91;3.4;4.0;1.97;3.41;3.83;1.91;1.89;1.73;2.17
SP1;09/11/12;Betis;Granada;1;2;A;0;1;A;14;12;3;3;12;16;6;3;1;7;0;0;1.7;3.8;4.75;1.74;3.62;4.71;1.95;1.85;1.97;1.9
SP1;10/11/12;Espanol;Osasuna;0;3;A;0;1;A;18;12;5;6;13;16;10;8;2;4;0;0;1.8;3.5;4.5;1.87;3.45;4.19;2.03;1.78;1.87;2.01
SP1;10/11/12;Malaga;Sociedad;1;2;A;1;1;D;12;8;4;4;19;13;8;4;4;2;0;0;1.53;4.0;6.0;1.55;3.97;6.06;1.78;2.03;1.99;1.87
SP1;10/11/12;Vallecano;Celta;3;2;H;0;2;A;29;7;8;2;9;17;9;2;4;4;0;1;2.38;3.4;2.9;2.37;3.31;2.96;1.77;2.04;2.07;1.8
SP1;10/11/12;Zaragoza;La Coruna;5;3;H;1;2;A;23;12;9;5;19;12;7;6;4;3;0;1;2.05;3.25;3.75;2.06;3.29;3.65;2.1;1.72;1.77;2.1
SP1;11/11/12;Ath Bilbao;Sevilla;2;1;H;2;0;H;9;16;2;7;12;20;2;7;6;5;1;0;2.38;3.5;2.8;2.49;3.31;2.8;1.84;1.96;2.19;1.7
SP1;11/11/12;Ath Madrid;Getafe;2;0;H;2;0;H;14;9;4;3;20;13;7;6;2;5;0;0;1.36;4.75;8.5;1.36;4.86;8.48;1.64;2.23;2.07;1.81
SP1;11/11/12;Levante;Real Madrid;1;2;A;0;1;A;11;19;4;6;27;13;2;8;6;1;0;0;9.0;5.5;1.3;9.24;5.26;1.31;1.5;2.51;1.94;1.92
SP1;11/11/12;Mallorca;Barcelona;2;4;A;0;3;A;5;12;3;5;18;6;6;6;1;1;0;0;13.0;6.0;1.22;11.61;6.12;1.23;1.43;2.71;1.98;1.89
SP1;11/11/12;Valladolid;Valencia;1;1;D;0;1;A;9;15;2;3;8;10;2;10;0;0;0;1;2.8;3.4;2.4;2.94;3.27;2.4;1.99;1.81;1.78;2.09
SP1;17/11/12;Barcelona;Zaragoza;3;1;H;2;1;H;8;13;3;2;6;15;5;7;0;1;0;0;1.08;10.0;26.0;1.08;10.65;24.15;1.21;4.15;1.83;2.04
SP1;17/11/12;Osasuna;Malaga;0;0;D;0;0;D;19;14;8;3;17;13;12;4;4;1;0;0;3.0;3.2;2.4;2.92;3.22;2.46;2.16;1.69;2.11;1.74
SP1;17/11/12;Real Madrid;Ath Bilbao;5;1;H;3;1;H;29;11;18;1;15;19;11;4;1;4;0;0;1.17;8.0;12.0;1.16;7.99;14.6;1.25;3.8;1.71;2.2
SP1;17/11/12;Valencia;Espanol;2;1;H;1;1;D;10;11;6;5;30;18;5;3;7;7;0;2;1.5;4.0;7.0;1.49;4.09;6.86;1.81;2.0;1.85;2.02
SP1;18/11/12;Celta;Mallorca;1;1;D;0;1;A;15;15;2;7;8;18;4;12;1;3;0;0;1.91;3.4;4.0;1.9;3.46;4.07;2.05;1.77;1.89;1.99
SP1;18/11/12;Getafe;Valladolid;2;1;H;0;1;A;19;13;8;3;12;16;5;3;2;0;0;0;2.0;3.3;3.8;2.0;3.33;3.83;2.11;1.72;1.7;2.2
SP1;18/11/12;Granada;Ath Madrid;0;1;A;0;0;D;13;12;2;6;14;11;4;9;3;3;0;1;4.5;3.75;1.73;4.68;3.58;1.76;1.92;1.88;1.86;2.01
SP1;18/11/12;La Coruna;Levante;0;2;A;0;1;A;24;12;4;3;12;12;10;5;6;3;1;1;2.05;3.4;3.5;2.04;3.37;3.63;1.98;1.82;1.76;2.11
SP1;18/11/12;Sevilla;Betis;5;1;H;4;0;H;22;5;13;3;22;18;3;2;3;2;0;1;1.67;3.5;5.5;1.7;3.66;5.07;1.78;2.02;1.92;1.94
SP1;19/11/12;Sociedad;Vallecano;4;0;H;2;0;H;26;9;10;2;8;16;12;5;1;3;0;0;1.75;3.5;4.75;1.79;3.57;4.45;1.73;2.09;2.02;1.84
SP1;23/11/12;Sociedad;Osasuna;0;0;D;0;0;D;13;19;3;5;10;16;9;4;3;4;0;0;1.85;3.5;4.2;1.85;3.49;4.37;2.05;1.76;1.61;2.38
SP1;24/11/12;Betis;Real Madrid;1;0;H;1;0;H;9;18;3;8;22;9;1;10;4;2;0;0;10.0;5.5;1.29;10.56;5.58;1.27;1.41;2.76;2.12;1.77
SP1;24/11/12;Malaga;Valencia;4;0;H;1;0;H;22;5;6;1;16;19;8;4;2;5;0;1;2.1;3.4;3.4;2.09;3.37;3.51;2.03;1.77;1.81;2.05
SP1;24/11/12;Valladolid;Granada;1;0;H;0;0;D;10;14;5;1;7;16;4;3;1;4;0;0;1.85;3.4;4.33;1.88;3.45;4.19;2.03;1.78;1.64;2.3
SP1;24/11/12;Vallecano;Mallorca;2;0;H;0;0;D;19;9;4;5;13;18;10;1;2;3;0;0;2.1;3.4;3.4;2.12;3.4;3.4;1.82;1.98;1.86;2.01
SP1;25/11/12;Ath Bilbao;La Coruna;1;1;D;1;0;H;26;9;6;5;16;8;13;4;4;3;0;0;1.67;3.8;5.0;1.7;3.77;4.8;1.66;2.2;1.91;1.96
SP1;25/11/12;Ath Madrid;Sevilla;4;0;H;3;0;H;18;2;7;2;13;12;7;0;2;2;0;3;1.62;3.8;5.5;1.62;3.83;5.49;1.72;2.11;1.78;2.1
SP1;25/11/12;Espanol;Getafe;0;2;A;0;1;A;11;10;4;7;13;17;6;4;2;2;0;0;2.1;3.4;3.4;2.15;3.32;3.39;2.04;1.77;1.87;1.99
SP1;25/11/12;Levante;Barcelona;0;4;A;0;0;D;11;13;3;7;7;6;4;8;0;1;0;0;13.0;6.5;1.2;11.92;5.79;1.25;1.43;2.69;1.97;1.89
SP1;26/11/12;Zaragoza;Celta;0;1;A;0;0;D;14;8;3;4;13;17;8;3;3;1;0;0;2.1;3.3;3.5;2.15;3.31;3.37;1.99;1.81;1.85;2.02
SP1;30/11/12;Osasuna;Vallecano;1;0;H;1;0;H;12;9;3;1;14;13;3;8;3;2;0;0;1.91;3.5;4.0;1.93;3.51;3.94;1.89;1.91;1.68;2.24
SP1;01/12/12;Barcelona;Ath Bilbao;5;1;H;3;0;H;19;6;10;2;7;10;3;1;1;3;0;0;1.09;10.0;21.0;1.09;9.68;21.39;1.22;4.01;2.0;1.86
SP1;01/12/12;Getafe;Malaga;1;0;H;0;0;D;13;8;3;5;15;11;5;5;1;4;1;0;2.6;3.25;2.7;2.61;3.27;2.65;2.06;1.75;1.9;1.94
SP1;01/12/12;Real Madrid;Ath Madrid;2;0;H;1;0;H;13;4;6;2;19;23;3;4;1;5;0;0;1.44;4.5;6.5;1.43;4.55;6.84;1.43;2.69;1.92;1.94
SP1;01/12/12;Valencia;Sociedad;2;5;A;1;1;D;10;17;5;11;17;11;5;8;2;2;1;0;1.6;3.8;5.75;1.61;3.8;5.53;1.8;2.0;1.8;2.07
SP1;02/12/12;Celta;Levante;1;1;D;1;0;H;18;8;8;2;11;11;7;1;3;3;0;0;2.0;3.5;3.6;2.03;3.38;3.63;2.02;1.78;1.81;2.04
SP1;02/12/12;Granada;Espanol;0;0;D;0;0;D;24;12;7;2;14;22;11;2;0;4;0;0;2.05;3.4;3.5;2.07;3.31;3.55;2.1;1.72;1.79;2.06
SP1;02/12/12;La Coruna;Betis;2;3;A;0;1;A;17;12;7;7;9;16;12;5;3;5;0;0;2.1;3.4;3.4;2.14;3.35;3.33;1.87;1.93;1.86;2.0
SP1;02/12/12;Mallorca;Zaragoza;1;1;D;0;1;A;19;2;7;2;19;8;9;0;3;3;0;1;2.0;3.5;3.6;2.01;3.38;3.69;2.01;1.79;1.78;2.08
SP1;03/12/12;Sevilla;Valladolid;1;2;A;0;2;A;21;17;4;7;20;18;9;1;2;6;1;0;1.7;3.75;4.75;1.74;3.62;4.77;1.83;1.96;2.25;1.67
SP1;07/12/12;Espanol;Sevilla;2;2;D;1;1;D;11;6;3;4;24;23;4;3;5;3;0;1;2.8;3.3;2.5;2.77;3.3;2.55;2.0;1.8;1.72;2.19
SP1;08/12/12;Malaga;Granada;4;0;H;2;0;H;20;22;9;8;17;8;3;7;3;0;0;0;1.44;4.33;7.0;1.47;4.16;6.92;1.8;2.01;1.83;2.03
SP1;08/12/12;Osasuna;Valencia;0;1;A;0;0;D;11;10;4;3;18;12;6;5;2;2;0;0;2.63;3.3;2.63;2.71;3.23;2.61;2.18;1.68;1.94;1.9
SP1;08/12/12;Sociedad;Getafe;1;1;D;0;0;D;10;15;3;2;16;19;6;6;2;6;0;0;1.91;3.3;4.2;1.91;3.41;4.05;2.04;1.77;1.9;1.97
SP1;08/12/12;Valladolid;Real Madrid;2;3;A;2;2;D;10;20;4;13;17;14;6;11;3;3;0;0;10.0;6.0;1.25;10.73;5.55;1.27;1.44;2.68;2.06;1.8
SP1;09/12/12;Ath Bilbao;Celta;1;0;H;1;0;H;10;11;2;1;16;20;7;6;3;3;0;0;1.83;3.75;4.0;1.89;3.55;4.03;1.67;2.17;2.17;1.73
SP1;09/12/12;Ath Madrid;La Coruna;6;0;H;3;0;H;14;9;9;1;8;11;5;7;0;2;0;0;1.29;5.5;10.0;1.28;5.41;10.57;1.46;2.61;1.8;2.07
SP1;09/12/12;Betis;Barcelona;1;2;A;1;2;A;9;13;3;8;17;11;4;5;3;2;0;0;9.0;5.5;1.3;9.43;5.34;1.31;1.41;2.77;2.0;1.86
SP1;09/12/12;Levante;Mallorca;4;0;H;1;0;H;14;15;9;2;10;13;8;5;0;1;0;0;2.0;3.2;4.0;2.05;3.31;3.71;2.11;1.72;1.78;2.09
SP1;10/12/12;Vallecano;Zaragoza;0;2;A;0;1;A;14;13;1;7;16;21;7;1;2;3;0;0;2.25;3.3;3.2;2.2;3.35;3.22;1.79;2.01;1.94;1.92
SP1;15/12/12;Getafe;Osasuna;1;1;D;0;0;D;8;7;2;3;12;17;5;3;4;4;0;1;1.95;3.3;4.0;1.91;3.4;4.09;2.24;1.63;1.9;1.96
SP1;15/12/12;Granada;Sociedad;0;0;D;0;0;D;10;15;4;3;27;5;9;4;3;3;0;0;2.4;3.3;2.88;2.42;3.25;2.94;2.11;1.71;2.09;1.79
SP1;15/12/12;Mallorca;Ath Bilbao;0;1;A;0;1;A;18;12;4;2;22;16;15;3;3;3;0;0;2.4;3.4;2.8;2.42;3.32;2.88;1.96;1.84;2.08;1.79
SP1;15/12/12;Sevilla;Malaga;0;2;A;0;0;D;15;9;2;2;14;14;10;7;1;4;1;0;2.1;3.3;3.5;2.1;3.37;3.48;1.98;1.82;1.79;2.07
SP1;16/12/12;Barcelona;Ath Madrid;4;1;H;2;1;H;11;8;6;1;15;16;9;5;1;1;0;0;1.25;6.0;10.0;1.29;5.54;9.61;1.41;2.78;1.84;2.02
SP1;16/12/12;Real Madrid;Espanol;2;2;D;1;1;D;29;12;10;3;10;14;11;7;2;4;0;0;1.1;10.0;17.0;1.1;9.95;21.21;1.25;3.79;1.81;2.05
SP1;16/12/12;Valencia;Vallecano;0;1;A;0;0;D;8;8;2;2;17;18;4;4;2;5;0;0;1.44;4.33;7.0;1.45;4.4;7.04;1.6;2.27;1.73;2.16
SP1;16/12/12;Zaragoza;Levante;0;1;A;0;1;A;12;10;2;3;15;22;2;3;4;4;0;1;2.0;3.4;3.75;2.01;3.37;3.77;2.13;1.7;2.0;1.87
SP1;17/12/12;Celta;Betis;0;1;A;0;0;D;12;11;2;5;8;7;4;3;2;2;0;0;2.05;3.4;3.5;2.01;3.4;3.67;1.91;1.88;1.72;2.18
SP1;17/12/12;La Coruna;Valladolid;0;0;D;0;0;D;18;9;3;4;9;6;10;0;2;0;0;0;2.2;3.3;3.25;2.26;3.28;3.1;1.95;1.84;1.95;1.91
SP1;20/12/12;Espanol;La Coruna;2;0;H;1;0;H;9;16;5;4;11;12;3;11;2;2;0;0;1.8;3.6;4.33;1.83;3.57;4.31;1.93;1.87;2.07;1.81
SP1;20/12/12;Sociedad;Sevilla;2;1;H;1;0;H;12;14;4;4;10;20;3;6;2;3;0;1;2.38;3.4;2.88;2.38;3.31;2.97;1.97;1.83;2.07;1.81
SP1;20/12/12;Vallecano;Levante;3;0;H;0;0;D;18;9;7;3;20;17;3;5;3;4;0;0;2.25;3.25;3.25;2.32;3.28;3.12;2.07;1.75;2.03;1.84
SP1;21/12/12;Ath Madrid;Celta;1;0;H;0;0;D;12;5;3;0;13;12;6;4;2;4;1;0;1.29;5.5;10.0;1.3;5.29;10.12;1.59;2.28;1.99;1.88
SP1;21/12/12;Valencia;Getafe;4;2;H;3;1;H;20;16;8;6;12;17;8;7;3;4;0;0;1.67;3.75;5.0;1.68;3.7;5.28;1.88;1.91;1.9;1.96
SP1;22/12/12;Ath Bilbao;Zaragoza;0;2;A;0;2;A;12;13;3;4;8;19;7;3;1;3;0;0;1.83;3.5;4.2;1.84;3.52;4.3;1.89;1.89;1.85;2.02
SP1;22/12/12;Betis;Mallorca;1;2;A;1;1;D;17;3;7;2;17;17;9;1;3;4;0;0;1.7;3.6;5.0;1.73;3.63;4.82;1.94;1.86;1.95;1.9
SP1;22/12/12;Malaga;Real Madrid;3;2;H;0;0;D;11;18;6;5;9;12;6;7;1;4;0;0;5.5;4.1;1.57;5.63;3.98;1.58;1.51;2.48;1.86;1.99
SP1;22/12/12;Osasuna;Granada;1;2;A;1;1;D;11;12;4;4;11;7;9;7;2;3;0;0;1.95;3.3;4.0;1.94;3.36;4.04;2.27;1.62;1.93;1.94
SP1;22/12/12;Valladolid;Barcelona;1;3;A;0;1;A;5;11;2;5;15;4;2;4;4;1;0;0;13.0;6.0;1.22;11.9;6.26;1.23;1.4;2.82;1.8;2.07
SP1;04/01/13;Zaragoza;Betis;1;2;A;0;1;A;10;9;1;6;19;12;6;2;5;5;1;0;2.2;3.4;3.2;2.26;3.36;3.19;2.11;1.72;1.63;2.32
SP1;05/01/13;Granada;Valencia;1;2;A;0;0;D;3;28;2;7;16;10;1;11;3;3;1;0;3.25;3.2;2.25;3.21;3.26;2.27;2.13;1.7;1.9;1.97
SP1;05/01/13;La Coruna;Malaga;1;0;H;0;0;D;12;9;4;3;24;16;3;7;4;3;0;0;3.0;3.4;2.3;3.12;3.29;2.31;1.92;1.87;1.85;2.02
SP1;05/01/13;Levante;Ath Bilbao;3;1;H;2;1;H;11;11;6;5;15;12;9;4;3;3;0;1;2.25;3.3;3.2;2.29;3.27;3.15;2.0;1.8;2.0;1.87
SP1;05/01/13;Sevilla;Osasuna;1;0;H;0;0;D;17;9;6;3;9;13;11;13;2;1;0;0;1.53;4.1;6.0;1.58;3.88;5.92;1.89;1.9;1.72;2.18
SP1;06/01/13;Barcelona;Espanol;4;0;H;4;0;H;19;5;8;1;3;17;7;1;0;4;0;0;1.1;10.0;21.0;1.09;9.92;23.62;1.24;3.88;1.91;1.94
SP1;06/01/13;Celta;Valladolid;3;1;H;2;1;H;14;12;6;4;14;20;4;4;2;3;0;0;1.95;3.3;4.0;1.93;3.35;4.13;2.15;1.69;1.65;2.28
SP1;06/01/13;Mallorca;Ath Madrid;1;1;D;0;0;D;6;15;2;6;15;14;2;11;1;3;0;0;3.4;3.4;2.1;3.48;3.33;2.13;2.05;1.75;1.99;1.87
SP1;06/01/13;Real Madrid;Sociedad;4;3;H;2;2;D;25;16;9;5;12;12;4;9;2;5;1;1;1.18;7.0;13.0;1.18;7.04;13.9;1.29;3.48;1.84;2.01
SP1;07/01/13;Vallecano;Getafe;3;1;H;2;0;H;24;11;12;4;17;15;7;2;1;2;0;1;2.2;3.3;3.3;2.24;3.31;3.21;2.04;1.77;1.61;2.33
SP1;11/01/13;Ath Bilbao;Vallecano;1;2;A;0;0;D;18;12;7;6;15;23;8;4;4;4;0;1;1.91;3.5;4.0;1.92;3.62;3.87;1.68;2.16;1.69;2.23
SP1;12/01/13;Espanol;Celta;1;0;H;1;0;H;14;12;4;1;19;19;7;8;6;1;0;0;2.25;3.2;3.3;2.24;3.25;3.26;2.11;1.71;1.91;1.96
SP1;12/01/13;Osasuna;Real Madrid;0;0;D;0;0;D;13;9;2;1;15;13;7;6;4;2;0;1;7.0;4.33;1.44;6.71;4.16;1.49;1.64;2.21;1.97;1.89
SP1;12/01/13;Valencia;Sevilla;2;0;H;0;0;D;17;6;4;1;21;14;6;1;3;2;0;0;2.1;3.4;3.4;2.04;3.41;3.63;1.8;2.0;1.78;2.09
SP1;12/01/13;Valladolid;Mallorca;3;1;H;1;1;D;14;12;8;4;14;9;7;5;2;4;0;0;2.0;3.4;3.75;2.02;3.34;3.72;2.1;1.73;1.74;2.15
SP1;13/01/13;Ath Madrid;Zaragoza;2;0;H;2;0;H;14;4;5;1;12;16;10;4;1;3;0;0;1.29;5.5;10.0;1.3;5.13;9.76;1.63;2.25;1.92;1.94
SP1;13/01/13;Betis;Levante;2;0;H;1;0;H;13;9;4;3;16;17;6;4;2;4;0;0;1.91;3.5;4.0;1.93;3.43;3.95;2.04;1.76;1.68;2.24
SP1;13/01/13;Malaga;Barcelona;1;3;A;0;1;A;7;12;2;4;17;14;2;5;1;2;0;0;7.0;4.75;1.4;7.1;4.51;1.43;1.48;2.58;1.65;2.28
SP1;13/01/13;Sociedad;La Coruna;1;1;D;1;1;D;11;20;2;7;10;14;8;4;3;3;0;1;1.75;3.5;4.75;1.81;3.57;4.4;1.78;2.02;2.06;1.81
SP1;14/01/13;Getafe;Granada;2;2;D;2;1;H;9;11;5;3;18;13;1;7;4;2;0;0;1.83;3.5;4.33;1.86;3.48;4.23;2.05;1.75;2.16;1.73
SP1;18/01/13;Espanol;Mallorca;3;2;H;1;2;A;18;11;7;3;18;17;8;2;4;1;0;1;2.0;3.4;3.75;1.96;3.38;3.97;2.15;1.69;1.7;2.22
SP1;19/01/13;Getafe;Sevilla;1;1;D;1;1;D;8;13;3;3;9;10;3;8;4;2;0;0;2.7;3.25;2.6;2.71;3.24;2.62;2.04;1.76;1.97;1.88
SP1;19/01/13;Granada;Vallecano;2;0;H;1;0;H;12;15;5;4;15;12;5;10;2;4;0;0;2.15;3.3;3.4;2.22;3.31;3.26;2.03;1.78;1.91;1.95
SP1;19/01/13;Malaga;Celta;1;1;D;1;0;H;11;11;7;5;11;8;5;4;2;5;0;0;1.62;3.75;5.5;1.63;3.76;5.63;1.91;1.88;2.13;1.77
SP1;19/01/13;Sociedad;Barcelona;3;2;H;1;2;A;14;8;6;3;14;15;3;6;3;2;0;1;10.0;5.5;1.29;10.48;5.44;1.28;1.4;2.82;1.77;2.11
SP1;20/01/13;Ath Madrid;Levante;2;0;H;1;0;H;13;10;4;2;17;14;9;6;1;4;0;0;1.3;5.5;9.0;1.29;5.19;11.26;1.67;2.17;1.84;2.02
SP1;20/01/13;Osasuna;La Coruna;2;1;H;1;0;H;8;17;4;5;17;19;8;6;5;1;0;0;2.0;3.4;3.75;2.01;3.35;3.79;2.18;1.67;1.72;2.18
SP1;20/01/13;Valencia;Real Madrid;0;5;A;0;5;A;20;13;4;7;22;13;9;5;3;4;0;0;4.5;3.75;1.75;4.33;3.73;1.79;1.53;2.4;1.82;2.05
SP1;20/01/13;Valladolid;Zaragoza;2;0;H;1;0;H;13;12;6;2;13;15;5;6;1;3;0;0;2.0;3.4;3.75;2.01;3.36;3.77;2.13;1.7;2.02;1.86
SP1;21/01/13;Betis;Ath Bilbao;1;1;D;1;1;D;10;16;2;5;14;12;5;8;4;3;0;0;1.91;3.5;4.0;1.92;3.5;3.96;1.8;2.0;1.91;1.96
SP1;26/01/13;Celta;Sociedad;1;1;D;1;0;H;11;17;4;4;15;8;5;8;4;3;1;0;2.2;3.4;3.2;2.2;3.34;3.26;1.95;1.85;1.93;1.93
SP1;26/01/13;La Coruna;Valencia;2;3;A;2;1;H;11;22;7;12;17;10;8;13;2;2;2;0;2.88;3.2;2.5;2.94;3.28;2.41;2.01;1.79;1.8;2.08
SP1;26/01/13;Levante;Valladolid;2;1;H;1;1;D;16;11;7;5;12;10;3;5;3;1;0;0;2.0;3.4;3.75;1.98;3.36;3.85;2.08;1.74;1.97;1.9
SP1;26/01/13;Zaragoza;Espanol;0;0;D;0;0;D;14;5;4;2;16;17;5;5;1;3;1;1;2.05;3.4;3.5;2.14;3.29;3.46;2.17;1.68;1.86;2.01
SP1;27/01/13;Ath Bilbao;Ath Madrid;3;0;H;0;0;D;22;17;10;6;9;14;8;9;1;4;0;0;3.0;3.25;2.38;3.01;3.27;2.35;2.03;1.77;1.84;2.03
SP1;27/01/13;Barcelona;Osasuna;5;1;H;3;1;H;19;3;9;1;11;9;8;2;1;1;0;1;1.07;11.0;29.0;1.08;10.4;25.22;1.25;3.81;1.77;2.1
SP1;27/01/13;Mallorca;Malaga;2;3;A;1;2;A;23;5;3;3;13;16;13;3;3;3;0;1;3.0;3.2;2.4;2.94;3.21;2.42;2.11;1.72;1.78;2.11
SP1;27/01/13;Real Madrid;Getafe;4;0;H;0;0;D;22;6;13;3;8;17;11;3;2;6;0;0;1.14;7.5;17.0;1.15;7.73;15.17;1.28;3.53;2.17;1.71
SP1;27/01/13;Vallecano;Betis;3;0;H;1;0;H;10;13;6;5;20;17;8;5;5;4;0;0;2.25;3.3;3.2;2.24;3.34;3.14;1.87;1.92;1.94;1.92
SP1;28/01/13;Sevilla;Granada;3;0;H;1;0;H;23;7;9;3;11;18;6;4;2;4;0;0;1.4;4.4;8.0;1.41;4.45;7.77;1.76;2.04;2.19;1.71
SP1;01/02/13;Valladolid;Ath Bilbao;2;2;D;2;1;H;10;18;3;9;8;10;7;7;1;2;0;0;2.5;3.25;2.8;2.53;3.3;2.79;1.91;1.89;2.24;1.71
SP1;02/02/13;Espanol;Levante;3;2;H;1;0;H;13;12;5;4;12;15;9;6;1;2;0;0;2.1;3.2;3.6;2.07;3.32;3.65;2.15;1.69;1.78;2.09
SP1;02/02/13;Getafe;La Coruna;3;1;H;1;1;D;12;13;4;3;19;17;5;5;4;5;1;1;2.05;3.25;3.75;2.01;3.37;3.75;2.05;1.76;1.77;2.12
SP1;02/02/13;Granada;Real Madrid;1;0;H;1;0;H;4;17;0;4;19;7;4;8;2;3;0;0;9.0;5.0;1.33;8.79;5.06;1.34;1.42;2.78;1.89;1.98
SP1;02/02/13;Osasuna;Celta;1;0;H;0;0;D;17;12;4;2;9;16;12;9;2;3;0;0;2.0;3.3;3.75;2.13;3.25;3.53;2.3;1.61;1.86;2.01
SP1;03/02/13;Ath Madrid;Betis;1;0;H;0;0;D;14;5;6;2;17;14;9;4;3;4;0;0;1.44;4.33;7.0;1.46;4.26;7.01;1.72;2.11;1.81;2.04
SP1;03/02/13;Malaga;Zaragoza;1;1;D;1;1;D;7;15;3;4;15;13;4;6;4;3;0;1;1.53;4.0;6.0;1.55;3.98;6.11;1.88;1.92;1.95;1.91
SP1;03/02/13;Sevilla;Vallecano;2;1;H;1;0;H;16;10;5;4;19;18;12;4;3;4;1;0;1.5;4.33;6.0;1.51;4.16;6.35;1.68;2.18;1.86;2.0
SP1;03/02/13;Sociedad;Mallorca;3;0;H;0;0;D;27;6;11;3;12;14;9;4;2;2;0;1;1.7;3.75;4.75;1.7;3.7;4.92;1.93;1.87;2.22;1.69
SP1;03/02/13;Valencia;Barcelona;1;1;D;1;1;D;17;10;5;2;20;13;6;5;3;1;0;0;7.0;4.33;1.44;6.51;4.47;1.46;1.42;2.78;2.12;1.75
SP1;09/02/13;Celta;Valencia;0;1;A;0;0;D;6;15;2;4;11;14;10;5;2;4;0;0;2.63;3.3;2.63;2.76;3.24;2.56;2.05;1.76;2.01;1.83
SP1;09/02/13;La Coruna;Granada;0;3;A;0;1;A;16;14;1;4;10;13;5;5;3;3;1;0;2.0;3.3;3.8;2.05;3.34;3.65;2.06;1.75;2.04;1.83
SP1;09/02/13;Levante;Malaga;1;2;A;1;1;D;12;8;4;4;14;11;4;4;4;1;0;0;2.5;3.25;2.8;2.54;3.26;2.77;2.04;1.76;1.82;2.01
SP1;09/02/13;Mallorca;Osasuna;1;1;D;0;0;D;12;10;2;3;10;12;12;2;3;3;0;0;2.1;3.3;3.5;2.13;3.29;3.48;2.19;1.67;2.12;1.76
SP1;09/02/13;Real Madrid;Sevilla;4;1;H;2;0;H;18;12;10;6;19;19;5;9;4;1;1;1;1.36;5.0;7.5;1.37;4.98;7.79;1.4;2.82;2.03;1.83
SP1;10/02/13;Ath Bilbao;Espanol;0;4;A;0;1;A;16;9;5;5;12;16;12;3;2;7;0;0;1.73;3.6;4.75;1.74;3.68;4.71;1.82;1.97;1.72;2.17
SP1;10/02/13;Barcelona;Getafe;6;1;H;2;0;H;17;6;9;1;13;9;4;0;1;2;0;0;1.09;10.0;21.0;1.09;10.01;22.45;1.21;4.19;1.71;2.19
SP1;10/02/13;Vallecano;Ath Madrid;2;1;H;2;0;H;10;20;3;7;17;16;2;8;2;2;0;0;3.5;3.3;2.1;3.47;3.35;2.1;1.95;1.84;1.79;2.09
SP1;10/02/13;Zaragoza;Sociedad;1;2;A;0;2;A;10;14;3;7;11;6;5;6;3;0;1;0;2.4;3.3;2.88;2.46;3.26;2.88;2.09;1.73;1.77;2.08
SP1;11/02/13;Betis;Valladolid;0;0;D;0;0;D;22;3;3;0;13;16;8;3;0;3;1;1;1.83;3.5;4.33;1.89;3.44;4.17;2.07;1.75;1.88;1.98
SP1;15/02/13;Sevilla;La Coruna;3;1;H;3;1;H;20;13;9;6;21;4;6;7;6;2;0;0;1.36;4.75;8.0;1.37;4.79;8.53;1.64;2.24;2.06;1.82
SP1;16/02/13;Getafe;Celta;3;1;H;3;1;H;15;5;10;2;16;9;7;4;1;1;0;0;2.1;3.3;3.5;2.13;3.31;3.49;2.16;1.68;1.86;2.01
SP1;16/02/13;Granada;Barcelona;1;2;A;1;0;H;6;17;5;8;15;14;1;1;2;1;0;0;10.0;6.0;1.25;10.87;5.66;1.27;1.38;2.93;1.65;2.28
SP1;16/02/13;Malaga;Ath Bilbao;1;0;H;1;0;H;12;8;7;6;16;17;5;8;2;2;0;0;1.8;3.75;4.2;1.85;3.65;4.11;1.75;2.06;2.13;1.77
SP1;16/02/13;Osasuna;Zaragoza;1;0;H;1;0;H;8;10;3;3;25;13;7;4;7;7;0;0;1.91;3.3;4.2;1.96;3.33;4.04;2.33;1.59;1.95;1.91
SP1;17/02/13;Espanol;Betis;1;0;H;1;0;H;6;5;2;2;24;21;8;5;4;3;0;0;2.0;3.3;3.8;2.07;3.32;3.6;2.07;1.74;2.06;1.82
SP1;17/02/13;Real Madrid;Vallecano;2;0;H;2;0;H;10;10;6;1;15;18;2;8;3;4;1;0;1.18;7.5;12.0;1.18;6.96;13.41;1.23;3.92;1.83;2.04
SP1;17/02/13;Sociedad;Levante;1;1;D;1;1;D;12;7;5;7;13;16;12;4;2;5;0;1;1.67;3.8;5.0;1.69;3.67;4.98;1.94;1.86;2.18;1.72
SP1;17/02/13;Valencia;Mallorca;2;0;H;0;0;D;4;16;2;8;13;16;2;6;5;3;1;0;1.4;4.75;7.5;1.4;4.51;7.72;1.7;2.13;2.23;1.69
SP1;17/02/13;Valladolid;Ath Madrid;0;3;A;0;1;A;3;13;0;8;10;13;3;4;4;0;0;0;3.75;3.4;2.0;3.64;3.37;2.04;2.02;1.78;1.83;2.04
SP1;22/02/13;Ath Bilbao;Sociedad;1;3;A;1;1;D;18;13;5;5;17;22;7;4;3;1;0;0;2.25;3.4;3.1;2.34;3.4;3.02;1.74;2.08;2.07;1.82
SP1;23/02/13;Barcelona;Sevilla;2;1;H;0;1;A;17;7;3;4;10;12;10;1;0;2;0;0;1.18;7.0;13.0;1.2;6.83;13.06;1.26;3.59;1.84;2.02
SP1;23/02/13;La Coruna;Real Madrid;1;2;A;1;0;H;15;17;5;8;11;13;3;5;3;3;0;1;8.5;5.0;1.33;8.12;4.97;1.36;1.39;2.87;1.86;2.01
SP1;23/02/13;Mallorca;Getafe;1;3;A;1;0;H;15;15;4;4;14;10;13;5;3;4;0;0;2.2;3.2;3.4;2.18;3.31;3.32;2.03;1.78;1.88;1.99
SP1;23/02/13;Zaragoza;Valencia;2;2;D;2;1;H;14;11;6;8;18;19;5;5;5;4;1;0;3.2;3.2;2.3;3.12;3.23;2.31;2.14;1.7;1.87;2.0
SP1;24/02/13;Ath Madrid;Espanol;1;0;H;1;0;H;10;12;3;1;16;23;5;4;3;7;1;0;1.36;4.75;8.0;1.37;4.56;8.8;1.77;2.03;2.12;1.76
SP1;24/02/13;Betis;Malaga;3;0;H;3;0;H;21;3;8;1;18;12;6;2;2;1;0;1;2.5;3.25;2.8;2.54;3.22;2.82;2.08;1.74;1.84;2.02
SP1;24/02/13;Celta;Granada;2;1;H;1;1;D;13;9;4;2;14;12;4;4;3;3;0;0;1.83;3.4;4.5;1.87;3.43;4.24;2.15;1.69;1.86;2.02
SP1;24/02/13;Vallecano;Valladolid;1;2;A;0;0;D;18;17;8;3;14;14;10;5;2;2;0;0;1.75;3.5;4.75;1.78;3.53;4.58;1.86;1.93;1.76;2.13
SP1;25/02/13;Levante;Osasuna;0;2;A;0;0;D;8;17;3;6;10;22;7;2;0;2;0;0;1.91;3.4;4.0;1.99;3.34;3.82;2.15;1.69;1.71;2.19
SP1;01/03/13;Getafe;Zaragoza;2;0;H;1;0;H;8;12;4;3;20;20;5;7;3;2;1;1;1.91;3.4;4.0;1.89;3.46;4.22;2.09;1.73;2.17;1.74
SP1;02/03/13;La Coruna;Vallecano;0;0;D;0;0;D;13;18;4;3;13;18;3;7;1;5;1;0;2.3;3.3;3.1;2.32;3.33;3.04;1.78;2.03;2.01;1.87
SP1;02/03/13;Osasuna;Ath Bilbao;0;1;A;0;0;D;18;7;6;2;13;17;9;4;1;4;0;0;2.3;3.25;3.1;2.3;3.26;3.14;2.07;1.75;1.98;1.9
SP1;02/03/13;Real Madrid;Barcelona;2;1;H;1;1;D;14;5;6;2;21;19;4;1;4;6;0;1;2.88;3.6;2.3;2.92;3.48;2.34;1.54;2.39;2.13;1.74
SP1;02/03/13;Valencia;Levante;2;2;D;2;1;H;19;8;6;4;13;17;6;4;2;5;0;0;1.5;4.2;6.5;1.5;4.09;6.67;1.78;2.02;1.91;1.95
SP1;03/03/13;Espanol;Valladolid;0;0;D;0;0;D;11;7;0;1;7;16;8;4;0;1;0;0;1.83;3.4;4.5;1.82;3.47;4.49;2.14;1.7;2.07;1.81
SP1;03/03/13;Granada;Mallorca;1;2;A;1;1;D;10;8;5;5;20;18;7;1;1;3;0;0;2.05;3.25;3.75;2.02;3.33;3.76;2.17;1.68;2.03;1.85
SP1;03/03/13;Malaga;Ath Madrid;0;0;D;0;0;D;6;15;2;2;16;21;3;4;2;4;0;0;2.8;3.3;2.5;2.82;3.25;2.52;2.07;1.75;2.06;1.8
SP1;03/03/13;Sociedad;Betis;3;3;D;0;1;A;14;17;7;4;6;16;12;4;1;5;0;0;1.75;3.6;4.75;1.79;3.55;4.5;1.89;1.9;2.02;1.86
SP1;04/03/13;Sevilla;Celta;4;1;H;2;1;H;12;14;7;4;11;9;1;3;1;1;0;0;1.44;4.2;7.5;1.46;4.2;7.19;1.78;2.02;1.81;2.04
SP1;08/03/13;Betis;Osasuna;2;1;H;1;0;H;9;18;5;3;18;18;0;5;5;4;0;1;1.91;3.4;4.0;1.87;3.44;4.38;2.14;1.7;1.87;2.02
SP1;09/03/13;Barcelona;La Coruna;2;0;H;1;0;H;12;4;7;0;14;10;2;0;2;1;0;0;1.11;9.0;19.0;1.13;8.45;17.28;1.25;3.72;1.99;1.88
SP1;09/03/13;Mallorca;Sevilla;2;1;H;1;0;H;10;17;5;5;23;9;6;9;3;2;1;0;3.1;3.3;2.3;3.18;3.29;2.25;1.96;1.85;1.9;1.97
SP1;09/03/13;Valladolid;Malaga;1;1;D;1;1;D;9;6;4;1;14;12;8;1;1;1;0;0;2.38;3.25;3.0;2.36;3.26;3.04;2.12;1.72;1.99;1.88
SP1;09/03/13;Vallecano;Espanol;2;0;H;1;0;H;16;15;9;3;13;17;7;7;4;5;0;0;1.91;3.4;4.0;1.94;3.43;3.95;1.92;1.88;2.2;1.71
SP1;10/03/13;Ath Bilbao;Valencia;1;0;H;0;0;D;9;16;3;5;17;19;7;6;1;6;0;0;2.5;3.4;2.7;2.57;3.32;2.67;1.7;2.13;2.22;1.69
SP1;10/03/13;Ath Madrid;Sociedad;0;1;A;0;0;D;21;10;3;3;20;14;7;5;5;2;0;0;1.5;4.33;6.0;1.5;4.06;6.61;1.71;2.12;1.88;1.99
SP1;10/03/13;Celta;Real Madrid;1;2;A;0;0;D;19;23;10;11;11;6;9;6;2;1;0;0;6.5;4.5;1.45;7.02;4.42;1.44;1.48;2.57;1.92;1.95
SP1;10/03/13;Levante;Getafe;0;0;D;0;0;D;16;13;5;3;19;13;6;3;2;3;0;0;2.1;3.4;3.5;2.17;3.27;3.39;2.03;1.78;1.9;1.97
SP1;11/03/13;Zaragoza;Granada;0;0;D;0;0;D;8;12;3;1;15;18;3;7;3;2;0;0;2.1;3.25;3.6;2.09;3.29;3.58;2.17;1.68;1.79;2.08
SP1;15/03/13;La Coruna;Celta;3;1;H;1;0;H;17;10;8;1;12;19;8;3;2;3;0;1;2.25;3.4;3.1;2.28;3.31;3.19;2.0;1.81;1.94;1.94
SP1;16/03/13;Getafe;Ath Bilbao;1;0;H;1;0;H;19;10;8;1;14;12;8;6;2;4;0;0;2.3;3.4;3.0;2.31;3.31;3.08;1.82;1.97;2.02;1.85
SP1;16/03/13;Real Madrid;Mallorca;5;2;H;1;2;A;24;15;13;6;9;11;11;4;0;1;0;0;1.13;9.0;17.0;1.13;8.64;18.4;1.24;3.83;1.99;1.87
SP1;16/03/13;Sociedad;Valladolid;4;1;H;3;0;H;20;13;10;5;3;12;4;7;0;1;0;0;1.62;3.8;5.5;1.62;3.73;5.81;1.9;1.9;2.13;1.76
SP1;16/03/13;Valencia;Betis;3;0;H;1;0;H;15;9;4;4;17;12;9;4;3;3;0;1;1.62;3.8;5.5;1.63;3.76;5.53;1.76;2.05;2.15;1.74
SP1;17/03/13;Barcelona;Vallecano;3;1;H;2;0;H;19;17;7;8;9;18;6;10;1;4;0;0;1.11;9.0;21.0;1.12;8.72;19.55;1.23;3.93;1.82;2.05
SP1;17/03/13;Granada;Levante;1;1;D;1;0;H;14;7;5;1;19;16;4;1;8;6;0;0;1.91;3.3;4.2;1.97;3.33;3.98;2.15;1.69;1.69;2.23
SP1;17/03/13;Malaga;Espanol;0;2;A;0;0;D;15;9;2;5;9;18;4;5;2;3;0;0;1.91;3.3;4.2;1.88;3.4;4.28;2.05;1.76;2.19;1.71
SP1;17/03/13;Osasuna;Ath Madrid;0;2;A;0;1;A;19;12;5;7;7;22;8;7;1;4;0;0;3.4;3.3;2.15;3.6;3.27;2.11;2.2;1.66;2.05;1.82
SP1;17/03/13;Sevilla;Zaragoza;4;0;H;1;0;H;17;9;6;2;15;16;7;2;2;2;0;1;1.4;4.5;8.0;1.4;4.44;8.13;1.73;2.1;1.63;2.32
SP1;30/03/13;Celta;Barcelona;2;2;D;1;1;D;8;8;3;3;15;12;5;9;4;3;0;0;8.0;5.0;1.36;7.71;4.67;1.39;1.48;2.57;1.72;2.18
SP1;30/03/13;Levante;Sevilla;1;0;H;1;0;H;17;25;4;6;17;16;6;5;4;3;0;0;3.4;3.2;2.2;3.38;3.28;2.17;2.13;1.7;2.02;1.86
SP1;30/03/13;Vallecano;Malaga;1;3;A;1;1;D;15;12;6;4;14;6;4;4;2;1;0;0;1.85;3.4;4.33;1.87;3.47;4.22;2.06;1.76;2.11;1.78
SP1;30/03/13;Zaragoza;Real Madrid;1;1;D;1;1;D;12;16;5;6;17;13;3;3;3;3;0;0;7.5;4.75;1.4;7.54;4.58;1.41;1.48;2.55;1.72;2.18
SP1;31/03/13;Ath Madrid;Valencia;1;1;D;1;1;D;9;15;4;3;21;8;6;7;3;3;0;0;1.73;3.6;4.75;1.75;3.58;4.74;1.92;1.88;1.98;1.9
SP1;31/03/13;Espanol;Sociedad;2;2;D;2;1;H;7;15;4;4;18;19;4;5;2;4;0;0;2.7;3.3;2.6;2.68;3.24;2.63;1.98;1.81;1.99;1.87
SP1;31/03/13;Mallorca;La Coruna;2;3;A;1;1;D;20;14;5;9;12;6;10;4;3;2;0;0;1.91;3.5;4.0;1.95;3.41;3.9;1.98;1.82;2.25;1.69
SP1;31/03/13;Valladolid;Osasuna;1;3;A;1;0;H;9;12;2;7;13;13;11;7;1;1;0;0;2.1;3.2;3.6;2.14;3.24;3.53;2.2;1.65;1.88;2.0
SP1;01/04/13;Ath Bilbao;Granada;1;0;H;0;0;D;14;7;4;3;14;19;3;8;1;1;1;0;1.73;3.6;4.75;1.73;3.71;4.72;1.81;1.98;1.94;1.94
SP1;01/04/13;Betis;Getafe;0;0;D;0;0;D;8;16;4;7;13;10;6;5;4;2;0;0;1.83;3.6;4.2;1.88;3.44;4.18;2.02;1.79;2.12;1.77
SP1;05/04/13;Granada;Betis;1;5;A;0;3;A;23;13;5;6;14;8;17;2;2;2;1;0;2.3;3.3;3.1;2.31;3.31;3.14;2.07;1.76;1.97;1.91
SP1;06/04/13;Barcelona;Mallorca;5;0;H;4;0;H;22;13;9;3;12;14;5;5;1;1;0;0;1.17;7.0;15.0;1.19;6.87;13.89;1.34;3.06;1.95;1.92
SP1;06/04/13;La Coruna;Zaragoza;3;2;H;2;2;D;12;7;6;3;14;18;6;4;5;3;0;1;1.95;3.5;3.75;1.96;3.47;3.83;1.99;1.82;1.95;1.92
SP1;06/04/13;Real Madrid;Levante;5;1;H;2;1;H;36;11;12;3;10;9;6;5;1;0;0;0;1.14;8.0;15.0;1.15;7.78;16.57;1.3;3.3;2.21;1.7
SP1;06/04/13;Sociedad;Malaga;4;2;H;3;1;H;7;9;5;3;13;16;5;2;2;2;0;0;1.67;3.75;5.0;1.69;3.67;5.11;1.95;1.86;1.89;1.99
SP1;07/04/13;Celta;Vallecano;0;2;A;0;1;A;14;11;2;6;12;15;9;4;5;5;0;0;2.0;3.5;3.6;2.04;3.41;3.64;1.9;1.9;1.79;2.08
SP1;07/04/13;Getafe;Ath Madrid;0;0;D;0;0;D;17;11;4;5;10;20;1;7;2;1;0;2;3.6;3.5;2.0;3.69;3.34;2.04;2.09;1.72;1.83;2.05
SP1;07/04/13;Osasuna;Espanol;0;2;A;0;0;D;13;10;3;4;13;21;5;6;4;4;0;0;2.0;3.3;3.8;2.01;3.28;3.9;2.28;1.62;2.0;1.88
SP1;07/04/13;Valencia;Valladolid;2;1;H;1;0;H;27;9;11;4;3;13;5;5;1;0;0;1;1.4;4.33;8.5;1.42;4.47;7.89;1.73;2.09;1.97;1.9
SP1;08/04/13;Sevilla;Ath Bilbao;2;1;H;1;0;H;15;12;4;2;13;13;3;2;3;5;1;1;1.57;3.8;6.0;1.59;3.86;5.7;1.68;2.17;2.06;1.82
SP1;12/04/13;Betis;Sevilla;3;3;D;1;3;A;26;12;4;5;14;15;5;1;5;2;0;1;2.5;3.4;2.7;2.53;3.33;2.78;1.82;2.0;2.18;1.74
SP1;13/04/13;Espanol;Valencia;3;3;D;1;0;H;17;17;7;5;13;11;6;6;2;2;1;0;3.1;3.3;2.3;3.03;3.28;2.35;2.0;1.8;1.86;2.01
SP1;13/04/13;Levante;La Coruna;0;4;A;0;3;A;23;18;5;9;11;4;7;5;2;1;0;0;2.2;3.3;3.3;2.17;3.3;3.36;2.01;1.8;1.91;1.97
SP1;13/04/13;Malaga;Osasuna;1;0;H;0;0;D;16;10;8;1;15;19;10;2;2;4;0;0;2.0;3.4;3.75;1.99;3.38;3.81;2.06;1.76;2.29;1.67
SP1;13/04/13;Valladolid;Getafe;2;1;H;0;1;A;22;10;10;2;11;14;6;5;2;2;0;1;2.3;3.2;3.2;2.29;3.24;3.18;2.2;1.67;1.97;1.91
SP1;14/04/13;Ath Bilbao;Real Madrid;0;3;A;0;1;A;11;14;2;6;16;11;7;5;3;2;0;0;7.0;4.5;1.44;6.31;4.35;1.49;1.48;2.56;2.06;1.81
SP1;14/04/13;Ath Madrid;Granada;5;0;H;2;0;H;16;13;8;5;12;17;5;1;1;3;0;0;1.36;4.75;8.5;1.34;4.85;9.56;1.78;2.04;2.04;1.83
SP1;14/04/13;Vallecano;Sociedad;0;2;A;0;2;A;11;11;5;5;13;10;9;6;5;3;0;0;2.5;3.4;2.7;2.48;3.34;2.79;1.78;2.03;2.12;1.77
SP1;14/04/13;Zaragoza;Barcelona;0;3;A;0;2;A;12;11;2;6;16;15;2;7;3;2;0;0;7.5;4.75;1.4;7.3;4.51;1.43;1.53;2.42;1.69;2.24
SP1;15/04/13;Mallorca;Celta;1;0;H;0;0;D;14;8;6;2;17;19;9;1;3;1;0;0;2.05;3.4;3.5;2.04;3.4;3.59;1.99;1.82;1.75;2.14
SP1;19/04/13;Mallorca;Vallecano;1;1;D;1;1;D;11;19;5;3;30;12;5;3;4;5;0;0;2.2;3.5;3.1;2.2;3.38;3.26;1.89;1.91;1.9;1.98
SP1;20/04/13;Barcelona;Levante;1;0;H;0;0;D;18;4;9;0;13;6;11;1;1;2;0;0;1.2;6.5;13.0;1.2;6.71;13.49;1.39;2.84;1.96;1.91
SP1;20/04/13;Granada;Valladolid;1;1;D;0;0;D;28;2;10;2;12;13;9;0;3;1;0;0;2.1;3.25;3.6;2.13;3.28;3.49;2.15;1.69;1.83;2.05
SP1;20/04/13;Real Madrid;Betis;3;1;H;1;0;H;20;20;8;7;9;14;7;5;3;1;0;0;1.25;6.0;10.0;1.27;5.88;10.06;1.38;2.91;1.75;2.14
SP1;20/04/13;Valencia;Malaga;5;1;H;4;1;H;14;11;10;3;23;17;5;8;3;6;0;0;1.57;3.8;6.0;1.64;3.78;5.43;1.81;1.99;2.16;1.74
SP1;21/04/13;Getafe;Espanol;0;2;A;0;1;A;7;9;3;7;21;18;1;7;3;7;2;0;2.2;3.2;3.4;2.24;3.25;3.27;2.15;1.69;1.95;1.93
SP1;21/04/13;La Coruna;Ath Bilbao;1;1;D;1;1;D;10;17;4;3;11;19;3;5;1;3;0;1;2.1;3.4;3.4;2.13;3.39;3.35;1.75;2.07;1.86;2.01
SP1;21/04/13;Osasuna;Sociedad;0;0;D;0;0;D;14;12;4;4;14;10;6;8;3;4;0;0;2.88;3.3;2.4;2.98;3.26;2.4;2.04;1.77;1.85;2.03
SP1;21/04/13;Sevilla;Ath Madrid;0;1;A;0;0;D;13;8;3;1;12;18;4;1;1;5;0;0;2.4;3.3;2.88;2.44;3.27;2.91;2.0;1.8;1.77;2.12
SP1;22/04/13;Celta;Zaragoza;2;1;H;1;1;D;16;10;3;3;19;13;4;5;6;4;0;0;2.0;3.3;3.8;2.0;3.39;3.76;2.02;1.78;1.71;2.19
SP1;26/04/13;Vallecano;Osasuna;2;2;D;1;2;A;11;6;5;5;9;19;9;4;1;3;0;0;1.75;3.5;4.75;1.81;3.53;4.55;2.08;1.75;2.07;1.82
SP1;27/04/13;Ath Bilbao;Barcelona;2;2;D;1;0;H;7;15;3;6;17;11;2;1;3;2;0;0;4.75;4.0;1.67;4.96;3.92;1.66;1.57;2.33;1.76;2.13
SP1;27/04/13;Ath Madrid;Real Madrid;1;2;A;1;1;D;11;6;4;4;17;15;2;2;4;4;0;0;2.63;3.5;2.5;2.63;3.4;2.62;1.71;2.13;1.68;2.26
SP1;27/04/13;Levante;Celta;0;1;A;0;1;A;11;9;2;4;16;13;10;3;2;5;0;0;2.05;3.3;3.6;2.13;3.28;3.47;2.06;1.76;1.85;2.03
SP1;27/04/13;Zaragoza;Mallorca;3;2;H;1;1;D;13;11;6;4;16;27;7;4;4;2;0;0;2.1;3.3;3.5;2.21;3.24;3.36;2.07;1.75;1.94;1.93
SP1;28/04/13;Espanol;Granada;0;1;A;0;1;A;9;11;2;4;18;17;5;2;1;1;0;0;1.95;3.5;3.8;1.97;3.39;3.87;1.97;1.84;2.3;1.66
SP1;28/04/13;Malaga;Getafe;2;1;H;1;0;H;12;14;7;4;15;10;3;8;3;3;0;0;1.67;3.75;5.0;1.65;3.75;5.36;1.86;1.95;1.83;2.05
SP1;28/04/13;Sociedad;Valencia;4;2;H;1;1;D;19;15;6;7;16;19;8;7;3;4;0;0;2.25;3.4;3.1;2.28;3.39;3.07;1.78;2.04;1.99;1.89
SP1;28/04/13;Valladolid;Sevilla;1;1;D;1;0;H;12;15;4;7;14;9;2;8;2;2;0;0;3.0;3.4;2.3;3.05;3.32;2.32;1.92;1.88;1.86;2.01
SP1;29/04/13;Betis;La Coruna;1;1;D;0;1;A;20;12;4;6;17;19;8;3;5;4;0;0;1.91;3.6;3.8;1.94;3.49;3.86;1.69;2.15;2.22;1.7
SP1;03/05/13;Celta;Ath Bilbao;1;1;D;0;1;A;21;8;6;2;10;13;9;4;1;4;0;0;2.4;3.4;2.8;2.42;3.3;2.96;1.94;1.87;2.07;1.82
SP1;04/05/13;Granada;Malaga;1;0;H;1;0;H;14;10;4;4;22;13;6;2;4;2;0;0;2.5;3.3;2.8;2.46;3.29;2.86;2.0;1.81;2.11;1.78
SP1;04/05/13;La Coruna;Ath Madrid;0;0;D;0;0;D;10;9;3;0;12;12;5;10;1;1;0;0;3.4;3.4;2.1;3.55;3.36;2.09;1.97;1.84;2.09;1.8
SP1;04/05/13;Real Madrid;Valladolid;4;3;H;2;2;D;27;14;11;6;7;10;7;10;1;3;0;0;1.18;7.0;13.0;1.17;7.52;15.45;1.28;3.52;2.06;1.81
SP1;04/05/13;Valencia;Osasuna;4;0;H;2;0;H;18;8;7;3;17;17;7;7;2;3;0;2;1.4;4.5;7.5;1.42;4.48;7.52;1.68;2.18;2.24;1.68
SP1;05/05/13;Barcelona;Betis;4;2;H;1;2;A;19;5;10;3;12;10;7;0;1;1;0;0;1.2;7.0;12.0;1.22;6.44;11.71;1.35;3.07;2.03;1.85
SP1;05/05/13;Mallorca;Levante;1;1;D;1;1;D;21;3;8;1;16;14;10;1;0;3;0;0;1.75;3.5;4.75;1.74;3.65;4.68;1.96;1.84;1.97;1.9
SP1;05/05/13;Sevilla;Espanol;3;0;H;3;0;H;16;11;5;4;11;13;7;1;1;2;0;0;1.57;3.8;6.0;1.55;3.97;6.16;1.77;2.05;1.91;1.96
SP1;05/05/13;Zaragoza;Vallecano;3;0;H;1;0;H;16;7;6;3;14;12;5;7;4;2;0;0;2.0;3.5;3.6;2.07;3.41;3.53;2.0;1.81;1.79;2.08
SP1;06/05/13;Getafe;Sociedad;2;1;H;2;1;H;15;10;6;4;15;11;5;8;3;3;0;0;3.4;3.5;2.05;3.6;3.43;2.02;1.82;1.99;2.17;1.73
SP1;08/05/13;Celta;Ath Madrid;1;3;A;0;0;D;13;10;4;5;14;18;4;4;3;4;0;0;3.4;3.2;2.2;3.28;3.31;2.21;2.0;1.81;1.93;1.94
SP1;08/05/13;Real Madrid;Malaga;6;2;H;4;2;H;20;9;9;3;11;9;9;4;1;3;0;2;1.2;6.5;12.0;1.22;6.32;11.98;1.32;3.25;2.05;1.82
SP1;10/05/13;Levante;Zaragoza;0;0;D;0;0;D;11;16;3;3;16;18;2;9;3;3;2;0;2.75;3.3;2.55;2.79;3.27;2.56;2.25;1.64;1.7;2.24
SP1;11/05/13;Ath Bilbao;Mallorca;2;1;H;1;0;H;9;18;4;5;18;22;6;4;4;2;0;2;1.8;3.6;4.33;1.82;3.6;4.26;1.74;2.07;2.05;1.81
SP1;11/05/13;Espanol;Real Madrid;1;1;D;1;0;H;7;11;5;4;13;17;8;3;5;6;1;0;6.0;4.33;1.5;6.11;4.27;1.51;1.49;2.52;1.96;1.89
SP1;11/05/13;Osasuna;Getafe;1;0;H;0;0;D;21;6;4;2;20;16;4;4;3;5;0;0;1.85;3.4;4.33;1.88;3.41;4.24;2.16;1.68;2.17;1.72
SP1;11/05/13;Valladolid;La Coruna;1;0;H;0;0;D;7;14;3;3;14;1;2;6;3;1;0;0;2.5;3.3;2.8;2.45;3.28;2.88;1.95;1.85;2.1;1.78
SP1;12/05/13;Ath Madrid;Barcelona;1;2;A;0;0;D;12;11;2;3;18;11;3;2;1;2;0;0;4.0;3.5;1.91;3.85;3.6;1.91;1.51;2.47;1.74;2.16
SP1;12/05/13;Betis;Celta;1;0;H;0;0;D;16;4;5;2;17;14;3;3;4;3;0;0;1.91;3.5;4.0;1.87;3.6;4.04;1.76;2.05;2.13;1.75
SP1;12/05/13;Malaga;Sevilla;0;0;D;0;0;D;9;10;0;2;11;15;4;6;4;3;0;0;2.63;3.3;2.63;2.62;3.33;2.66;1.76;2.04;2.28;1.66
SP1;12/05/13;Vallecano;Valencia;0;4;A;0;2;A;14;20;3;7;15;12;8;4;5;2;0;0;3.6;3.3;2.05;3.57;3.45;2.03;1.72;2.11;1.82;2.05
SP1;13/05/13;Sociedad;Granada;2;2;D;2;1;H;18;15;4;5;11;13;9;4;2;4;0;0;1.44;4.33;7.0;1.43;4.37;7.3;1.62;2.25;1.71;2.19
SP1;18/05/13;Getafe;Valencia;0;1;A;0;1;A;4;16;1;4;12;15;7;9;2;1;0;0;4.5;3.75;1.75;4.5;3.67;1.77;1.66;2.2;1.87;2.0
SP1;18/05/13;Granada;Osasuna;3;0;H;1;0;H;11;16;4;5;18;14;5;5;3;2;0;1;2.1;3.2;3.6;2.09;3.14;3.81;2.23;1.64;1.81;2.07
SP1;18/05/13;Sevilla;Sociedad;1;2;A;1;2;A;20;13;4;6;12;10;12;6;4;3;1;0;1.91;3.6;3.75;1.89;3.69;3.88;1.62;2.26;1.65;2.3
SP1;19/05/13;Barcelona;Valladolid;2;1;H;2;0;H;16;5;4;2;4;6;14;2;0;0;0;0;1.29;5.5;10.0;1.27;5.81;9.89;1.34;3.12;1.97;1.9
SP1;19/05/13;La Coruna;Espanol;2;0;H;0;0;D;17;7;5;2;11;25;7;6;3;5;0;0;1.57;4.0;5.5;1.6;3.98;5.31;1.75;2.06;1.8;2.07
SP1;19/05/13;Levante;Vallecano;2;3;A;0;1;A;12;18;4;7;25;13;6;3;1;5;0;0;2.5;3.3;2.75;2.52;3.29;2.77;1.89;1.9;2.22;1.7
SP1;19/05/13;Zaragoza;Ath Bilbao;1;2;A;1;0;H;14;10;3;4;21;14;3;1;5;2;0;0;1.85;3.5;4.2;1.85;3.58;4.1;1.87;1.93;1.86;2.01
SP1;20/05/13;Mallorca;Betis;1;0;H;1;0;H;15;10;5;2;13;17;6;5;4;2;0;0;2.5;3.4;2.7;2.52;3.38;2.7;1.75;2.07;1.87;1.98
SP1;26/05/13;Ath Bilbao;Levante;0;1;A;0;0;D;12;12;4;4;13;15;8;3;1;0;1;0;1.45;4.33;7.0;1.45;4.24;7.17;1.66;2.19;1.72;2.18
SP1;26/05/13;Ath Madrid;Mallorca;0;0;D;0;0;D;10;12;2;4;15;11;7;3;5;4;0;0;1.62;4.1;5.0;1.59;4.09;5.14;1.6;2.25;2.0;1.86
SP1;26/05/13;Betis;Zaragoza;4;0;H;2;0;H;13;16;5;3;18;12;4;4;2;6;0;0;2.0;3.5;3.6;2.02;3.47;3.54;1.75;2.06;2.3;1.65
SP1;26/05/13;Espanol;Barcelona;0;2;A;0;1;A;6;10;2;4;13;10;4;5;3;2;1;0;5.5;4.1;1.57;5.53;4.02;1.57;1.47;2.59;1.91;1.95
SP1;26/05/13;Getafe;Vallecano;1;2;A;0;0;D;14;13;6;7;21;18;10;7;3;5;0;0;2.1;3.5;3.3;2.14;3.42;3.28;1.76;2.05;1.88;1.98
SP1;26/05/13;Malaga;La Coruna;3;1;H;1;0;H;15;28;9;4;12;6;5;6;1;1;0;0;2.38;3.4;2.88;2.38;3.42;2.84;1.74;2.08;2.07;1.81
SP1;26/05/13;Osasuna;Sevilla;2;1;H;0;0;D;18;10;5;3;17;22;5;4;3;2;0;0;2.38;3.4;2.88;2.44;3.33;2.82;1.97;1.82;2.12;1.77
SP1;26/05/13;Sociedad;Real Madrid;3;3;D;0;1;A;27;11;12;4;7;12;11;5;1;2;0;0;2.5;3.6;2.6;2.54;3.48;2.62;1.42;2.71;2.25;1.68
SP1;26/05/13;Valencia;Granada;1;0;H;0;0;D;13;2;3;0;17;13;10;2;0;0;0;0;1.25;6.0;11.0;1.25;5.72;11.48;2.16;1.67;1.75;2.12
SP1;26/05/13;Valladolid;Celta;0;2;A;0;1;A;13;17;3;10;13;7;3;3;4;2;0;0;3.0;3.4;2.3;2.89;3.3;2.41;1.95;1.85;1.77;2.11
SP1;01/06/13;Barcelona;Malaga;4;1;H;3;0;H;10;11;6;5;5;5;9;6;0;0;0;0;1.25;6.0;10.0;1.26;6.01;10.33;1.28;3.48;1.73;2.16
SP1;01/06/13;Celta;Espanol;1;0;H;1;0;H;12;8;5;1;17;17;6;6;1;3;0;1;1.44;4.5;6.5;1.45;4.41;6.92;1.71;2.12;1.81;2.06
SP1;01/06/13;Granada;Getafe;2;0;H;1;0;H;16;11;5;0;10;7;4;4;1;1;0;0;1.95;3.6;3.6;2.06;3.4;3.57;1.74;2.08;1.78;2.1
SP1;01/06/13;La Coruna;Sociedad;0;1;A;0;1;A;20;13;5;6;12;19;7;1;7;2;0;1;2.6;3.5;2.6;2.58;3.58;2.56;1.46;2.59;2.24;1.69
SP1;01/06/13;Levante;Betis;1;1;D;0;0;D;13;9;4;2;17;15;7;5;3;4;0;0;3.2;3.4;2.2;3.27;3.41;2.18;1.7;2.13;1.97;1.9
SP1;01/06/13;Mallorca;Valladolid;4;2;H;2;1;H;20;11;10;5;8;11;9;5;2;0;0;0;1.5;4.33;6.0;1.49;4.24;6.52;1.67;2.17;1.89;1.97
SP1;01/06/13;Real Madrid;Osasuna;4;2;H;2;0;H;18;26;9;13;15;12;4;5;1;1;0;0;1.25;6.0;10.0;1.25;5.93;10.96;1.24;3.74;1.68;2.24
SP1;01/06/13;Sevilla;Valencia;4;3;H;2;1;H;21;17;9;7;14;11;9;1;3;6;0;1;3.3;3.5;2.1;3.24;3.52;2.15;1.5;2.48;1.72;2.18
SP1;01/06/13;Vallecano;Ath Bilbao;2;2;D;1;1;D;28;5;6;3;12;20;11;1;1;3;0;1;2.05;3.6;3.4;2.11;3.47;3.38;1.55;2.35;1.83;2.05
SP1;01/06/13;Zaragoza;Ath Madrid;1;3;A;0;0;D;15;16;6;4;11;11;7;4;2;1;0;0;2.2;3.5;3.1;2.18;3.41;3.27;1.83;1.98;2.23;1.69
SP1;17/08/13;Sociedad;Getafe;2;0;H;1;0;H;16;15;6;2;13;6;6;5;1;1;0;0;1.73;3.6;4.75;1.75;3.54;4.8;1.94;1.87;;
SP1;17/08/13;Valencia;Malaga;1;0;H;0;0;D;9;11;1;2;15;23;9;6;3;5;0;0;1.53;4.0;6.0;1.54;3.95;6.1;1.72;2.11;;
SP1;17/08/13;Valladolid;Ath Bilbao;1;2;A;1;1;D;8;13;2;3;10;8;5;5;1;0;0;0;2.5;3.3;2.8;2.56;3.26;2.73;2.01;1.79;;
SP1;18/08/13;Barcelona;Levante;7;0;H;6;0;H;22;4;13;1;15;16;9;3;1;3;0;0;1.08;10.0;26.0;1.08;10.55;24.0;1.23;3.96;;
SP1;18/08/13;Osasuna;Granada;1;2;A;0;2;A;14;13;5;4;15;17;7;6;1;4;0;0;2.0;3.3;3.75;2.06;3.29;3.66;2.23;1.65;;
SP1;18/08/13;Real Madrid;Betis;2;1;H;1;1;D;20;11;9;4;11;20;5;7;1;2;0;0;1.17;7.0;17.0;1.15;7.45;16.22;1.28;3.48;;
SP1;18/08/13;Sevilla;Ath Madrid;1;3;A;1;1;D;14;16;5;6;12;13;1;9;4;4;0;0;2.8;3.3;2.5;2.73;3.27;2.55;1.98;1.82;;
SP1;19/08/13;Almeria;Villarreal;2;3;A;1;0;H;15;14;2;4;17;14;6;10;2;0;0;0;2.6;3.2;2.75;2.55;3.22;2.77;2.19;1.66;;
SP1;19/08/13;Celta;Espanol;2;2;D;1;0;H;15;6;10;5;23;12;7;2;4;4;0;0;2.2;3.2;3.4;2.19;3.24;3.33;2.22;1.65;;
SP1;19/08/13;Vallecano;Elche;3;0;H;2;0;H;11;8;5;1;16;11;3;4;2;2;0;0;2.25;3.25;3.25;2.22;3.26;3.21;2.04;1.76;;
SP1;23/08/13;Ath Bilbao;Osasuna;2;0;H;1;0;H;8;18;2;5;15;20;5;10;2;2;0;0;1.62;3.75;5.5;1.7;3.65;5.09;1.9;1.9;2.38;1.61
SP1;23/08/13;Getafe;Almeria;2;2;D;1;2;A;14;16;5;7;15;17;2;7;2;1;0;0;1.85;3.5;4.2;1.86;3.49;4.29;2.08;1.74;2.15;1.75
SP1;24/08/13;Elche;Sociedad;1;1;D;1;0;H;12;11;2;4;9;12;4;2;4;3;0;0;3.2;3.4;2.2;3.21;3.35;2.21;1.96;1.84;1.97;1.9
SP1;24/08/13;Espanol;Valencia;3;1;H;1;1;D;13;8;3;2;17;12;6;3;3;3;0;0;3.0;3.25;2.38;3.06;3.27;2.33;1.98;1.83;2.19;1.69
SP1;24/08/13;Villarreal;Valladolid;2;1;H;1;1;D;17;6;6;2;11;25;8;3;4;2;0;0;1.85;3.6;4.0;1.86;3.47;4.23;2.05;1.76;1.86;2.01
SP1;25/08/13;Ath Madrid;Vallecano;5;0;H;3;0;H;14;7;5;1;11;9;8;3;0;1;0;0;1.29;5.25;10.0;1.31;5.17;9.84;1.6;2.28;1.89;1.96
SP1;25/08/13;Betis;Celta;1;2;A;0;0;D;20;13;6;4;9;18;12;8;1;3;0;1;1.8;3.5;4.5;1.79;3.57;4.51;1.94;1.87;1.82;2.05
SP1;25/08/13;Levante;Sevilla;0;0;D;0;0;D;8;18;3;3;17;18;5;7;3;5;0;0;3.5;3.3;2.1;3.32;3.32;2.17;2.05;1.76;1.99;1.88
SP1;25/08/13;Malaga;Barcelona;0;1;A;0;1;A;9;15;3;11;14;12;2;11;3;2;0;0;13.0;6.0;1.22;12.51;6.25;1.22;1.37;2.93;1.79;2.07
SP1;26/08/13;Granada;Real Madrid;0;1;A;0;1;A;8;21;3;8;14;10;5;8;4;2;0;0;7.5;5.5;1.33;8.4;5.28;1.33;1.41;2.75;1.85;2.0
SP1;30/08/13;Almeria;Elche;2;2;D;2;1;H;9;15;5;9;18;18;4;5;3;5;1;0;2.0;3.3;3.8;2.04;3.4;3.65;2.02;1.78;2.04;1.84
SP1;30/08/13;Vallecano;Levante;1;2;A;0;1;A;23;6;8;2;14;17;8;1;4;3;1;0;1.73;3.6;4.75;1.8;3.56;4.48;1.97;1.83;2.05;1.83
SP1;31/08/13;Celta;Granada;1;1;D;1;0;H;17;3;4;1;9;6;6;5;1;2;0;0;2.2;3.3;3.3;2.19;3.29;3.32;2.12;1.71;2.21;1.7
SP1;31/08/13;Osasuna;Villarreal;0;3;A;0;2;A;9;9;3;4;15;14;7;8;3;2;0;0;2.5;3.2;2.88;2.56;3.21;2.77;2.22;1.65;1.83;2.01
SP1;31/08/13;Valladolid;Getafe;1;0;H;0;0;D;21;16;6;0;19;8;10;5;2;2;0;0;2.1;3.3;3.5;2.16;3.28;3.38;2.18;1.67;2.18;1.72
SP1;01/09/13;Espanol;Betis;0;0;D;0;0;D;10;8;3;3;19;14;7;7;2;4;0;0;2.05;3.4;3.6;2.03;3.43;3.6;1.99;1.81;2.04;1.83
SP1;01/09/13;Real Madrid;Ath Bilbao;3;1;H;2;0;H;20;12;7;2;15;13;9;6;1;2;0;0;1.17;7.0;16.0;1.17;7.32;14.73;1.29;3.37;1.87;1.99
SP1;01/09/13;Sevilla;Malaga;2;2;D;1;1;D;15;15;7;6;17;13;10;1;3;3;0;1;1.62;3.8;5.5;1.61;3.76;5.72;1.93;1.87;2.09;1.78
SP1;01/09/13;Sociedad;Ath Madrid;1;2;A;0;1;A;10;16;4;9;19;21;5;5;2;4;0;0;2.9;3.3;2.38;2.81;3.27;2.49;1.97;1.83;2.03;1.81
SP1;01/09/13;Valencia;Barcelona;2;3;A;2;3;A;16;20;10;9;20;11;5;7;2;3;0;0;5.5;4.33;1.53;5.9;4.15;1.53;1.51;2.48;1.95;1.91
SP1;14/09/13;Ath Madrid;Almeria;4;2;H;2;1;H;20;7;8;2;15;17;8;1;2;4;0;0;1.25;6.0;11.0;1.26;5.61;11.5;1.51;2.43;1.78;2.1
SP1;14/09/13;Barcelona;Sevilla;3;2;H;1;0;H;19;7;10;2;12;17;6;9;2;5;0;0;1.18;7.0;15.0;1.17;7.4;14.19;1.27;3.56;1.77;2.1
SP1;14/09/13;Levante;Sociedad;0;0;D;0;0;D;13;13;5;3;16;12;5;1;3;1;0;0;3.1;3.25;2.3;3.08;3.27;2.32;2.08;1.74;1.85;2.01
SP1;14/09/13;Villarreal;Real Madrid;2;2;D;1;1;D;19;20;9;6;14;13;10;3;2;3;0;0;5.5;4.2;1.57;5.54;4.06;1.58;1.49;2.55;1.84;2.01
SP1;15/09/13;Betis;Valencia;3;1;H;3;0;H;21;5;9;2;15;3;7;13;0;1;0;0;2.63;3.3;2.63;2.67;3.26;2.62;1.9;1.9;1.92;1.91
SP1;15/09/13;Getafe;Osasuna;2;1;H;1;1;D;14;11;5;6;15;17;7;4;2;4;0;0;1.95;3.3;4.0;2.0;3.34;3.81;2.21;1.65;2.03;1.84
SP1;15/09/13;Granada;Espanol;0;1;A;0;0;D;9;7;1;3;17;16;4;4;3;3;1;0;2.4;3.2;3.0;2.37;3.23;3.03;2.2;1.66;2.03;1.83
SP1;15/09/13;Malaga;Vallecano;5;0;H;2;0;H;17;12;9;2;13;16;6;5;1;2;0;0;1.91;3.5;4.0;1.95;3.45;3.85;1.8;2.0;1.96;1.9
SP1;16/09/13;Ath Bilbao;Celta;3;2;H;1;1;D;16;8;6;3;7;18;4;2;2;3;0;0;1.67;3.75;5.0;1.69;3.68;4.94;1.81;1.99;2.23;1.68
SP1;16/09/13;Elche;Valladolid;0;0;D;0;0;D;10;8;5;4;18;9;10;4;4;1;0;0;2.25;3.25;3.25;2.25;3.24;3.23;2.13;1.7;2.24;1.68
SP1;20/09/13;Osasuna;Elche;2;1;H;1;0;H;8;13;3;4;17;7;5;8;2;1;0;0;2.0;3.4;3.75;2.0;3.34;3.88;2.27;1.63;2.01;1.85
SP1;21/09/13;Almeria;Levante;2;2;D;1;0;H;13;16;8;7;16;18;1;7;4;7;1;0;1.8;3.5;4.5;1.9;3.42;4.06;2.01;1.8;1.88;1.98
SP1;21/09/13;Sociedad;Malaga;0;0;D;0;0;D;10;11;2;4;10;14;5;4;3;3;0;0;1.91;3.5;4.0;1.93;3.47;3.9;1.85;1.95;2.2;1.7
SP1;21/09/13;Valladolid;Ath Madrid;0;2;A;0;0;D;12;15;2;6;15;13;2;6;2;2;0;0;5.0;3.6;1.7;5.32;3.65;1.66;1.95;1.84;1.98;1.88
SP1;21/09/13;Vallecano;Barcelona;0;4;A;0;1;A;14;14;9;8;21;16;6;14;2;1;0;0;13.0;6.5;1.2;13.79;6.77;1.19;1.3;3.27;2.0;1.85
SP1;22/09/13;Betis;Granada;0;0;D;0;0;D;19;4;6;1;13;11;5;3;4;1;0;0;1.67;3.6;5.5;1.72;3.61;4.8;1.89;1.9;2.32;1.63
SP1;22/09/13;Celta;Villarreal;0;0;D;0;0;D;5;12;1;4;14;13;2;6;5;1;0;0;2.75;3.3;2.5;2.72;3.32;2.52;1.89;1.91;1.97;1.87
SP1;22/09/13;Real Madrid;Getafe;4;1;H;2;1;H;29;7;11;4;13;15;9;5;1;3;0;1;1.13;8.5;19.0;1.12;8.94;19.3;1.23;3.89;1.94;1.91
SP1;22/09/13;Valencia;Sevilla;3;1;H;1;0;H;26;9;6;3;15;12;8;8;2;1;0;0;1.91;3.4;4.0;1.86;3.55;3.97;1.77;2.03;1.88;1.98
SP1;23/09/13;Espanol;Ath Bilbao;3;2;H;1;1;D;11;9;6;3;17;11;3;6;2;2;0;0;2.3;3.4;3.0;2.34;3.29;2.97;1.9;1.89;2.04;1.82
SP1;24/09/13;Ath Madrid;Osasuna;2;1;H;2;1;H;13;7;4;1;11;14;11;2;3;1;0;0;1.2;6.0;15.0;1.21;6.39;14.5;1.57;2.33;2.09;1.78
SP1;24/09/13;Barcelona;Sociedad;4;1;H;3;0;H;23;9;9;5;6;12;6;1;0;1;0;0;1.13;8.0;19.0;1.13;8.8;18.44;1.22;3.97;2.01;1.85
SP1;24/09/13;Levante;Valladolid;1;1;D;1;1;D;24;4;4;2;13;13;7;0;2;4;0;1;2.1;3.3;3.5;2.16;3.26;3.48;2.35;1.56;2.18;1.71
SP1;24/09/13;Malaga;Almeria;2;0;H;0;0;D;16;7;7;2;12;13;9;5;2;1;0;0;1.67;3.75;5.0;1.67;3.79;5.2;1.67;2.19;2.17;1.73
SP1;25/09/13;Elche;Real Madrid;1;2;A;0;0;D;11;12;3;5;23;9;4;5;8;2;1;0;10.0;5.5;1.29;9.96;5.65;1.28;1.38;2.88;2.06;1.8
SP1;25/09/13;Granada;Valencia;0;1;A;0;0;D;13;14;4;3;19;15;5;5;4;2;0;0;3.1;3.25;2.3;3.13;3.26;2.3;2.09;1.73;2.28;1.65
SP1;25/09/13;Sevilla;Vallecano;4;1;H;1;0;H;16;10;7;4;14;18;4;2;3;4;0;2;1.44;4.2;7.5;1.47;4.32;6.65;1.55;2.4;1.73;2.15
SP1;26/09/13;Ath Bilbao;Betis;2;1;H;0;0;D;20;10;8;5;8;13;8;4;1;5;0;0;1.95;3.5;3.75;1.96;3.46;3.79;1.78;2.02;1.96;1.9
SP1;26/09/13;Getafe;Celta;2;0;H;1;0;H;14;9;3;2;14;8;11;5;2;1;0;0;2.1;3.3;3.5;2.14;3.3;3.41;2.12;1.7;2.14;1.73
SP1;26/09/13;Villarreal;Espanol;2;1;H;1;0;H;8;12;5;3;15;22;3;5;1;3;0;0;1.73;3.5;5.0;1.72;3.61;4.94;1.97;1.81;2.28;1.66
SP1;27/09/13;Valladolid;Malaga;2;2;D;0;1;A;13;11;3;4;6;7;11;4;3;0;0;0;2.9;3.2;2.45;2.87;3.25;2.49;2.2;1.67;2.09;1.77
SP1;28/09/13;Almeria;Barcelona;0;2;A;0;1;A;5;15;1;4;20;15;2;3;1;2;0;0;13.0;7.0;1.18;14.69;7.31;1.17;1.24;3.75;2.11;1.76
SP1;28/09/13;Real Madrid;Ath Madrid;0;1;A;0;1;A;20;13;5;4;21;18;2;7;4;4;0;0;1.62;3.75;5.5;1.65;3.84;5.03;1.47;2.55;2.17;1.72
SP1;28/09/13;Sociedad;Sevilla;1;1;D;0;1;A;17;10;5;3;11;10;8;5;0;4;0;1;2.2;3.4;3.2;2.17;3.36;3.26;1.86;1.94;1.91;1.95
SP1;28/09/13;Valencia;Vallecano;1;0;H;1;0;H;5;13;4;3;14;21;3;5;3;5;0;0;1.29;5.25;10.0;1.32;5.25;8.92;1.44;2.63;1.87;1.98
SP1;29/09/13;Betis;Villarreal;1;0;H;1;0;H;11;7;5;2;15;13;5;6;6;3;0;0;2.5;3.3;2.75;2.47;3.29;2.8;1.94;1.85;1.82;2.02
SP1;29/09/13;Celta;Elche;0;1;A;0;0;D;7;14;1;4;17;16;7;4;1;3;0;0;1.91;3.4;4.0;1.92;3.4;4.0;2.12;1.71;1.67;2.26
SP1;29/09/13;Espanol;Getafe;0;2;A;0;0;D;14;7;3;3;8;14;14;4;1;3;0;0;1.7;3.6;5.0;1.75;3.53;4.7;2.05;1.76;2.39;1.6
SP1;29/09/13;Osasuna;Levante;0;1;A;0;0;D;20;15;5;5;17;15;9;6;5;2;1;0;2.05;3.3;3.6;2.1;3.25;3.55;2.29;1.6;2.14;1.74
SP1;30/09/13;Granada;Ath Bilbao;2;0;H;0;0;D;13;11;5;4;17;10;5;2;2;1;0;0;2.75;3.3;2.5;2.71;3.23;2.54;2.02;1.78;1.98;1.85
SP1;04/10/13;Malaga;Osasuna;0;1;A;0;1;A;15;13;3;6;7;14;6;6;1;5;0;0;1.53;4.0;6.0;1.55;3.95;6.24;1.97;1.83;2.01;1.86
SP1;04/10/13;Villarreal;Granada;3;0;H;1;0;H;16;8;4;1;9;13;6;4;0;1;0;0;1.44;4.33;7.0;1.48;4.17;7.04;1.83;1.97;1.82;2.04
SP1;05/10/13;Barcelona;Valladolid;4;1;H;1;1;D;21;7;8;1;7;15;7;4;0;3;0;0;1.09;10.0;21.0;1.11;9.09;23.19;1.33;3.14;1.97;1.89
SP1;05/10/13;Elche;Espanol;2;1;H;1;0;H;12;13;6;3;13;19;4;5;1;1;0;1;2.5;3.3;2.75;2.52;3.23;2.84;2.28;1.62;1.79;2.07
SP1;05/10/13;Levante;Real Madrid;2;3;A;0;0;D;13;27;5;10;18;13;3;8;1;3;0;0;9.0;5.0;1.33;8.94;5.1;1.33;1.49;2.5;1.91;1.95
SP1;05/10/13;Vallecano;Sociedad;1;0;H;0;0;D;11;18;1;6;9;8;7;6;2;2;0;0;2.9;3.4;2.38;2.89;3.37;2.39;1.79;2.01;1.81;2.07
SP1;06/10/13;Ath Bilbao;Valencia;1;1;D;0;1;A;17;12;8;5;8;6;9;2;2;2;0;0;2.1;3.5;3.3;2.11;3.43;3.36;1.74;2.09;1.83;2.05
SP1;06/10/13;Ath Madrid;Celta;2;1;H;1;0;H;23;3;12;2;12;16;13;0;1;3;0;0;1.22;6.0;13.0;1.22;6.0;13.7;1.5;2.47;2.08;1.78
SP1;06/10/13;Getafe;Betis;3;1;H;3;0;H;11;15;5;4;19;14;5;10;3;3;0;0;2.4;3.3;2.88;2.43;3.23;2.88;2.08;1.74;2.14;1.73
SP1;06/10/13;Sevilla;Almeria;2;1;H;1;1;D;22;11;6;4;14;9;12;3;4;5;0;0;1.44;4.33;7.0;1.5;4.25;6.25;1.53;2.4;1.84;2.02
SP1;19/10/13;Espanol;Ath Madrid;1;0;H;0;0;D;9;6;3;0;16;22;3;3;5;4;0;0;5.25;3.6;1.67;4.89;3.57;1.74;1.99;1.8;1.59;2.39
SP1;19/10/13;Osasuna;Barcelona;0;0;D;0;0;D;4;12;1;3;13;8;2;5;3;2;0;0;12.0;6.0;1.22;12.17;6.02;1.23;1.4;2.74;2.21;1.69
SP1;19/10/13;Real Madrid;Malaga;2;0;H;0;0;D;22;3;15;1;5;12;10;1;1;5;0;0;1.2;7.0;11.0;1.2;6.78;12.73;1.27;3.51;1.95;1.91
SP1;19/10/13;Valencia;Sociedad;1;2;A;0;1;A;16;8;4;3;13;10;8;2;3;1;0;0;1.73;3.5;5.0;1.76;3.61;4.62;1.73;2.09;1.99;1.87
SP1;20/10/13;Almeria;Vallecano;0;1;A;0;0;D;6;16;2;10;21;13;7;6;2;3;0;1;1.91;3.6;3.75;1.95;3.48;3.83;1.75;2.06;1.97;1.89
SP1;20/10/13;Betis;Elche;1;2;A;1;2;A;15;7;7;4;22;8;6;7;4;2;0;1;1.73;3.5;5.0;1.75;3.54;4.81;1.99;1.8;1.76;2.12
SP1;20/10/13;Granada;Getafe;0;2;A;0;0;D;12;15;5;7;21;12;9;3;3;2;1;0;2.1;3.4;3.4;2.14;3.28;3.47;2.26;1.61;2.11;1.77
SP1;20/10/13;Valladolid;Sevilla;2;2;D;0;2;A;11;16;5;6;14;17;6;5;2;3;0;0;2.8;3.4;2.4;2.9;3.33;2.41;1.95;1.84;2.11;1.75
SP1;21/10/13;Ath Bilbao;Villarreal;2;0;H;2;0;H;19;6;3;2;14;13;8;4;5;2;0;1;2.2;3.4;3.2;2.2;3.34;3.23;1.78;2.01;1.87;1.99
SP1;21/10/13;Celta;Levante;0;1;A;0;0;D;15;6;4;3;11;14;2;0;2;1;0;0;2.05;3.4;3.5;2.04;3.31;3.65;2.19;1.66;2.04;1.82
SP1;25/10/13;Vallecano;Valladolid;0;3;A;0;2;A;17;9;4;6;7;27;8;1;2;2;0;0;1.91;3.6;3.8;2.03;3.38;3.66;1.92;1.87;2.03;1.84
SP1;26/10/13;Barcelona;Real Madrid;2;1;H;1;0;H;12;10;5;6;19;16;4;3;2;5;0;0;1.75;4.0;4.33;1.78;3.78;4.28;1.47;2.58;1.98;1.88
SP1;26/10/13;Elche;Granada;0;1;A;0;1;A;8;14;1;3;12;8;5;4;2;3;0;0;1.91;3.4;4.0;1.93;3.38;4.01;2.24;1.63;1.93;1.94
SP1;26/10/13;Levante;Espanol;3;0;H;2;0;H;6;20;3;6;14;23;3;11;2;5;0;0;2.4;3.3;2.9;2.44;3.17;2.96;2.26;1.62;2.11;1.77
SP1;26/10/13;Malaga;Celta;0;5;A;0;2;A;7;16;1;9;14;11;5;6;2;0;0;0;1.7;3.6;5.0;1.71;3.65;4.9;1.9;1.89;1.95;1.91
SP1;27/10/13;Ath Madrid;Betis;5;0;H;1;0;H;16;9;12;1;14;7;6;5;0;2;0;0;1.25;5.5;12.0;1.27;5.37;11.2;1.55;2.33;1.8;2.06
SP1;27/10/13;Sevilla;Osasuna;2;1;H;0;0;D;23;7;4;3;11;11;9;3;1;4;0;1;1.5;4.2;6.5;1.51;4.0;6.5;1.72;2.09;1.9;1.95
SP1;27/10/13;Sociedad;Almeria;3;0;H;1;0;H;10;15;3;4;10;14;3;7;1;3;0;0;1.57;4.0;5.5;1.56;3.99;5.8;1.65;2.19;1.95;1.9
SP1;27/10/13;Villarreal;Valencia;4;1;H;2;0;H;15;16;8;8;14;13;6;9;3;2;0;0;1.95;3.5;3.8;1.99;3.45;3.62;1.8;1.98;2.0;1.87
SP1;28/10/13;Getafe;Ath Bilbao;0;1;A;0;1;A;14;6;3;5;13;22;9;4;0;3;0;0;2.63;3.2;2.7;2.63;3.23;2.64;1.92;1.86;1.9;1.94
SP1;29/10/13;Celta;Barcelona;0;3;A;0;1;A;12;20;4;8;17;12;5;7;3;1;0;0;10.0;5.5;1.29;11.15;5.69;1.26;1.41;2.74;2.03;1.83
SP1;29/10/13;Espanol;Malaga;0;0;D;0;0;D;12;14;3;5;20;11;8;6;1;3;0;0;1.91;3.3;4.2;1.94;3.4;4.0;2.14;1.69;1.67;2.25
SP1;30/10/13;Osasuna;Vallecano;3;1;H;2;0;H;10;21;6;5;10;9;5;10;0;2;1;0;2.1;3.3;3.5;2.08;3.33;3.48;2.01;1.78;2.1;1.77
SP1;30/10/13;Real Madrid;Sevilla;7;3;H;3;2;H;18;16;10;6;17;15;2;1;3;2;0;1;1.18;7.0;13.0;1.2;6.5;13.1;1.29;3.31;1.93;1.92
SP1;30/10/13;Valencia;Almeria;1;2;A;1;0;H;19;8;7;4;14;17;5;2;0;5;0;0;1.4;4.5;8.0;1.41;4.51;7.1;1.53;2.36;2.2;1.69
SP1;30/10/13;Valladolid;Sociedad;2;2;D;0;1;A;18;16;7;6;15;7;11;4;4;1;0;0;2.8;3.3;2.5;2.77;3.23;2.52;1.97;1.82;1.99;1.84
SP1;31/10/13;Ath Bilbao;Elche;2;2;D;0;1;A;17;11;5;6;11;10;8;3;3;2;0;0;1.62;3.75;5.5;1.64;3.74;5.34;1.86;1.92;2.14;1.73
SP1;31/10/13;Betis;Levante;0;0;D;0;0;D;16;17;5;4;12;14;4;3;1;6;1;0;1.8;3.5;4.5;1.82;3.49;4.36;2.05;1.74;1.82;2.05
SP1;31/10/13;Granada;Ath Madrid;1;2;A;0;1;A;10;7;1;6;15;16;5;5;2;2;0;1;6.0;4.0;1.53;6.34;3.89;1.54;2.05;1.74;1.92;1.93
SP1;31/10/13;Villarreal;Getafe;0;2;A;0;1;A;12;9;3;4;12;14;9;8;1;4;1;0;1.44;4.2;7.5;1.49;4.08;6.7;1.79;1.98;1.79;2.07
SP1;01/11/13;Barcelona;Espanol;1;0;H;0;0;D;19;8;5;2;7;19;9;2;1;3;0;0;1.09;10.0;26.0;1.1;10.06;22.55;1.27;3.57;1.9;1.98
SP1;02/11/13;Almeria;Valladolid;1;0;H;1;0;H;14;8;7;2;15;13;3;5;4;2;0;1;2.15;3.3;3.4;2.19;3.3;3.32;1.97;1.83;1.91;1.96
SP1;02/11/13;Sevilla;Celta;0;1;A;0;0;D;14;17;4;4;12;15;10;5;2;1;0;0;1.5;4.33;6.0;1.54;4.11;5.99;1.63;2.24;1.93;1.93
SP1;02/11/13;Sociedad;Osasuna;5;0;H;1;0;H;17;5;8;1;8;6;9;2;2;0;0;1;1.57;4.0;5.75;1.59;3.81;5.82;1.96;1.83;2.07;1.8
SP1;02/11/13;Vallecano;Real Madrid;2;3;A;0;2;A;23;11;6;5;13;12;6;1;3;5;0;0;11.0;6.0;1.25;10.8;5.64;1.27;1.34;3.04;2.08;1.78
SP1;03/11/13;Ath Madrid;Ath Bilbao;2;0;H;2;0;H;15;2;8;0;15;21;3;0;5;2;0;1;1.3;5.0;11.0;1.32;4.92;9.67;1.64;2.22;1.97;1.88
SP1;03/11/13;Getafe;Valencia;0;1;A;0;1;A;14;16;5;5;17;7;6;6;6;2;0;0;2.6;3.2;2.75;2.58;3.26;2.72;1.95;1.84;1.86;1.99
SP1;03/11/13;Levante;Granada;0;1;A;0;0;D;13;15;7;5;15;15;5;7;2;3;0;0;2.05;3.3;3.6;2.03;3.3;3.7;2.3;1.59;2.05;1.83
SP1;03/11/13;Malaga;Betis;3;2;H;1;1;D;10;8;4;3;20;12;2;3;2;2;0;0;2.05;3.4;3.6;2.04;3.36;3.65;1.92;1.87;2.06;1.82
SP1;04/11/13;Elche;Villarreal;0;1;A;0;0;D;5;16;0;6;19;11;9;9;3;3;0;0;3.3;3.3;2.2;3.32;3.28;2.2;2.13;1.7;1.95;1.93
SP1;08/11/13;Granada;Malaga;3;1;H;0;0;D;16;17;10;6;17;17;7;5;3;3;0;0;2.3;3.2;3.2;2.26;3.26;3.27;2.26;1.63;1.93;1.94
SP1;08/11/13;Osasuna;Almeria;0;1;A;0;1;A;20;4;5;2;9;16;12;5;2;3;0;0;2.05;3.4;3.5;2.12;3.31;3.51;2.07;1.74;1.83;2.06
SP1;09/11/13;Ath Bilbao;Levante;2;1;H;0;1;A;21;7;9;3;19;24;11;2;3;5;1;0;1.5;4.1;6.5;1.53;3.95;6.36;1.92;1.87;1.93;1.93
SP1;09/11/13;Celta;Vallecano;0;2;A;0;1;A;16;16;4;4;16;19;8;4;3;2;0;0;1.91;3.5;4.0;1.92;3.46;3.96;1.8;2.0;1.92;1.96
SP1;09/11/13;Getafe;Elche;1;1;D;1;0;H;10;10;2;5;17;16;4;7;3;6;0;0;2.05;3.25;3.75;2.03;3.28;3.77;2.21;1.65;2.04;1.84
SP1;09/11/13;Real Madrid;Sociedad;5;1;H;4;0;H;17;8;8;3;16;9;2;7;2;1;0;0;1.14;8.0;17.0;1.16;7.57;14.83;1.24;3.77;2.25;1.67
SP1;10/11/13;Betis;Barcelona;1;4;A;0;2;A;16;11;5;8;18;12;9;0;3;2;0;0;11.0;6.0;1.25;10.87;5.85;1.26;1.37;2.89;2.13;1.75
SP1;10/11/13;Espanol;Sevilla;1;3;A;1;2;A;15;12;2;4;19;11;5;4;2;3;1;0;2.38;3.25;3.0;2.36;3.26;3.03;1.99;1.81;1.68;2.23
SP1;10/11/13;Valencia;Valladolid;2;2;D;1;1;D;19;11;6;6;8;17;6;6;1;5;0;0;1.53;4.0;6.0;1.54;4.0;6.13;1.72;2.1;1.95;1.92
SP1;10/11/13;Villarreal;Ath Madrid;1;1;D;0;1;A;15;7;3;1;14;22;5;1;3;4;0;0;3.4;3.4;2.1;3.65;3.31;2.07;2.03;1.77;1.79;2.09
SP1;22/11/13;Valladolid;Osasuna;0;1;A;0;0;D;7;10;3;3;8;17;6;1;4;4;0;0;2.0;3.4;3.75;2.01;3.34;3.86;2.18;1.67;2.02;1.87
SP1;23/11/13;Almeria;Real Madrid;0;5;A;0;1;A;12;35;4;15;15;7;1;6;1;2;0;0;9.5;5.5;1.29;9.45;5.47;1.3;1.34;3.08;2.01;1.85
SP1;23/11/13;Ath Madrid;Getafe;7;0;H;2;0;H;24;2;13;1;10;12;8;3;2;2;0;1;1.22;5.75;13.0;1.25;5.68;11.86;1.64;2.21;1.78;2.09
SP1;23/11/13;Barcelona;Granada;4;0;H;2;0;H;13;10;8;3;19;19;3;7;2;2;0;1;1.13;8.5;17.0;1.13;8.13;19.2;1.38;2.9;2.15;1.74
SP1;23/11/13;Sociedad;Celta;4;3;H;1;2;A;23;10;12;5;11;24;7;3;2;2;0;1;1.67;3.6;5.25;1.71;3.65;4.88;1.8;1.99;1.94;1.93
SP1;24/11/13;Elche;Valencia;2;1;H;0;0;D;9;25;3;8;14;10;2;7;3;2;0;0;2.75;3.3;2.5;2.92;3.21;2.46;2.22;1.64;1.76;2.13
SP1;24/11/13;Levante;Villarreal;0;3;A;0;1;A;5;23;1;9;17;17;5;4;1;1;1;0;3.5;3.3;2.1;3.47;3.29;2.13;2.16;1.68;1.77;2.12
SP1;24/11/13;Sevilla;Betis;4;0;H;2;0;H;16;8;4;1;16;21;3;1;1;4;0;1;1.67;3.75;5.0;1.72;3.76;4.69;1.64;2.22;2.23;1.69
SP1;24/11/13;Vallecano;Espanol;1;4;A;0;1;A;16;8;4;5;15;12;7;3;3;3;1;0;2.4;3.3;2.88;2.45;3.26;2.88;2.04;1.77;2.13;1.78
SP1;25/11/13;Malaga;Ath Bilbao;1;2;A;1;0;H;8;10;1;6;20;9;5;3;4;1;1;0;2.6;3.25;2.7;2.53;3.29;2.74;1.86;1.92;1.86;1.99
SP1;29/11/13;Getafe;Levante;1;0;H;0;0;D;15;11;2;1;15;19;4;5;3;1;0;0;1.83;3.4;4.5;1.88;3.42;4.29;2.03;1.77;1.89;1.99
SP1;29/11/13;Villarreal;Malaga;1;1;D;1;0;H;7;8;3;3;12;11;9;8;1;4;0;0;1.44;4.33;7.0;1.48;4.18;7.05;1.83;1.96;1.79;2.08
SP1;30/11/13;Celta;Almeria;3;1;H;1;1;D;17;6;6;3;11;12;7;3;1;2;0;0;1.91;3.4;4.0;1.91;3.4;4.1;1.92;1.87;1.9;1.97
SP1;30/11/13;Elche;Ath Madrid;0;2;A;0;0;D;10;12;2;4;14;13;9;6;2;4;0;0;7.0;4.0;1.5;6.86;3.96;1.51;2.1;1.72;1.96;1.9
SP1;30/11/13;Espanol;Sociedad;1;2;A;1;0;H;13;15;4;6;17;12;5;7;4;3;0;0;2.2;3.4;3.2;2.24;3.3;3.2;2.02;1.77;1.93;1.94
SP1;30/11/13;Real Madrid;Valladolid;4;0;H;2;0;H;26;9;12;3;6;8;10;1;1;1;0;0;1.13;8.5;17.0;1.13;8.57;17.98;1.23;3.95;2.05;1.82
SP1;01/12/13;Ath Bilbao;Barcelona;1;0;H;0;0;D;15;11;6;2;16;10;4;5;3;4;0;0;5.0;4.2;1.6;5.32;3.99;1.61;1.53;2.37;1.8;2.07
SP1;01/12/13;Betis;Vallecano;2;2;D;1;0;H;12;9;4;5;21;16;8;4;3;5;0;0;1.91;3.4;4.0;1.93;3.44;3.92;1.79;2.01;1.94;1.93
SP1;01/12/13;Granada;Sevilla;1;2;A;0;1;A;17;13;8;7;13;14;8;3;4;7;0;0;2.8;3.25;2.5;2.86;3.24;2.48;2.06;1.75;2.09;1.78
SP1;01/12/13;Valencia;Osasuna;3;0;H;1;0;H;24;6;11;1;15;11;7;1;1;1;0;1;1.4;4.5;8.0;1.44;4.28;7.2;1.8;1.99;2.29;1.64
SP1;13/12/13;Levante;Elche;2;1;H;1;1;D;9;7;3;2;11;9;5;3;4;4;0;0;2.3;3.1;3.25;2.3;3.18;3.27;2.38;1.55;1.99;1.88
SP1;14/12/13;Barcelona;Villarreal;2;1;H;1;0;H;13;3;7;1;7;12;7;4;1;1;0;0;1.29;5.5;11.0;1.29;5.59;9.63;1.43;2.68;1.88;1.98
SP1;14/12/13;Malaga;Getafe;1;0;H;0;0;D;21;6;4;3;17;14;7;4;4;4;0;0;2.0;3.4;3.75;1.99;3.4;3.82;2.01;1.79;1.97;1.9
SP1;14/12/13;Osasuna;Real Madrid;2;2;D;2;1;H;11;17;7;4;9;14;5;6;4;1;1;1;11.0;6.5;1.22;11.53;6.17;1.24;1.37;2.93;2.21;1.7
SP1;14/12/13;Vallecano;Granada;0;2;A;0;1;A;17;13;8;3;20;21;7;3;4;5;1;0;2.05;3.3;3.6;2.03;3.37;3.72;2.07;1.73;2.03;1.84
SP1;15/12/13;Almeria;Espanol;0;0;D;0;0;D;10;16;4;6;10;17;5;5;0;2;0;0;2.7;3.2;2.63;2.64;3.19;2.72;2.15;1.68;1.92;1.93
SP1;15/12/13;Ath Madrid;Valencia;3;0;H;0;0;D;14;3;6;0;9;14;8;1;2;4;0;0;1.33;4.75;10.0;1.36;4.8;8.8;1.75;2.04;2.06;1.8
SP1;15/12/13;Sevilla;Ath Bilbao;1;1;D;1;1;D;14;13;2;4;21;9;8;9;4;2;0;0;1.95;3.5;3.75;2.01;3.45;3.68;1.71;2.11;2.0;1.87
SP1;15/12/13;Sociedad;Betis;5;1;H;1;1;D;20;15;9;4;8;12;11;1;4;2;0;0;1.73;3.6;4.75;1.74;3.69;4.66;1.67;2.16;1.98;1.89
SP1;16/12/13;Valladolid;Celta;3;0;H;0;0;D;11;14;6;3;17;17;7;5;3;1;0;1;2.38;3.25;3.0;2.37;3.25;2.99;1.99;1.8;2.04;1.83
SP1;20/12/13;Elche;Malaga;0;1;A;0;1;A;8;6;2;2;17;14;7;2;3;4;1;0;2.3;3.2;3.2;2.37;3.21;3.11;2.31;1.6;2.09;1.8
SP1;21/12/13;Ath Madrid;Levante;3;2;H;1;1;D;16;8;6;4;16;18;10;6;3;5;0;1;1.14;7.5;17.0;1.15;7.58;18.39;1.48;2.55;1.7;2.21
SP1;21/12/13;Betis;Almeria;0;1;A;0;1;A;25;14;8;7;9;17;11;2;0;2;0;0;1.73;3.75;4.5;1.72;3.7;4.83;1.81;1.98;2.26;1.68
SP1;21/12/13;Granada;Sociedad;1;3;A;1;2;A;23;11;8;7;16;9;8;2;3;1;0;0;2.4;3.3;2.88;2.55;3.26;2.79;2.07;1.74;1.85;2.0
SP1;21/12/13;Villarreal;Sevilla;1;2;A;0;1;A;13;12;5;4;13;25;11;4;3;4;0;1;1.85;3.6;4.0;1.86;3.57;4.13;1.88;1.91;1.86;2.0
SP1;22/12/13;Ath Bilbao;Vallecano;2;1;H;1;0;H;24;14;9;5;11;21;8;7;0;2;0;0;1.44;4.33;7.0;1.47;4.28;6.85;1.66;2.18;1.79;2.08
SP1;22/12/13;Celta;Osasuna;1;1;D;1;1;D;14;13;6;4;14;15;5;7;0;3;0;0;1.8;3.5;4.5;1.83;3.5;4.36;2.0;1.79;1.84;2.03
SP1;22/12/13;Espanol;Valladolid;4;2;H;2;0;H;13;9;7;4;23;13;2;4;3;1;0;0;1.8;3.4;4.75;1.77;3.53;4.75;2.14;1.69;2.01;1.86
SP1;22/12/13;Getafe;Barcelona;2;5;A;2;3;A;12;15;2;7;26;7;7;1;4;3;0;0;7.0;4.75;1.4;7.66;4.55;1.41;1.61;2.25;1.71;2.18
SP1;22/12/13;Valencia;Real Madrid;2;3;A;1;2;A;12;12;5;5;12;13;3;6;2;2;0;0;5.5;4.0;1.57;5.33;4.06;1.6;1.41;2.76;1.87;1.99
SP1;04/01/14;Almeria;Granada;3;0;H;2;0;H;18;5;8;3;18;10;9;9;3;3;0;0;2.4;3.2;3.0;2.39;3.21;3.04;2.14;1.68;1.7;2.2
SP1;04/01/14;Malaga;Ath Madrid;0;1;A;0;0;D;12;9;3;6;20;14;5;8;4;6;0;0;6.0;4.1;1.53;6.69;3.91;1.54;1.94;1.84;1.93;1.93
SP1;04/01/14;Valencia;Levante;2;0;H;1;0;H;17;7;5;2;17;24;7;5;3;1;0;0;1.44;4.2;7.5;1.47;4.2;7.13;1.8;1.98;1.75;2.13
SP1;04/01/14;Valladolid;Betis;0;0;D;0;0;D;10;6;3;3;6;10;10;6;1;0;0;0;2.38;3.25;3.0;2.36;3.26;3.05;1.88;1.91;1.7;2.21
SP1;05/01/14;Barcelona;Elche;4;0;H;2;0;H;13;3;6;0;12;17;1;2;2;2;0;0;1.07;11.0;26.0;1.08;11.02;25.55;1.28;3.47;1.79;2.09
SP1;05/01/14;Osasuna;Espanol;1;0;H;1;0;H;11;13;4;3;9;15;1;10;3;7;0;0;2.4;3.2;3.0;2.41;3.2;3.03;2.24;1.62;1.7;2.21
SP1;05/01/14;Sevilla;Getafe;3;0;H;1;0;H;20;9;7;1;13;14;9;2;2;2;0;0;1.53;4.2;5.75;1.55;3.97;6.08;1.72;2.09;1.91;1.95
SP1;05/01/14;Sociedad;Ath Bilbao;2;0;H;1;0;H;8;13;4;3;11;15;5;4;2;3;0;0;2.15;3.4;3.3;2.19;3.37;3.28;1.76;2.02;1.88;2.0
SP1;06/01/14;Real Madrid;Celta;3;0;H;0;0;D;18;15;8;1;12;9;12;9;0;2;0;0;1.1;9.0;21.0;1.1;10.08;22.77;1.23;3.88;1.83;2.03
SP1;06/01/14;Vallecano;Villarreal;2;5;A;0;3;A;19;12;8;6;14;18;11;5;3;3;0;0;3.3;3.4;2.15;3.45;3.38;2.11;1.89;1.88;1.77;2.11
SP1;10/01/14;Granada;Valladolid;4;0;H;2;0;H;15;10;8;1;11;13;8;5;0;3;0;0;2.0;3.3;3.8;2.02;3.31;3.91;2.2;1.65;2.01;1.86
SP1;11/01/14;Ath Bilbao;Almeria;6;1;H;3;1;H;15;9;7;2;13;10;8;6;2;1;0;0;1.4;4.5;7.5;1.4;4.6;8.05;1.7;2.11;2.18;1.73
SP1;11/01/14;Ath Madrid;Barcelona;0;0;D;0;0;D;6;9;2;2;17;9;7;6;2;3;0;0;3.1;3.5;2.2;3.25;3.41;2.2;1.63;2.24;1.94;1.93
SP1;11/01/14;Celta;Valencia;2;1;H;0;1;A;21;11;8;2;7;14;4;2;0;2;0;0;3.1;3.3;2.3;3.0;3.31;2.38;1.91;1.86;2.2;1.7
SP1;11/01/14;Elche;Sevilla;1;1;D;0;0;D;10;10;3;3;7;23;8;5;2;3;0;0;3.3;3.4;2.15;3.41;3.36;2.15;2.04;1.75;2.5;1.56
SP1;12/01/14;Betis;Osasuna;1;2;A;0;1;A;22;7;8;3;20;11;8;3;4;2;1;1;1.8;3.5;4.5;1.8;3.52;4.58;2.0;1.78;1.79;2.09
SP1;12/01/14;Espanol;Real Madrid;0;1;A;0;0;D;11;23;1;8;19;12;3;8;2;1;0;0;7.5;5.5;1.33;8.18;5.16;1.35;1.38;2.98;1.91;1.95
SP1;12/01/14;Getafe;Vallecano;0;1;A;0;1;A;14;14;5;5;19;14;12;7;5;1;0;0;2.0;3.4;3.75;2.02;3.43;3.69;1.81;1.97;2.03;1.84
SP1;12/01/14;Levante;Malaga;1;0;H;1;0;H;8;22;5;6;24;16;4;7;4;5;0;0;2.5;3.2;2.88;2.55;3.22;2.83;2.24;1.62;1.82;2.03
SP1;13/01/14;Villarreal;Sociedad;5;1;H;3;0;H;22;8;11;4;16;13;8;6;2;4;0;0;1.91;3.5;4.0;1.94;3.44;3.94;1.81;1.97;1.93;1.94
SP1;17/01/14;Malaga;Valencia;0;0;D;0;0;D;17;11;6;4;17;17;5;5;2;4;0;0;2.7;3.2;2.63;2.71;3.25;2.67;2.02;1.78;1.92;1.92
SP1;18/01/14;Betis;Real Madrid;0;5;A;0;3;A;7;21;1;11;18;13;0;7;3;1;0;0;8.5;6.0;1.29;9.77;5.74;1.28;1.33;3.14;2.02;1.85
SP1;18/01/14;Elche;Vallecano;2;0;H;1;0;H;15;7;10;1;13;7;7;1;2;2;0;1;2.38;3.2;3.0;2.31;3.25;3.16;2.12;1.7;1.65;2.29
SP1;18/01/14;Espanol;Celta;1;0;H;0;0;D;8;12;3;2;15;14;3;8;1;1;0;0;2.0;3.25;3.9;1.98;3.37;3.93;2.08;1.72;1.98;1.89
SP1;18/01/14;Granada;Osasuna;0;0;D;0;0;D;17;8;3;0;11;12;7;0;1;3;0;0;2.0;3.2;4.0;1.99;3.27;4.03;2.23;1.64;1.97;1.89
SP1;19/01/14;Ath Madrid;Sevilla;1;1;D;1;0;H;16;10;2;3;13;15;8;3;3;2;0;1;1.36;4.75;8.5;1.35;4.82;9.19;1.63;2.24;2.03;1.84
SP1;19/01/14;Getafe;Sociedad;2;2;D;1;2;A;16;9;5;6;21;12;9;3;3;2;1;0;3.0;3.4;2.3;3.04;3.34;2.31;1.86;1.91;2.22;1.68
SP1;19/01/14;Levante;Barcelona;1;1;D;1;1;D;7;17;4;6;13;11;2;8;3;1;0;0;15.0;7.0;1.17;15.04;6.97;1.18;1.36;2.99;2.02;1.85
SP1;19/01/14;Villarreal;Almeria;2;0;H;1;0;H;12;13;2;4;15;15;9;7;2;1;0;0;1.33;5.0;9.0;1.33;4.85;9.75;1.65;2.2;1.96;1.91
SP1;20/01/14;Ath Bilbao;Valladolid;4;2;H;0;1;A;23;7;14;4;6;13;11;0;2;4;0;0;1.36;4.75;8.5;1.36;4.67;8.89;1.67;2.16;2.06;1.82
SP1;24/01/14;Celta;Betis;4;2;H;3;1;H;10;13;5;5;17;15;2;4;2;3;0;1;2.1;3.4;3.4;2.04;3.38;3.74;1.91;1.87;2.04;1.83
SP1;25/01/14;Real Madrid;Granada;2;0;H;0;0;D;23;8;8;2;11;14;4;1;4;2;0;0;1.05;15.0;26.0;1.07;11.7;29.63;1.22;4.07;1.7;2.22
SP1;25/01/14;Sevilla;Levante;2;3;A;1;1;D;28;7;10;6;15;15;7;3;3;3;1;1;1.36;4.75;8.5;1.36;4.69;8.87;1.7;2.11;2.07;1.79
SP1;25/01/14;Valencia;Espanol;2;2;D;2;2;D;15;9;5;2;13;11;10;4;3;0;0;0;1.53;4.0;6.0;1.58;3.86;6.01;1.9;1.89;2.05;1.82
SP1;25/01/14;Valladolid;Villarreal;1;0;H;1;0;H;8;4;2;2;19;13;8;2;4;0;0;0;4.0;3.3;1.95;3.91;3.43;1.95;1.92;1.86;1.9;1.96
SP1;26/01/14;Almeria;Getafe;1;0;H;0;0;D;7;16;4;5;19;16;10;12;2;2;0;0;2.4;3.2;3.0;2.36;3.26;3.05;2.03;1.76;1.68;2.23
SP1;26/01/14;Barcelona;Malaga;3;0;H;1;0;H;23;4;10;2;13;16;15;2;1;3;0;0;1.08;10.0;23.0;1.08;10.3;25.36;1.25;3.72;1.82;2.03
SP1;26/01/14;Osasuna;Ath Bilbao;1;5;A;1;2;A;11;19;1;9;24;13;1;8;3;4;1;0;3.5;3.2;2.15;3.35;3.27;2.19;2.04;1.75;1.98;1.89
SP1;26/01/14;Vallecano;Ath Madrid;2;4;A;1;3;A;13;15;6;7;16;13;8;9;2;1;0;0;8.0;4.5;1.4;8.18;4.47;1.4;1.71;2.09;1.72;2.18
SP1;27/01/14;Sociedad;Elche;4;0;H;2;0;H;7;18;5;6;9;8;4;6;1;2;0;0;1.5;4.0;7.0;1.5;4.2;6.39;1.75;2.04;1.89;1.97
SP1;31/01/14;Granada;Celta;1;2;A;1;1;D;16;10;3;3;10;14;9;4;2;4;0;0;2.1;3.5;3.25;2.11;3.36;3.55;2.04;1.76;2.13;1.76
SP1;01/02/14;Barcelona;Valencia;2;3;A;1;1;D;20;8;5;4;18;8;9;5;2;3;1;0;1.13;8.0;19.0;1.13;8.19;19.86;1.3;3.37;2.08;1.79
SP1;01/02/14;Getafe;Valladolid;0;0;D;0;0;D;7;10;1;2;11;13;2;9;2;3;0;0;2.0;3.4;3.75;1.97;3.35;3.96;2.1;1.71;1.96;1.9
SP1;01/02/14;Levante;Vallecano;0;0;D;0;0;D;11;16;2;5;23;20;6;6;2;3;0;0;2.15;3.3;3.4;2.16;3.33;3.38;2.11;1.7;1.88;1.99
SP1;01/02/14;Malaga;Sevilla;3;2;H;1;0;H;14;11;7;4;12;14;3;5;3;5;0;0;2.8;3.4;2.4;2.9;3.3;2.44;1.89;1.89;2.11;1.74
SP1;02/02/14;Ath Bilbao;Real Madrid;1;1;D;0;0;D;9;10;3;3;13;14;6;3;1;1;0;1;5.25;4.0;1.62;5.11;3.92;1.65;1.4;2.84;1.76;2.11
SP1;02/02/14;Ath Madrid;Sociedad;4;0;H;1;0;H;12;10;6;2;16;13;6;7;3;2;0;0;1.3;5.0;10.0;1.32;4.98;10.2;1.62;2.25;1.94;1.92
SP1;02/02/14;Betis;Espanol;2;0;H;0;0;D;13;6;3;1;15;15;8;5;3;1;0;0;2.3;3.2;3.2;2.29;3.26;3.18;2.11;1.71;1.64;2.31
SP1;02/02/14;Elche;Almeria;1;0;H;0;0;D;13;10;5;3;14;18;8;3;3;3;1;0;2.0;3.4;3.75;1.95;3.34;4.05;2.11;1.7;1.94;1.92
SP1;03/02/14;Villarreal;Osasuna;3;1;H;0;0;D;13;10;8;2;17;8;5;2;2;1;0;0;1.33;5.0;9.0;1.37;4.58;9.11;1.77;2.01;2.1;1.77
SP1;07/02/14;Espanol;Granada;1;0;H;0;0;D;13;13;5;1;17;19;3;3;4;5;1;0;1.8;3.5;4.5;1.81;3.49;4.73;2.25;1.64;1.78;2.11
SP1;08/02/14;Almeria;Ath Madrid;2;0;H;0;0;D;7;12;3;1;21;8;2;1;2;2;0;1;10.0;5.25;1.29;10.45;5.21;1.3;1.69;2.14;1.95;1.91
SP1;08/02/14;Real Madrid;Villarreal;4;2;H;2;1;H;13;10;6;3;10;7;6;3;0;2;0;0;1.33;5.0;8.5;1.35;5.03;8.53;1.42;2.77;2.03;1.85
SP1;08/02/14;Valencia;Betis;5;0;H;2;0;H;18;9;9;2;7;15;9;9;0;2;0;0;1.44;4.33;7.0;1.47;4.28;7.19;1.63;2.23;1.78;2.09
SP1;08/02/14;Vallecano;Malaga;4;1;H;3;0;H;11;15;6;5;20;14;3;5;3;3;0;1;2.4;3.2;3.0;2.43;3.3;2.92;1.99;1.81;1.76;2.09
SP1;09/02/14;Osasuna;Getafe;2;0;H;1;0;H;14;18;7;4;19;11;4;6;1;4;0;0;2.1;3.2;3.6;2.16;3.21;3.51;2.34;1.58;2.16;1.73
SP1;09/02/14;Sevilla;Barcelona;1;4;A;1;2;A;15;9;4;5;22;9;6;0;3;3;0;0;6.0;4.0;1.53;5.88;4.16;1.55;1.45;2.65;1.94;1.92
SP1;09/02/14;Sociedad;Levante;0;0;D;0;0;D;18;6;6;0;10;20;7;3;2;3;0;0;1.44;4.33;7.0;1.45;4.28;7.6;1.72;2.09;1.74;2.16
SP1;09/02/14;Valladolid;Elche;2;2;D;0;1;A;13;9;3;4;15;15;9;2;2;2;0;0;2.05;3.2;3.8;2.14;3.2;3.62;2.39;1.56;2.15;1.75
SP1;10/02/14;Celta;Ath Bilbao;0;0;D;0;0;D;14;7;1;1;12;9;5;6;1;3;0;0;3.1;3.3;2.3;3.21;3.3;2.25;1.86;1.92;1.93;1.94
SP1;14/02/14;Elche;Osasuna;0;0;D;0;0;D;11;8;2;3;10;11;7;7;3;3;0;0;2.1;3.2;3.6;2.16;3.23;3.57;2.4;1.56;2.17;1.73
SP1;15/02/14;Ath Madrid;Valladolid;3;0;H;2;0;H;13;4;5;0;10;11;8;3;0;3;0;0;1.18;7.0;13.0;1.19;6.67;15.63;1.53;2.41;2.01;1.85
SP1;15/02/14;Barcelona;Vallecano;6;0;H;2;0;H;21;9;10;4;6;10;12;5;0;0;0;0;1.07;11.0;29.0;1.07;11.79;29.57;1.21;4.14;1.83;2.05
SP1;15/02/14;Levante;Almeria;1;0;H;0;0;D;13;13;3;3;13;16;1;9;1;4;0;0;2.05;3.1;4.0;2.03;3.24;3.89;2.35;1.57;2.04;1.84
SP1;15/02/14;Villarreal;Celta;0;2;A;0;0;D;19;8;5;2;14;11;9;2;2;4;0;0;1.53;4.0;6.0;1.54;4.04;6.24;1.74;2.06;1.9;1.96
SP1;16/02/14;Ath Bilbao;Espanol;1;2;A;0;1;A;10;14;3;7;15;14;5;6;2;2;1;0;1.57;3.8;6.0;1.59;3.93;5.68;1.9;1.88;2.09;1.8
SP1;16/02/14;Getafe;Real Madrid;0;3;A;0;2;A;9;16;1;7;16;14;8;10;3;4;0;0;10.0;5.25;1.29;10.57;5.59;1.28;1.47;2.59;2.09;1.79
SP1;16/02/14;Granada;Betis;1;0;H;1;0;H;13;11;4;6;20;15;4;4;4;3;1;1;2.1;3.2;3.6;2.17;3.29;3.4;2.08;1.73;2.16;1.73
SP1;16/02/14;Sevilla;Valencia;0;0;D;0;0;D;17;9;2;0;22;13;14;1;2;5;1;1;2.0;3.6;3.5;2.07;3.49;3.47;1.63;2.23;2.06;1.82
SP1;17/02/14;Malaga;Sociedad;0;1;A;0;1;A;14;7;5;3;12;15;6;2;3;0;0;0;2.7;3.25;2.6;2.68;3.22;2.67;1.9;1.88;1.93;1.91
SP1;21/02/14;Valladolid;Levante;1;1;D;0;1;A;11;3;2;1;13;16;4;1;3;3;0;0;2.1;3.1;3.8;2.12;3.22;3.73;2.43;1.54;1.82;2.06
SP1;22/02/14;Almeria;Malaga;0;0;D;0;0;D;7;14;2;2;14;23;5;5;2;5;0;0;2.5;3.2;2.88;2.57;3.18;2.8;2.18;1.66;1.84;2.0
SP1;22/02/14;Celta;Getafe;1;1;D;0;1;A;19;6;8;4;15;16;5;0;6;4;0;1;1.75;3.6;4.75;1.76;3.6;4.75;2.02;1.76;1.75;2.11
SP1;22/02/14;Real Madrid;Elche;3;0;H;1;0;H;16;5;7;2;14;19;9;1;1;3;0;0;1.07;11.0;29.0;1.08;11.09;27.83;1.25;3.77;1.8;2.05
SP1;22/02/14;Sociedad;Barcelona;3;1;H;1;1;D;15;12;3;3;13;15;2;13;2;3;0;0;7.5;5.0;1.36;7.79;4.9;1.37;1.39;2.85;1.84;2.01
SP1;23/02/14;Betis;Ath Bilbao;0;2;A;0;1;A;11;14;4;7;14;10;8;5;2;1;2;0;2.88;3.4;2.38;3.02;3.31;2.34;1.82;1.96;2.22;1.67
SP1;23/02/14;Osasuna;Ath Madrid;3;0;H;3;0;H;10;13;4;6;13;10;6;9;0;1;0;0;7.0;4.0;1.5;7.07;3.95;1.5;2.01;1.77;1.95;1.9
SP1;23/02/14;Valencia;Granada;2;1;H;0;0;D;17;8;7;3;14;15;8;2;5;3;0;0;1.5;4.1;6.5;1.5;4.11;6.65;1.74;2.05;1.85;2.0
SP1;23/02/14;Vallecano;Sevilla;0;1;A;0;0;D;9;9;1;2;16;11;1;7;2;1;0;1;3.1;3.4;2.25;3.17;3.37;2.22;1.66;2.19;1.95;1.92
SP1;24/02/14;Espanol;Villarreal;1;2;A;0;1;A;13;10;6;4;12;19;2;2;4;4;0;0;2.5;3.25;2.8;2.54;3.17;2.86;2.1;1.7;1.8;2.06
SP1;28/02/14;Ath Bilbao;Granada;4;0;H;2;0;H;27;6;10;1;9;12;6;3;0;2;0;1;1.4;4.5;7.5;1.4;4.59;8.26;1.73;2.09;2.16;1.72
SP1;01/03/14;Elche;Celta;1;0;H;0;0;D;9;12;1;3;13;15;3;12;5;3;0;0;2.5;3.1;2.9;2.47;3.17;2.97;2.34;1.57;1.76;2.09
SP1;01/03/14;Getafe;Espanol;0;0;D;0;0;D;15;17;7;3;9;11;10;11;4;3;0;0;2.6;3.2;2.75;2.59;3.19;2.81;2.38;1.56;1.86;2.0
SP1;01/03/14;Levante;Osasuna;2;0;H;2;0;H;7;15;3;4;22;18;3;6;4;3;1;0;2.3;3.2;3.2;2.34;3.15;3.22;2.52;1.49;1.64;2.3
SP1;01/03/14;Malaga;Valladolid;1;1;D;1;1;D;17;8;5;3;18;15;8;5;0;1;0;0;1.85;3.4;4.33;1.84;3.42;4.54;2.18;1.66;1.84;2.03
SP1;02/03/14;Ath Madrid;Real Madrid;2;2;D;2;1;H;11;15;4;6;17;10;6;4;3;2;0;0;3.5;3.4;2.05;3.58;3.38;2.08;1.81;1.97;1.78;2.09
SP1;02/03/14;Barcelona;Almeria;4;1;H;2;1;H;29;6;11;3;8;12;13;4;1;4;0;0;1.05;13.0;34.0;1.05;13.3;35.67;1.19;4.33;1.81;2.06
SP1;02/03/14;Sevilla;Sociedad;1;0;H;0;0;D;10;11;5;3;15;10;3;4;2;4;0;0;1.91;3.75;3.6;1.96;3.58;3.76;1.6;2.28;1.94;1.92
SP1;02/03/14;Vallecano;Valencia;1;0;H;0;0;D;17;11;3;1;19;16;3;3;3;1;0;1;3.3;3.3;2.2;3.33;3.4;2.16;1.66;2.17;1.99;1.88
SP1;02/03/14;Villarreal;Betis;1;1;D;0;0;D;4;11;3;3;11;12;7;8;1;4;1;0;1.36;4.75;8.5;1.38;4.67;8.55;1.63;2.25;2.07;1.8
SP1;08/03/14;Betis;Getafe;2;0;H;2;0;H;17;9;5;2;15;16;6;6;3;3;0;0;1.91;3.4;4.0;1.9;3.46;4.06;2.05;1.75;1.89;1.96
SP1;08/03/14;Celta;Ath Madrid;0;2;A;0;0;D;9;13;2;7;12;11;2;5;1;3;0;0;4.0;3.4;1.91;4.23;3.39;1.89;2.12;1.7;1.95;1.9
SP1;08/03/14;Granada;Villarreal;2;0;H;2;0;H;13;5;4;1;21;17;3;3;4;1;0;0;3.4;3.2;2.2;3.17;3.28;2.29;2.11;1.7;1.89;1.97
SP1;08/03/14;Valladolid;Barcelona;1;0;H;1;0;H;7;13;2;6;15;14;4;3;5;1;0;0;12.0;7.0;1.2;14.02;6.61;1.2;1.41;2.82;1.86;1.99
SP1;09/03/14;Almeria;Sevilla;1;3;A;0;1;A;8;7;5;4;11;13;3;8;2;4;0;0;3.4;3.4;2.1;3.61;3.35;2.07;1.93;1.85;1.82;2.04
SP1;09/03/14;Espanol;Elche;3;1;H;2;0;H;12;12;6;3;16;11;5;5;1;3;0;0;1.75;3.5;4.75;1.75;3.5;4.94;2.37;1.56;1.99;1.87
SP1;09/03/14;Real Madrid;Levante;3;0;H;1;0;H;25;6;10;1;12;12;12;2;2;2;0;1;1.05;15.0;29.0;1.06;12.87;32.47;1.21;4.15;2.02;1.84
SP1;09/03/14;Valencia;Ath Bilbao;1;1;D;1;0;H;13;13;4;4;15;15;9;6;3;2;0;0;2.25;3.3;3.2;2.23;3.37;3.21;1.75;2.05;1.92;1.94
SP1;10/03/14;Osasuna;Malaga;0;2;A;0;1;A;19;11;7;4;5;19;10;10;1;3;0;1;2.3;3.1;3.25;2.28;3.2;3.23;2.31;1.59;1.98;1.88
SP1;10/03/14;Sociedad;Vallecano;2;3;A;2;1;H;15;15;6;4;11;14;3;8;0;3;0;0;1.44;4.5;6.5;1.47;4.42;6.41;1.54;2.4;1.77;2.09
SP1;14/03/14;Getafe;Granada;3;3;D;2;1;H;11;17;5;5;14;10;4;10;4;1;1;1;2.1;3.25;3.5;2.13;3.23;3.66;2.37;1.57;1.81;2.06
SP1;15/03/14;Ath Madrid;Espanol;1;0;H;0;0;D;8;8;2;4;11;17;7;2;3;3;0;0;1.29;5.0;12.0;1.3;5.22;10.6;1.71;2.1;1.93;1.92
SP1;15/03/14;Levante;Celta;0;1;A;0;1;A;18;26;8;8;17;18;4;9;3;5;0;0;2.5;3.1;2.9;2.48;3.16;2.96;2.32;1.59;1.76;2.11
SP1;15/03/14;Malaga;Real Madrid;0;1;A;0;1;A;12;13;4;6;10;6;7;6;2;0;0;0;12.0;6.0;1.25;10.88;5.95;1.26;1.45;2.65;2.1;1.76
SP1;15/03/14;Vallecano;Almeria;3;1;H;1;0;H;14;7;5;2;11;16;6;6;1;3;0;0;1.83;3.5;4.2;1.84;3.51;4.36;1.97;1.81;1.83;2.02
SP1;16/03/14;Barcelona;Osasuna;7;0;H;3;0;H;20;6;11;3;9;10;4;4;1;2;0;0;1.05;15.0;29.0;1.06;13.03;36.25;1.21;4.19;1.84;2.02
SP1;16/03/14;Elche;Betis;0;0;D;0;0;D;12;9;1;3;15;18;6;3;4;3;0;0;2.38;3.2;3.0;2.35;3.2;3.14;2.3;1.6;1.66;2.25
SP1;16/03/14;Sevilla;Valladolid;4;1;H;2;0;H;14;8;6;2;13;13;9;2;3;3;0;0;1.44;4.33;7.0;1.44;4.5;7.12;1.69;2.13;1.99;1.87
SP1;16/03/14;Sociedad;Valencia;1;0;H;0;0;D;9;12;2;3;16;20;6;9;2;4;0;0;2.05;3.5;3.4;2.09;3.41;3.49;1.74;2.06;2.07;1.8
SP1;17/03/14;Villarreal;Ath Bilbao;1;1;D;0;0;D;8;7;3;4;14;12;11;5;1;2;1;0;2.25;3.4;3.1;2.25;3.29;3.2;1.96;1.81;1.95;1.91
SP1;21/03/14;Celta;Malaga;0;2;A;0;2;A;12;9;3;4;8;14;6;2;1;5;0;1;1.91;3.4;4.0;2.02;3.35;3.85;2.1;1.72;2.01;1.84
SP1;22/03/14;Ath Bilbao;Getafe;1;0;H;1;0;H;14;9;8;3;14;25;10;4;1;3;0;0;1.36;5.0;7.5;1.36;4.87;8.86;1.66;2.18;2.03;1.83
SP1;22/03/14;Espanol;Levante;0;0;D;0;0;D;12;6;3;3;10;18;8;9;4;3;0;1;1.67;3.6;5.5;1.68;3.55;5.64;2.3;1.59;1.65;2.27
SP1;22/03/14;Granada;Elche;1;0;H;0;0;D;9;10;4;4;15;18;5;3;1;3;0;1;2.05;3.2;3.8;2.03;3.24;3.9;2.39;1.54;2.02;1.84
SP1;22/03/14;Valladolid;Vallecano;1;1;D;1;1;D;9;16;2;3;10;6;4;7;4;2;0;0;2.4;3.3;2.9;2.37;3.26;3.05;1.92;1.87;2.03;1.84
SP1;23/03/14;Betis;Ath Madrid;0;2;A;0;0;D;5;9;1;2;18;14;0;7;2;2;1;0;6.0;3.8;1.57;6.18;3.8;1.58;1.98;1.8;1.82;2.04
SP1;23/03/14;Osasuna;Sevilla;1;2;A;0;2;A;18;10;3;3;12;22;7;1;3;1;0;0;2.9;3.3;2.38;2.99;3.29;2.38;2.04;1.76;1.82;2.05
SP1;23/03/14;Real Madrid;Barcelona;3;4;A;2;2;D;13;18;8;6;24;12;1;5;5;2;1;0;2.25;3.5;3.0;2.2;3.48;3.2;1.55;2.4;2.16;1.72
SP1;23/03/14;Valencia;Villarreal;2;1;H;2;0;H;14;4;5;1;16;18;7;1;2;3;0;0;2.05;3.4;3.5;2.07;3.36;3.59;1.87;1.91;2.06;1.81
SP1;24/03/14;Almeria;Sociedad;4;3;H;1;1;D;14;23;8;11;14;13;11;6;4;3;0;0;3.4;3.4;2.1;3.36;3.33;2.17;1.92;1.86;2.48;1.54
SP1;25/03/14;Elche;Ath Bilbao;0;0;D;0;0;D;12;8;2;1;25;17;7;2;2;2;0;0;4.0;3.3;1.95;4.14;3.4;1.93;2.15;1.69;1.94;1.92
SP1;25/03/14;Malaga;Espanol;1;2;A;1;1;D;16;7;5;4;7;8;3;8;1;1;1;0;2.45;3.1;3.0;2.46;3.18;3.01;2.37;1.56;2.12;1.77
SP1;26/03/14;Ath Madrid;Granada;1;0;H;0;0;D;16;7;5;0;12;12;14;4;1;3;0;0;1.18;6.5;15.0;1.2;6.29;15.97;1.65;2.2;2.12;1.74
SP1;26/03/14;Barcelona;Celta;3;0;H;2;0;H;14;8;6;6;11;8;4;6;2;2;0;0;1.05;15.0;34.0;1.05;14.08;35.58;1.2;4.21;2.04;1.81
SP1;26/03/14;Sevilla;Real Madrid;2;1;H;1;1;D;12;26;3;8;13;13;2;9;3;3;0;0;5.5;4.5;1.53;5.6;4.35;1.54;1.41;2.81;1.99;1.86
SP1;26/03/14;Vallecano;Osasuna;1;0;H;0;0;D;14;7;5;2;11;12;9;3;3;5;0;0;1.83;3.4;4.5;1.89;3.49;4.12;1.99;1.79;1.88;1.97
SP1;27/03/14;Almeria;Valencia;2;2;D;0;2;A;20;15;9;5;19;9;6;4;5;1;0;0;3.8;3.5;1.95;3.71;3.45;2.01;1.94;1.85;1.87;1.99
SP1;27/03/14;Getafe;Villarreal;0;1;A;0;1;A;12;12;1;3;15;19;9;2;3;3;0;0;3.3;3.3;2.2;3.33;3.29;2.21;2.13;1.7;2.0;1.87
SP1;27/03/14;Levante;Betis;1;3;A;1;1;D;9;10;4;5;18;13;7;7;3;3;0;0;2.3;3.2;3.1;2.4;3.22;3.02;2.27;1.61;1.7;2.15
SP1;27/03/14;Sociedad;Valladolid;1;0;H;1;0;H;14;9;7;1;13;15;2;11;3;5;0;0;1.44;4.2;7.5;1.46;4.24;7.32;1.71;2.1;1.75;2.13
SP1;29/03/14;Ath Bilbao;Ath Madrid;1;2;A;1;1;D;13;10;2;3;19;15;3;4;3;2;1;0;2.9;3.3;2.4;3.02;3.23;2.4;2.15;1.69;1.81;2.07
SP1;29/03/14;Celta;Sevilla;1;0;H;0;0;D;14;10;4;3;10;12;11;7;1;4;0;0;3.0;3.25;2.38;3.01;3.26;2.39;2.0;1.79;1.81;2.07
SP1;29/03/14;Espanol;Barcelona;0;1;A;0;0;D;8;20;1;8;24;8;3;11;4;2;1;0;9.0;5.0;1.33;8.77;5.16;1.34;1.51;2.47;1.87;1.97
SP1;29/03/14;Real Madrid;Vallecano;5;0;H;1;0;H;16;15;7;2;13;14;4;6;1;0;0;0;1.04;13.0;34.0;1.05;12.79;30.63;1.17;4.62;1.88;1.99
SP1;30/03/14;Osasuna;Sociedad;1;1;D;0;1;A;15;10;4;3;19;18;4;8;5;5;0;0;3.0;3.25;2.38;3.03;3.25;2.38;2.03;1.76;1.83;2.05
SP1;30/03/14;Valencia;Getafe;1;3;A;1;2;A;19;11;3;6;15;20;12;5;2;4;1;0;1.4;4.33;8.5;1.42;4.39;8.01;1.71;2.09;1.94;1.93
SP1;30/03/14;Valladolid;Almeria;1;0;H;1;0;H;20;14;8;3;12;12;5;6;2;0;0;1;1.91;3.4;4.0;1.91;3.37;4.16;2.15;1.67;1.91;1.94
SP1;30/03/14;Villarreal;Elche;1;1;D;1;1;D;10;7;3;2;16;14;6;5;1;1;0;0;1.44;4.33;7.0;1.46;4.19;7.35;1.92;1.86;1.76;2.11
SP1;31/03/14;Betis;Malaga;1;2;A;1;0;H;11;8;2;4;6;11;3;7;2;7;0;0;2.2;3.3;3.3;2.18;3.29;3.38;2.14;1.68;1.87;1.99
SP1;31/03/14;Granada;Levante;0;2;A;0;0;D;8;15;1;5;17;17;7;3;2;4;0;0;1.85;3.5;4.2;1.87;3.39;4.35;2.34;1.57;1.85;2.01
SP1;04/04/14;Almeria;Osasuna;1;2;A;0;2;A;16;12;3;2;6;10;7;5;1;1;1;0;2.2;3.2;3.4;2.28;3.2;3.32;2.28;1.61;1.95;1.91
SP1;05/04/14;Ath Madrid;Villarreal;1;0;H;1;0;H;6;8;3;1;13;16;4;5;3;1;0;0;1.5;4.0;7.0;1.51;3.99;6.91;2.03;1.77;1.9;1.95
SP1;05/04/14;Barcelona;Betis;3;1;H;1;0;H;12;12;4;4;9;16;4;4;0;2;0;0;1.05;15.0;29.0;1.05;14.09;30.98;1.18;4.51;2.06;1.81
SP1;05/04/14;Sociedad;Real Madrid;0;4;A;0;1;A;13;21;4;7;13;10;7;8;3;3;0;0;5.25;4.2;1.57;5.42;4.19;1.58;1.45;2.65;1.88;1.98
SP1;05/04/14;Vallecano;Celta;3;0;H;1;0;H;14;18;5;7;12;11;2;7;2;1;1;0;2.2;3.3;3.3;2.18;3.34;3.34;1.88;1.89;2.15;1.72
SP1;06/04/14;Elche;Getafe;1;0;H;0;0;D;16;9;3;3;20;16;6;2;3;2;0;0;2.15;3.2;3.5;2.11;3.16;3.72;2.48;1.51;2.1;1.78
SP1;06/04/14;Malaga;Granada;4;1;H;2;0;H;11;10;5;5;19;16;7;5;3;5;0;0;2.05;3.3;3.6;2.03;3.32;3.78;2.27;1.61;2.04;1.83
SP1;06/04/14;Sevilla;Espanol;4;1;H;2;0;H;13;12;5;5;10;15;7;3;3;1;0;0;1.67;3.75;5.0;1.71;3.64;5.03;1.93;1.85;1.95;1.91
SP1;06/04/14;Valladolid;Valencia;0;0;D;0;0;D;11;16;5;7;10;13;9;4;1;2;0;0;2.8;3.25;2.5;2.92;3.24;2.44;2.04;1.76;2.11;1.75
SP1;07/04/14;Levante;Ath Bilbao;1;2;A;0;2;A;11;13;2;5;17;16;2;5;2;1;1;0;3.9;3.4;1.95;3.95;3.38;1.96;2.15;1.68;1.89;1.96
SP1;11/04/14;Osasuna;Valladolid;0;0;D;0;0;D;15;7;1;1;15;12;4;6;0;1;0;0;2.0;3.4;3.75;2.03;3.32;3.86;2.33;1.59;2.01;1.85
SP1;12/04/14;Celta;Sociedad;2;2;D;1;2;A;15;19;7;5;14;20;8;7;3;5;1;0;2.3;3.3;3.1;2.42;3.31;2.93;1.93;1.85;1.73;2.13
SP1;12/04/14;Granada;Barcelona;1;0;H;1;0;H;5;29;4;9;10;5;1;13;0;3;0;0;9.5;6.5;1.25;10.29;6.16;1.26;1.38;2.93;1.9;1.96
SP1;12/04/14;Real Madrid;Almeria;4;0;H;1;0;H;29;5;13;1;7;7;9;7;0;0;0;0;1.05;15.0;29.0;1.05;14.37;33.57;1.14;5.28;1.9;1.95
SP1;12/04/14;Villarreal;Levante;1;0;H;0;0;D;12;7;3;2;15;16;2;2;2;2;0;0;1.4;4.2;9.0;1.46;4.1;7.8;2.02;1.77;1.77;2.11
SP1;13/04/14;Betis;Sevilla;0;2;A;0;1;A;17;7;4;5;17;16;8;1;4;4;1;0;3.2;3.4;2.2;3.27;3.46;2.16;1.76;2.04;2.0;1.86
SP1;13/04/14;Espanol;Vallecano;2;2;D;1;1;D;6;11;2;5;22;15;2;5;1;3;0;0;1.83;3.5;4.33;1.81;3.61;4.43;1.87;1.92;2.06;1.82
SP1;13/04/14;Getafe;Ath Madrid;0;2;A;0;1;A;9;12;2;8;15;15;3;4;3;3;1;0;8.5;4.0;1.44;7.93;4.12;1.45;2.08;1.73;2.08;1.8
SP1;13/04/14;Valencia;Elche;2;1;H;1;1;D;8;11;4;5;15;15;6;2;3;2;1;0;1.62;4.0;5.25;1.61;3.81;5.79;1.9;1.89;2.14;1.75
SP1;14/04/14;Ath Bilbao;Malaga;3;0;H;1;0;H;12;10;6;1;11;18;6;2;0;4;0;0;1.4;4.5;8.0;1.44;4.29;7.64;1.84;1.94;1.73;2.15
SP1;18/04/14;Ath Madrid;Elche;2;0;H;0;0;D;14;8;4;3;7;12;7;6;2;4;0;1;1.2;6.0;15.0;1.21;6.0;16.15;1.83;1.96;1.74;2.12
SP1;19/04/14;Levante;Getafe;0;0;D;0;0;D;11;9;2;4;24;18;3;4;4;2;0;1;2.4;3.1;3.1;2.44;3.13;3.0;2.31;1.59;1.75;2.11
SP1;19/04/14;Osasuna;Valencia;1;1;D;1;0;H;9;13;3;1;16;13;4;9;3;2;0;0;2.7;3.1;2.7;2.67;3.16;2.68;2.23;1.64;1.91;1.94
SP1;19/04/14;Sociedad;Espanol;2;1;H;1;1;D;19;8;8;3;10;19;12;2;1;1;0;0;1.75;3.6;4.75;1.73;3.63;4.74;1.89;1.89;1.99;1.88
SP1;20/04/14;Almeria;Celta;2;4;A;1;1;D;11;14;3;8;14;11;6;1;5;0;0;0;2.5;3.25;2.8;2.54;3.23;2.8;2.09;1.72;1.85;2.01
SP1;20/04/14;Barcelona;Ath Bilbao;2;1;H;0;0;D;17;11;8;4;16;17;9;4;2;3;0;0;1.2;7.0;12.0;1.23;6.33;11.38;1.34;3.18;2.1;1.77
SP1;20/04/14;Sevilla;Granada;4;0;H;1;0;H;10;12;5;2;14;13;7;1;2;0;0;0;1.4;4.5;8.0;1.4;4.52;8.23;1.69;2.12;1.91;1.95
SP1;20/04/14;Vallecano;Betis;3;1;H;2;0;H;16;12;8;3;17;15;5;2;4;2;0;0;2.0;3.4;3.75;2.01;3.45;3.64;1.69;2.14;2.02;1.83
SP1;21/04/14;Malaga;Villarreal;2;0;H;1;0;H;14;4;4;1;14;14;6;5;3;3;1;0;2.8;3.25;2.5;2.84;3.21;2.51;2.2;1.65;2.06;1.81
SP1;25/04/14;Elche;Levante;1;1;D;0;0;D;22;10;3;6;14;17;7;2;2;4;0;0;1.65;3.6;5.5;1.68;3.6;5.5;2.44;1.53;1.69;2.22
SP1;26/04/14;Betis;Sociedad;0;1;A;0;0;D;14;9;2;3;11;16;8;8;2;0;0;0;3.1;3.5;2.2;3.16;3.45;2.2;1.69;2.13;1.91;1.96
SP1;26/04/14;Getafe;Malaga;1;0;H;1;0;H;8;12;3;2;14;22;4;7;6;3;1;1;2.1;3.3;3.5;2.1;3.31;3.56;2.28;1.6;2.1;1.75
SP1;26/04/14;Granada;Vallecano;0;3;A;0;0;D;12;16;1;7;14;9;7;5;2;4;1;0;2.2;3.3;3.3;2.21;3.35;3.23;1.82;1.97;2.2;1.69
SP1;26/04/14;Real Madrid;Osasuna;4;0;H;1;0;H;20;6;10;0;10;8;7;7;0;0;0;0;1.05;13.0;34.0;1.06;13.74;30.0;1.19;4.44;2.06;1.8
SP1;27/04/14;Ath Bilbao;Sevilla;3;1;H;1;0;H;12;9;4;3;10;16;6;2;2;3;0;1;1.95;3.5;3.75;1.92;3.52;3.91;1.7;2.11;1.91;1.94
SP1;27/04/14;Espanol;Almeria;1;2;A;1;0;H;9;10;3;2;15;14;7;3;4;3;2;0;1.62;3.75;5.5;1.65;3.8;5.18;1.79;2.0;2.13;1.74
SP1;27/04/14;Valencia;Ath Madrid;0;1;A;0;1;A;11;9;2;4;18;12;7;3;3;1;0;1;4.33;3.75;1.75;4.45;3.59;1.79;2.11;1.71;2.06;1.79
SP1;27/04/14;Villarreal;Barcelona;2;3;A;1;0;H;5;20;3;7;11;6;2;9;3;3;0;0;6.5;4.5;1.44;6.63;4.49;1.46;1.54;2.4;2.1;1.76
SP1;28/04/14;Celta;Valladolid;4;1;H;2;0;H;13;10;7;4;13;17;3;0;1;4;0;0;1.8;3.75;4.2;1.82;3.56;4.32;1.98;1.8;1.82;2.03
SP1;02/05/14;Vallecano;Ath Bilbao;0;3;A;0;2;A;11;12;3;4;17;9;6;7;4;1;0;0;3.75;3.6;1.91;3.76;3.61;1.95;1.6;2.29;1.9;1.96
SP1;03/05/14;Barcelona;Getafe;2;2;D;1;1;D;21;8;8;5;13;6;11;3;3;3;0;0;1.07;11.0;26.0;1.06;12.09;30.07;1.2;4.3;1.87;1.99
SP1;03/05/14;Malaga;Elche;0;1;A;0;1;A;7;10;2;3;18;13;8;2;1;4;0;2;2.25;3.25;3.25;2.22;3.27;3.29;2.16;1.68;2.19;1.7
SP1;03/05/14;Osasuna;Celta;0;2;A;0;2;A;23;14;11;4;11;12;12;6;0;1;0;0;1.91;3.5;4.0;1.9;3.51;4.04;1.91;1.88;1.91;1.94
SP1;03/05/14;Valladolid;Espanol;1;0;H;1;0;H;10;9;4;3;14;20;4;8;3;1;0;1;2.0;3.4;3.75;1.99;3.39;3.84;2.11;1.71;1.99;1.86
SP1;04/05/14;Almeria;Betis;3;2;H;0;0;D;12;15;6;3;15;10;3;8;4;6;1;0;1.57;4.0;5.5;1.58;3.98;5.58;1.58;2.31;1.99;1.86
SP1;04/05/14;Levante;Ath Madrid;2;0;H;1;0;H;7;23;2;7;20;20;3;7;2;3;0;0;15.0;5.5;1.22;14.22;5.47;1.23;1.94;1.84;2.06;1.78
SP1;04/05/14;Real Madrid;Valencia;2;2;D;0;1;A;32;8;11;5;11;10;10;1;1;3;0;0;1.14;7.5;17.0;1.13;8.17;17.1;1.21;4.14;1.97;1.88
SP1;04/05/14;Sevilla;Villarreal;0;0;D;0;0;D;11;13;3;4;12;7;6;6;1;0;0;0;1.75;3.6;4.75;1.76;3.68;4.49;1.67;2.17;1.98;1.88
SP1;05/05/14;Sociedad;Granada;1;1;D;0;0;D;21;15;6;3;12;11;8;5;1;3;1;1;1.44;4.5;6.5;1.44;4.41;7.16;1.63;2.22;1.72;2.16
SP1;07/05/14;Valladolid;Real Madrid;1;1;D;0;1;A;6;21;1;3;17;8;4;9;4;4;0;0;11.0;7.0;1.2;12.19;6.84;1.21;1.36;3.07;1.89;1.97
SP1;10/05/14;Levante;Valencia;2;0;H;0;0;D;12;19;3;6;11;12;8;8;4;5;1;0;3.3;3.4;2.15;3.34;3.33;2.18;1.92;1.88;1.97;1.9
SP1;10/05/14;Villarreal;Vallecano;4;0;H;2;0;H;22;14;10;2;12;13;5;5;1;1;0;1;1.57;4.33;5.0;1.58;4.22;5.26;1.5;2.52;1.98;1.87
SP1;11/05/14;Ath Bilbao;Sociedad;1;1;D;0;0;D;12;13;6;5;19;14;5;10;2;2;0;0;1.75;3.75;4.5;1.79;3.75;4.3;1.57;2.35;1.79;2.07
SP1;11/05/14;Ath Madrid;Malaga;1;1;D;0;0;D;17;10;5;4;13;16;11;4;3;3;0;1;1.2;6.5;13.0;1.19;6.67;15.06;1.62;2.23;2.02;1.83
SP1;11/05/14;Betis;Valladolid;4;3;H;1;1;D;21;13;7;8;13;16;8;4;4;2;0;0;3.6;3.5;2.0;3.61;3.54;1.99;1.69;2.12;1.86;1.99
SP1;11/05/14;Celta;Real Madrid;2;0;H;1;0;H;13;18;6;6;13;6;4;15;2;2;0;0;6.5;5.0;1.4;6.58;4.97;1.42;1.42;2.78;1.76;2.11
SP1;11/05/14;Elche;Barcelona;0;0;D;0;0;D;6;20;0;6;16;16;2;11;3;3;0;0;11.0;7.0;1.2;12.61;6.62;1.21;1.36;3.05;1.92;1.93
SP1;11/05/14;Espanol;Osasuna;1;1;D;1;1;D;7;9;2;2;12;13;4;4;0;1;0;0;2.3;3.25;3.1;2.31;3.24;3.13;2.01;1.78;2.01;1.86
SP1;11/05/14;Getafe;Sevilla;1;0;H;0;0;D;14;4;6;1;17;15;7;1;3;2;0;0;1.85;3.6;4.0;1.88;3.64;3.97;1.75;2.05;1.89;1.97
SP1;11/05/14;Granada;Almeria;0;2;A;0;1;A;16;8;3;3;13;14;6;1;3;2;1;0;1.91;3.5;4.0;1.91;3.55;3.93;1.75;2.05;1.9;1.95
SP1;16/05/14;Malaga;Levante;1;0;H;0;0;D;25;2;11;0;12;16;10;0;0;1;0;1;1.91;3.4;4.0;1.97;3.47;3.84;2.05;1.76;2.0;1.86
SP1;17/05/14;Barcelona;Ath Madrid;1;1;D;1;0;H;11;12;4;3;11;14;4;8;5;4;0;0;1.85;3.8;4.5;1.84;3.67;4.2;1.92;1.87;1.84;2.01
SP1;17/05/14;Real Madrid;Espanol;3;1;H;0;0;D;17;13;7;2;9;8;8;7;0;0;0;0;1.33;5.0;8.5;1.35;5.2;7.96;1.42;2.77;1.97;1.89
SP1;17/05/14;Valencia;Celta;2;1;H;1;1;D;14;9;7;4;11;13;9;2;1;3;0;0;1.75;3.75;4.5;1.8;3.74;4.24;1.57;2.32;2.03;1.83
SP1;18/05/14;Almeria;Ath Bilbao;0;0;D;0;0;D;10;13;1;1;13;12;7;4;1;5;0;0;2.25;3.4;3.1;2.33;3.31;3.03;1.6;2.27;1.7;2.16
SP1;18/05/14;Osasuna;Betis;2;1;H;2;0;H;14;16;3;8;7;10;5;7;1;0;0;0;1.36;5.0;7.5;1.37;4.9;7.95;1.57;2.33;2.07;1.79
SP1;18/05/14;Sevilla;Elche;3;1;H;1;0;H;15;14;5;4;10;11;6;5;2;0;0;0;1.8;3.75;4.2;1.78;3.72;4.37;1.69;2.12;1.78;2.08
SP1;18/05/14;Sociedad;Villarreal;1;2;A;0;1;A;13;15;3;5;13;18;6;2;2;3;0;0;2.0;3.6;3.5;1.99;3.59;3.58;1.61;2.27;2.03;1.84
SP1;18/05/14;Valladolid;Granada;0;1;A;0;1;A;10;6;4;3;12;10;7;5;1;2;0;0;2.1;3.3;3.5;2.16;3.33;3.37;1.89;1.89;2.19;1.71
SP1;18/05/14;Vallecano;Getafe;1;2;A;0;1;A;16;15;4;4;11;25;4;6;4;7;0;0;4.0;3.1;2.05;3.78;3.14;2.09;1.65;2.18;1.78;2.09
SP1;23/08/14;Almeria;Espanol;1;1;D;0;0;D;19;12;6;2;8;9;11;7;3;2;0;1;2.55;3.3;2.7;2.66;3.18;2.75;2.23;1.64;1.91;1.94
SP1;23/08/14;Granada;La Coruna;2;1;H;0;1;A;10;7;3;1;13;26;5;3;1;2;0;0;1.95;3.2;4.2;2.03;3.23;3.99;2.43;1.54;2.04;1.84
SP1;23/08/14;Malaga;Ath Bilbao;1;0;H;1;0;H;12;12;3;5;13;9;5;4;3;3;2;0;2.8;3.3;2.45;2.83;3.23;2.55;2.02;1.77;2.03;1.83
SP1;23/08/14;Sevilla;Valencia;1;1;D;1;0;H;10;11;3;1;23;8;3;3;4;2;0;1;2.05;3.5;3.5;2.05;3.41;3.66;1.88;1.92;2.03;1.84
SP1;24/08/14;Barcelona;Elche;3;0;H;1;0;H;12;3;6;0;11;13;3;1;0;1;1;0;1.1;9.0;21.0;1.09;10.13;26.0;1.29;3.48;1.77;2.1
SP1;24/08/14;Celta;Getafe;3;1;H;1;0;H;20;12;8;3;19;15;4;4;4;1;0;0;1.91;3.4;4.0;1.89;3.49;4.09;2.04;1.76;1.89;1.99
SP1;24/08/14;Eibar;Sociedad;1;0;H;1;0;H;12;19;5;4;13;14;5;6;4;1;0;0;3.25;3.4;2.2;3.32;3.29;2.23;2.17;1.68;1.95;1.92
SP1;24/08/14;Levante;Villarreal;0;2;A;0;0;D;9;12;2;6;11;14;3;4;1;3;0;0;3.4;3.4;2.1;3.54;3.25;2.15;2.21;1.65;2.04;1.84
SP1;25/08/14;Real Madrid;Cordoba;2;0;H;1;0;H;14;8;8;2;9;13;8;5;1;2;0;0;1.06;11.0;29.0;1.07;12.27;30.06;1.24;3.94;1.83;2.06
SP1;25/08/14;Vallecano;Ath Madrid;0;0;D;0;0;D;8;9;2;2;13;17;2;4;2;2;0;0;7.0;4.0;1.5;6.38;4.15;1.52;1.79;2.0;1.97;1.9
SP1;29/08/14;Getafe;Almeria;1;0;H;1;0;H;12;11;3;4;17;11;2;3;3;2;0;0;2.0;3.4;3.75;2.06;3.33;3.78;2.18;1.68;2.07;1.82
SP1;29/08/14;Valencia;Malaga;3;0;H;2;0;H;14;17;4;4;18;11;4;6;1;2;0;1;1.55;4.2;5.5;1.56;4.04;6.13;1.84;1.96;1.99;1.88
SP1;30/08/14;Ath Bilbao;Levante;3;0;H;1;0;H;10;10;5;2;13;17;2;11;1;4;0;0;1.33;5.0;9.0;1.34;4.87;10.18;1.74;2.06;1.96;1.91
SP1;30/08/14;Ath Madrid;Eibar;2;1;H;2;1;H;15;8;6;2;12;18;5;5;3;0;0;0;1.22;5.75;13.0;1.24;5.85;13.4;1.87;1.92;1.86;2.01
SP1;30/08/14;Cordoba;Celta;1;1;D;0;0;D;6;9;1;4;14;17;1;6;1;4;0;0;3.3;3.3;2.2;3.25;3.25;2.28;2.22;1.65;1.92;1.96
SP1;30/08/14;Espanol;Sevilla;1;2;A;0;1;A;4;13;2;6;20;24;3;7;4;2;0;0;2.5;3.2;2.88;2.48;3.23;2.92;2.12;1.71;1.78;2.1
SP1;31/08/14;Elche;Granada;1;1;D;0;0;D;15;5;3;4;12;17;8;4;4;4;0;0;2.2;3.2;3.4;2.25;3.16;3.36;2.42;1.54;1.95;1.93
SP1;31/08/14;La Coruna;Vallecano;2;2;D;1;1;D;10;12;5;2;16;18;2;4;4;6;0;0;2.25;3.3;3.2;2.27;3.25;3.22;2.23;1.63;1.97;1.91
SP1;31/08/14;Sociedad;Real Madrid;4;2;H;2;2;D;13;19;5;5;18;12;8;6;1;2;0;0;7.5;5.0;1.36;7.9;4.87;1.38;1.47;2.59;1.82;2.04
SP1;31/08/14;Villarreal;Barcelona;0;1;A;0;0;D;9;20;0;8;12;9;3;10;0;2;0;0;5.0;4.2;1.57;5.31;4.13;1.6;1.55;2.4;1.82;2.05
SP1;12/09/14;Almeria;Cordoba;1;1;D;1;1;D;12;11;2;4;14;22;8;2;4;4;0;0;2.05;3.3;3.6;2.05;3.25;3.93;2.33;1.6;2.06;1.82
SP1;13/09/14;Barcelona;Ath Bilbao;2;0;H;0;0;D;15;3;8;2;12;11;5;1;1;1;0;0;1.3;5.5;8.5;1.32;5.42;9.19;1.43;2.73;1.93;1.93
SP1;13/09/14;Celta;Sociedad;2;2;D;1;0;H;13;20;6;5;13;15;5;8;1;5;0;0;2.2;3.3;3.3;2.23;3.35;3.26;1.93;1.86;1.92;1.95
SP1;13/09/14;Malaga;Levante;0;0;D;0;0;D;18;10;7;0;10;15;20;1;1;2;0;0;1.62;3.6;6.0;1.58;3.72;6.37;2.28;1.61;2.06;1.81
SP1;13/09/14;Real Madrid;Ath Madrid;1;2;A;1;1;D;21;9;4;2;12;12;4;4;4;7;0;0;1.67;3.75;5.0;1.67;3.77;5.35;1.92;1.88;2.16;1.73
SP1;14/09/14;Granada;Villarreal;0;0;D;0;0;D;9;14;3;3;12;13;9;5;3;2;0;0;3.5;3.2;2.15;3.58;3.19;2.17;2.37;1.56;2.01;1.86
SP1;14/09/14;Sevilla;Getafe;2;0;H;1;0;H;12;7;4;1;10;25;8;5;2;6;0;0;1.44;4.33;7.0;1.45;4.37;7.51;1.76;2.04;1.72;2.17
SP1;14/09/14;Valencia;Espanol;3;1;H;1;0;H;11;8;6;3;15;13;7;8;1;1;0;0;1.62;3.75;5.5;1.62;3.8;5.81;1.96;1.83;2.11;1.76
SP1;14/09/14;Vallecano;Elche;2;3;A;1;1;D;14;12;4;5;11;23;6;5;2;2;0;0;1.73;3.5;5.0;1.75;3.59;4.91;2.14;1.69;1.97;1.9
SP1;15/09/14;Eibar;La Coruna;0;1;A;0;1;A;14;4;2;1;11;23;4;8;0;5;0;0;2.1;3.2;3.6;2.09;3.18;3.84;2.58;1.48;2.08;1.8
SP1;19/09/14;Elche;Eibar;0;2;A;0;2;A;15;8;6;4;9;10;10;7;2;1;0;0;2.15;3.0;3.8;2.21;3.05;3.7;2.78;1.42;1.87;2.0
SP1;20/09/14;Ath Bilbao;Granada;0;1;A;0;1;A;13;3;5;2;14;20;7;5;2;4;0;0;1.44;4.2;7.5;1.43;4.38;7.81;1.85;1.95;1.72;2.18
SP1;20/09/14;Ath Madrid;Celta;2;2;D;2;1;H;18;5;8;5;9;17;6;3;1;3;0;0;1.44;4.2;7.5;1.47;4.22;7.4;1.92;1.87;1.82;2.05
SP1;20/09/14;Espanol;Malaga;2;2;D;1;0;H;13;9;8;3;14;16;7;2;2;3;0;0;2.0;3.3;3.75;2.12;3.26;3.63;2.25;1.62;2.12;1.76
SP1;20/09/14;La Coruna;Real Madrid;2;8;A;0;3;A;14;19;5;13;8;9;2;3;1;1;0;0;9.5;6.0;1.25;10.21;5.8;1.28;1.44;2.7;2.05;1.8
SP1;21/09/14;Cordoba;Sevilla;1;3;A;0;1;A;9;15;3;8;11;24;7;4;6;2;0;0;3.8;3.3;2.0;4.07;3.32;1.96;2.21;1.65;1.91;1.97
SP1;21/09/14;Levante;Barcelona;0;5;A;0;2;A;9;17;2;8;13;11;3;6;1;2;1;0;15.0;7.5;1.18;15.43;7.24;1.18;1.44;2.71;2.06;1.81
SP1;21/09/14;Sociedad;Almeria;1;2;A;0;1;A;22;13;6;5;19;17;13;7;1;6;0;1;1.44;4.5;6.5;1.44;4.4;7.35;1.73;2.08;1.98;1.89
SP1;21/09/14;Villarreal;Vallecano;4;2;H;1;2;A;19;10;9;3;11;18;11;5;2;2;0;0;1.53;3.8;6.5;1.54;4.03;6.32;1.78;2.02;1.93;1.93
SP1;22/09/14;Getafe;Valencia;0;3;A;0;2;A;12;7;5;3;25;17;6;1;6;1;0;1;3.6;3.3;2.05;3.76;3.35;2.02;2.1;1.71;1.85;2.03
SP1;23/09/14;Celta;La Coruna;2;1;H;1;0;H;11;5;4;3;15;15;13;4;3;3;0;0;1.57;3.75;6.0;1.59;3.96;5.88;1.82;1.97;2.07;1.81
SP1;23/09/14;Real Madrid;Elche;5;1;H;3;1;H;23;10;12;3;15;15;8;2;2;1;0;0;1.08;12.0;23.0;1.08;11.78;30.13;1.24;3.91;2.14;1.74
SP1;24/09/14;Almeria;Ath Madrid;0;1;A;0;0;D;6;19;1;9;14;16;2;10;3;6;0;0;6.0;3.8;1.57;5.88;3.87;1.6;2.05;1.76;1.79;2.08
SP1;24/09/14;Eibar;Villarreal;1;1;D;1;0;H;7;15;3;4;14;17;2;10;4;4;0;0;3.4;3.0;2.3;3.33;3.11;2.32;2.56;1.49;1.91;1.95
SP1;24/09/14;Granada;Levante;0;1;A;0;0;D;8;10;0;4;14;13;5;3;2;6;0;0;1.5;3.9;7.0;1.53;4.0;6.58;2.06;1.76;1.93;1.93
SP1;24/09/14;Malaga;Barcelona;0;0;D;0;0;D;6;10;2;0;15;13;2;8;2;2;0;0;9.0;5.0;1.33;8.85;5.05;1.35;1.54;2.43;1.84;2.02
SP1;24/09/14;Sevilla;Sociedad;1;0;H;1;0;H;19;8;8;1;13;7;11;4;6;2;0;0;1.8;3.6;4.33;1.78;3.74;4.4;1.71;2.1;2.0;1.87
SP1;24/09/14;Vallecano;Ath Bilbao;2;1;H;1;1;D;15;8;5;3;18;17;1;2;2;2;0;0;3.1;3.4;2.25;3.11;3.37;2.29;1.85;1.95;1.88;1.99
SP1;25/09/14;Espanol;Getafe;2;0;H;0;0;D;10;6;4;2;16;17;6;4;1;2;0;0;1.67;3.6;5.5;1.7;3.61;5.35;2.17;1.67;1.91;1.95
SP1;25/09/14;Valencia;Cordoba;3;0;H;2;0;H;17;2;7;1;11;23;3;3;1;3;0;0;1.33;5.0;8.5;1.35;4.95;9.31;1.77;2.03;2.02;1.84
SP1;26/09/14;Elche;Celta;0;1;A;0;0;D;14;16;3;4;12;14;0;4;4;2;0;0;2.8;3.4;2.4;3.02;3.24;2.44;2.32;1.6;2.13;1.74
SP1;27/09/14;Ath Bilbao;Eibar;0;0;D;0;0;D;13;10;1;2;13;22;6;2;5;6;0;0;1.53;3.75;7.0;1.55;3.85;6.72;2.26;1.62;1.98;1.88
SP1;27/09/14;Ath Madrid;Sevilla;4;0;H;2;0;H;11;4;6;1;14;16;5;3;4;3;0;0;1.67;4.0;4.75;1.72;3.65;5.04;2.09;1.73;1.94;1.92
SP1;27/09/14;Barcelona;Granada;6;0;H;3;0;H;19;9;12;1;11;11;8;1;1;3;0;0;1.13;8.5;17.0;1.12;8.66;21.73;1.38;2.94;2.07;1.79
SP1;27/09/14;Levante;Vallecano;0;2;A;0;2;A;7;13;0;5;21;16;5;7;4;3;0;0;3.0;3.2;2.4;2.9;3.27;2.47;2.04;1.76;2.1;1.77
SP1;27/09/14;Villarreal;Real Madrid;0;2;A;0;2;A;19;11;5;3;7;10;7;6;0;1;0;0;5.25;4.0;1.62;5.21;4.01;1.64;1.58;2.34;1.77;2.1
SP1;28/09/14;Cordoba;Espanol;0;0;D;0;0;D;10;4;4;2;13;26;3;5;2;6;0;0;2.7;3.25;2.6;2.77;3.21;2.62;2.28;1.61;1.98;1.87
SP1;28/09/14;Getafe;Malaga;1;0;H;1;0;H;9;10;3;0;8;16;4;4;0;3;0;1;3.0;3.2;2.38;2.92;3.18;2.52;2.36;1.57;2.11;1.76
SP1;28/09/14;La Coruna;Almeria;0;1;A;0;0;D;8;15;1;6;14;18;6;5;2;4;0;0;2.05;3.4;3.6;2.07;3.32;3.71;2.25;1.63;2.06;1.82
SP1;28/09/14;Sociedad;Valencia;1;1;D;1;1;D;18;7;5;2;13;17;11;4;2;5;0;0;2.63;3.3;2.63;2.62;3.28;2.7;1.81;1.97;1.9;1.95
SP1;03/10/14;Getafe;Cordoba;1;1;D;0;0;D;18;10;5;3;12;11;8;3;1;2;0;0;1.95;3.2;4.2;2.0;3.2;4.14;2.63;1.46;2.0;1.87
SP1;04/10/14;Almeria;Elche;2;2;D;1;1;D;16;6;3;3;13;18;9;5;2;4;0;1;2.15;3.1;3.6;2.2;3.2;3.46;2.41;1.54;1.91;1.96
SP1;04/10/14;Eibar;Levante;3;3;D;0;2;A;14;13;6;5;12;16;4;4;3;1;0;0;1.8;3.4;4.75;1.8;3.35;4.98;2.68;1.44;2.06;1.81
SP1;04/10/14;Malaga;Granada;2;1;H;0;1;A;17;8;3;5;12;15;3;3;1;4;1;0;1.8;3.5;4.5;1.83;3.4;4.65;2.37;1.56;2.09;1.79
SP1;04/10/14;Valencia;Ath Madrid;3;1;H;3;1;H;6;19;3;5;23;14;1;6;4;0;0;1;2.75;3.2;2.6;2.74;3.22;2.63;2.22;1.64;1.96;1.89
SP1;04/10/14;Vallecano;Barcelona;0;2;A;0;2;A;14;18;4;7;19;7;6;7;2;2;2;0;9.0;6.5;1.25;10.3;5.96;1.27;1.38;2.94;2.14;1.74
SP1;05/10/14;Celta;Villarreal;1;3;A;1;2;A;15;11;6;4;15;22;11;4;3;4;1;0;2.38;3.2;3.0;2.49;3.27;2.87;1.99;1.8;1.81;2.05
SP1;05/10/14;Espanol;Sociedad;2;0;H;1;0;H;10;13;4;4;20;12;4;4;6;2;0;0;2.5;3.25;2.8;2.53;3.22;2.85;2.11;1.71;1.81;2.05
SP1;05/10/14;Real Madrid;Ath Bilbao;5;0;H;2;0;H;19;6;14;5;9;10;8;7;1;2;0;0;1.2;6.5;15.0;1.2;6.76;13.48;1.32;3.25;1.93;1.94
SP1;05/10/14;Sevilla;La Coruna;4;1;H;2;1;H;16;7;10;5;11;10;9;2;2;2;0;0;1.4;4.4;8.0;1.4;4.6;8.12;1.73;2.09;2.16;1.74
SP1;17/10/14;Granada;Vallecano;0;1;A;0;0;D;9;8;1;2;17;13;3;6;4;5;0;0;2.2;3.3;3.3;2.26;3.3;3.29;2.06;1.75;1.98;1.89
SP1;18/10/14;Ath Bilbao;Celta;1;1;D;1;0;H;13;4;4;1;13;16;9;2;3;3;0;0;1.91;3.6;3.75;1.95;3.5;3.9;1.84;1.94;1.96;1.91
SP1;18/10/14;Barcelona;Eibar;3;0;H;0;0;D;27;4;12;2;9;13;12;3;2;2;0;0;1.1;9.0;21.0;1.1;9.71;26.31;1.33;3.25;1.87;1.99
SP1;18/10/14;Cordoba;Malaga;1;2;A;0;2;A;8;8;2;4;16;21;6;13;2;3;0;0;3.25;3.0;2.38;3.22;3.1;2.38;2.56;1.49;1.85;2.02
SP1;18/10/14;Levante;Real Madrid;0;5;A;0;2;A;11;21;1;11;13;8;6;3;4;0;0;0;13.0;7.5;1.17;15.25;7.04;1.18;1.35;3.11;2.08;1.78
SP1;19/10/14;Ath Madrid;Espanol;2;0;H;1;0;H;20;7;9;1;19;19;12;1;0;0;0;0;1.33;4.75;9.5;1.34;4.74;10.29;1.98;1.81;2.07;1.8
SP1;19/10/14;Elche;Sevilla;0;2;A;0;0;D;12;10;1;7;18;23;6;4;5;2;0;0;3.6;3.4;2.05;3.85;3.35;2.02;2.18;1.67;1.85;2.01
SP1;19/10/14;La Coruna;Valencia;3;0;H;2;0;H;11;8;5;1;19;19;3;5;3;3;0;0;4.5;3.4;1.83;4.23;3.53;1.88;1.92;1.87;1.98;1.89
SP1;19/10/14;Villarreal;Almeria;2;0;H;1;0;H;17;10;8;3;20;16;6;4;5;2;0;0;1.33;5.0;9.0;1.35;5.03;8.99;1.66;2.19;1.99;1.88
SP1;20/10/14;Sociedad;Getafe;1;2;A;0;0;D;13;16;2;7;10;13;8;4;1;3;0;0;1.53;4.0;6.0;1.56;3.96;6.14;1.9;1.89;1.97;1.89
SP1;24/10/14;Celta;Levante;3;0;H;1;0;H;13;4;4;0;14;16;7;0;0;3;0;0;1.44;4.5;6.0;1.47;4.37;7.1;1.77;2.03;1.78;2.1
SP1;25/10/14;Almeria;Ath Bilbao;0;1;A;0;0;D;7;6;3;1;10;14;4;8;2;1;0;0;3.3;3.25;2.2;3.48;3.35;2.15;2.07;1.74;2.04;1.83
SP1;25/10/14;Cordoba;Sociedad;1;1;D;0;1;A;7;7;3;1;13;12;5;4;3;2;0;0;3.4;3.2;2.2;3.27;3.29;2.26;2.16;1.68;1.93;1.94
SP1;25/10/14;Eibar;Granada;1;1;D;1;1;D;7;8;3;3;14;14;7;8;3;4;0;0;2.1;3.1;3.75;2.13;3.16;3.72;2.68;1.45;1.82;2.06
SP1;25/10/14;Real Madrid;Barcelona;3;1;H;1;1;D;18;16;6;5;11;10;3;9;2;4;0;0;2.38;3.75;3.0;2.34;3.56;2.92;1.49;2.57;2.06;1.82
SP1;25/10/14;Valencia;Elche;3;1;H;2;0;H;12;8;4;3;11;17;8;6;0;2;0;0;1.36;4.75;8.5;1.38;4.72;8.8;1.78;2.03;2.12;1.75
SP1;26/10/14;Espanol;La Coruna;0;0;D;0;0;D;16;5;5;1;12;17;11;0;2;4;0;0;1.91;3.4;4.0;1.86;3.43;4.41;2.23;1.64;1.88;1.99
SP1;26/10/14;Getafe;Ath Madrid;0;1;A;0;1;A;11;12;4;7;17;11;1;8;3;3;1;0;7.0;3.75;1.53;6.82;3.82;1.55;2.19;1.66;1.89;1.97
SP1;26/10/14;Malaga;Vallecano;4;0;H;3;0;H;18;10;8;4;18;21;7;4;1;4;0;0;1.83;3.5;4.33;1.91;3.45;4.15;1.99;1.81;1.92;1.95
SP1;26/10/14;Sevilla;Villarreal;2;1;H;0;0;D;8;11;4;4;19;15;3;2;3;4;0;0;2.0;3.4;3.75;2.1;3.4;3.53;1.81;1.99;1.83;2.04
SP1;31/10/14;La Coruna;Getafe;1;2;A;0;1;A;9;16;2;4;7;23;4;6;2;1;0;0;2.2;3.1;3.5;2.27;3.15;3.45;2.44;1.54;1.95;1.92
SP1;01/11/14;Ath Madrid;Cordoba;4;2;H;1;0;H;16;8;8;4;12;13;4;5;0;2;0;0;1.18;6.5;15.0;1.19;6.5;17.33;1.72;2.11;2.03;1.84
SP1;01/11/14;Barcelona;Celta;0;1;A;0;0;D;19;10;9;4;10;29;9;5;1;2;0;0;1.13;8.5;17.0;1.13;8.58;19.57;1.27;3.66;1.99;1.87
SP1;01/11/14;Granada;Real Madrid;0;4;A;0;2;A;11;18;5;8;19;9;3;4;1;2;0;0;12.0;7.0;1.2;12.48;6.29;1.23;1.44;2.73;2.02;1.85
SP1;01/11/14;Sociedad;Malaga;0;1;A;0;0;D;5;6;0;2;18;22;6;3;2;5;0;0;2.2;3.4;3.2;2.15;3.33;3.49;1.93;1.87;1.87;2.0
SP1;02/11/14;Ath Bilbao;Sevilla;1;0;H;1;0;H;9;4;2;1;24;11;4;8;4;3;0;0;2.4;3.3;2.9;2.44;3.29;2.95;1.93;1.87;1.74;2.13
SP1;02/11/14;Elche;Espanol;2;1;H;1;0;H;11;15;5;5;19;10;4;10;2;2;2;0;2.63;3.1;2.75;2.66;3.05;2.87;2.54;1.5;1.85;2.01
SP1;02/11/14;Levante;Almeria;2;1;H;1;0;H;11;14;5;5;17;17;3;6;3;2;0;0;2.4;3.1;3.1;2.42;3.18;3.08;2.31;1.6;1.71;2.18
SP1;02/11/14;Villarreal;Valencia;1;3;A;0;1;A;14;6;4;3;12;15;11;4;2;3;0;0;2.1;3.4;3.4;2.09;3.45;3.51;1.82;1.99;2.08;1.8
SP1;03/11/14;Vallecano;Eibar;2;3;A;0;1;A;16;8;6;5;10;14;11;2;1;2;0;0;2.05;3.2;3.8;2.03;3.31;3.9;2.26;1.62;2.02;1.86
SP1;07/11/14;Cordoba;La Coruna;0;0;D;0;0;D;14;6;6;2;10;5;3;2;4;0;0;1;2.25;3.1;3.4;2.32;3.18;3.29;2.47;1.53;1.98;1.9
SP1;08/11/14;Almeria;Barcelona;1;2;A;1;0;H;6;18;2;6;16;9;4;5;2;0;0;0;17.0;7.5;1.14;16.78;7.32;1.17;1.34;3.18;2.12;1.76
SP1;08/11/14;Celta;Granada;0;0;D;0;0;D;17;8;5;1;14;17;6;2;1;5;0;0;1.57;3.8;6.0;1.56;3.93;6.29;1.94;1.85;1.96;1.9
SP1;08/11/14;Getafe;Elche;0;0;D;0;0;D;16;11;3;5;11;8;9;2;1;2;0;0;2.0;3.2;4.0;2.0;3.25;4.06;2.51;1.51;2.01;1.87
SP1;08/11/14;Malaga;Eibar;2;1;H;0;1;A;15;7;8;3;9;15;5;3;3;2;0;1;1.57;3.75;6.0;1.58;3.8;6.42;2.21;1.65;2.02;1.85
SP1;08/11/14;Real Madrid;Vallecano;5;1;H;2;1;H;16;15;11;6;12;15;4;6;0;4;0;0;1.05;15.0;26.0;1.07;13.01;27.41;1.16;4.98;1.95;1.9
SP1;09/11/14;Espanol;Villarreal;1;1;D;0;1;A;11;9;4;5;16;25;6;7;3;3;0;0;3.1;3.2;2.3;2.96;3.22;2.44;2.1;1.72;1.8;2.08
SP1;09/11/14;Sevilla;Levante;1;1;D;1;0;H;15;16;6;5;13;10;6;5;2;6;0;0;1.25;5.5;12.0;1.28;5.46;11.69;1.63;2.26;1.84;2.02
SP1;09/11/14;Sociedad;Ath Madrid;2;1;H;1;1;D;11;4;5;2;17;17;2;1;2;6;0;1;4.33;3.6;1.8;4.5;3.53;1.83;2.11;1.72;2.05;1.82
SP1;09/11/14;Valencia;Ath Bilbao;0;0;D;0;0;D;8;4;1;1;13;17;2;4;0;2;0;0;1.62;4.0;5.25;1.63;3.87;5.5;1.88;1.92;2.13;1.75
SP1;21/11/14;Ath Bilbao;Espanol;3;1;H;2;0;H;9;8;5;3;15;18;5;3;0;5;0;0;1.8;3.5;4.5;1.84;3.5;4.53;2.21;1.65;1.86;2.02
SP1;22/11/14;Ath Madrid;Malaga;3;1;H;2;0;H;11;4;5;1;18;14;4;3;1;3;1;1;1.44;4.2;7.5;1.46;4.28;7.52;1.99;1.81;1.78;2.09
SP1;22/11/14;Barcelona;Sevilla;5;1;H;1;0;H;16;2;10;0;8;21;5;4;1;2;0;0;1.2;7.0;11.0;1.23;6.53;11.98;1.33;3.22;2.0;1.87
SP1;22/11/14;Eibar;Real Madrid;0;4;A;0;2;A;10;19;2;8;16;9;4;2;4;2;0;0;15.0;6.5;1.18;14.89;6.78;1.19;1.39;2.92;2.0;1.87
SP1;22/11/14;La Coruna;Sociedad;0;0;D;0;0;D;11;17;4;5;14;11;8;6;3;1;0;0;3.4;3.25;2.15;3.37;3.28;2.22;2.16;1.68;1.99;1.89
SP1;23/11/14;Elche;Cordoba;2;2;D;0;1;A;17;10;6;3;16;14;6;2;3;4;0;0;2.0;3.2;4.0;1.96;3.27;4.22;2.5;1.51;1.96;1.91
SP1;23/11/14;Levante;Valencia;2;1;H;0;0;D;10;17;5;6;20;18;4;5;2;1;0;0;5.0;3.75;1.67;5.34;3.71;1.68;2.0;1.79;1.71;2.21
SP1;23/11/14;Vallecano;Celta;1;0;H;1;0;H;9;14;3;4;14;16;2;9;6;4;0;0;2.7;3.3;2.55;2.68;3.38;2.59;1.69;2.15;1.96;1.89
SP1;23/11/14;Villarreal;Getafe;2;1;H;2;0;H;10;15;4;5;15;14;7;4;3;2;0;0;1.44;4.5;6.5;1.46;4.44;7.07;1.73;2.1;1.75;2.14
SP1;24/11/14;Granada;Almeria;0;0;D;0;0;D;24;3;11;1;10;7;10;5;4;0;0;1;2.0;3.3;3.8;2.05;3.3;3.79;2.31;1.6;2.06;1.83
SP1;28/11/14;Sociedad;Elche;3;0;H;2;0;H;12;13;8;5;15;15;2;1;2;4;0;0;1.7;3.75;5.0;1.7;3.7;5.24;2.04;1.77;1.93;1.94
SP1;29/11/14;Celta;Eibar;0;1;A;0;1;A;29;8;9;2;10;21;15;1;4;5;0;0;1.62;4.0;5.5;1.64;3.82;5.47;1.83;1.97;2.15;1.75
SP1;29/11/14;Espanol;Levante;2;1;H;2;1;H;10;16;4;3;21;10;5;6;2;3;0;0;1.67;3.7;5.5;1.68;3.6;5.51;2.24;1.63;1.9;1.97
SP1;29/11/14;Getafe;Ath Bilbao;1;2;A;0;1;A;14;8;7;3;12;15;2;4;7;5;0;0;2.88;3.1;2.63;2.84;3.11;2.63;2.4;1.55;1.99;1.86
SP1;29/11/14;Malaga;Real Madrid;1;2;A;0;1;A;12;21;7;9;17;11;5;6;2;2;0;1;10.0;6.0;1.29;9.4;5.5;1.31;1.45;2.7;1.96;1.91
SP1;30/11/14;Ath Madrid;La Coruna;2;0;H;1;0;H;9;3;4;1;16;18;5;3;2;2;0;0;1.18;7.0;17.0;1.18;6.67;17.6;1.64;2.24;2.0;1.87
SP1;30/11/14;Cordoba;Villarreal;0;2;A;0;1;A;11;10;2;7;7;13;9;8;2;2;0;0;4.33;3.6;1.85;4.35;3.5;1.86;2.17;1.68;2.02;1.86
SP1;30/11/14;Sevilla;Granada;5;1;H;1;1;D;13;9;8;4;18;20;7;4;1;2;0;0;1.44;4.5;7.5;1.43;4.4;7.68;1.86;1.94;2.33;1.64
SP1;30/11/14;Valencia;Barcelona;0;1;A;0;0;D;12;7;4;1;9;7;5;5;3;3;0;0;6.0;4.33;1.53;5.81;4.3;1.54;1.51;2.5;2.0;1.87
SP1;01/12/14;Almeria;Vallecano;0;1;A;0;0;D;11;11;1;4;14;12;5;6;4;4;0;0;2.38;3.4;3.0;2.36;3.32;3.01;1.88;1.91;2.06;1.82
SP1;06/12/14;Ath Bilbao;Cordoba;0;1;A;0;1;A;15;7;3;3;13;14;15;4;4;6;0;0;1.4;4.5;9.0;1.39;4.51;9.18;2.07;1.75;2.19;1.71
SP1;06/12/14;Elche;Ath Madrid;0;2;A;0;1;A;8;4;1;3;18;15;6;1;2;0;0;0;7.0;3.75;1.57;6.85;3.83;1.55;2.33;1.6;1.88;1.99
SP1;06/12/14;La Coruna;Malaga;0;1;A;0;1;A;14;8;6;3;14;15;5;5;4;3;0;0;3.6;3.25;2.1;3.43;3.2;2.23;2.39;1.56;1.97;1.9
SP1;06/12/14;Real Madrid;Celta;3;0;H;1;0;H;20;9;11;0;15;21;8;7;4;4;0;0;1.09;12.0;21.0;1.1;10.79;19.57;1.18;4.65;1.9;1.97
SP1;07/12/14;Barcelona;Espanol;5;1;H;1;1;D;15;3;7;2;6;11;5;2;0;4;0;0;1.09;12.0;21.0;1.09;11.13;25.87;1.29;3.5;1.99;1.89
SP1;07/12/14;Granada;Valencia;1;1;D;0;0;D;9;9;2;1;20;9;4;4;4;4;0;1;3.9;3.4;2.0;3.83;3.33;2.03;2.18;1.67;1.85;2.02
SP1;07/12/14;Vallecano;Sevilla;0;1;A;0;1;A;11;11;3;6;14;19;6;2;4;6;0;1;3.3;3.4;2.2;3.28;3.4;2.2;1.75;2.07;1.96;1.91
SP1;07/12/14;Villarreal;Sociedad;4;0;H;0;0;D;24;12;9;2;14;8;8;2;2;2;0;0;1.67;3.75;5.5;1.7;3.79;4.99;1.77;2.05;1.88;1.99
SP1;08/12/14;Eibar;Almeria;5;2;H;3;1;H;17;14;8;3;18;12;7;3;4;3;0;0;2.05;3.2;4.0;2.04;3.24;3.89;2.44;1.54;2.04;1.84
SP1;08/12/14;Levante;Getafe;1;1;D;0;0;D;16;5;3;1;14;17;4;0;3;4;0;0;2.6;3.1;2.9;2.53;3.11;2.96;2.45;1.53;1.78;2.09
SP1;12/12/14;Almeria;Real Madrid;1;4;A;1;2;A;16;15;3;8;14;8;2;8;4;4;0;0;17.0;7.5;1.17;17.64;7.96;1.16;1.34;3.16;2.18;1.72
SP1;13/12/14;Cordoba;Levante;0;0;D;0;0;D;13;12;4;3;6;19;7;6;0;3;0;0;2.2;3.2;3.5;2.23;3.16;3.48;2.49;1.52;1.91;1.96
SP1;13/12/14;Getafe;Barcelona;0;0;D;0;0;D;4;23;2;2;24;8;4;5;2;0;0;0;13.0;6.5;1.22;14.1;6.59;1.21;1.44;2.7;1.93;1.94
SP1;13/12/14;Malaga;Celta;1;0;H;1;0;H;12;14;4;8;15;13;1;9;5;4;0;0;2.1;3.3;3.5;2.18;3.35;3.38;2.06;1.76;1.89;1.98
SP1;13/12/14;Valencia;Vallecano;3;0;H;3;0;H;14;19;6;4;16;14;6;2;3;3;1;0;1.5;4.5;6.0;1.47;4.44;6.76;1.64;2.25;1.75;2.13
SP1;14/12/14;Ath Madrid;Villarreal;0;1;A;0;0;D;11;7;2;4;15;16;7;2;4;3;0;0;1.62;4.0;5.5;1.62;3.79;5.8;2.01;1.8;2.12;1.76
SP1;14/12/14;Espanol;Granada;2;1;H;1;0;H;12;7;4;6;13;19;2;3;2;4;0;1;1.7;3.6;5.5;1.73;3.49;5.31;2.37;1.57;1.98;1.9
SP1;14/12/14;Sevilla;Eibar;0;0;D;0;0;D;16;6;2;2;11;17;11;2;3;6;0;0;1.4;4.5;9.0;1.41;4.52;8.18;1.83;1.97;2.22;1.69
SP1;14/12/14;Sociedad;Ath Bilbao;1;1;D;1;0;H;14;12;4;5;12;21;3;6;0;3;0;1;2.5;3.2;3.0;2.44;3.19;3.02;2.27;1.63;1.73;2.15
SP1;15/12/14;La Coruna;Elche;1;0;H;1;0;H;15;10;3;4;19;19;7;5;5;2;0;0;2.25;3.2;3.4;2.26;3.16;3.34;2.45;1.54;1.96;1.92
SP1;19/12/14;Celta;Almeria;0;1;A;0;1;A;19;4;4;2;10;19;17;2;6;4;0;0;1.44;4.5;6.5;1.46;4.5;7.01;1.66;2.22;1.7;2.2
SP1;20/12/14;Barcelona;Cordoba;5;0;H;1;0;H;16;7;9;2;14;5;8;0;1;0;0;0;1.06;15.0;26.0;1.05;14.24;33.6;1.19;4.43;1.95;1.92
SP1;20/12/14;Eibar;Valencia;0;1;A;0;1;A;8;10;2;3;16;8;2;5;7;3;0;0;3.8;3.3;2.05;3.66;3.33;2.09;2.24;1.64;2.08;1.8
SP1;20/12/14;Levante;Sociedad;1;1;D;0;0;D;11;3;2;2;16;20;3;4;3;5;0;0;3.0;3.2;2.5;3.0;3.13;2.5;2.38;1.57;1.77;2.14
SP1;20/12/14;Vallecano;Espanol;1;3;A;1;1;D;16;7;5;4;11;20;4;5;3;4;0;1;2.3;3.4;3.1;2.29;3.35;3.16;1.94;1.85;1.97;1.89
SP1;21/12/14;Ath Bilbao;Ath Madrid;1;4;A;1;0;H;4;5;2;4;12;14;3;1;3;4;0;0;3.6;3.1;2.25;3.49;3.16;2.22;2.42;1.54;1.97;1.89
SP1;21/12/14;Elche;Malaga;1;2;A;1;0;H;9;19;3;10;21;13;5;4;2;1;0;0;3.1;3.1;2.5;2.95;3.17;2.5;2.37;1.56;2.11;1.76
SP1;21/12/14;Granada;Getafe;1;1;D;1;0;H;13;12;3;4;19;8;3;5;4;2;0;0;2.38;3.1;3.3;2.37;3.11;3.25;2.49;1.52;2.01;1.85
SP1;21/12/14;Villarreal;La Coruna;3;0;H;1;0;H;15;10;9;2;16;15;5;2;1;3;1;0;1.33;5.0;10.0;1.34;4.99;9.47;1.73;2.09;1.99;1.87
SP1;03/01/15;Ath Madrid;Levante;3;1;H;1;0;H;13;10;5;4;6;10;7;6;2;3;0;0;1.2;6.5;17.0;1.19;6.37;18.34;1.69;2.15;2.01;1.85
SP1;03/01/15;Elche;Villarreal;2;2;D;2;2;D;18;18;8;5;15;13;6;9;4;2;0;0;5.0;3.6;1.75;4.85;3.57;1.76;2.16;1.68;1.86;2.01
SP1;03/01/15;La Coruna;Ath Bilbao;1;0;H;1;0;H;8;12;4;4;20;16;5;2;1;1;0;0;3.2;3.1;2.4;3.22;3.17;2.34;2.45;1.53;1.86;2.01
SP1;03/01/15;Malaga;Almeria;1;2;A;0;1;A;14;6;6;4;19;17;7;1;5;4;0;1;1.53;4.1;6.5;1.52;4.08;6.59;1.9;1.9;1.89;1.97
SP1;03/01/15;Sevilla;Celta;1;0;H;1;0;H;10;16;4;2;28;17;1;8;4;5;0;1;1.67;3.8;5.5;1.66;3.85;5.19;1.73;2.09;2.19;1.7
SP1;04/01/15;Espanol;Eibar;1;2;A;0;2;A;15;12;6;6;9;15;6;3;1;1;0;0;1.85;3.4;4.75;1.85;3.38;4.58;2.38;1.56;1.86;2.01
SP1;04/01/15;Getafe;Vallecano;1;2;A;1;1;D;12;16;4;7;23;12;6;4;3;2;0;0;2.25;3.4;3.2;2.25;3.29;3.28;2.09;1.73;1.95;1.91
SP1;04/01/15;Sociedad;Barcelona;1;0;H;1;0;H;6;17;1;4;21;14;6;8;5;4;0;0;9.0;5.25;1.33;9.31;5.19;1.33;1.51;2.52;1.93;1.93
SP1;04/01/15;Valencia;Real Madrid;2;1;H;0;1;A;11;19;3;8;24;17;3;11;6;3;0;0;5.5;4.33;1.57;5.69;4.3;1.55;1.49;2.56;1.96;1.89
SP1;05/01/15;Cordoba;Granada;2;0;H;2;0;H;5;12;3;1;22;17;0;4;2;0;0;0;2.6;3.0;3.0;2.54;3.03;3.03;2.61;1.47;2.16;1.74
SP1;09/01/15;Levante;La Coruna;0;0;D;0;0;D;9;13;0;6;22;17;4;3;4;3;0;0;2.1;3.1;3.75;2.2;3.14;3.59;2.51;1.51;1.89;1.97
SP1;10/01/15;Celta;Valencia;1;1;D;0;1;A;14;4;4;2;20;19;11;2;3;3;0;0;2.7;3.2;2.7;2.67;3.29;2.66;2.03;1.77;1.92;1.92
SP1;10/01/15;Eibar;Getafe;2;1;H;1;0;H;12;7;5;3;19;12;2;3;2;1;0;0;2.3;3.1;3.4;2.29;3.11;3.38;2.48;1.51;1.95;1.91
SP1;10/01/15;Malaga;Villarreal;1;1;D;0;1;A;13;9;6;4;6;15;5;3;4;4;0;0;3.0;3.2;2.5;2.9;3.19;2.53;2.2;1.66;2.07;1.78
SP1;10/01/15;Real Madrid;Espanol;3;0;H;2;0;H;18;11;5;4;11;14;7;2;1;4;1;0;1.08;11.0;29.0;1.08;10.93;25.94;1.22;4.08;1.75;2.12
SP1;11/01/15;Almeria;Sevilla;0;2;A;0;0;D;19;12;6;6;16;12;5;5;1;2;0;0;4.75;3.4;1.85;4.32;3.45;1.88;2.08;1.74;1.99;1.87
SP1;11/01/15;Ath Bilbao;Elche;1;2;A;0;1;A;13;8;3;5;7;15;10;2;2;6;0;0;1.53;3.8;7.5;1.51;3.9;7.47;2.17;1.68;1.89;1.97
SP1;11/01/15;Barcelona;Ath Madrid;3;1;H;2;0;H;17;5;7;3;16;18;1;3;3;6;0;0;1.57;4.33;5.5;1.58;3.94;5.91;1.88;1.91;2.0;1.85
SP1;11/01/15;Granada;Sociedad;1;1;D;0;1;A;20;10;3;5;9;15;11;4;2;2;0;0;2.8;3.1;2.7;2.82;3.09;2.66;2.54;1.49;1.98;1.85
SP1;12/01/15;Vallecano;Cordoba;0;1;A;0;1;A;21;9;4;3;10;9;6;2;3;2;0;0;1.67;3.75;5.5;1.68;3.67;5.38;2.03;1.78;2.2;1.7
SP1;16/01/15;Cordoba;Eibar;1;1;D;1;0;H;14;6;5;1;18;12;2;3;4;3;1;1;2.6;3.0;3.0;2.6;2.99;3.0;2.82;1.41;1.78;2.08
SP1;17/01/15;Espanol;Celta;1;0;H;0;0;D;15;3;3;2;9;23;9;1;3;3;0;0;2.7;3.25;2.7;2.71;3.23;2.66;2.02;1.78;1.95;1.89
SP1;17/01/15;Sociedad;Vallecano;0;1;A;0;0;D;10;12;2;4;12;20;8;4;0;4;0;0;1.91;3.5;4.2;1.85;3.6;4.27;1.85;1.94;1.84;2.02
SP1;17/01/15;Valencia;Almeria;3;2;H;2;2;D;15;8;8;2;14;18;8;4;2;2;0;0;1.33;5.0;10.0;1.32;5.18;9.54;1.67;2.18;1.99;1.86
SP1;17/01/15;Villarreal;Ath Bilbao;2;0;H;1;0;H;19;11;6;5;15;10;9;6;2;2;0;0;1.67;3.8;5.5;1.65;3.73;5.5;2.11;1.72;2.16;1.72
SP1;18/01/15;Ath Madrid;Granada;2;0;H;1;0;H;12;5;3;1;17;16;3;6;3;3;0;0;1.18;7.0;17.0;1.18;6.75;17.45;1.77;2.04;2.09;1.77
SP1;18/01/15;Elche;Levante;1;0;H;1;0;H;15;9;6;2;18;11;3;5;3;3;0;1;2.2;3.2;3.6;2.17;3.22;3.55;2.37;1.57;1.86;2.0
SP1;18/01/15;Getafe;Real Madrid;0;3;A;0;0;D;6;24;0;9;19;10;7;8;2;2;0;0;13.0;6.5;1.22;11.88;6.3;1.23;1.45;2.67;1.71;2.18
SP1;18/01/15;La Coruna;Barcelona;0;4;A;0;2;A;7;14;2;6;14;7;2;4;2;2;0;0;15.0;7.5;1.18;15.61;7.1;1.18;1.46;2.63;1.96;1.9
SP1;18/01/15;Sevilla;Malaga;2;0;H;1;0;H;4;4;3;1;9;6;2;0;3;1;0;0;1.73;3.6;5.25;1.73;3.67;4.97;1.89;1.9;2.33;1.63
SP1;24/01/15;Ath Madrid;Vallecano;3;1;H;2;1;H;12;10;5;3;15;12;8;5;1;1;0;0;1.25;6.0;12.0;1.28;5.5;11.07;1.63;2.25;1.87;1.97
SP1;24/01/15;Cordoba;Real Madrid;1;2;A;1;1;D;16;13;4;4;15;13;3;9;1;3;1;1;21.0;8.0;1.14;19.92;8.21;1.14;1.4;2.85;1.77;2.09
SP1;24/01/15;Elche;Barcelona;0;6;A;0;1;A;6;12;3;8;18;12;2;3;5;2;1;0;19.0;7.0;1.17;17.27;7.16;1.17;1.43;2.74;2.07;1.79
SP1;24/01/15;Sociedad;Eibar;1;0;H;0;0;D;19;9;4;4;6;17;9;5;2;2;0;0;1.75;3.6;4.75;1.74;3.54;5.06;2.23;1.64;1.95;1.9
SP1;24/01/15;Villarreal;Levante;1;0;H;0;0;D;15;11;4;1;12;8;6;3;0;3;0;0;1.29;5.0;11.0;1.29;5.18;11.79;1.75;2.05;1.89;1.96
SP1;25/01/15;Ath Bilbao;Malaga;1;1;D;0;0;D;11;8;5;3;16;17;8;2;0;1;0;0;2.05;3.2;3.75;2.07;3.23;3.83;2.36;1.57;2.06;1.81
SP1;25/01/15;Espanol;Almeria;3;0;H;2;0;H;18;9;9;1;16;12;9;7;2;1;0;0;1.7;3.5;5.25;1.74;3.54;5.04;2.15;1.68;1.98;1.88
SP1;25/01/15;La Coruna;Granada;2;2;D;2;1;H;13;5;7;2;18;15;7;2;3;3;1;0;2.2;3.2;3.4;2.23;3.09;3.52;2.64;1.46;1.92;1.95
SP1;25/01/15;Valencia;Sevilla;3;1;H;2;1;H;13;10;8;6;23;15;3;7;6;5;0;0;2.2;3.3;3.4;2.18;3.32;3.38;1.98;1.81;1.9;1.97
SP1;26/01/15;Getafe;Celta;2;1;H;1;1;D;13;7;6;2;9;17;6;2;2;5;0;0;2.88;3.2;2.5;2.94;3.13;2.5;2.26;1.62;2.08;1.77
SP1;30/01/15;Vallecano;La Coruna;1;2;A;1;1;D;11;13;4;6;14;18;10;7;4;5;0;0;1.75;3.5;5.25;1.77;3.57;4.82;2.01;1.8;2.01;1.86
SP1;31/01/15;Celta;Cordoba;1;0;H;0;0;D;19;8;9;3;10;10;8;2;2;6;0;0;1.44;4.2;8.5;1.47;4.19;7.45;1.99;1.81;1.79;2.07
SP1;31/01/15;Eibar;Ath Madrid;1;3;A;0;3;A;11;8;3;5;14;16;6;8;3;3;0;0;6.5;3.8;1.57;6.18;3.75;1.59;2.3;1.6;1.77;2.09
SP1;31/01/15;Granada;Elche;1;0;H;0;0;D;14;5;2;1;14;13;12;4;4;4;0;1;1.95;3.25;4.33;1.95;3.22;4.31;2.53;1.49;1.95;1.91
SP1;31/01/15;Real Madrid;Sociedad;4;1;H;2;1;H;26;8;11;2;8;11;10;3;3;1;0;0;1.18;7.0;17.0;1.18;7.14;14.91;1.37;2.99;1.87;1.98
SP1;01/02/15;Almeria;Getafe;1;0;H;1;0;H;12;12;7;7;18;10;6;3;3;3;1;1;2.38;3.1;3.3;2.34;3.12;3.23;2.36;1.56;1.64;2.28
SP1;01/02/15;Barcelona;Villarreal;3;2;H;1;1;D;19;9;7;3;10;20;8;2;1;2;0;0;1.2;7.0;13.0;1.21;6.61;12.92;1.38;2.92;2.02;1.83
SP1;01/02/15;Levante;Ath Bilbao;0;2;A;0;0;D;10;14;4;5;17;12;5;4;2;5;0;0;3.3;3.1;2.38;3.35;3.11;2.3;2.52;1.5;1.88;1.98
SP1;01/02/15;Sevilla;Espanol;3;2;H;2;1;H;22;5;7;2;20;11;7;2;8;3;0;1;1.62;3.8;6.0;1.63;3.8;5.62;1.96;1.84;2.15;1.73
SP1;02/02/15;Malaga;Valencia;1;0;H;1;0;H;13;10;6;3;19;18;5;3;5;3;0;1;2.63;3.2;2.8;2.66;3.21;2.71;2.09;1.72;1.91;1.93
SP1;04/02/15;Real Madrid;Sevilla;2;1;H;2;0;H;14;15;4;3;9;21;4;6;3;6;0;0;1.29;6.0;10.0;1.27;5.92;10.39;1.38;2.96;1.73;2.14
SP1;06/02/15;La Coruna;Eibar;2;0;H;0;0;D;15;4;5;2;12;21;5;3;2;3;0;0;2.15;3.25;3.6;2.16;3.14;3.68;2.52;1.5;1.86;2.0
SP1;07/02/15;Ath Madrid;Real Madrid;4;0;H;2;0;H;17;4;8;1;17;18;2;3;5;2;0;0;2.88;3.4;2.45;2.89;3.38;2.43;1.86;1.92;2.08;1.75
SP1;07/02/15;Levante;Malaga;4;1;H;2;1;H;11;4;6;3;20;13;2;5;2;1;0;0;3.4;3.1;2.3;3.27;3.15;2.31;2.44;1.53;1.88;1.97
SP1;07/02/15;Sociedad;Celta;1;1;D;1;0;H;7;12;3;3;17;22;2;6;5;4;0;0;2.5;3.25;2.9;2.55;3.18;2.87;2.25;1.63;1.82;2.02
SP1;07/02/15;Villarreal;Granada;2;0;H;1;0;H;9;11;6;3;12;18;5;8;2;1;0;0;1.3;5.25;11.0;1.31;5.21;10.11;1.75;2.05;1.95;1.9
SP1;08/02/15;Ath Bilbao;Barcelona;2;5;A;0;2;A;15;19;6;11;15;10;4;4;3;1;1;0;9.0;5.25;1.33;8.69;5.17;1.34;1.57;2.35;1.87;1.98
SP1;08/02/15;Cordoba;Almeria;1;2;A;1;0;H;14;8;7;2;15;17;6;6;2;5;0;0;2.25;3.1;3.5;2.25;3.12;3.44;2.52;1.5;1.91;1.93
SP1;08/02/15;Espanol;Valencia;1;2;A;0;0;D;9;13;3;5;22;16;7;2;5;4;0;0;2.8;3.2;2.63;2.8;3.19;2.6;2.2;1.66;1.98;1.85
SP1;08/02/15;Getafe;Sevilla;2;1;H;1;0;H;18;9;8;2;6;13;9;5;1;2;0;0;3.8;3.3;2.05;3.69;3.28;2.09;2.24;1.63;1.77;2.09
SP1;09/02/15;Elche;Vallecano;2;0;H;1;0;H;18;11;5;3;21;21;5;4;2;3;0;1;2.6;3.2;2.8;2.66;3.17;2.73;2.18;1.66;1.88;1.95
SP1;13/02/15;Almeria;Sociedad;2;2;D;2;1;H;9;7;4;3;21;15;6;6;5;4;0;0;2.45;3.2;3.0;2.47;3.14;3.03;2.31;1.6;1.72;2.15
SP1;14/02/15;Granada;Ath Bilbao;0;0;D;0;0;D;11;10;4;0;16;9;4;4;4;4;1;0;2.9;3.1;2.63;2.91;3.11;2.58;2.5;1.51;2.05;1.8
SP1;14/02/15;Malaga;Espanol;0;2;A;0;1;A;17;6;5;2;12;18;10;3;3;7;0;1;2.1;3.3;3.75;2.1;3.28;3.67;2.19;1.66;2.1;1.76
SP1;14/02/15;Real Madrid;La Coruna;2;0;H;1;0;H;17;15;6;4;12;17;6;6;2;4;0;0;1.08;13.0;21.0;1.09;10.92;25.26;1.24;3.9;1.72;2.15
SP1;14/02/15;Sevilla;Cordoba;3;0;H;2;0;H;18;10;6;3;15;16;8;1;0;1;1;1;1.36;5.0;9.0;1.36;4.86;8.96;1.72;2.09;2.08;1.78
SP1;15/02/15;Barcelona;Levante;5;0;H;2;0;H;18;5;10;1;6;13;3;4;1;2;0;0;1.05;15.0;34.0;1.05;14.41;33.7;1.17;4.79;2.03;1.79
SP1;15/02/15;Celta;Ath Madrid;2;0;H;0;0;D;14;10;3;5;4;12;9;2;0;3;0;0;3.8;3.25;2.1;3.73;3.28;2.08;2.36;1.58;1.78;2.08
SP1;15/02/15;Valencia;Getafe;1;0;H;0;0;D;13;10;3;1;16;10;7;2;3;4;0;0;1.44;4.5;7.5;1.44;4.4;7.5;1.86;1.94;1.75;2.11
SP1;15/02/15;Vallecano;Villarreal;2;0;H;0;0;D;13;9;7;2;12;14;5;5;2;2;0;0;3.3;3.4;2.2;3.38;3.42;2.14;1.82;1.97;2.0;1.85
SP1;16/02/15;Eibar;Elche;0;1;A;0;0;D;18;6;7;2;13;12;5;3;3;1;1;0;2.15;3.1;3.8;2.14;3.1;3.76;2.65;1.46;2.13;1.74
SP1;20/02/15;Getafe;Espanol;2;1;H;1;0;H;10;11;4;7;15;14;2;5;3;3;0;0;2.4;3.1;3.25;2.47;3.11;3.07;2.48;1.52;1.72;2.14
SP1;21/02/15;Ath Madrid;Almeria;3;0;H;3;0;H;9;9;6;1;13;13;8;4;1;1;1;0;1.2;6.5;15.0;1.21;6.26;15.64;1.64;2.23;2.07;1.78
SP1;21/02/15;Barcelona;Malaga;0;1;A;0;1;A;11;11;5;3;9;11;11;3;4;3;0;0;1.11;10.0;21.0;1.1;9.7;24.41;1.28;3.54;1.82;2.02
SP1;21/02/15;Cordoba;Valencia;1;2;A;0;1;A;11;17;4;7;17;15;6;2;1;2;0;0;4.33;3.25;1.95;4.22;3.39;1.92;2.27;1.62;1.95;1.9
SP1;21/02/15;La Coruna;Celta;0;2;A;0;0;D;14;8;4;5;17;13;4;3;2;4;1;0;3.3;3.2;2.3;3.32;3.22;2.27;2.32;1.59;1.94;1.91
SP1;22/02/15;Ath Bilbao;Vallecano;1;0;H;0;0;D;19;5;6;1;17;13;11;4;3;2;0;0;1.91;3.5;4.2;1.9;3.47;4.21;1.96;1.83;1.89;1.96
SP1;22/02/15;Elche;Real Madrid;0;2;A;0;0;D;4;17;1;5;17;6;1;6;4;1;0;0;17.0;7.0;1.18;15.04;6.83;1.19;1.43;2.73;1.9;1.94
SP1;22/02/15;Sociedad;Sevilla;4;3;H;1;1;D;17;17;8;5;16;12;5;10;5;3;0;0;2.9;3.3;2.5;2.94;3.28;2.45;2.07;1.74;2.12;1.74
SP1;22/02/15;Villarreal;Eibar;1;0;H;0;0;D;21;10;6;1;5;3;8;3;2;0;0;0;1.36;4.75;9.0;1.36;4.81;9.19;1.85;1.93;2.07;1.78
SP1;23/02/15;Levante;Granada;2;1;H;0;1;A;9;10;4;4;18;14;7;4;3;5;1;2;2.3;3.1;3.4;2.26;3.09;3.47;2.63;1.46;1.92;1.93
SP1;27/02/15;Espanol;Cordoba;1;0;H;1;0;H;12;16;4;4;22;14;2;6;5;4;0;0;1.57;3.8;6.5;1.58;3.83;6.36;2.2;1.66;2.05;1.81
SP1;28/02/15;Almeria;La Coruna;0;0;D;0;0;D;10;25;3;9;13;19;7;11;2;3;2;0;2.25;3.2;3.4;2.24;3.19;3.41;2.39;1.55;1.91;1.93
SP1;28/02/15;Granada;Barcelona;1;3;A;0;1;A;10;16;4;9;18;9;4;5;2;3;0;0;17.0;7.5;1.17;17.72;7.32;1.16;1.46;2.64;2.06;1.79
SP1;28/02/15;Malaga;Getafe;3;2;H;1;0;H;16;10;6;6;11;16;6;5;3;1;0;0;1.75;3.6;5.0;1.76;3.48;5.04;2.29;1.61;1.98;1.86
SP1;28/02/15;Vallecano;Levante;4;2;H;4;1;H;13;10;7;3;15;18;5;2;2;2;0;0;1.67;3.75;5.5;1.7;3.66;5.16;2.1;1.72;1.91;1.93
SP1;01/03/15;Eibar;Ath Bilbao;0;1;A;0;1;A;6;13;2;8;16;14;5;6;3;2;0;0;3.25;3.1;2.38;3.21;3.09;2.39;2.53;1.49;1.82;2.02
SP1;01/03/15;Real Madrid;Villarreal;1;1;D;0;0;D;25;9;7;4;7;20;10;4;2;5;0;0;1.2;7.0;13.0;1.22;6.41;12.51;1.39;2.92;2.03;1.82
SP1;01/03/15;Sevilla;Ath Madrid;0;0;D;0;0;D;13;9;4;2;13;14;7;1;4;7;0;0;3.0;3.2;2.45;2.93;3.18;2.5;2.2;1.65;2.06;1.78
SP1;01/03/15;Valencia;Sociedad;2;0;H;0;0;D;19;8;3;0;14;14;9;5;3;3;0;0;1.57;4.0;6.0;1.59;3.93;5.87;1.87;1.92;2.02;1.83
SP1;02/03/15;Celta;Elche;1;1;D;0;0;D;11;7;5;1;16;12;6;3;5;3;0;0;1.5;4.2;7.0;1.5;4.08;6.91;2.04;1.76;1.84;2.0
SP1;06/03/15;Levante;Eibar;2;1;H;0;0;D;12;14;4;3;11;17;6;7;4;5;0;1;2.05;3.3;4.0;2.1;3.14;3.88;2.68;1.45;1.77;2.08
SP1;07/03/15;Ath Bilbao;Real Madrid;1;0;H;1;0;H;6;13;2;2;17;11;1;9;3;4;0;0;7.0;4.75;1.44;6.84;4.57;1.45;1.54;2.41;1.82;2.02
SP1;07/03/15;Elche;Almeria;1;0;H;1;0;H;15;9;4;2;13;15;6;5;3;0;0;0;2.05;3.4;3.8;2.1;3.26;3.66;2.36;1.56;1.79;2.05
SP1;07/03/15;Granada;Malaga;1;0;H;0;0;D;14;5;4;1;11;20;8;1;4;5;0;0;2.9;3.2;2.6;2.87;3.1;2.6;2.49;1.5;2.01;1.81
SP1;07/03/15;La Coruna;Sevilla;3;4;A;1;1;D;15;11;5;6;12;14;5;1;1;4;0;0;3.8;3.4;2.05;3.54;3.38;2.1;2.01;1.78;2.02;1.82
SP1;08/03/15;Ath Madrid;Valencia;1;1;D;1;0;H;8;3;3;1;22;19;6;1;5;6;0;1;1.62;3.75;6.0;1.62;3.76;5.81;2.04;1.75;2.1;1.76
SP1;08/03/15;Barcelona;Vallecano;6;1;H;1;0;H;19;7;12;3;13;11;4;1;3;2;1;1;1.05;15.0;34.0;1.06;13.93;30.37;1.15;5.2;1.97;1.85
SP1;08/03/15;Sociedad;Espanol;1;0;H;1;0;H;10;9;4;4;13;14;6;5;2;3;0;0;2.2;3.3;3.4;2.19;3.23;3.47;2.29;1.6;1.86;1.98
SP1;08/03/15;Villarreal;Celta;4;1;H;2;0;H;12;13;8;4;9;14;3;2;0;2;0;0;1.95;3.5;4.0;1.92;3.49;4.04;1.95;1.83;1.91;1.93
SP1;09/03/15;Cordoba;Getafe;1;2;A;0;0;D;18;15;4;7;11;10;5;6;3;2;0;0;2.4;3.1;3.2;2.46;3.05;3.1;2.67;1.45;1.71;2.14
SP1;13/03/15;Valencia;La Coruna;2;0;H;0;0;D;16;5;8;2;12;17;5;5;1;2;0;0;1.44;4.5;8.0;1.43;4.54;7.62;1.77;2.01;1.7;2.16
SP1;14/03/15;Celta;Ath Bilbao;1;2;A;0;2;A;16;12;5;4;14;12;8;5;3;3;0;1;2.1;3.4;3.6;2.1;3.29;3.63;2.34;1.58;2.08;1.77
SP1;14/03/15;Eibar;Barcelona;0;2;A;0;1;A;13;12;2;4;14;3;6;3;1;0;0;0;19.0;8.5;1.14;20.38;8.14;1.14;1.43;2.73;2.19;1.69
SP1;14/03/15;Espanol;Ath Madrid;0;0;D;0;0;D;7;14;1;6;33;18;6;7;3;3;0;1;3.8;3.1;2.15;3.67;3.2;2.12;2.49;1.51;1.74;2.13
SP1;14/03/15;Vallecano;Granada;3;1;H;0;1;A;16;11;8;3;15;8;6;6;3;2;0;0;2.0;3.3;4.0;1.97;3.4;3.93;2.03;1.77;1.96;1.88
SP1;15/03/15;Almeria;Villarreal;0;0;D;0;0;D;10;18;2;7;16;15;4;3;4;4;1;1;4.0;3.3;2.0;3.96;3.41;1.97;2.02;1.77;1.88;1.96
SP1;15/03/15;Malaga;Cordoba;2;0;H;0;0;D;19;4;6;2;11;15;2;3;0;2;0;0;1.57;3.75;7.0;1.55;3.85;6.73;2.18;1.66;1.98;1.85
SP1;15/03/15;Real Madrid;Levante;2;0;H;2;0;H;22;8;6;0;9;14;10;4;2;0;0;0;1.06;13.0;34.0;1.07;12.88;29.77;1.2;4.4;1.8;2.05
SP1;15/03/15;Sevilla;Elche;3;0;H;2;0;H;12;14;4;3;13;11;5;9;2;3;0;0;1.4;4.75;8.0;1.38;4.72;8.74;1.79;2.0;2.1;1.74
SP1;16/03/15;Getafe;Sociedad;0;1;A;0;0;D;14;10;5;4;14;12;6;5;4;1;0;0;2.3;3.2;3.3;2.32;3.14;3.22;2.37;1.56;1.64;2.26
SP1;20/03/15;Elche;Valencia;0;4;A;0;1;A;7;10;1;5;12;10;4;4;1;0;0;0;3.8;3.4;2.0;4.2;3.41;1.9;2.2;1.66;1.95;1.9
SP1;21/03/15;Ath Bilbao;Almeria;2;1;H;2;0;H;19;7;6;1;8;20;9;6;2;4;0;1;1.5;4.0;7.5;1.5;4.12;6.8;1.93;1.85;1.89;1.96
SP1;21/03/15;Ath Madrid;Getafe;2;0;H;2;0;H;15;5;6;1;10;16;10;5;2;2;0;0;1.33;5.0;10.0;1.31;5.03;11.26;2.01;1.78;2.02;1.82
SP1;21/03/15;Granada;Eibar;0;0;D;0;0;D;17;4;4;1;14;17;7;5;4;1;0;0;1.95;3.25;4.33;1.95;3.19;4.38;2.68;1.45;1.93;1.91
SP1;21/03/15;Levante;Celta;0;1;A;0;0;D;9;17;3;5;17;9;5;5;4;3;0;0;3.3;3.3;2.25;3.42;3.25;2.19;2.3;1.59;1.99;1.86
SP1;21/03/15;Vallecano;Malaga;1;0;H;1;0;H;11;6;2;2;20;15;7;4;8;0;0;1;2.5;3.4;2.8;2.49;3.33;2.82;1.87;1.91;1.8;2.04
SP1;22/03/15;Barcelona;Real Madrid;2;1;H;1;1;D;17;13;5;4;9;14;7;10;5;6;0;0;1.67;4.5;4.5;1.67;4.24;4.6;1.39;2.99;2.08;1.78
SP1;22/03/15;La Coruna;Espanol;0;0;D;0;0;D;14;7;1;2;10;16;2;2;4;4;0;0;2.6;3.25;2.8;2.53;3.15;2.89;2.36;1.56;1.79;2.05
SP1;22/03/15;Sociedad;Cordoba;3;1;H;1;1;D;19;11;3;6;9;16;9;5;1;5;0;3;1.62;3.75;6.0;1.63;3.65;5.89;2.22;1.64;2.16;1.71
SP1;22/03/15;Villarreal;Sevilla;0;2;A;0;0;D;23;9;5;5;11;16;8;2;2;1;0;0;2.05;3.4;3.75;2.05;3.46;3.54;1.76;2.03;2.03;1.82
SP1;03/04/15;Eibar;Vallecano;1;2;A;1;2;A;12;13;4;8;15;15;4;4;3;3;1;0;2.5;3.3;2.9;2.54;3.2;2.87;2.17;1.68;1.82;2.02
SP1;04/04/15;Almeria;Levante;1;4;A;0;2;A;9;15;3;5;18;16;7;8;4;2;1;0;2.1;3.25;3.75;2.15;3.2;3.6;2.39;1.57;2.14;1.73
SP1;04/04/15;Cordoba;Ath Madrid;0;2;A;0;2;A;11;8;2;4;12;9;3;5;2;1;0;0;9.5;4.5;1.4;8.31;4.39;1.42;2.07;1.74;2.2;1.7
SP1;04/04/15;Malaga;Sociedad;1;1;D;0;0;D;13;9;6;3;17;10;12;3;4;5;0;0;1.95;3.4;4.2;1.96;3.39;4.03;2.2;1.66;1.94;1.91
SP1;04/04/15;Sevilla;Ath Bilbao;2;0;H;2;0;H;9;14;5;2;17;9;6;7;3;3;0;0;1.75;3.75;4.75;1.74;3.7;4.79;1.84;1.95;1.95;1.9
SP1;05/04/15;Celta;Barcelona;0;1;A;0;0;D;7;12;1;3;26;12;4;3;2;2;1;0;7.5;5.0;1.4;7.43;4.86;1.4;1.46;2.63;1.75;2.12
SP1;05/04/15;Getafe;La Coruna;2;1;H;2;0;H;11;9;4;2;19;14;5;1;1;3;0;0;2.25;3.1;3.6;2.25;3.18;3.37;2.34;1.58;1.94;1.91
SP1;05/04/15;Real Madrid;Granada;9;1;H;4;0;H;29;11;11;6;6;9;10;1;1;2;0;0;1.08;11.0;29.0;1.07;11.92;28.09;1.24;3.88;2.12;1.74
SP1;05/04/15;Valencia;Villarreal;0;0;D;0;0;D;13;5;3;2;14;18;2;6;2;5;0;0;2.05;3.5;3.6;2.03;3.51;3.58;1.85;1.94;2.02;1.82
SP1;06/04/15;Espanol;Elche;1;1;D;1;0;H;5;8;3;2;18;16;4;4;3;3;0;0;1.67;3.6;5.75;1.65;3.62;5.74;2.32;1.59;2.18;1.7
SP1;07/04/15;Ath Madrid;Sociedad;2;0;H;2;0;H;12;9;3;2;13;17;4;10;1;0;0;0;1.3;5.25;11.0;1.32;4.97;10.95;1.9;1.89;2.01;1.83
SP1;07/04/15;Eibar;Malaga;1;0;H;0;0;D;8;14;5;4;15;17;4;2;3;2;0;0;3.25;3.1;2.38;3.16;3.1;2.41;2.52;1.5;1.8;2.05
SP1;07/04/15;Levante;Sevilla;1;2;A;0;2;A;19;12;6;5;16;16;12;3;4;5;0;0;4.5;3.6;1.83;4.47;3.65;1.8;1.84;1.94;2.06;1.78
SP1;08/04/15;Barcelona;Almeria;4;0;H;1;0;H;19;6;12;3;9;14;14;5;1;1;0;0;1.05;13.0;41.0;1.05;14.17;42.74;1.15;5.21;1.99;1.84
SP1;08/04/15;Granada;Celta;1;1;D;1;0;H;8;12;3;4;13;14;1;5;4;5;1;0;3.5;3.0;2.3;3.22;3.18;2.32;2.34;1.59;2.25;1.65
SP1;08/04/15;La Coruna;Cordoba;1;1;D;0;0;D;8;16;2;7;12;16;6;5;3;2;1;0;1.75;3.4;5.5;1.73;3.57;5.09;2.25;1.64;1.71;2.17
SP1;08/04/15;Vallecano;Real Madrid;0;2;A;0;0;D;20;17;8;5;15;11;8;1;4;5;0;0;13.0;7.0;1.2;11.26;6.63;1.23;1.27;3.66;1.9;1.95
SP1;09/04/15;Ath Bilbao;Valencia;1;1;D;0;0;D;12;7;4;4;17;15;8;3;5;3;0;1;2.4;3.4;2.8;2.46;3.26;2.92;2.09;1.73;1.77;2.08
SP1;09/04/15;Elche;Getafe;0;1;A;0;0;D;16;9;2;4;13;19;10;4;2;3;0;0;2.3;3.1;3.25;2.31;3.11;3.31;2.5;1.51;1.95;1.9
SP1;09/04/15;Villarreal;Espanol;0;3;A;0;1;A;7;14;2;4;14;14;7;2;1;1;0;0;1.55;3.6;7.0;1.55;3.87;6.59;2.01;1.79;1.96;1.89
SP1;11/04/15;Almeria;Granada;3;0;H;1;0;H;17;15;9;3;16;14;5;6;4;3;0;0;2.4;3.1;3.2;2.39;3.15;3.14;2.37;1.56;1.66;2.23
SP1;11/04/15;Celta;Vallecano;6;1;H;4;1;H;17;12;10;4;16;3;3;4;1;1;0;0;1.73;3.6;4.75;1.77;3.75;4.5;1.75;2.06;1.76;2.1
SP1;11/04/15;Malaga;Ath Madrid;2;2;D;1;1;D;11;11;3;5;13;10;6;1;2;3;0;0;3.8;3.4;2.0;3.87;3.3;2.02;2.33;1.59;1.81;2.02
SP1;11/04/15;Real Madrid;Eibar;3;0;H;2;0;H;24;4;13;2;10;18;7;4;0;3;0;0;1.06;13.0;34.0;1.06;13.23;35.15;1.27;3.64;1.8;2.04
SP1;11/04/15;Sevilla;Barcelona;2;2;D;1;2;A;11;17;2;7;23;9;2;4;5;2;0;0;5.0;4.5;1.55;5.0;4.35;1.6;1.42;2.79;1.84;2.0
SP1;12/04/15;Cordoba;Elche;0;2;A;0;1;A;14;7;2;3;9;26;8;3;0;2;1;0;2.3;3.1;3.3;2.36;3.1;3.24;2.53;1.5;1.63;2.29
SP1;12/04/15;Espanol;Ath Bilbao;1;0;H;1;0;H;5;10;1;2;14;13;7;1;2;2;0;0;2.5;3.2;2.88;2.39;3.18;3.09;2.28;1.61;1.68;2.2
SP1;12/04/15;Getafe;Villarreal;1;1;D;0;0;D;12;9;2;4;9;16;11;5;2;6;0;0;3.6;3.3;2.05;3.63;3.31;2.1;2.22;1.65;1.77;2.08
SP1;12/04/15;Sociedad;La Coruna;2;2;D;1;1;D;9;16;4;5;12;19;5;7;4;4;0;0;1.8;3.6;4.5;1.87;3.52;4.24;2.01;1.79;1.86;1.97
SP1;13/04/15;Valencia;Levante;3;0;H;2;0;H;13;11;5;1;12;12;5;4;3;3;0;0;1.33;5.0;8.5;1.32;5.0;9.97;1.79;2.0;2.01;1.83
SP1;17/04/15;Levante;Espanol;2;2;D;1;2;A;13;12;3;6;14;18;8;4;1;3;0;0;2.88;3.1;2.6;2.84;3.08;2.66;2.48;1.52;1.96;1.87
SP1;18/04/15;Ath Bilbao;Getafe;4;0;H;1;0;H;27;1;8;1;12;12;6;1;2;4;0;1;1.67;3.75;5.5;1.64;3.67;5.73;2.18;1.67;1.8;2.04
SP1;18/04/15;Barcelona;Valencia;2;0;H;1;0;H;11;11;5;3;18;17;6;3;4;4;0;0;1.22;7.0;12.0;1.21;6.6;12.7;1.37;3.01;1.99;1.85
SP1;18/04/15;La Coruna;Ath Madrid;1;2;A;0;2;A;9;15;2;10;16;15;5;6;2;4;0;0;4.5;3.5;1.85;4.74;3.38;1.82;2.33;1.58;2.04;1.8
SP1;18/04/15;Real Madrid;Malaga;3;1;H;1;0;H;12;11;6;2;11;26;4;3;2;2;0;0;1.14;8.5;17.0;1.15;8.05;15.94;1.28;3.59;1.93;1.91
SP1;19/04/15;Eibar;Celta;0;1;A;0;1;A;11;17;3;5;10;20;1;9;2;2;0;0;3.4;3.3;2.2;3.49;3.33;2.13;2.19;1.65;1.76;2.11
SP1;19/04/15;Granada;Sevilla;1;1;D;1;0;H;6;16;2;3;15;14;5;9;2;2;0;0;4.33;3.6;1.85;4.17;3.63;1.85;1.87;1.92;1.99;1.85
SP1;19/04/15;Vallecano;Almeria;2;0;H;1;0;H;13;8;9;3;18;12;5;7;1;2;0;0;1.8;3.8;4.33;1.8;3.73;4.33;1.69;2.14;1.78;2.06
SP1;19/04/15;Villarreal;Cordoba;0;0;D;0;0;D;28;9;7;4;14;16;12;3;1;4;0;0;1.3;5.25;11.0;1.3;5.3;10.27;1.66;2.17;1.92;1.93
SP1;20/04/15;Elche;Sociedad;1;0;H;1;0;H;9;4;2;2;21;11;7;4;3;4;0;0;2.6;3.1;2.9;2.6;3.16;2.81;2.22;1.64;1.85;1.98
SP1;24/04/15;Cordoba;Ath Bilbao;0;1;A;0;0;D;22;15;2;4;13;19;9;5;2;3;0;0;4.2;3.5;1.91;4.09;3.4;1.95;2.2;1.66;1.9;1.94
SP1;25/04/15;Ath Madrid;Elche;3;0;H;0;0;D;18;14;9;3;11;18;9;8;3;2;0;0;1.18;7.0;17.0;1.18;6.47;18.98;1.81;1.99;2.12;1.75
SP1;25/04/15;Espanol;Barcelona;0;2;A;0;2;A;7;12;2;5;21;12;5;3;5;1;1;1;12.0;6.0;1.25;10.95;5.91;1.26;1.49;2.56;2.12;1.74
SP1;25/04/15;Getafe;Levante;0;1;A;0;1;A;10;9;2;3;9;14;5;5;4;3;0;0;2.2;3.2;3.5;2.2;3.17;3.52;2.44;1.53;2.19;1.69
SP1;25/04/15;Sociedad;Villarreal;0;0;D;0;0;D;13;19;2;4;15;13;7;9;1;4;0;0;2.9;3.3;2.5;2.89;3.28;2.47;2.11;1.71;2.05;1.78
SP1;26/04/15;Almeria;Eibar;2;0;H;1;0;H;9;8;3;5;11;13;5;7;4;3;0;0;2.2;3.2;3.6;2.18;3.23;3.51;2.31;1.6;2.16;1.71
SP1;26/04/15;Celta;Real Madrid;2;4;A;2;3;A;20;10;4;7;17;6;5;4;3;2;0;0;5.5;4.33;1.57;5.41;4.28;1.58;1.48;2.59;1.86;1.98
SP1;26/04/15;Malaga;La Coruna;1;1;D;0;0;D;14;12;5;3;17;15;9;5;5;1;0;0;1.73;3.6;5.25;1.72;3.67;4.98;2.02;1.78;1.93;1.92
SP1;26/04/15;Sevilla;Vallecano;2;0;H;2;0;H;12;22;7;3;15;13;5;8;0;2;0;0;1.36;5.25;8.0;1.38;5.08;7.7;1.39;2.93;2.0;1.85
SP1;27/04/15;Valencia;Granada;4;0;H;2;0;H;13;5;6;0;12;16;2;6;3;3;0;0;1.33;5.25;9.5;1.31;5.13;10.13;1.77;2.03;1.95;1.9
SP1;28/04/15;Ath Bilbao;Sociedad;1;1;D;0;0;D;11;13;3;8;16;13;7;3;2;2;0;1;1.67;3.8;5.5;1.66;3.71;5.54;2.05;1.76;2.2;1.7
SP1;28/04/15;Barcelona;Getafe;6;0;H;5;0;H;21;7;12;3;11;5;5;6;0;0;0;0;1.04;17.0;41.0;1.04;17.51;39.44;1.22;4.14;2.01;1.85
SP1;28/04/15;Levante;Cordoba;1;0;H;1;0;H;13;8;3;1;17;10;6;5;3;3;0;0;1.85;3.5;4.5;1.83;3.48;4.54;2.25;1.64;1.83;2.03
SP1;29/04/15;Celta;Malaga;1;0;H;0;0;D;14;7;2;2;6;13;3;5;2;3;0;0;1.73;3.75;5.0;1.71;3.77;4.86;1.82;1.97;1.7;2.19
SP1;29/04/15;Eibar;Sevilla;1;3;A;0;2;A;15;12;3;6;17;10;4;2;3;2;0;0;6.0;4.0;1.57;5.77;4.03;1.58;1.79;2.01;1.88;1.97
SP1;29/04/15;Elche;La Coruna;4;0;H;2;0;H;12;10;7;5;7;10;3;4;1;2;0;0;2.25;3.2;3.4;2.27;3.19;3.33;2.32;1.6;1.94;1.91
SP1;29/04/15;Real Madrid;Almeria;3;0;H;1;0;H;18;7;4;0;9;12;10;4;1;0;0;0;1.06;13.0;29.0;1.08;11.51;28.11;1.22;4.15;1.89;1.96
SP1;29/04/15;Villarreal;Ath Madrid;0;1;A;0;0;D;13;12;3;3;5;18;7;1;0;4;0;0;3.4;3.3;2.2;3.4;3.25;2.22;2.22;1.65;1.96;1.89
SP1;30/04/15;Granada;Espanol;1;2;A;0;1;A;16;7;4;3;19;12;8;1;2;3;0;0;2.5;3.1;3.0;2.56;3.1;2.91;2.45;1.53;1.81;2.04
SP1;30/04/15;Vallecano;Valencia;1;1;D;1;0;H;9;13;3;5;21;15;4;8;2;1;1;1;4.0;3.6;1.91;4.07;3.62;1.87;1.72;2.1;2.0;1.85
SP1;01/05/15;Sociedad;Levante;3;0;H;1;0;H;9;14;3;1;14;13;3;7;2;3;0;0;1.85;3.7;4.33;1.87;3.55;4.28;2.08;1.74;1.86;1.99
SP1;02/05/15;Ath Madrid;Ath Bilbao;0;0;D;0;0;D;10;7;3;0;8;20;9;2;2;2;0;1;1.4;4.5;8.5;1.42;4.4;8.3;1.98;1.82;1.71;2.17
SP1;02/05/15;Cordoba;Barcelona;0;8;A;0;2;A;5;27;1;11;11;3;5;8;2;0;0;0;26.0;11.0;1.08;29.08;10.65;1.09;1.33;3.23;2.02;1.84
SP1;02/05/15;La Coruna;Villarreal;1;1;D;0;0;D;9;7;3;2;14;12;4;2;1;5;0;0;3.6;3.4;2.1;3.5;3.36;2.13;2.02;1.78;1.74;2.14
SP1;02/05/15;Sevilla;Real Madrid;2;3;A;1;2;A;18;14;5;5;11;12;8;1;4;2;0;0;3.5;3.6;2.05;3.47;3.67;2.03;1.53;2.45;1.83;2.03
SP1;03/05/15;Espanol;Vallecano;1;1;D;0;1;A;12;7;5;4;18;18;5;1;3;1;1;0;1.73;3.8;4.5;1.78;3.74;4.48;1.68;2.16;2.0;1.86
SP1;03/05/15;Getafe;Granada;1;2;A;1;1;D;17;14;5;6;14;17;4;6;3;4;0;0;2.05;3.25;4.0;2.09;3.28;3.69;2.21;1.65;2.09;1.78
SP1;03/05/15;Malaga;Elche;1;2;A;0;1;A;21;7;9;3;15;18;5;2;3;1;0;1;1.62;3.8;6.0;1.61;3.8;5.91;2.0;1.79;2.09;1.78
SP1;03/05/15;Valencia;Eibar;3;1;H;1;0;H;13;7;6;1;8;17;7;5;2;1;0;0;1.22;6.5;13.0;1.21;6.17;15.18;1.67;2.19;1.67;2.24
SP1;04/05/15;Almeria;Celta;2;2;D;0;2;A;12;7;3;3;12;9;3;6;2;3;1;1;3.75;3.4;2.05;3.67;3.44;2.04;1.93;1.86;1.82;2.04
SP1;08/05/15;Eibar;Espanol;0;2;A;0;1;A;8;12;4;6;17;12;4;2;2;4;0;0;2.8;3.1;2.7;2.87;3.1;2.61;2.45;1.54;2.02;1.82
SP1;09/05/15;Ath Bilbao;La Coruna;1;1;D;1;0;H;11;8;5;2;14;10;3;3;4;4;0;0;1.57;3.8;6.5;1.59;3.92;5.89;1.92;1.87;2.05;1.81
SP1;09/05/15;Barcelona;Sociedad;2;0;H;0;0;D;15;5;8;1;9;13;10;3;1;5;0;0;1.05;15.0;34.0;1.05;14.49;36.14;1.17;4.72;1.79;2.07
SP1;09/05/15;Granada;Cordoba;2;0;H;1;0;H;21;4;8;1;16;12;8;1;2;2;0;2;1.44;4.5;7.5;1.44;4.37;7.7;1.87;1.92;1.74;2.13
SP1;09/05/15;Real Madrid;Valencia;2;2;D;0;2;A;29;13;10;4;14;19;12;9;4;4;0;0;1.4;4.75;8.0;1.41;5.01;6.83;1.37;3.01;1.9;1.96
SP1;10/05/15;Almeria;Malaga;1;2;A;1;1;D;10;14;4;5;15;18;7;6;3;4;0;0;2.63;3.2;2.8;2.59;3.23;2.78;2.02;1.78;1.86;1.99
SP1;10/05/15;Celta;Sevilla;1;1;D;0;1;A;13;8;2;4;17;15;4;2;3;5;0;0;2.75;3.5;2.5;2.76;3.58;2.42;1.57;2.33;2.06;1.8
SP1;10/05/15;Levante;Ath Madrid;2;2;D;1;1;D;8;15;5;7;8;16;2;6;2;2;0;0;7.5;3.8;1.53;7.03;3.93;1.52;2.19;1.66;1.94;1.91
SP1;10/05/15;Villarreal;Elche;1;0;H;1;0;H;12;13;5;2;15;7;8;5;1;2;0;0;1.36;5.0;8.5;1.36;4.8;9.11;1.76;2.04;2.08;1.79
SP1;11/05/15;Vallecano;Getafe;2;0;H;1;0;H;15;9;5;3;14;12;8;5;2;1;1;1;1.95;3.5;4.0;1.94;3.56;3.78;1.72;2.09;1.94;1.92
SP1;17/05/15;Ath Madrid;Barcelona;0;1;A;0;0;D;10;15;3;5;23;7;6;5;5;3;0;0;4.75;3.6;1.75;4.75;3.68;1.74;1.88;1.92;1.87;1.98
SP1;17/05/15;Cordoba;Vallecano;1;2;A;0;1;A;14;22;2;10;5;13;5;8;0;0;0;0;4.33;3.75;1.75;4.44;3.84;1.75;1.68;2.15;2.12;1.75
SP1;17/05/15;Elche;Ath Bilbao;2;3;A;2;0;H;10;17;3;5;13;12;1;9;2;2;0;0;3.5;3.3;2.1;3.61;3.29;2.1;2.17;1.67;1.77;2.09
SP1;17/05/15;Espanol;Real Madrid;1;4;A;0;0;D;15;18;3;7;17;12;2;5;2;4;0;0;6.5;4.33;1.5;6.04;4.39;1.52;1.57;2.35;1.99;1.85
SP1;17/05/15;Getafe;Eibar;1;1;D;1;1;D;13;5;3;1;11;12;6;4;0;2;0;0;2.2;3.2;3.5;2.21;3.09;3.58;2.24;1.63;2.18;1.7
SP1;17/05/15;La Coruna;Levante;2;0;H;1;0;H;10;5;3;1;12;13;8;3;3;2;0;0;1.75;3.6;4.75;1.72;3.69;4.9;1.94;1.86;1.95;1.9
SP1;17/05/15;Sevilla;Almeria;2;1;H;0;1;A;15;14;3;3;17;17;5;4;0;4;0;1;1.25;6.0;12.0;1.27;5.85;10.35;1.39;2.89;1.76;2.1
SP1;17/05/15;Sociedad;Granada;0;3;A;0;0;D;7;15;1;6;12;17;3;3;2;2;0;0;2.15;3.3;3.5;2.19;3.36;3.31;1.88;1.92;2.18;1.7
SP1;17/05/15;Valencia;Celta;1;1;D;0;1;A;21;11;7;3;9;18;7;7;1;5;0;0;1.62;4.2;5.25;1.58;4.17;5.5;1.56;2.37;2.0;1.85
SP1;17/05/15;Villarreal;Malaga;2;1;H;0;0;D;8;15;2;4;9;12;3;9;3;1;0;0;1.85;3.6;4.33;1.86;3.65;4.12;1.78;2.02;1.86;2.0
SP1;23/05/15;Almeria;Valencia;2;3;A;2;2;D;10;9;3;5;19;18;3;6;2;4;0;1;4.75;4.2;1.67;4.8;4.16;1.65;1.46;2.57;1.79;2.08
SP1;23/05/15;Ath Bilbao;Villarreal;4;0;H;3;0;H;17;13;8;2;13;7;4;5;0;1;0;0;1.67;4.0;5.0;1.73;3.76;4.72;1.73;2.08;1.72;2.17
SP1;23/05/15;Barcelona;La Coruna;2;2;D;1;0;H;18;10;7;2;6;9;4;4;1;3;0;0;1.25;6.0;11.0;1.26;6.05;10.18;1.29;3.43;1.89;1.96
SP1;23/05/15;Celta;Espanol;3;2;H;1;1;D;10;17;7;3;11;14;2;2;2;1;1;0;1.7;4.0;4.75;1.69;3.93;4.78;1.63;2.24;2.16;1.72
SP1;23/05/15;Eibar;Cordoba;3;0;H;3;0;H;12;15;6;5;13;7;4;5;1;0;0;0;1.33;5.0;9.5;1.34;4.91;9.26;1.78;2.02;2.1;1.77
SP1;23/05/15;Granada;Ath Madrid;0;0;D;0;0;D;2;3;0;1;9;11;4;0;0;0;0;0;4.33;2.5;2.3;4.34;2.37;2.39;2.33;1.59;1.92;1.94
SP1;23/05/15;Levante;Elche;0;0;D;0;0;D;8;15;0;6;14;15;4;4;3;3;0;0;1.95;3.5;4.0;1.99;3.42;3.83;1.99;1.81;1.99;1.86
SP1;23/05/15;Malaga;Sevilla;2;3;A;0;0;D;16;12;8;6;13;9;6;1;3;2;1;0;3.3;3.75;2.1;3.14;3.73;2.13;1.48;2.6;1.98;1.88
SP1;23/05/15;Real Madrid;Getafe;7;3;H;3;3;D;18;14;11;6;12;13;8;7;2;3;0;0;1.13;9.0;21.0;1.11;9.49;20.36;1.18;4.51;1.76;2.12
SP1;23/05/15;Vallecano;Sociedad;2;4;A;1;2;A;13;11;3;8;12;13;9;2;1;1;0;0;1.85;3.8;4.0;1.87;3.78;3.9;1.5;2.53;1.87;1.98
SP1;21/08/15;Malaga;Sevilla;0;0;D;0;0;D;25;10;5;2;19;11;7;2;3;3;0;1;3.4;3.4;2.15;3.26;3.42;2.2;1.86;1.92;1.95;1.9
SP1;22/08/15;Ath Madrid;Las Palmas;1;0;H;1;0;H;14;8;3;1;11;16;4;4;2;0;0;0;1.2;6.5;15.0;1.21;6.09;15.65;1.82;1.96;1.95;1.89
SP1;22/08/15;Espanol;Getafe;1;0;H;1;0;H;4;14;2;3;19;14;5;6;2;3;0;1;1.91;3.4;4.33;1.9;3.37;4.31;2.37;1.56;1.9;1.94
SP1;22/08/15;La Coruna;Sociedad;0;0;D;0;0;D;15;9;5;2;16;10;5;4;3;2;0;0;2.5;3.2;3.0;2.52;3.14;2.93;2.37;1.56;1.78;2.07
SP1;22/08/15;Vallecano;Valencia;0;0;D;0;0;D;8;10;3;4;19;11;3;3;3;1;0;0;3.6;3.5;2.05;3.57;3.55;2.02;1.75;2.04;1.83;2.01
SP1;23/08/15;Ath Bilbao;Barcelona;0;1;A;0;0;D;8;10;2;4;16;11;2;4;3;3;0;0;6.5;4.33;1.5;6.6;4.33;1.49;1.6;2.27;2.03;1.81
SP1;23/08/15;Betis;Villarreal;1;1;D;0;1;A;22;8;6;4;11;26;7;5;3;1;0;1;2.8;3.25;2.6;2.81;3.22;2.55;2.12;1.7;2.02;1.82
SP1;23/08/15;Levante;Celta;1;2;A;0;1;A;11;15;2;6;12;17;4;6;1;3;1;0;3.6;3.3;2.15;3.58;3.26;2.13;2.31;1.59;2.03;1.81
SP1;23/08/15;Sp Gijon;Real Madrid;0;0;D;0;0;D;6;27;0;8;20;4;2;5;4;0;0;0;13.0;6.5;1.22;12.72;6.11;1.23;1.5;2.53;1.91;1.93
SP1;24/08/15;Granada;Eibar;1;3;A;0;2;A;12;10;6;4;5;23;6;5;1;6;1;0;1.91;3.3;4.5;1.88;3.23;4.64;2.68;1.45;1.88;1.96
SP1;28/08/15;Villarreal;Espanol;3;1;H;0;1;A;14;4;4;2;10;20;2;3;1;6;0;0;1.57;3.8;6.5;1.56;3.84;6.5;2.11;1.71;2.04;1.82
SP1;29/08/15;Barcelona;Malaga;1;0;H;0;0;D;22;4;13;1;4;21;15;2;0;3;0;0;1.1;10.0;26.0;1.11;8.96;24.11;1.37;3.0;1.99;1.85
SP1;29/08/15;Celta;Vallecano;3;0;H;1;0;H;11;3;7;0;7;11;5;4;2;2;0;1;1.53;4.33;6.0;1.54;4.14;5.91;1.68;2.15;1.92;1.91
SP1;29/08/15;Real Madrid;Betis;5;0;H;2;0;H;21;7;11;1;12;14;11;4;3;3;0;0;1.1;10.0;26.0;1.11;9.34;21.71;1.28;3.57;1.96;1.88
SP1;29/08/15;Sociedad;Sp Gijon;0;0;D;0;0;D;12;7;1;2;10;15;6;4;4;5;0;0;1.85;3.5;4.5;1.86;3.35;4.53;2.3;1.59;1.84;2.0
SP1;30/08/15;Eibar;Ath Bilbao;2;0;H;1;0;H;9;9;8;1;14;13;11;4;2;2;0;0;4.0;3.1;2.1;3.79;3.14;2.1;2.59;1.47;1.75;2.1
SP1;30/08/15;Getafe;Granada;1;2;A;0;2;A;16;9;4;4;16;15;6;6;5;3;0;0;2.05;3.2;4.0;2.04;3.18;3.87;2.51;1.5;2.03;1.82
SP1;30/08/15;Las Palmas;Levante;0;0;D;0;0;D;16;3;2;2;14;21;3;0;2;4;0;0;1.91;3.3;4.5;1.9;3.26;4.35;2.42;1.53;1.9;1.94
SP1;30/08/15;Sevilla;Ath Madrid;0;3;A;0;1;A;25;17;7;7;17;13;11;1;3;4;0;0;2.8;3.2;2.63;2.74;3.17;2.63;2.2;1.65;1.94;1.89
SP1;30/08/15;Valencia;La Coruna;1;1;D;1;1;D;12;12;5;3;13;15;5;7;2;1;1;0;1.44;4.33;8.0;1.41;4.42;8.02;1.81;1.97;1.65;2.27
SP1;11/09/15;Levante;Sevilla;1;1;D;0;1;A;14;8;4;3;12;8;5;4;3;3;0;0;4.75;3.75;1.75;4.66;3.63;1.78;2.06;1.75;1.83;2.03
SP1;12/09/15;Ath Madrid;Barcelona;1;2;A;0;0;D;11;13;3;5;17;5;1;10;3;1;0;0;3.3;3.2;2.3;3.27;3.28;2.26;2.13;1.7;1.91;1.93
SP1;12/09/15;Betis;Sociedad;1;0;H;1;0;H;9;15;2;3;12;9;2;4;4;3;1;0;2.3;3.3;3.2;2.35;3.26;3.09;2.14;1.7;2.0;1.84
SP1;12/09/15;Espanol;Real Madrid;0;6;A;0;4;A;14;15;3;8;19;10;5;6;2;2;0;0;10.0;5.0;1.33;9.45;5.23;1.32;1.49;2.55;1.86;1.98
SP1;12/09/15;Sp Gijon;Valencia;0;1;A;0;0;D;16;17;8;3;16;11;5;6;3;3;0;0;3.4;3.2;2.25;3.29;3.24;2.26;2.21;1.65;1.92;1.92
SP1;13/09/15;Ath Bilbao;Getafe;3;1;H;2;0;H;14;11;6;3;12;15;12;5;1;4;0;0;1.57;3.75;7.0;1.57;3.81;6.43;2.11;1.71;2.01;1.83
SP1;13/09/15;Celta;Las Palmas;3;3;D;2;1;H;26;9;12;5;19;14;7;2;0;3;0;1;1.5;4.2;7.0;1.49;4.19;6.8;1.83;1.97;1.82;2.02
SP1;13/09/15;Granada;Villarreal;1;3;A;0;0;D;13;8;2;5;16;21;8;6;2;4;0;0;3.5;3.1;2.25;3.39;3.2;2.24;2.34;1.58;2.41;1.58
SP1;13/09/15;Malaga;Eibar;0;0;D;0;0;D;10;7;4;0;11;13;7;3;2;4;0;0;1.75;3.5;5.25;1.76;3.52;4.94;2.24;1.63;1.75;2.12
SP1;14/09/15;Vallecano;La Coruna;1;3;A;1;2;A;8;14;2;8;12;10;5;4;2;2;1;0;2.1;3.5;3.5;2.12;3.46;3.38;1.88;1.91;2.1;1.76
SP1;18/09/15;Getafe;Malaga;1;0;H;1;0;H;10;13;4;3;18;11;4;7;5;2;0;0;2.6;3.1;2.9;2.6;3.06;2.94;2.54;1.5;1.82;2.03
SP1;19/09/15;Eibar;Ath Madrid;0;2;A;0;0;D;9;14;3;6;13;7;1;4;2;1;0;0;7.0;3.75;1.57;6.94;3.71;1.56;2.39;1.56;1.81;2.05
SP1;19/09/15;Real Madrid;Granada;1;0;H;0;0;D;20;12;10;3;9;15;10;1;1;3;0;0;1.06;15.0;26.0;1.06;13.7;30.41;1.2;4.34;1.89;1.97
SP1;19/09/15;Sociedad;Espanol;2;3;A;1;1;D;10;18;3;6;15;16;7;6;2;3;1;0;2.0;3.4;4.0;1.96;3.37;4.04;2.26;1.63;1.94;1.92
SP1;19/09/15;Valencia;Betis;0;0;D;0;0;D;22;3;5;1;17;15;7;1;4;2;0;1;1.5;4.33;6.5;1.49;4.27;6.67;1.72;2.1;1.84;2.02
SP1;20/09/15;Barcelona;Levante;4;1;H;0;0;D;21;11;8;4;8;16;4;4;0;1;0;0;1.06;12.0;29.0;1.06;13.76;32.5;1.21;4.27;1.89;1.97
SP1;20/09/15;La Coruna;Sp Gijon;2;3;A;2;3;A;19;4;9;4;11;16;8;3;3;3;0;0;2.05;3.1;4.2;2.01;3.27;3.97;2.39;1.55;2.01;1.85
SP1;20/09/15;Las Palmas;Vallecano;0;1;A;0;1;A;8;17;2;6;13;19;3;5;3;5;0;0;1.91;3.5;4.0;1.89;3.64;3.99;1.8;2.0;1.88;1.99
SP1;20/09/15;Sevilla;Celta;1;2;A;0;2;A;13;15;5;5;16;16;5;5;3;5;0;1;1.8;3.75;4.33;1.81;3.69;4.28;1.69;2.14;1.82;2.04
SP1;20/09/15;Villarreal;Ath Bilbao;3;1;H;1;0;H;14;11;7;2;17;6;9;4;4;4;0;0;2.0;3.5;3.75;1.99;3.34;3.97;2.22;1.65;2.0;1.86
SP1;22/09/15;Ath Madrid;Getafe;2;0;H;1;0;H;12;6;3;2;14;10;6;1;3;2;0;0;1.25;5.5;15.0;1.26;5.38;14.18;1.95;1.85;1.9;1.96
SP1;22/09/15;Espanol;Valencia;1;0;H;1;0;H;17;10;5;4;22;14;7;6;5;7;0;0;3.25;3.25;2.3;3.21;3.26;2.29;2.15;1.69;1.9;1.96
SP1;22/09/15;Granada;Sociedad;0;3;A;0;2;A;11;8;1;5;20;18;4;3;5;4;0;0;2.4;3.1;3.2;2.44;3.11;3.1;2.45;1.53;1.71;2.18
SP1;23/09/15;Ath Bilbao;Real Madrid;1;2;A;0;1;A;11;22;5;6;17;10;6;8;4;3;0;0;5.25;4.2;1.62;5.29;4.06;1.62;1.56;2.37;1.79;2.07
SP1;23/09/15;Celta;Barcelona;4;1;H;2;0;H;18;18;5;7;19;4;5;10;2;2;0;0;6.5;4.5;1.5;5.96;4.42;1.51;1.48;2.6;2.02;1.83
SP1;23/09/15;Las Palmas;Sevilla;2;0;H;1;0;H;12;17;4;3;9;13;5;5;3;4;0;0;3.3;3.4;2.2;3.27;3.41;2.19;1.88;1.92;1.95;1.89
SP1;23/09/15;Levante;Eibar;2;2;D;0;1;A;12;10;2;4;13;23;4;7;2;5;0;0;2.38;3.1;3.25;2.4;3.06;3.2;2.67;1.46;1.65;2.27
SP1;23/09/15;Malaga;Villarreal;0;1;A;0;0;D;15;9;4;3;18;14;8;5;2;3;0;0;2.63;3.3;2.75;2.73;3.17;2.66;2.27;1.62;1.94;1.89
SP1;23/09/15;Vallecano;Sp Gijon;2;1;H;1;0;H;18;5;6;2;14;17;4;4;2;1;0;1;2.25;3.4;3.2;2.19;3.38;3.28;1.92;1.88;1.59;2.39
SP1;24/09/15;Betis;La Coruna;1;2;A;0;0;D;9;8;2;3;11;22;3;4;3;5;0;0;2.25;3.3;3.3;2.19;3.27;3.41;2.16;1.68;2.18;1.71
SP1;25/09/15;Valencia;Granada;1;0;H;1;0;H;12;18;5;3;19;20;11;3;3;3;0;0;1.45;4.5;7.5;1.45;4.36;7.64;1.84;1.96;1.73;2.14
SP1;26/09/15;Barcelona;Las Palmas;2;1;H;1;0;H;18;10;6;6;12;23;3;4;2;4;0;0;1.08;11.0;26.0;1.09;10.79;24.93;1.25;3.81;1.93;1.93
SP1;26/09/15;Eibar;Celta;1;1;D;1;0;H;10;9;3;2;25;16;4;4;5;4;0;0;3.75;3.4;2.05;3.76;3.34;2.05;2.18;1.67;1.84;2.02
SP1;26/09/15;Real Madrid;Malaga;0;0;D;0;0;D;31;12;9;3;11;10;12;6;4;4;0;1;1.11;10.0;21.0;1.13;8.59;19.64;1.35;3.16;1.92;1.94
SP1;26/09/15;Sevilla;Vallecano;3;2;H;2;0;H;17;18;8;5;9;18;6;5;1;2;0;1;1.44;4.75;7.0;1.48;4.44;6.58;1.53;2.46;1.78;2.1
SP1;26/09/15;Villarreal;Ath Madrid;1;0;H;1;0;H;5;9;2;4;11;15;1;5;2;2;0;0;2.9;3.1;2.6;2.86;3.08;2.62;2.44;1.54;1.99;1.86
SP1;27/09/15;Getafe;Levante;3;0;H;0;0;D;15;10;8;3;11;10;4;4;2;3;0;0;1.95;3.3;4.2;1.94;3.27;4.25;2.46;1.53;1.92;1.93
SP1;27/09/15;La Coruna;Espanol;3;0;H;2;0;H;14;7;5;3;11;11;7;5;4;3;0;1;2.1;3.3;3.75;2.08;3.31;3.71;2.22;1.65;2.06;1.8
SP1;27/09/15;Sociedad;Ath Bilbao;0;0;D;0;0;D;14;9;4;2;15;19;4;2;3;4;0;0;2.4;3.2;3.0;2.48;3.18;2.95;2.25;1.63;1.76;2.11
SP1;27/09/15;Sp Gijon;Betis;1;2;A;1;0;H;19;13;10;5;11;9;10;4;1;1;0;0;2.3;3.2;3.3;2.28;3.22;3.25;2.24;1.64;1.95;1.91
SP1;02/10/15;Celta;Getafe;0;0;D;0;0;D;18;8;7;2;11;18;9;1;1;5;0;0;1.44;4.5;7.5;1.48;4.32;6.84;1.78;2.02;1.8;2.07
SP1;03/10/15;Espanol;Sp Gijon;1;2;A;0;1;A;13;12;9;2;17;16;9;1;3;3;0;0;2.0;3.3;4.0;1.98;3.33;3.98;2.25;1.62;1.97;1.89
SP1;03/10/15;Granada;La Coruna;1;1;D;0;1;A;10;14;3;3;13;21;2;5;1;3;0;0;2.6;3.2;2.8;2.6;3.13;2.85;2.38;1.57;1.84;2.01
SP1;03/10/15;Las Palmas;Eibar;0;2;A;0;1;A;18;9;4;4;5;16;3;2;2;2;0;0;2.1;3.3;3.75;2.08;3.23;3.79;2.34;1.58;1.78;2.1
SP1;03/10/15;Malaga;Sociedad;3;1;H;2;1;H;11;13;7;5;15;16;2;4;3;2;1;0;2.38;3.1;3.3;2.37;3.12;3.2;2.41;1.54;2.01;1.85
SP1;03/10/15;Sevilla;Barcelona;2;1;H;0;0;D;12;28;5;9;16;16;7;9;5;3;0;0;4.0;3.6;1.91;3.96;3.68;1.88;1.63;2.25;2.0;1.86
SP1;04/10/15;Ath Bilbao;Valencia;3;1;H;1;1;D;16;9;7;4;12;9;11;4;0;4;0;0;2.3;3.3;3.2;2.35;3.23;3.11;2.22;1.65;1.67;2.24
SP1;04/10/15;Ath Madrid;Real Madrid;1;1;D;0;1;A;18;9;4;2;19;12;5;1;6;4;0;0;3.2;3.3;2.3;3.06;3.25;2.38;2.04;1.76;1.84;2.02
SP1;04/10/15;Levante;Villarreal;1;0;H;0;0;D;15;3;5;2;15;17;8;2;4;3;0;1;4.33;3.4;1.91;4.24;3.38;1.91;2.22;1.64;1.95;1.91
SP1;04/10/15;Vallecano;Betis;0;2;A;0;1;A;23;9;9;6;13;14;8;3;4;2;0;0;2.2;3.5;3.2;2.14;3.55;3.26;1.66;2.19;1.86;2.0
SP1;17/10/15;Barcelona;Vallecano;5;2;H;2;1;H;14;22;9;8;8;15;7;10;1;2;0;0;1.14;9.0;15.0;1.15;8.42;16.07;1.25;3.83;2.02;1.84
SP1;17/10/15;Betis;Espanol;1;3;A;0;1;A;21;13;6;4;18;21;4;3;2;4;0;0;2.0;3.3;4.0;2.03;3.33;3.82;2.11;1.71;2.01;1.85
SP1;17/10/15;Eibar;Sevilla;1;1;D;1;0;H;14;15;4;5;16;9;2;5;3;3;0;0;3.6;3.4;2.1;3.46;3.36;2.14;2.03;1.78;1.75;2.13
SP1;17/10/15;Real Madrid;Levante;3;0;H;2;0;H;20;15;6;5;8;10;4;4;1;4;0;0;1.08;12.0;23.0;1.09;10.88;25.79;1.28;3.6;1.79;2.07
SP1;17/10/15;Valencia;Malaga;3;0;H;2;0;H;6;10;3;3;18;21;6;8;3;3;0;0;1.62;3.75;6.0;1.62;3.84;5.73;1.98;1.82;2.09;1.78
SP1;18/10/15;Getafe;Las Palmas;4;0;H;2;0;H;14;16;7;3;18;15;5;1;2;1;0;1;2.15;3.2;3.6;2.14;3.18;3.65;2.37;1.57;1.84;2.02
SP1;18/10/15;La Coruna;Ath Bilbao;2;2;D;0;1;A;16;7;3;2;8;18;4;6;2;2;0;0;2.7;3.1;2.8;2.67;3.09;2.8;2.35;1.57;1.88;1.96
SP1;18/10/15;Sociedad;Ath Madrid;0;2;A;0;1;A;11;7;1;3;14;11;5;2;4;5;2;0;4.0;3.2;2.05;4.03;3.18;2.04;2.59;1.48;1.84;2.03
SP1;18/10/15;Villarreal;Celta;1;2;A;0;1;A;12;13;3;2;10;12;7;4;1;3;1;0;2.0;3.5;3.75;2.01;3.48;3.7;1.78;2.01;2.0;1.86
SP1;19/10/15;Sp Gijon;Granada;3;3;D;1;2;A;16;14;6;7;10;13;6;1;3;4;0;2;2.0;3.2;4.2;2.02;3.26;3.98;2.37;1.57;2.0;1.86
SP1;23/10/15;Vallecano;Espanol;3;0;H;1;0;H;13;9;7;3;15;11;6;5;2;1;1;1;2.2;3.4;3.2;2.19;3.45;3.28;1.92;1.89;2.16;1.74
SP1;24/10/15;Celta;Real Madrid;1;3;A;0;2;A;17;14;7;8;17;16;5;7;4;1;1;0;3.8;3.8;1.91;3.82;3.79;1.89;1.53;2.46;1.97;1.89
SP1;24/10/15;Granada;Betis;1;1;D;1;1;D;17;7;7;2;8;11;3;3;3;3;0;0;2.3;3.25;3.25;2.32;3.26;3.16;2.14;1.69;1.66;2.27
SP1;24/10/15;Malaga;La Coruna;2;0;H;0;0;D;9;10;4;1;11;10;3;5;0;1;0;0;2.25;3.25;3.4;2.29;3.24;3.24;2.22;1.64;1.95;1.9
SP1;24/10/15;Sevilla;Getafe;5;0;H;2;0;H;22;6;13;0;18;15;7;3;1;1;0;1;1.44;4.33;8.0;1.47;4.31;7.14;1.72;2.11;1.77;2.1
SP1;25/10/15;Ath Madrid;Valencia;2;1;H;2;0;H;16;6;8;1;26;10;9;2;4;4;0;0;1.57;3.8;6.5;1.57;3.81;6.5;2.2;1.66;2.04;1.82
SP1;25/10/15;Barcelona;Eibar;3;1;H;1;1;D;14;7;5;5;14;18;6;2;3;5;1;0;1.11;10.0;19.0;1.11;9.33;21.88;1.3;3.48;1.86;2.0
SP1;25/10/15;Las Palmas;Villarreal;0;0;D;0;0;D;6;5;2;0;12;14;6;6;1;2;0;0;3.5;3.25;2.2;3.51;3.27;2.15;2.18;1.67;1.75;2.14
SP1;25/10/15;Levante;Sociedad;0;4;A;0;2;A;13;13;3;6;24;15;10;3;4;3;1;0;2.63;3.2;2.8;2.68;3.04;2.83;2.55;1.49;1.87;1.99
SP1;26/10/15;Ath Bilbao;Sp Gijon;3;0;H;2;0;H;20;6;6;0;8;15;9;3;1;3;0;0;1.53;4.0;7.0;1.53;3.97;6.58;1.99;1.8;1.94;1.91
SP1;30/10/15;La Coruna;Ath Madrid;1;1;D;0;1;A;7;12;3;3;4;9;1;5;2;0;0;0;5.5;3.4;1.7;5.23;3.46;1.75;2.36;1.58;2.13;1.75
SP1;31/10/15;Getafe;Barcelona;0;2;A;0;1;A;6;14;0;6;10;3;3;5;3;0;0;0;10.0;5.75;1.29;9.9;5.52;1.3;1.5;2.54;2.0;1.86
SP1;31/10/15;Real Madrid;Las Palmas;3;1;H;3;1;H;17;8;11;5;12;9;6;3;0;3;0;0;1.09;11.0;23.0;1.1;10.21;24.33;1.25;3.84;1.8;2.06
SP1;31/10/15;Sociedad;Celta;2;3;A;2;1;H;20;16;5;8;9;12;8;7;2;5;0;0;2.7;3.2;2.75;2.68;3.21;2.7;1.98;1.82;1.91;1.93
SP1;31/10/15;Valencia;Levante;3;0;H;0;0;D;13;10;6;5;19;21;5;5;2;3;0;0;1.44;4.5;7.5;1.44;4.35;7.67;1.94;1.85;2.31;1.64
SP1;31/10/15;Villarreal;Sevilla;2;1;H;1;0;H;11;6;5;3;17;14;7;5;5;3;0;0;2.25;3.4;3.25;2.21;3.35;3.28;1.87;1.92;2.19;1.71
SP1;01/11/15;Betis;Ath Bilbao;1;3;A;0;2;A;11;23;3;9;9;13;7;9;2;4;0;0;3.25;3.25;2.3;3.15;3.29;2.3;2.09;1.72;2.28;1.65
SP1;01/11/15;Eibar;Vallecano;1;0;H;1;0;H;12;6;1;2;17;11;2;6;2;3;0;0;2.2;3.4;3.3;2.15;3.36;3.43;1.98;1.82;2.11;1.76
SP1;01/11/15;Espanol;Granada;1;1;D;0;0;D;10;9;4;5;16;19;5;6;1;6;1;0;2.0;3.3;4.0;1.99;3.34;3.93;2.18;1.67;1.98;1.87
SP1;01/11/15;Sp Gijon;Malaga;1;0;H;1;0;H;8;13;6;5;11;8;7;5;1;3;0;0;2.38;3.2;3.2;2.37;3.22;3.1;2.18;1.66;1.67;2.24
SP1;06/11/15;Las Palmas;Sociedad;2;0;H;1;0;H;8;11;4;6;17;14;0;8;1;4;0;0;2.75;3.1;2.75;2.72;3.14;2.76;2.32;1.6;1.9;1.94
SP1;07/11/15;Celta;Valencia;1;5;A;1;2;A;17;9;3;5;16;27;15;5;1;3;0;0;1.85;3.75;4.2;1.86;3.66;4.14;1.74;2.08;1.85;2.01
SP1;07/11/15;Eibar;Getafe;3;1;H;2;1;H;16;10;7;4;13;9;5;7;3;1;0;1;2.1;3.25;3.75;2.1;3.15;3.82;2.54;1.5;1.8;2.07
SP1;07/11/15;Levante;La Coruna;1;1;D;0;1;A;15;9;5;5;13;10;9;5;4;2;0;0;2.6;3.1;2.9;2.6;3.12;2.86;2.41;1.55;1.83;2.02
SP1;07/11/15;Malaga;Betis;0;1;A;0;0;D;12;7;5;2;16;12;6;3;2;5;0;0;1.95;3.5;4.0;1.93;3.46;4.05;2.08;1.74;1.91;1.95
SP1;07/11/15;Vallecano;Granada;2;1;H;2;0;H;7;8;2;2;15;14;4;1;2;3;1;0;1.95;3.5;4.0;1.91;3.54;4.05;1.9;1.89;1.9;1.96
SP1;08/11/15;Ath Bilbao;Espanol;2;1;H;1;0;H;8;5;2;1;17;25;4;5;2;6;0;0;1.44;4.5;7.5;1.45;4.4;7.3;1.81;1.99;1.74;2.14
SP1;08/11/15;Ath Madrid;Sp Gijon;1;0;H;0;0;D;15;9;3;2;14;15;5;1;4;3;0;0;1.2;6.5;17.0;1.22;5.96;15.26;1.8;1.99;1.69;2.22
SP1;08/11/15;Barcelona;Villarreal;3;0;H;0;0;D;20;5;9;2;12;19;7;2;5;3;0;0;1.3;5.5;10.0;1.32;5.3;9.36;1.53;2.46;1.93;1.92
SP1;08/11/15;Sevilla;Real Madrid;3;2;H;1;1;D;14;28;5;10;13;11;4;6;1;1;0;0;3.6;4.0;1.91;3.8;3.8;1.89;1.46;2.66;1.97;1.89
SP1;21/11/15;Espanol;Malaga;2;0;H;2;0;H;7;14;3;5;20;16;3;8;3;2;0;0;2.4;3.2;3.1;2.37;3.13;3.18;2.31;1.6;1.67;2.26
SP1;21/11/15;La Coruna;Celta;2;0;H;1;0;H;5;6;2;4;16;13;2;10;6;3;0;0;3.3;3.4;2.2;3.23;3.44;2.2;1.83;1.96;2.35;1.62
SP1;21/11/15;Real Madrid;Barcelona;0;4;A;0;2;A;13;18;7;7;13;10;10;4;3;2;1;0;2.5;3.75;2.8;2.44;3.59;2.79;1.49;2.58;1.8;2.06
SP1;21/11/15;Sociedad;Sevilla;2;0;H;0;0;D;14;12;7;5;6;14;7;5;2;1;0;0;2.63;3.3;2.7;2.61;3.38;2.67;1.78;2.02;1.92;1.93
SP1;21/11/15;Valencia;Las Palmas;1;1;D;1;0;H;9;18;3;7;22;12;1;8;3;3;0;0;1.44;4.2;7.5;1.5;4.16;6.76;1.85;1.95;1.88;1.98
SP1;22/11/15;Betis;Ath Madrid;0;1;A;0;1;A;6;11;3;4;12;8;2;6;1;4;0;0;5.5;3.8;1.67;5.72;3.76;1.63;2.11;1.71;2.06;1.82
SP1;22/11/15;Granada;Ath Bilbao;2;0;H;1;0;H;8;11;1;6;21;15;2;7;6;3;0;0;3.75;3.3;2.1;3.69;3.31;2.07;2.16;1.69;1.8;2.07
SP1;22/11/15;Sp Gijon;Levante;0;3;A;0;3;A;13;13;2;6;15;15;5;3;4;5;0;0;2.2;3.2;3.5;2.16;3.23;3.54;2.31;1.61;1.86;2.01
SP1;22/11/15;Villarreal;Eibar;1;1;D;0;1;A;12;17;5;7;8;13;12;6;3;2;0;1;1.53;4.0;7.0;1.52;4.01;6.78;2.1;1.72;1.91;1.95
SP1;23/11/15;Getafe;Vallecano;1;1;D;0;0;D;15;8;8;4;20;15;5;7;5;4;0;0;2.4;3.3;3.0;2.43;3.29;2.93;1.97;1.82;1.77;2.1
SP1;27/11/15;Levante;Betis;0;1;A;0;1;A;14;11;1;5;12;15;7;4;6;4;1;1;2.05;3.4;3.75;2.08;3.32;3.7;2.16;1.69;2.05;1.83
SP1;28/11/15;Ath Madrid;Espanol;1;0;H;1;0;H;21;5;6;0;16;26;6;2;0;4;0;0;1.22;6.0;15.0;1.25;5.53;13.67;1.84;1.96;1.82;2.04
SP1;28/11/15;Barcelona;Sociedad;4;0;H;2;0;H;11;10;6;2;11;14;6;4;0;5;0;0;1.07;13.0;23.0;1.07;12.0;27.81;1.23;4.01;1.84;2.02
SP1;28/11/15;Celta;Sp Gijon;2;1;H;1;0;H;6;9;4;2;14;9;3;5;3;0;0;0;1.4;5.0;7.5;1.4;4.82;7.66;1.55;2.41;2.08;1.79
SP1;28/11/15;Las Palmas;La Coruna;0;2;A;0;1;A;8;10;5;5;14;13;6;4;4;3;0;0;2.3;3.3;3.2;2.34;3.2;3.18;2.26;1.63;2.0;1.86
SP1;28/11/15;Malaga;Granada;2;2;D;1;0;H;12;11;7;4;15;20;7;4;2;6;1;0;1.83;3.4;4.75;1.81;3.43;4.79;2.29;1.61;2.06;1.81
SP1;29/11/15;Eibar;Real Madrid;0;2;A;0;1;A;8;17;3;6;20;7;6;5;3;4;0;0;7.5;5.0;1.4;7.01;4.72;1.43;1.49;2.57;1.72;2.18
SP1;29/11/15;Getafe;Villarreal;2;0;H;1;0;H;11;7;5;0;11;15;6;6;4;2;0;0;3.0;3.3;2.4;3.11;3.19;2.37;2.3;1.6;1.83;2.03
SP1;29/11/15;Sevilla;Valencia;1;0;H;0;0;D;15;0;5;0;26;20;17;0;3;2;0;2;1.75;4.0;4.33;1.77;3.86;4.34;1.61;2.29;1.98;1.88
SP1;29/11/15;Vallecano;Ath Bilbao;0;3;A;0;2;A;15;10;3;4;16;14;6;2;4;0;0;1;3.1;3.4;2.3;3.07;3.39;2.3;1.84;1.95;1.89;1.97
SP1;05/12/15;Betis;Celta;1;1;D;0;1;A;27;5;6;1;9;16;8;0;5;5;0;1;3.3;3.5;2.15;3.33;3.5;2.14;1.71;2.12;2.0;1.86
SP1;05/12/15;Granada;Ath Madrid;0;2;A;0;1;A;18;11;3;4;7;8;6;8;2;1;0;0;7.0;3.75;1.57;6.96;3.68;1.57;2.42;1.54;1.82;2.04
SP1;05/12/15;La Coruna;Sevilla;1;1;D;1;0;H;8;8;4;2;10;9;6;2;2;3;0;0;3.0;3.3;2.4;2.94;3.44;2.36;1.76;2.04;1.82;2.03
SP1;05/12/15;Real Madrid;Getafe;4;1;H;4;0;H;16;7;8;3;9;12;3;4;1;0;0;0;1.1;11.0;21.0;1.11;9.63;21.79;1.26;3.69;1.95;1.9
SP1;05/12/15;Valencia;Barcelona;1;1;D;0;0;D;10;16;3;5;13;15;0;6;3;1;0;0;9.0;6.0;1.3;9.26;5.57;1.31;1.4;2.88;2.03;1.83
SP1;06/12/15;Ath Bilbao;Malaga;0;0;D;0;0;D;11;7;2;2;7;21;6;1;2;3;1;0;1.45;4.33;7.5;1.48;4.23;7.04;1.84;1.93;1.83;2.03
SP1;06/12/15;Sociedad;Eibar;2;1;H;1;1;D;10;5;7;1;12;16;4;3;3;3;0;0;1.85;3.5;4.5;1.86;3.47;4.39;2.18;1.66;1.84;2.01
SP1;06/12/15;Sp Gijon;Las Palmas;3;1;H;1;1;D;21;12;9;7;9;10;8;4;2;1;0;1;2.3;3.3;3.25;2.28;3.26;3.22;2.16;1.68;1.96;1.89
SP1;06/12/15;Villarreal;Vallecano;2;1;H;0;1;A;14;8;5;4;16;14;5;4;1;4;0;0;1.57;3.8;6.5;1.57;3.99;6.04;1.77;2.03;1.97;1.89
SP1;07/12/15;Espanol;Levante;1;1;D;0;1;A;9;12;1;5;13;14;2;6;4;5;0;0;2.0;3.5;3.8;2.0;3.29;3.95;2.31;1.6;2.31;1.64
SP1;11/12/15;Getafe;Sociedad;1;1;D;0;0;D;9;10;5;6;15;12;5;5;3;3;0;0;2.88;3.2;2.6;2.73;3.15;2.72;2.28;1.62;2.32;1.64
SP1;12/12/15;Barcelona;La Coruna;2;2;D;1;0;H;17;13;7;4;4;11;6;2;0;2;0;0;1.07;13.0;26.0;1.07;12.18;26.87;1.24;3.93;2.05;1.82
SP1;12/12/15;Celta;Espanol;1;0;H;1;0;H;16;6;3;2;13;23;4;9;3;2;1;0;1.53;4.33;6.0;1.52;4.29;6.13;1.71;2.12;1.88;1.98
SP1;12/12/15;Las Palmas;Betis;1;0;H;0;0;D;16;8;4;2;10;9;2;2;3;0;0;0;2.15;3.3;3.5;2.1;3.37;3.55;2.05;1.75;2.09;1.79
SP1;12/12/15;Levante;Granada;1;2;A;0;0;D;7;8;5;3;25;27;2;1;2;2;0;0;2.1;3.1;4.0;2.07;3.17;3.89;2.42;1.53;2.07;1.81
SP1;12/12/15;Sevilla;Sp Gijon;2;0;H;0;0;D;18;4;7;1;13;10;3;1;3;2;0;1;1.36;5.0;8.5;1.34;5.16;8.87;1.5;2.54;1.96;1.9
SP1;13/12/15;Ath Madrid;Ath Bilbao;2;1;H;1;1;D;8;10;4;5;13;10;3;6;1;1;0;0;1.57;3.75;7.0;1.58;3.76;6.39;2.22;1.64;2.05;1.82
SP1;13/12/15;Eibar;Valencia;1;1;D;1;0;H;14;6;5;1;20;14;9;2;4;4;1;1;2.45;3.2;3.0;2.52;3.21;2.88;2.17;1.67;1.59;2.42
SP1;13/12/15;Vallecano;Malaga;1;2;A;1;0;H;13;15;3;5;13;17;6;7;1;2;0;0;2.3;3.25;3.25;2.29;3.3;3.16;2.07;1.73;1.97;1.89
SP1;13/12/15;Villarreal;Real Madrid;1;0;H;1;0;H;7;20;3;1;11;9;3;9;2;2;0;0;5.0;4.2;1.65;4.77;4.07;1.67;1.5;2.54;1.75;2.13
SP1;19/12/15;Betis;Sevilla;0;0;D;0;0;D;12;8;0;2;23;19;8;8;7;5;0;0;3.75;3.5;2.0;3.76;3.61;1.95;1.66;2.21;1.91;1.95
SP1;19/12/15;Espanol;Las Palmas;1;0;H;0;0;D;12;9;2;4;29;21;7;5;4;4;0;0;2.05;3.4;3.75;2.04;3.33;3.8;2.19;1.66;2.04;1.83
SP1;19/12/15;La Coruna;Eibar;2;0;H;1;0;H;13;13;3;1;10;11;9;8;0;2;1;0;2.0;3.3;4.0;2.01;3.31;3.93;2.34;1.58;2.01;1.86
SP1;19/12/15;Valencia;Getafe;2;2;D;2;2;D;12;9;7;3;13;20;5;1;2;6;0;0;1.67;3.75;5.5;1.67;3.69;5.49;2.0;1.79;2.23;1.69
SP1;20/12/15;Ath Bilbao;Levante;2;0;H;0;0;D;18;6;7;1;15;17;10;3;0;5;0;0;1.4;4.5;9.0;1.39;4.42;9.13;1.95;1.84;1.63;2.34
SP1;20/12/15;Granada;Celta;0;2;A;0;2;A;11;10;1;4;17;11;9;3;4;2;0;0;3.2;3.3;2.3;3.21;3.29;2.27;2.04;1.76;1.9;1.96
SP1;20/12/15;Malaga;Ath Madrid;1;0;H;0;0;D;17;6;4;3;9;13;4;1;3;4;0;1;5.25;3.5;1.75;5.11;3.4;1.77;2.5;1.51;2.09;1.78
SP1;20/12/15;Real Madrid;Vallecano;10;2;H;4;2;H;30;9;15;4;12;12;10;4;1;2;0;2;1.1;11.0;21.0;1.09;11.37;21.2;1.16;5.07;1.81;2.05
SP1;20/12/15;Sociedad;Villarreal;0;2;A;0;1;A;16;7;2;5;12;21;9;1;2;1;0;0;2.4;3.2;3.1;2.42;3.16;3.07;2.23;1.64;2.05;1.82
SP1;30/12/15;Barcelona;Betis;4;0;H;2;0;H;16;11;7;4;16;20;2;3;1;3;0;0;1.06;13.0;26.0;1.05;14.6;33.42;1.2;4.4;1.98;1.88
SP1;30/12/15;Celta;Ath Bilbao;0;1;A;0;0;D;7;13;3;5;11;11;3;3;3;4;0;0;2.38;3.3;2.9;2.48;3.31;2.85;1.95;1.84;2.14;1.74
SP1;30/12/15;Eibar;Sp Gijon;2;0;H;0;0;D;16;6;5;0;16;17;5;7;3;3;0;0;1.85;3.5;4.2;1.85;3.42;4.45;2.25;1.63;1.85;2.01
SP1;30/12/15;Getafe;La Coruna;0;0;D;0;0;D;15;10;5;3;9;8;9;2;3;1;0;0;2.5;3.2;2.88;2.54;3.13;2.92;2.41;1.55;2.17;1.73
SP1;30/12/15;Las Palmas;Granada;4;1;H;1;0;H;7;11;4;4;5;21;4;4;2;5;0;1;2.0;3.3;3.75;2.06;3.28;3.77;2.32;1.59;2.06;1.81
SP1;30/12/15;Levante;Malaga;0;1;A;0;0;D;7;9;1;5;20;12;6;5;7;5;0;0;2.75;3.0;2.75;2.69;3.07;2.79;2.42;1.54;1.62;2.36
SP1;30/12/15;Real Madrid;Sociedad;3;1;H;1;0;H;23;13;13;2;12;9;13;2;1;4;0;0;1.1;10.0;19.0;1.11;9.67;19.96;1.26;3.75;1.99;1.86
SP1;30/12/15;Sevilla;Espanol;2;0;H;2;0;H;15;12;10;1;15;16;6;6;3;3;0;0;1.4;4.75;7.0;1.41;4.71;7.48;1.58;2.33;2.14;1.75
SP1;30/12/15;Vallecano;Ath Madrid;0;2;A;0;0;D;10;17;3;6;12;15;3;8;3;3;0;0;6.5;3.8;1.53;6.3;3.98;1.55;2.03;1.76;1.89;1.96
SP1;31/12/15;Villarreal;Valencia;1;0;H;0;0;D;9;6;3;2;21;19;3;6;1;3;0;0;1.8;3.5;4.5;1.84;3.47;4.49;2.13;1.7;1.86;2.0
SP1;02/01/16;Ath Madrid;Levante;1;0;H;0;0;D;16;9;2;1;12;14;13;1;0;4;0;0;1.2;6.5;17.0;1.19;6.21;18.61;1.95;1.85;2.16;1.73
SP1;02/01/16;Espanol;Barcelona;0;0;D;0;0;D;4;10;1;2;22;10;6;10;5;3;0;0;14.0;7.0;1.2;14.48;6.81;1.19;1.41;2.81;2.0;1.86
SP1;02/01/16;Malaga;Celta;2;0;H;2;0;H;14;8;4;1;22;11;5;2;4;2;0;1;2.4;3.3;3.0;2.37;3.19;3.13;2.25;1.63;2.01;1.85
SP1;03/01/16;Ath Bilbao;Las Palmas;2;2;D;1;0;H;16;11;5;5;24;13;5;5;3;4;0;0;1.36;5.0;8.5;1.37;4.64;9.37;1.94;1.85;2.14;1.75
SP1;03/01/16;Betis;Eibar;0;4;A;0;2;A;9;6;5;5;16;14;6;2;4;3;0;0;2.4;3.25;3.1;2.43;3.24;2.99;2.24;1.63;2.08;1.8
SP1;03/01/16;Granada;Sevilla;2;1;H;2;1;H;9;14;4;7;17;13;2;9;2;2;0;1;4.33;3.6;1.85;4.34;3.5;1.86;1.97;1.82;2.01;1.86
SP1;03/01/16;La Coruna;Villarreal;1;2;A;0;1;A;11;6;4;4;13;11;9;3;3;3;0;0;2.7;3.2;2.7;2.72;3.15;2.69;2.3;1.61;2.32;1.65
SP1;03/01/16;Valencia;Real Madrid;2;2;D;1;1;D;11;17;4;4;18;17;4;7;1;1;0;1;6.0;4.33;1.53;5.6;4.35;1.55;1.48;2.59;1.95;1.9
SP1;03/01/16;Vallecano;Sociedad;2;2;D;1;1;D;12;15;5;7;15;11;7;7;3;3;0;0;2.63;3.3;2.75;2.57;3.27;2.78;2.01;1.79;2.19;1.72
SP1;04/01/16;Sp Gijon;Getafe;1;2;A;1;0;H;17;11;4;2;13;14;4;2;3;3;0;0;2.25;3.3;3.3;2.23;3.23;3.36;2.32;1.59;1.91;1.95
SP1;09/01/16;Barcelona;Granada;4;0;H;2;0;H;17;8;8;4;14;19;7;0;1;4;0;0;1.05;15.0;34.0;1.04;15.67;36.77;1.16;4.97;2.01;1.84
SP1;09/01/16;Getafe;Betis;1;0;H;0;0;D;8;11;3;2;19;11;8;4;1;3;0;0;1.95;3.5;4.0;1.96;3.39;3.98;2.14;1.69;1.7;2.22
SP1;09/01/16;Levante;Vallecano;2;1;H;0;0;D;10;10;4;4;16;15;5;5;5;1;0;0;2.15;3.4;3.4;2.19;3.31;3.36;2.09;1.72;1.89;1.98
SP1;09/01/16;Real Madrid;La Coruna;5;0;H;2;0;H;23;18;9;4;9;8;5;9;0;3;0;0;1.11;9.0;21.0;1.12;9.05;19.81;1.28;3.58;1.91;1.94
SP1;09/01/16;Sevilla;Ath Bilbao;2;0;H;1;0;H;4;11;4;3;14;13;6;8;2;3;0;0;2.1;3.5;3.5;2.01;3.52;3.65;1.81;1.98;1.74;2.15
SP1;10/01/16;Celta;Ath Madrid;0;2;A;0;0;D;6;10;1;3;14;14;4;4;2;1;0;0;4.5;3.5;1.8;4.45;3.41;1.86;2.38;1.56;2.0;1.86
SP1;10/01/16;Eibar;Espanol;2;1;H;1;1;D;20;7;6;4;13;15;8;2;3;2;0;0;2.0;3.3;4.0;1.99;3.31;3.99;2.38;1.56;1.7;2.21
SP1;10/01/16;Las Palmas;Malaga;1;1;D;0;0;D;5;11;3;3;21;11;2;5;5;4;0;0;2.7;3.1;2.8;2.65;3.08;2.81;2.39;1.56;2.27;1.67
SP1;10/01/16;Sociedad;Valencia;2;0;H;0;0;D;24;10;7;3;16;13;5;6;3;4;0;0;2.25;3.3;3.3;2.22;3.31;3.31;2.11;1.71;1.91;1.95
SP1;10/01/16;Villarreal;Sp Gijon;2;0;H;1;0;H;7;12;4;2;10;12;3;9;4;2;0;0;1.5;4.33;6.5;1.47;4.22;7.19;1.89;1.9;1.81;2.05
SP1;16/01/16;Celta;Levante;4;3;H;2;0;H;14;17;6;7;14;16;6;2;1;4;0;0;1.62;3.8;6.0;1.61;3.82;5.85;2.03;1.77;2.08;1.79
SP1;16/01/16;Sevilla;Malaga;2;1;H;2;0;H;8;14;4;3;21;21;6;4;2;2;1;1;1.67;3.8;5.25;1.66;3.81;5.3;1.89;1.9;2.17;1.72
SP1;16/01/16;Sociedad;La Coruna;1;1;D;0;1;A;16;7;6;4;9;11;9;4;1;3;0;0;1.95;3.3;4.2;1.96;3.35;4.08;2.14;1.69;1.67;2.26
SP1;16/01/16;Villarreal;Betis;0;0;D;0;0;D;9;15;2;2;12;11;7;11;2;1;0;0;1.45;4.33;8.0;1.47;4.21;7.29;1.91;1.88;1.82;2.04
SP1;17/01/16;Barcelona;Ath Bilbao;6;0;H;2;0;H;20;9;8;3;6;7;6;2;2;2;0;1;1.14;8.0;19.0;1.14;8.4;19.69;1.37;3.0;2.08;1.79
SP1;17/01/16;Getafe;Espanol;3;1;H;2;1;H;18;13;4;6;12;13;3;7;2;2;0;0;2.2;3.2;3.5;2.17;3.21;3.55;2.31;1.6;1.85;2.01
SP1;17/01/16;Las Palmas;Ath Madrid;0;3;A;0;1;A;11;11;3;5;7;21;3;4;0;2;0;0;6.5;3.6;1.62;6.45;3.74;1.58;2.31;1.59;1.8;2.07
SP1;17/01/16;Real Madrid;Sp Gijon;5;1;H;5;0;H;17;9;10;2;10;15;4;4;1;1;0;0;1.05;17.0;26.0;1.07;12.81;25.76;1.17;4.75;1.95;1.91
SP1;17/01/16;Valencia;Vallecano;2;2;D;0;1;A;13;18;5;8;17;20;7;9;1;3;0;0;1.62;4.0;5.5;1.6;4.05;5.47;1.67;2.18;2.02;1.84
SP1;18/01/16;Eibar;Granada;5;1;H;2;0;H;12;4;7;1;11;17;3;2;1;4;0;0;1.83;3.5;4.5;1.79;3.46;4.85;2.3;1.61;2.06;1.8
SP1;22/01/16;Sp Gijon;Sociedad;5;1;H;3;1;H;11;9;7;3;13;12;6;2;2;2;0;0;3.1;3.2;2.45;2.94;3.21;2.5;2.16;1.69;1.74;2.15
SP1;23/01/16;Espanol;Villarreal;2;2;D;2;1;H;11;14;5;5;12;15;3;9;3;1;1;0;2.9;3.2;2.55;2.89;3.15;2.55;2.35;1.58;1.71;2.19
SP1;23/01/16;Granada;Getafe;3;2;H;2;0;H;20;9;9;2;12;16;5;3;3;3;0;0;2.63;3.1;2.88;2.56;3.16;2.88;2.32;1.6;2.19;1.72
SP1;23/01/16;Malaga;Barcelona;1;2;A;1;1;D;15;12;9;6;16;9;4;3;3;3;0;0;8.5;5.5;1.33;8.9;5.14;1.34;1.55;2.42;1.85;2.01
SP1;23/01/16;Vallecano;Celta;3;0;H;3;0;H;26;3;10;1;20;13;7;1;3;5;0;0;2.7;3.4;2.63;2.67;3.43;2.58;1.84;1.95;1.69;2.23
SP1;24/01/16;Ath Bilbao;Eibar;5;2;H;3;1;H;10;9;5;2;13;14;7;2;2;2;0;0;1.67;3.75;5.5;1.68;3.67;5.36;2.02;1.78;2.2;1.7
SP1;24/01/16;Ath Madrid;Sevilla;0;0;D;0;0;D;21;7;3;1;13;13;8;5;4;3;0;1;1.67;3.5;6.0;1.63;3.65;5.99;2.27;1.62;1.82;2.04
SP1;24/01/16;Betis;Real Madrid;1;1;D;1;0;H;4;18;2;8;17;13;1;9;3;2;0;0;9.5;5.75;1.3;9.67;5.67;1.29;1.42;2.78;2.02;1.83
SP1;24/01/16;La Coruna;Valencia;1;1;D;1;0;H;10;10;2;3;13;9;8;6;3;3;0;0;2.25;3.3;3.3;2.19;3.28;3.41;2.13;1.7;1.86;2.0
SP1;25/01/16;Levante;Las Palmas;3;2;H;1;0;H;12;13;8;4;22;11;2;4;2;4;1;0;2.38;3.1;3.25;2.34;3.17;3.19;2.35;1.57;1.99;1.87
SP1;30/01/16;Barcelona;Ath Madrid;2;1;H;2;1;H;10;7;4;4;7;18;8;6;0;3;0;2;1.5;4.2;7.0;1.5;4.18;6.85;1.85;1.94;1.83;2.02
SP1;30/01/16;Eibar;Malaga;1;2;A;0;1;A;11;7;3;4;9;15;1;2;1;3;0;0;2.38;3.25;3.0;2.44;3.19;3.03;2.35;1.58;2.07;1.8
SP1;30/01/16;Getafe;Ath Bilbao;0;1;A;0;1;A;11;13;3;3;13;18;7;5;2;5;1;0;3.4;3.3;2.2;3.35;3.27;2.23;2.17;1.67;1.94;1.91
SP1;30/01/16;Sociedad;Betis;2;1;H;2;0;H;11;8;4;1;13;9;3;4;1;4;0;0;1.67;3.75;5.5;1.7;3.71;5.14;1.93;1.86;2.25;1.66
SP1;30/01/16;Villarreal;Granada;1;0;H;0;0;D;12;7;6;2;10;11;8;0;4;3;0;0;1.44;4.5;7.5;1.48;4.19;7.26;2.02;1.78;1.83;2.03
SP1;31/01/16;Las Palmas;Celta;2;1;H;1;1;D;13;5;5;2;13;18;7;3;6;2;0;1;2.38;3.3;3.1;2.43;3.25;2.97;2.14;1.69;1.75;2.14
SP1;31/01/16;Real Madrid;Espanol;6;0;H;4;0;H;18;15;7;5;20;20;3;1;1;5;0;0;1.1;11.0;21.0;1.09;10.5;23.25;1.24;3.94;1.81;2.04
SP1;31/01/16;Sevilla;Levante;3;1;H;1;0;H;14;22;8;4;8;8;5;9;1;1;0;0;1.33;5.0;10.0;1.35;4.88;9.53;1.75;2.06;2.0;1.85
SP1;31/01/16;Valencia;Sp Gijon;0;1;A;0;0;D;16;7;3;3;15;21;6;3;0;2;0;0;1.75;3.75;4.75;1.73;3.76;4.77;1.85;1.94;2.3;1.64
SP1;01/02/16;La Coruna;Vallecano;2;2;D;1;2;A;17;7;5;3;6;15;5;4;0;0;0;0;1.91;3.6;4.0;1.88;3.55;4.2;1.91;1.88;1.64;2.32
SP1;05/02/16;Malaga;Getafe;3;0;H;3;0;H;8;6;4;2;10;10;4;6;3;3;0;0;1.57;3.75;6.5;1.64;3.66;5.98;2.21;1.65;2.16;1.72
SP1;06/02/16;Ath Bilbao;Villarreal;0;0;D;0;0;D;10;2;1;2;19;20;5;3;4;4;1;1;1.83;3.6;4.5;1.82;3.52;4.54;2.12;1.7;2.08;1.79
SP1;06/02/16;Ath Madrid;Eibar;3;1;H;0;0;D;13;6;4;2;15;18;5;2;2;3;0;0;1.36;4.5;9.5;1.4;4.43;8.81;1.96;1.82;1.65;2.29
SP1;06/02/16;Sp Gijon;La Coruna;1;1;D;1;1;D;11;5;2;4;10;13;4;3;2;2;0;0;2.5;3.25;2.9;2.53;3.19;2.89;2.18;1.66;1.82;2.04
SP1;06/02/16;Vallecano;Las Palmas;2;0;H;1;0;H;18;9;8;4;16;15;5;5;3;1;0;0;1.91;3.6;4.0;1.89;3.63;3.99;1.74;2.07;2.13;1.75
SP1;07/02/16;Betis;Valencia;1;0;H;0;0;D;6;7;2;2;17;19;4;5;4;5;0;1;2.63;3.1;2.88;2.59;3.19;2.81;2.18;1.67;1.86;1.99
SP1;07/02/16;Celta;Sevilla;1;1;D;0;1;A;25;9;5;2;15;16;10;5;3;3;0;1;3.2;3.3;2.3;3.06;3.32;2.35;1.94;1.84;2.21;1.69
SP1;07/02/16;Granada;Real Madrid;1;2;A;0;1;A;14;14;2;4;20;8;3;6;3;2;0;0;12.0;6.0;1.25;10.87;5.97;1.26;1.38;2.93;2.18;1.71
SP1;07/02/16;Levante;Barcelona;0;2;A;0;1;A;11;11;3;4;15;10;2;5;4;3;0;0;15.0;7.5;1.18;15.76;7.11;1.18;1.41;2.79;2.01;1.85
SP1;08/02/16;Espanol;Sociedad;0;5;A;0;2;A;5;12;1;6;13;11;4;5;1;2;0;0;2.7;3.1;2.8;2.65;3.16;2.77;2.17;1.67;1.88;1.97
SP1;12/02/16;Sp Gijon;Vallecano;2;2;D;2;1;H;11;15;5;4;14;12;3;7;3;4;0;0;2.38;3.4;3.0;2.45;3.36;2.9;1.81;1.98;2.11;1.77
SP1;13/02/16;La Coruna;Betis;2;2;D;1;2;A;25;4;11;2;14;13;11;0;1;0;0;0;1.8;3.5;4.75;1.81;3.49;4.66;2.17;1.67;2.05;1.82
SP1;13/02/16;Real Madrid;Ath Bilbao;4;2;H;3;1;H;19;10;9;3;6;8;5;2;1;2;1;0;1.29;6.0;9.5;1.29;5.74;9.58;1.32;3.31;1.83;2.02
SP1;13/02/16;Valencia;Espanol;2;1;H;0;0;D;17;19;4;6;8;19;9;9;1;3;0;0;1.75;3.6;5.0;1.74;3.65;4.89;1.91;1.88;2.37;1.61
SP1;13/02/16;Villarreal;Malaga;1;0;H;1;0;H;12;7;5;2;13;15;5;1;2;1;0;0;2.05;3.3;3.8;2.08;3.21;3.83;2.4;1.55;1.78;2.1
SP1;14/02/16;Barcelona;Celta;6;1;H;1;1;D;19;10;11;4;10;16;1;1;0;4;0;0;1.08;11.0;26.0;1.08;11.62;27.82;1.22;4.11;1.94;1.92
SP1;14/02/16;Eibar;Levante;2;0;H;1;0;H;15;8;6;3;15;12;8;2;3;2;0;0;1.8;3.5;4.75;1.81;3.5;4.62;2.13;1.7;2.08;1.79
SP1;14/02/16;Getafe;Ath Madrid;0;1;A;0;1;A;11;6;0;3;9;9;5;4;2;3;0;0;6.5;3.8;1.57;6.95;3.75;1.56;2.35;1.57;1.83;2.03
SP1;14/02/16;Sevilla;Las Palmas;2;0;H;0;0;D;9;11;5;3;15;11;8;3;1;3;0;0;1.33;5.0;10.0;1.32;5.2;9.88;1.63;2.25;1.96;1.9
SP1;14/02/16;Sociedad;Granada;3;0;H;2;0;H;12;15;6;2;9;18;7;13;1;2;0;0;1.53;4.0;6.5;1.58;3.89;6.07;1.96;1.83;2.03;1.83
SP1;17/02/16;Sp Gijon;Barcelona;1;3;A;1;2;A;6;17;2;8;11;7;1;4;2;1;0;0;19.0;8.0;1.14;18.3;8.02;1.14;1.29;3.46;1.76;2.13
SP1;19/02/16;Levante;Getafe;3;0;H;2;0;H;12;14;6;6;12;13;6;8;2;2;0;0;2.2;3.3;3.4;2.17;3.31;3.47;2.15;1.68;1.85;2.01
SP1;20/02/16;Betis;Sp Gijon;1;1;D;0;0;D;17;4;6;3;15;25;10;4;2;3;0;0;2.05;3.3;3.8;2.01;3.31;3.93;2.16;1.68;1.74;2.17
SP1;20/02/16;Celta;Eibar;3;2;H;2;0;H;14;7;9;3;6;25;6;1;3;2;0;0;2.0;3.5;3.8;1.98;3.47;3.86;1.98;1.81;1.7;2.21
SP1;20/02/16;Espanol;La Coruna;1;0;H;0;0;D;16;17;9;3;19;4;7;4;3;1;0;0;2.38;3.3;3.0;2.45;3.23;2.98;2.26;1.62;2.07;1.8
SP1;20/02/16;Las Palmas;Barcelona;1;2;A;1;2;A;16;13;3;8;10;13;3;6;1;2;0;0;15.0;7.5;1.18;15.62;6.86;1.19;1.38;2.95;1.89;1.98
SP1;21/02/16;Ath Bilbao;Sociedad;0;1;A;0;1;A;9;9;2;4;21;16;9;3;7;6;0;0;1.8;3.5;4.75;1.8;3.58;4.54;1.94;1.85;2.04;1.83
SP1;21/02/16;Ath Madrid;Villarreal;0;0;D;0;0;D;12;5;3;0;11;13;10;2;2;2;0;0;1.53;3.8;7.5;1.53;3.83;7.23;2.41;1.54;1.96;1.9
SP1;21/02/16;Granada;Valencia;1;2;A;0;0;D;15;10;4;6;18;18;6;3;2;3;0;0;2.88;3.2;2.55;2.78;3.24;2.58;2.15;1.68;1.7;2.22
SP1;21/02/16;Malaga;Real Madrid;1;1;D;0;1;A;11;14;5;7;14;12;6;6;5;2;0;0;4.75;3.8;1.73;4.65;3.91;1.72;1.63;2.24;1.67;2.25
SP1;21/02/16;Vallecano;Sevilla;2;2;D;1;2;A;13;14;4;7;14;23;3;17;6;2;0;0;3.1;3.6;2.2;3.08;3.57;2.22;1.63;2.23;1.91;1.96
SP1;26/02/16;Eibar;Las Palmas;0;1;A;0;1;A;10;12;4;4;16;9;6;6;4;1;0;0;1.75;3.6;5.0;1.76;3.62;4.84;1.97;1.82;2.4;1.6
SP1;27/02/16;Betis;Vallecano;2;2;D;2;0;H;20;11;4;4;16;15;8;8;2;3;0;0;2.2;3.3;3.4;2.23;3.38;3.22;1.84;1.94;1.92;1.93
SP1;27/02/16;Getafe;Celta;0;1;A;0;0;D;14;9;2;3;11;14;4;5;3;4;0;0;3.2;3.3;2.3;3.07;3.32;2.33;2.01;1.79;1.85;2.0
SP1;27/02/16;Real Madrid;Ath Madrid;0;1;A;0;0;D;15;9;3;5;15;13;2;5;3;4;0;0;1.73;3.6;5.25;1.78;3.6;4.7;1.99;1.8;2.0;1.86
SP1;27/02/16;Sociedad;Malaga;1;1;D;0;0;D;11;8;3;3;17;14;8;3;4;5;0;0;2.2;3.25;3.5;2.23;3.21;3.39;2.28;1.61;1.91;1.94
SP1;27/02/16;Sp Gijon;Espanol;2;4;A;1;1;D;13;12;5;7;14;14;5;2;5;2;1;0;2.3;3.2;3.3;2.29;3.28;3.19;2.1;1.72;1.94;1.91
SP1;28/02/16;Barcelona;Sevilla;2;1;H;1;1;D;17;11;8;4;13;10;6;7;3;2;0;0;1.14;8.0;15.0;1.18;7.53;14.24;1.26;3.75;1.78;2.09
SP1;28/02/16;La Coruna;Granada;0;1;A;0;1;A;13;10;2;3;12;12;6;6;2;3;1;0;1.8;3.5;4.75;1.81;3.49;4.64;2.09;1.72;2.05;1.82
SP1;28/02/16;Valencia;Ath Bilbao;0;3;A;0;0;D;9;13;3;4;9;13;7;7;2;0;0;0;2.3;3.2;3.3;2.28;3.28;3.21;2.11;1.71;2.27;1.66
SP1;28/02/16;Villarreal;Levante;3;0;H;2;0;H;9;7;3;1;15;12;3;4;0;2;0;1;1.67;3.6;5.75;1.66;3.64;5.61;2.08;1.72;2.21;1.69
SP1;01/03/16;Ath Madrid;Sociedad;3;0;H;1;0;H;12;7;5;1;19;10;8;1;1;2;0;0;1.4;4.33;9.0;1.45;4.12;8.4;2.22;1.65;1.78;2.09
SP1;01/03/16;Las Palmas;Getafe;4;0;H;2;0;H;11;10;5;2;20;12;2;6;5;2;0;1;2.05;3.4;3.75;2.02;3.39;3.81;2.09;1.73;2.02;1.85
SP1;02/03/16;Ath Bilbao;La Coruna;4;1;H;2;0;H;12;7;6;4;5;14;1;2;1;3;0;0;1.53;4.0;7.0;1.51;4.1;6.69;1.88;1.91;1.88;1.97
SP1;02/03/16;Celta;Villarreal;0;0;D;0;0;D;11;6;4;3;9;2;2;1;2;5;0;0;2.2;3.3;3.4;2.17;3.28;3.44;2.09;1.72;1.88;1.98
SP1;02/03/16;Levante;Real Madrid;1;3;A;1;2;A;11;21;4;8;12;11;3;10;2;1;0;0;7.0;4.75;1.44;6.42;4.56;1.47;1.53;2.42;2.07;1.79
SP1;02/03/16;Malaga;Valencia;1;2;A;1;1;D;10;11;1;2;19;16;4;5;6;5;0;0;2.05;3.3;3.8;2.03;3.3;3.87;2.28;1.61;2.02;1.84
SP1;02/03/16;Sevilla;Eibar;1;0;H;1;0;H;14;11;4;6;12;13;12;6;1;2;0;1;1.4;4.75;8.0;1.42;4.62;7.39;1.59;2.32;1.67;2.24
SP1;03/03/16;Espanol;Betis;0;3;A;0;2;A;16;9;3;6;20;13;5;0;4;2;0;0;1.95;3.5;4.0;2.02;3.37;3.79;2.06;1.75;1.77;2.1
SP1;03/03/16;Granada;Sp Gijon;2;0;H;0;0;D;13;4;8;0;24;13;4;1;7;3;0;1;2.1;3.3;3.75;2.08;3.35;3.64;2.09;1.72;1.79;2.08
SP1;03/03/16;Vallecano;Barcelona;1;5;A;0;2;A;8;20;4;8;17;9;3;5;0;2;2;0;13.0;7.0;1.2;13.29;7.28;1.19;1.22;4.12;2.06;1.81
SP1;05/03/16;Getafe;Sevilla;1;1;D;0;0;D;13;7;3;4;12;14;10;9;5;2;0;0;3.8;3.5;2.0;3.71;3.53;2.0;1.81;1.98;1.85;2.01
SP1;05/03/16;La Coruna;Malaga;3;3;D;1;1;D;14;5;7;2;11;13;10;4;4;2;0;1;2.5;3.1;3.0;2.58;3.13;2.87;2.31;1.6;2.2;1.71
SP1;05/03/16;Real Madrid;Celta;7;1;H;1;0;H;20;8;12;3;13;12;10;5;2;3;0;0;1.3;6.0;8.0;1.31;5.78;8.57;1.29;3.51;1.86;2.0
SP1;05/03/16;Villarreal;Las Palmas;0;1;A;0;1;A;13;10;2;3;9;8;6;2;1;2;0;0;1.62;3.75;6.0;1.61;3.79;5.92;2.05;1.76;1.81;2.07
SP1;06/03/16;Betis;Granada;2;0;H;0;0;D;10;10;4;4;9;19;6;4;3;7;1;1;2.1;3.4;3.6;2.08;3.32;3.64;2.1;1.72;2.11;1.77
SP1;06/03/16;Eibar;Barcelona;0;4;A;0;2;A;7;9;0;7;18;10;6;2;3;2;0;0;10.0;6.5;1.25;12.3;6.2;1.23;1.42;2.79;1.95;1.92
SP1;06/03/16;Sociedad;Levante;1;1;D;1;1;D;15;10;3;3;12;16;10;3;3;3;0;0;1.57;3.75;7.0;1.58;3.95;5.87;1.9;1.89;2.04;1.82
SP1;06/03/16;Sp Gijon;Ath Bilbao;0;2;A;0;1;A;5;10;1;6;17;14;3;0;1;1;0;1;4.0;3.3;2.0;3.96;3.37;1.98;2.1;1.72;1.89;1.98
SP1;06/03/16;Valencia;Ath Madrid;1;3;A;1;1;D;10;21;3;5;13;11;6;7;1;1;1;0;4.0;3.3;2.0;4.15;3.23;1.99;2.49;1.51;2.21;1.71
SP1;07/03/16;Espanol;Vallecano;2;1;H;1;0;H;9;7;8;1;16;15;8;3;3;4;1;0;1.95;3.5;4.0;1.99;3.57;3.68;1.76;2.03;1.73;2.17
SP1;11/03/16;Malaga;Sp Gijon;1;0;H;1;0;H;13;9;3;4;8;13;3;4;2;4;0;0;1.62;3.8;6.0;1.61;3.84;5.93;2.06;1.75;2.11;1.77
SP1;12/03/16;Ath Madrid;La Coruna;3;0;H;1;0;H;15;6;7;2;12;8;10;1;1;1;0;0;1.25;5.5;15.0;1.25;5.37;16.11;2.06;1.75;1.85;2.01
SP1;12/03/16;Barcelona;Getafe;6;0;H;4;0;H;16;6;9;1;7;13;5;3;0;3;0;0;1.06;15.0;26.0;1.05;15.21;31.0;1.16;5.06;1.87;2.01
SP1;12/03/16;Celta;Sociedad;1;0;H;1;0;H;7;15;1;6;21;9;5;3;3;2;0;0;2.1;3.4;3.5;2.09;3.44;3.53;1.9;1.89;1.81;2.05
SP1;12/03/16;Vallecano;Eibar;1;1;D;1;1;D;12;7;3;1;17;18;8;0;5;1;0;1;2.2;3.6;3.1;2.17;3.54;3.24;1.76;2.05;1.89;1.97
SP1;13/03/16;Ath Bilbao;Betis;3;1;H;2;0;H;18;3;9;1;12;9;5;6;1;0;0;0;1.44;4.33;8.0;1.46;4.33;7.16;1.82;1.97;2.34;1.62
SP1;13/03/16;Las Palmas;Real Madrid;1;2;A;0;1;A;15;12;6;4;10;13;6;5;4;3;0;1;9.5;5.25;1.33;8.47;5.23;1.34;1.4;2.84;1.9;1.95
SP1;13/03/16;Levante;Valencia;1;0;H;0;0;D;13;6;6;1;16;16;8;0;2;4;0;0;2.63;3.25;2.8;2.6;3.24;2.77;2.06;1.75;1.85;1.98
SP1;13/03/16;Sevilla;Villarreal;4;2;H;1;2;A;14;13;4;6;10;12;5;8;1;1;1;0;1.73;3.75;5.0;1.68;3.72;5.24;2.01;1.79;2.24;1.67
SP1;14/03/16;Granada;Espanol;1;1;D;1;0;H;8;10;1;2;12;20;2;8;5;3;1;0;2.15;3.3;3.5;2.22;3.29;3.34;2.1;1.72;2.2;1.7
SP1;18/03/16;Getafe;Eibar;1;1;D;1;0;H;8;20;4;6;12;12;3;3;1;2;0;0;2.1;3.25;3.75;2.13;3.26;3.68;2.26;1.63;1.82;2.06
SP1;19/03/16;Betis;Malaga;0;1;A;0;0;D;16;13;5;5;15;9;5;7;3;2;0;0;2.6;3.1;2.9;2.61;3.16;2.82;2.24;1.63;1.85;2.01
SP1;19/03/16;Granada;Vallecano;2;2;D;1;1;D;11;22;2;6;8;9;6;12;1;5;1;0;2.15;3.4;3.4;2.14;3.48;3.36;1.79;2.01;1.86;2.0
SP1;19/03/16;La Coruna;Levante;2;1;H;1;0;H;15;7;6;1;8;12;2;1;2;3;0;0;1.91;3.4;4.33;1.89;3.44;4.28;2.07;1.74;1.9;1.98
SP1;19/03/16;Sociedad;Las Palmas;0;1;A;0;1;A;13;12;3;7;16;17;11;5;4;5;0;0;1.67;3.5;6.0;1.67;3.77;5.28;1.84;1.94;1.87;2.0
SP1;19/03/16;Sp Gijon;Ath Madrid;2;1;H;0;1;A;12;4;3;1;14;11;7;2;5;2;0;0;8.5;3.6;1.53;7.55;3.88;1.51;2.28;1.62;1.94;1.92
SP1;20/03/16;Espanol;Ath Bilbao;2;1;H;0;1;A;16;14;7;4;7;13;6;2;3;3;0;0;3.1;3.4;2.3;3.13;3.37;2.28;2.01;1.79;1.87;1.99
SP1;20/03/16;Real Madrid;Sevilla;4;0;H;1;0;H;26;8;12;4;10;9;8;8;2;2;0;0;1.33;5.5;8.5;1.35;5.34;7.78;1.26;3.7;1.93;1.92
SP1;20/03/16;Valencia;Celta;0;2;A;0;0;D;14;13;4;6;14;14;4;5;1;0;0;0;2.3;3.5;3.0;2.29;3.41;3.07;1.86;1.93;1.98;1.88
SP1;20/03/16;Villarreal;Barcelona;2;2;D;0;2;A;15;15;6;6;17;9;4;4;8;4;0;0;8.5;5.25;1.33;9.18;5.08;1.34;1.57;2.35;1.87;1.99
SP1;01/04/16;Vallecano;Getafe;2;0;H;1;0;H;16;14;7;3;10;10;9;6;4;5;1;0;1.91;3.6;4.0;1.9;3.66;4.01;1.79;2.02;1.91;1.96
SP1;02/04/16;Ath Madrid;Betis;5;1;H;2;0;H;19;8;12;5;14;12;5;5;1;3;0;0;1.4;4.33;10.0;1.37;4.58;9.38;1.95;1.84;2.17;1.72
SP1;02/04/16;Barcelona;Real Madrid;1;2;A;0;0;D;14;14;3;6;17;15;4;3;3;2;0;1;1.57;4.5;5.5;1.59;4.44;5.12;1.33;3.26;1.95;1.91
SP1;02/04/16;Celta;La Coruna;1;1;D;1;1;D;9;7;2;3;15;8;11;0;4;2;0;1;1.75;3.8;4.75;1.75;3.75;4.62;1.8;2.0;1.99;1.88
SP1;02/04/16;Las Palmas;Valencia;2;1;H;0;1;A;13;7;6;4;8;17;8;2;2;4;0;0;2.38;3.25;3.1;2.38;3.31;3.01;2.02;1.78;2.05;1.82
SP1;03/04/16;Ath Bilbao;Granada;1;1;D;1;0;H;8;9;1;2;16;14;13;1;2;5;0;0;1.44;4.33;8.0;1.49;4.19;6.99;1.91;1.88;1.84;2.03
SP1;03/04/16;Eibar;Villarreal;1;2;A;1;1;D;10;8;3;4;15;12;4;3;3;3;0;0;3.1;3.0;2.55;2.96;3.11;2.52;2.39;1.56;2.09;1.78
SP1;03/04/16;Malaga;Espanol;1;1;D;1;1;D;11;5;5;1;14;15;5;1;2;4;0;0;1.85;3.4;4.75;1.85;3.49;4.45;2.13;1.7;1.86;2.01
SP1;03/04/16;Sevilla;Sociedad;1;2;A;0;2;A;15;9;6;2;22;12;8;3;4;3;0;1;1.62;4.0;5.5;1.63;3.95;5.4;1.68;2.17;1.78;2.09
SP1;04/04/16;Levante;Sp Gijon;0;0;D;0;0;D;16;11;4;1;17;12;4;6;4;4;1;0;2.1;3.25;3.75;2.09;3.33;3.61;2.12;1.71;2.44;1.58
SP1;08/04/16;Granada;Malaga;0;0;D;0;0;D;9;9;1;2;14;10;5;5;1;3;0;0;2.3;3.2;3.3;2.27;3.25;3.28;2.23;1.64;1.95;1.91
SP1;09/04/16;Betis;Levante;1;0;H;0;0;D;7;12;2;3;13;18;4;3;4;3;0;0;2.05;3.25;3.75;2.05;3.4;3.66;2.06;1.75;2.05;1.81
SP1;09/04/16;Espanol;Ath Madrid;1;3;A;1;1;D;10;14;3;5;13;14;3;5;2;2;0;0;4.0;3.1;2.05;4.1;3.24;2.0;2.43;1.54;1.86;1.99
SP1;09/04/16;Real Madrid;Eibar;4;0;H;4;0;H;13;9;6;2;9;13;6;7;1;3;0;0;1.17;7.5;13.0;1.16;7.73;16.46;1.3;3.39;1.75;2.13
SP1;09/04/16;Sociedad;Barcelona;1;0;H;1;0;H;5;13;1;6;14;13;5;9;1;3;0;0;6.0;4.33;1.5;6.21;4.3;1.51;1.62;2.26;2.01;1.85
SP1;10/04/16;Ath Bilbao;Vallecano;1;0;H;0;0;D;14;12;7;4;8;14;0;5;1;3;0;0;1.53;4.0;6.0;1.58;4.16;5.5;1.62;2.27;1.98;1.88
SP1;10/04/16;Sp Gijon;Celta;0;1;A;0;0;D;9;17;2;5;8;11;7;7;2;5;0;0;3.1;3.25;2.3;2.95;3.36;2.39;1.93;1.87;1.8;2.07
SP1;10/04/16;Valencia;Sevilla;2;1;H;1;0;H;23;7;9;4;15;18;10;3;2;2;0;0;2.2;3.4;3.2;2.31;3.47;2.97;1.72;2.09;2.01;1.85
SP1;10/04/16;Villarreal;Getafe;2;0;H;1;0;H;13;16;3;3;9;12;8;5;2;2;0;0;1.5;3.8;7.5;1.51;4.0;7.01;2.04;1.76;1.91;1.95
SP1;11/04/16;La Coruna;Las Palmas;1;3;A;0;0;D;19;13;5;6;8;9;7;4;1;1;0;0;2.05;3.3;3.6;2.12;3.32;3.53;2.03;1.77;2.12;1.74
SP1;15/04/16;Levante;Espanol;2;1;H;1;1;D;12;10;4;2;10;12;4;6;5;0;0;0;2.45;3.3;3.0;2.43;3.29;3.0;2.08;1.73;2.09;1.79
SP1;16/04/16;Celta;Betis;1;1;D;0;1;A;18;9;5;4;14;18;12;4;4;3;0;0;1.6;4.2;5.5;1.56;4.18;5.81;1.71;2.12;1.96;1.9
SP1;16/04/16;Eibar;Sociedad;2;1;H;1;1;D;9;7;4;4;16;11;2;0;3;3;0;0;2.7;3.25;2.7;2.73;3.21;2.66;2.09;1.72;1.66;2.27
SP1;16/04/16;Getafe;Real Madrid;1;5;A;0;2;A;12;21;5;11;10;10;5;6;4;1;0;0;9.5;6.0;1.29;10.01;5.71;1.29;1.39;2.92;2.04;1.82
SP1;16/04/16;Las Palmas;Sp Gijon;1;1;D;1;0;H;10;12;4;2;11;21;3;10;2;5;0;0;1.95;3.5;4.0;1.91;3.5;4.06;2.05;1.75;1.91;1.94
SP1;17/04/16;Ath Madrid;Granada;3;0;H;1;0;H;8;11;3;0;16;14;4;2;3;5;0;0;1.22;6.0;15.0;1.23;5.75;15.13;1.87;1.92;2.01;1.85
SP1;17/04/16;Barcelona;Valencia;1;2;A;0;2;A;22;7;7;2;12;15;7;2;3;3;0;0;1.14;9.0;17.0;1.15;8.39;15.99;1.24;3.86;1.9;1.96
SP1;17/04/16;Malaga;Ath Bilbao;0;1;A;0;0;D;17;6;7;3;13;14;8;2;3;5;0;0;2.3;3.25;3.25;2.36;3.17;3.18;2.27;1.62;2.01;1.86
SP1;17/04/16;Sevilla;La Coruna;1;1;D;1;0;H;12;5;3;4;15;8;10;0;2;2;0;0;1.53;4.2;6.0;1.52;4.4;5.86;1.53;2.44;1.88;1.98
SP1;17/04/16;Vallecano;Villarreal;2;1;H;1;1;D;14;6;6;2;14;15;4;3;2;3;0;0;2.6;3.3;2.75;2.61;3.32;2.69;1.85;1.94;1.63;2.32
SP1;19/04/16;Betis;Las Palmas;1;0;H;0;0;D;20;3;6;0;14;12;6;3;2;1;0;1;2.1;3.5;3.5;2.14;3.36;3.51;1.99;1.81;1.84;2.02
SP1;19/04/16;Espanol;Celta;1;1;D;1;1;D;8;3;3;1;15;13;2;2;1;1;0;0;2.38;3.3;3.0;2.47;3.32;2.89;1.84;1.95;2.11;1.76
SP1;20/04/16;Ath Bilbao;Ath Madrid;0;1;A;0;1;A;12;8;6;2;9;6;6;4;0;0;0;0;4.0;3.3;2.0;3.99;3.29;2.01;2.33;1.59;1.86;2.0
SP1;20/04/16;La Coruna;Barcelona;0;8;A;0;2;A;16;19;5;10;11;8;6;2;1;0;0;0;13.0;7.0;1.2;12.86;6.96;1.21;1.33;3.22;1.95;1.91
SP1;20/04/16;Malaga;Vallecano;1;1;D;0;0;D;12;11;4;4;19;13;7;7;1;3;0;0;1.85;3.75;4.2;1.92;3.6;3.94;1.75;2.05;1.92;1.93
SP1;20/04/16;Real Madrid;Villarreal;3;0;H;1;0;H;20;5;6;2;9;8;11;1;2;1;0;0;1.22;7.0;11.0;1.21;7.18;11.6;1.22;4.1;1.87;1.98
SP1;20/04/16;Sp Gijon;Sevilla;2;1;H;1;1;D;14;18;2;8;7;15;5;7;2;1;0;0;3.1;3.4;2.3;3.11;3.42;2.28;1.75;2.06;1.87;1.98
SP1;20/04/16;Valencia;Eibar;4;0;H;3;0;H;9;9;6;2;10;6;6;3;1;2;0;0;1.62;4.2;5.25;1.63;4.04;5.25;1.75;2.05;2.1;1.77
SP1;21/04/16;Granada;Levante;5;1;H;3;0;H;13;15;6;5;16;11;3;4;6;5;0;1;1.95;3.5;3.8;1.96;3.4;4.0;2.08;1.73;1.97;1.89
SP1;21/04/16;Sociedad;Getafe;1;2;A;1;1;D;14;7;5;3;10;17;8;2;2;4;0;0;1.53;4.2;6.0;1.54;4.16;6.08;1.78;2.02;1.94;1.92
SP1;22/04/16;Las Palmas;Espanol;4;0;H;1;0;H;14;11;9;5;14;9;5;5;4;4;0;0;2.25;3.3;3.3;2.24;3.25;3.37;2.11;1.71;1.93;1.93
SP1;23/04/16;Ath Madrid;Malaga;1;0;H;0;0;D;14;7;4;4;6;14;10;4;3;3;0;0;1.33;5.0;11.0;1.33;4.77;10.47;2.01;1.78;1.83;2.04
SP1;23/04/16;Barcelona;Sp Gijon;6;0;H;1;0;H;24;5;10;3;11;11;6;1;0;2;0;1;1.04;17.0;34.0;1.04;18.44;33.53;1.13;5.78;1.85;2.01
SP1;23/04/16;Eibar;La Coruna;1;1;D;1;0;H;9;9;2;1;14;8;11;7;0;1;0;0;2.25;3.2;3.4;2.22;3.34;3.27;1.99;1.81;1.91;1.94
SP1;23/04/16;Vallecano;Real Madrid;2;3;A;2;1;H;11;16;6;6;15;9;4;6;6;1;0;0;8.5;5.5;1.33;8.18;5.38;1.34;1.34;3.17;1.9;1.96
SP1;24/04/16;Getafe;Valencia;2;2;D;0;0;D;18;5;11;4;14;12;8;2;4;1;0;0;3.2;3.3;2.3;3.09;3.36;2.3;1.87;1.91;1.86;1.99
SP1;24/04/16;Levante;Ath Bilbao;2;2;D;1;0;H;10;19;5;8;13;8;4;9;2;1;0;0;3.4;3.2;2.25;3.31;3.26;2.24;2.09;1.72;1.92;1.93
SP1;24/04/16;Sevilla;Betis;2;0;H;0;0;D;13;8;3;2;25;13;8;5;5;4;0;0;1.5;4.33;6.5;1.51;4.35;6.08;1.52;2.44;1.86;1.99
SP1;24/04/16;Villarreal;Sociedad;0;0;D;0;0;D;8;7;3;2;17;12;3;5;4;1;0;0;1.73;3.75;5.0;1.79;3.59;4.59;1.93;1.86;1.79;2.07
SP1;25/04/16;Celta;Granada;2;1;H;1;0;H;15;11;4;3;13;15;4;4;2;2;0;0;1.53;4.33;6.0;1.55;4.13;5.9;1.71;2.1;1.94;1.91
SP1;29/04/16;Sp Gijon;Eibar;2;0;H;1;0;H;3;12;3;6;16;17;1;5;2;2;0;0;1.6;3.8;5.75;1.63;3.87;5.65;1.87;1.92;2.1;1.78
SP1;30/04/16;Ath Madrid;Vallecano;1;0;H;0;0;D;12;13;6;3;14;12;5;7;1;1;0;0;1.33;5.0;10.0;1.28;5.68;10.77;1.58;2.33;1.84;2.02
SP1;30/04/16;Betis;Barcelona;0;2;A;0;0;D;2;11;1;4;9;11;2;4;3;3;1;0;21.0;9.0;1.13;20.8;9.15;1.12;1.23;3.97;1.94;1.93
SP1;30/04/16;Granada;Las Palmas;3;2;H;2;2;D;14;12;5;6;11;9;4;3;3;2;0;0;1.6;3.8;6.0;1.59;3.93;5.94;1.96;1.83;2.08;1.79
SP1;30/04/16;Sociedad;Real Madrid;0;1;A;0;0;D;11;18;4;6;15;17;6;6;4;4;0;0;5.0;4.0;1.67;4.88;4.02;1.68;1.63;2.24;1.71;2.18
SP1;01/05/16;Ath Bilbao;Celta;2;1;H;1;1;D;10;5;2;2;12;19;7;2;1;5;0;1;1.85;3.6;4.33;1.84;3.65;4.2;1.78;2.01;1.85;2.01
SP1;01/05/16;Espanol;Sevilla;1;0;H;0;0;D;11;7;7;0;20;15;4;2;3;3;0;0;2.3;3.3;3.1;2.32;3.43;3.01;1.74;2.06;2.02;1.84
SP1;01/05/16;La Coruna;Getafe;0;2;A;0;1;A;15;11;5;5;7;19;8;5;1;6;1;0;2.3;3.3;3.2;2.25;3.4;3.18;1.89;1.9;1.94;1.92
SP1;01/05/16;Valencia;Villarreal;0;2;A;0;2;A;7;8;1;3;15;11;9;3;0;2;0;0;2.2;3.3;3.4;2.13;3.42;3.43;1.84;1.95;1.83;2.03
SP1;02/05/16;Malaga;Levante;3;1;H;1;1;D;21;11;11;5;18;10;13;7;2;4;0;0;2.2;3.2;3.5;2.17;3.36;3.37;2.04;1.75;1.87;1.98
SP1;08/05/16;Barcelona;Espanol;5;0;H;1;0;H;13;4;7;1;13;25;8;0;2;7;0;0;1.04;17.0;41.0;1.03;18.64;38.17;1.11;6.22;1.84;2.02
SP1;08/05/16;Celta;Malaga;1;0;H;1;0;H;12;13;3;5;11;10;4;3;0;2;0;0;1.5;4.2;7.0;1.5;4.28;6.46;1.67;2.19;1.86;2.0
SP1;08/05/16;Eibar;Betis;1;1;D;0;1;A;21;6;10;3;15;9;8;2;1;3;0;0;2.1;3.6;3.4;2.13;3.43;3.42;1.78;2.02;1.83;2.03
SP1;08/05/16;Getafe;Sp Gijon;1;1;D;0;0;D;19;9;9;3;15;13;7;3;3;1;0;1;2.1;3.6;3.4;2.12;3.43;3.43;1.88;1.91;1.83;2.03
SP1;08/05/16;Las Palmas;Ath Bilbao;0;0;D;0;0;D;4;8;2;3;9;18;2;2;1;1;0;0;4.0;3.6;1.91;3.96;3.6;1.91;1.74;2.06;1.96;1.9
SP1;08/05/16;Levante;Ath Madrid;2;1;H;1;1;D;12;17;5;5;8;11;4;5;1;1;0;0;17.0;6.5;1.2;16.68;6.12;1.21;1.78;2.02;1.92;1.93
SP1;08/05/16;Real Madrid;Valencia;3;2;H;2;0;H;15;17;8;8;10;11;5;8;1;4;0;1;1.2;7.5;11.0;1.2;7.36;12.1;1.22;4.03;1.84;2.02
SP1;08/05/16;Sevilla;Granada;1;4;A;0;1;A;12;10;6;6;18;11;5;4;4;1;0;0;2.88;3.75;2.3;2.79;3.6;2.39;1.62;2.26;1.78;2.08
SP1;08/05/16;Sociedad;Vallecano;2;1;H;1;0;H;12;18;6;5;7;12;5;11;2;1;1;0;3.5;3.6;2.05;3.41;3.66;2.05;1.6;2.31;1.82;2.04
SP1;08/05/16;Villarreal;La Coruna;0;2;A;0;1;A;11;8;4;4;14;4;8;5;3;1;0;0;2.45;3.1;3.1;2.44;3.17;3.03;2.05;1.76;2.09;1.78
SP1;13/05/16;Valencia;Sociedad;0;1;A;0;0;D;8;14;0;7;17;12;4;6;2;2;0;0;1.95;3.75;3.75;1.98;3.71;3.63;1.58;2.32;2.0;1.87
SP1;14/05/16;Ath Bilbao;Sevilla;3;1;H;2;0;H;13;8;6;4;13;11;7;6;1;2;1;2;1.33;5.75;8.0;1.35;5.33;8.08;1.47;2.6;1.95;1.91
SP1;14/05/16;Ath Madrid;Celta;2;0;H;0;0;D;12;7;5;4;16;16;4;4;4;5;0;0;1.75;3.75;4.5;1.82;3.76;4.22;1.85;1.94;1.82;2.05
SP1;14/05/16;Granada;Barcelona;0;3;A;0;2;A;8;12;2;10;12;10;5;6;5;2;0;0;26.0;11.0;1.08;24.88;10.79;1.09;1.2;4.3;1.94;1.92
SP1;14/05/16;La Coruna;Real Madrid;0;2;A;0;2;A;10;16;2;5;6;9;4;8;1;3;0;0;13.0;8.0;1.18;12.36;7.51;1.2;1.24;3.83;2.03;1.83
SP1;15/05/16;Betis;Getafe;2;1;H;0;0;D;7;14;4;5;8;27;3;2;1;8;0;1;5.0;3.8;1.7;4.79;3.87;1.71;1.68;2.16;1.96;1.9
SP1;15/05/16;Espanol;Eibar;4;2;H;2;0;H;11;13;7;8;10;14;3;4;4;3;0;0;2.0;3.6;3.7;2.0;3.57;3.64;1.7;2.12;1.99;1.87
SP1;15/05/16;Malaga;Las Palmas;4;1;H;2;1;H;14;12;8;7;16;10;3;6;1;1;0;0;1.8;3.75;4.5;1.82;3.63;4.34;1.78;2.02;2.07;1.8
SP1;15/05/16;Sp Gijon;Villarreal;2;0;H;1;0;H;16;10;7;5;9;6;4;1;1;2;0;0;1.44;4.5;7.5;1.45;4.46;7.18;1.81;1.98;2.03;1.83
SP1;15/05/16;Vallecano;Levante;3;1;H;2;0;H;21;8;9;2;12;8;9;3;1;3;0;0;1.33;5.25;9.0;1.33;5.4;8.52;1.41;2.79;1.92;1.94
SP1;19/08/16;La Coruna;Eibar;2;1;H;0;0;D;11;12;6;6;14;17;1;8;3;3;0;0;1.95;3.4;4.2;1.97;3.31;4.18;2.34;1.58;1.95;1.89
SP1;19/08/16;Malaga;Osasuna;1;1;D;0;0;D;14;8;4;3;11;22;5;3;2;3;0;0;1.62;3.75;6.0;1.62;3.66;6.24;2.31;1.6;2.11;1.76
SP1;20/08/16;Barcelona;Betis;6;2;H;3;1;H;30;6;12;2;17;13;10;2;1;3;0;0;1.08;11.0;29.0;1.09;10.4;26.95;1.29;3.52;1.78;2.08
SP1;20/08/16;Granada;Villarreal;1;1;D;0;0;D;7;12;1;3;17;11;7;3;2;3;0;0;2.5;3.2;3.0;2.54;3.13;2.92;2.33;1.58;1.79;2.07
SP1;20/08/16;Sevilla;Espanol;6;4;H;3;3;D;16;10;11;7;8;15;8;2;2;2;0;0;1.67;4.0;5.0;1.68;3.86;5.04;1.74;2.07;2.16;1.72
SP1;21/08/16;Ath Madrid;Alaves;1;1;D;0;0;D;27;2;6;1;7;15;20;2;0;4;0;0;1.2;6.5;17.0;1.21;5.88;16.97;1.94;1.85;1.76;2.09
SP1;21/08/16;Sociedad;Real Madrid;0;3;A;0;2;A;8;18;0;8;22;11;4;7;2;3;0;0;4.75;3.8;1.75;4.66;3.81;1.74;1.73;2.09;1.64;2.29
SP1;21/08/16;Sp Gijon;Ath Bilbao;2;1;H;0;0;D;12;13;4;4;18;15;2;5;3;3;0;0;4.0;3.5;1.95;4.06;3.41;1.94;2.15;1.69;1.91;1.94
SP1;22/08/16;Celta;Leganes;0;1;A;0;0;D;10;15;2;6;5;13;8;4;4;1;0;1;1.65;3.75;5.75;1.6;3.83;5.89;2.02;1.77;2.07;1.78
SP1;22/08/16;Valencia;Las Palmas;2;4;A;2;3;A;17;6;8;4;15;18;12;1;2;2;0;0;1.73;3.75;5.0;1.73;3.71;4.84;1.9;1.88;2.32;1.62
SP1;26/08/16;Betis;La Coruna;0;0;D;0;0;D;15;12;5;1;20;15;13;2;0;2;0;0;2.2;3.2;3.5;2.21;3.22;3.46;2.21;1.64;1.88;1.98
SP1;26/08/16;Espanol;Malaga;2;2;D;1;0;H;7;9;2;3;20;17;3;4;2;4;0;0;2.3;3.1;3.4;2.32;3.18;3.26;2.32;1.59;1.98;1.88
SP1;27/08/16;Eibar;Valencia;1;0;H;0;0;D;13;13;6;3;13;11;6;10;2;2;0;0;2.7;3.2;2.75;2.67;3.18;2.75;2.14;1.69;1.63;2.32
SP1;27/08/16;Leganes;Ath Madrid;0;0;D;0;0;D;6;10;1;3;19;5;1;8;3;1;0;0;8.5;3.6;1.53;7.32;3.65;1.56;2.49;1.51;1.83;2.03
SP1;27/08/16;Osasuna;Sociedad;0;2;A;0;1;A;8;5;3;4;14;14;10;1;2;1;0;0;3.1;3.1;2.5;3.04;3.06;2.52;2.52;1.5;1.75;2.13
SP1;27/08/16;Real Madrid;Celta;2;1;H;0;0;D;24;8;10;3;8;11;7;2;0;2;0;0;1.18;7.0;17.0;1.21;6.98;12.8;1.32;3.27;1.92;1.93
SP1;28/08/16;Alaves;Sp Gijon;0;0;D;0;0;D;13;7;2;1;10;12;4;6;1;1;0;0;2.15;3.2;3.75;2.14;3.2;3.68;2.44;1.53;1.84;2.02
SP1;28/08/16;Ath Bilbao;Barcelona;0;1;A;0;1;A;9;12;4;3;20;13;4;4;5;4;0;0;6.5;4.33;1.5;6.09;4.41;1.52;1.56;2.35;2.0;1.85
SP1;28/08/16;Las Palmas;Granada;5;1;H;1;1;D;15;13;10;2;8;16;6;4;5;1;0;0;1.91;3.4;4.33;1.9;3.45;4.25;2.03;1.76;1.63;2.32
SP1;28/08/16;Villarreal;Sevilla;0;0;D;0;0;D;12;6;5;0;16;12;5;1;1;3;0;0;2.5;3.4;2.8;2.5;3.33;2.84;1.83;1.94;1.8;2.05
SP1;09/09/16;Sociedad;Espanol;1;1;D;0;0;D;9;4;3;1;10;10;11;1;2;2;0;1;2.05;3.4;3.75;2.03;3.41;3.82;2.04;1.76;2.35;1.62
SP1;10/09/16;Barcelona;Alaves;1;2;A;0;1;A;16;5;2;4;12;12;13;0;1;1;0;0;1.07;12.0;34.0;1.07;11.58;32.36;1.26;3.74;1.66;2.25
SP1;10/09/16;Celta;Ath Madrid;0;4;A;0;0;D;9;13;1;6;13;12;6;4;1;2;0;0;6.0;3.3;1.73;5.25;3.43;1.77;2.5;1.51;1.84;2.02
SP1;10/09/16;Malaga;Villarreal;0;2;A;0;2;A;15;12;2;6;8;14;9;7;2;1;0;0;2.3;3.1;3.3;2.37;3.15;3.21;2.46;1.53;2.0;1.86
SP1;10/09/16;Real Madrid;Osasuna;5;2;H;3;0;H;25;10;11;3;14;14;6;7;2;2;0;1;1.04;15.0;34.0;1.06;13.74;36.19;1.2;4.3;1.8;2.06
SP1;10/09/16;Sevilla;Las Palmas;2;1;H;0;1;A;16;7;7;4;15;13;10;1;2;4;0;1;1.5;4.33;6.0;1.56;4.31;5.68;1.5;2.54;1.87;1.98
SP1;11/09/16;Granada;Eibar;1;2;A;0;1;A;15;10;5;8;7;8;6;7;2;0;0;1;2.15;3.25;3.5;2.22;3.36;3.3;1.98;1.81;1.91;1.95
SP1;11/09/16;La Coruna;Ath Bilbao;0;1;A;0;1;A;16;7;3;2;15;15;7;6;2;3;0;0;3.6;3.25;2.15;3.43;3.28;2.2;2.32;1.59;1.97;1.88
SP1;11/09/16;Sp Gijon;Leganes;2;1;H;2;0;H;7;9;4;2;12;16;3;5;0;2;0;0;2.25;3.2;3.4;2.24;3.22;3.42;2.41;1.55;1.91;1.94
SP1;11/09/16;Valencia;Betis;2;3;A;0;1;A;23;12;9;5;15;21;5;5;2;4;1;0;1.65;4.2;5.0;1.68;3.88;5.05;1.83;1.96;2.18;1.71
SP1;16/09/16;Betis;Granada;2;2;D;1;2;A;23;15;7;8;13;17;7;3;4;3;1;1;1.73;3.75;5.0;1.77;3.68;4.74;1.89;1.9;2.34;1.62
SP1;17/09/16;Ath Madrid;Sp Gijon;5;0;H;3;0;H;18;10;7;1;14;9;1;4;0;2;0;0;1.18;6.5;21.0;1.21;5.94;18.06;1.91;1.87;1.97;1.88
SP1;17/09/16;Eibar;Sevilla;1;1;D;0;1;A;10;8;2;4;19;10;4;2;1;1;2;0;3.1;3.3;2.35;2.95;3.39;2.39;1.82;1.97;1.81;2.05
SP1;17/09/16;Las Palmas;Malaga;1;0;H;1;0;H;6;10;2;2;11;18;2;2;3;1;0;0;2.3;3.25;3.3;2.26;3.27;3.31;2.11;1.72;1.94;1.92
SP1;17/09/16;Leganes;Barcelona;1;5;A;0;3;A;15;10;6;7;28;7;2;5;4;2;0;0;17.0;7.0;1.18;15.73;6.95;1.19;1.45;2.66;1.94;1.9
SP1;18/09/16;Ath Bilbao;Valencia;2;1;H;2;1;H;13;10;4;2;19;20;7;1;4;4;0;0;1.85;3.6;4.33;1.9;3.54;4.12;1.91;1.87;1.9;1.94
SP1;18/09/16;Espanol;Real Madrid;0;2;A;0;1;A;11;13;2;7;19;8;4;5;4;2;0;0;7.5;5.5;1.36;7.64;5.01;1.39;1.46;2.62;1.78;2.06
SP1;18/09/16;Osasuna;Celta;0;0;D;0;0;D;9;13;2;5;18;13;3;5;4;1;0;0;2.9;3.1;2.6;2.89;3.12;2.6;2.33;1.59;2.02;1.83
SP1;18/09/16;Villarreal;Sociedad;2;1;H;2;1;H;9;15;4;2;13;16;3;6;2;3;0;1;1.85;3.5;4.5;1.86;3.39;4.58;2.32;1.59;1.85;1.99
SP1;19/09/16;Alaves;La Coruna;0;0;D;0;0;D;9;16;1;1;16;8;4;5;3;4;0;0;2.3;3.0;3.5;2.29;3.12;3.4;2.43;1.54;1.94;1.91
SP1;20/09/16;Malaga;Eibar;2;1;H;1;1;D;14;12;6;3;7;13;7;5;2;4;0;0;1.85;3.4;4.75;1.84;3.43;4.68;2.21;1.65;1.84;2.01
SP1;20/09/16;Sevilla;Betis;1;0;H;0;0;D;12;8;3;3;24;17;6;2;5;4;0;0;1.45;4.5;7.0;1.49;4.49;6.55;1.56;2.45;1.75;2.12
SP1;21/09/16;Barcelona;Ath Madrid;1;1;D;1;0;H;19;9;7;4;14;17;8;2;2;4;0;0;1.6;4.0;5.5;1.62;4.0;5.5;1.78;2.01;2.05;1.8
SP1;21/09/16;Celta;Sp Gijon;2;1;H;0;0;D;16;4;5;1;16;8;8;0;2;3;0;0;1.57;4.0;6.0;1.57;4.03;6.07;1.84;1.94;1.97;1.88
SP1;21/09/16;Granada;Ath Bilbao;1;2;A;1;1;D;13;13;2;8;8;9;6;3;1;0;0;0;4.5;3.5;1.85;4.17;3.47;1.92;2.02;1.78;1.71;2.19
SP1;21/09/16;Real Madrid;Villarreal;1;1;D;0;1;A;22;8;6;3;9;9;17;3;4;1;0;0;1.2;7.0;15.0;1.22;6.51;13.02;1.44;2.76;2.02;1.83
SP1;21/09/16;Sociedad;Las Palmas;4;1;H;3;0;H;17;8;7;3;3;7;7;4;1;2;0;1;2.0;3.5;3.75;2.01;3.46;3.79;1.86;1.93;1.99;1.85
SP1;22/09/16;La Coruna;Leganes;1;2;A;1;0;H;12;8;5;2;20;18;7;1;0;3;0;0;2.15;3.25;3.6;2.13;3.18;3.73;2.43;1.53;1.82;2.04
SP1;22/09/16;Osasuna;Espanol;1;2;A;0;1;A;17;10;11;2;16;14;7;1;2;1;0;0;2.88;3.2;2.6;2.91;3.16;2.55;2.18;1.66;2.04;1.81
SP1;22/09/16;Valencia;Alaves;2;1;H;1;1;D;12;8;2;1;14;13;7;4;2;3;0;0;1.57;3.75;6.0;1.58;4.01;5.97;1.85;1.93;1.97;1.87
SP1;23/09/16;Betis;Malaga;1;0;H;1;0;H;11;16;4;6;20;15;6;5;4;6;0;0;2.6;3.1;2.9;2.62;3.16;2.87;2.17;1.68;1.59;2.41
SP1;24/09/16;Ath Bilbao;Sevilla;3;1;H;1;0;H;14;5;7;2;9;9;4;5;2;2;0;1;2.05;3.4;3.75;2.06;3.49;3.6;1.84;1.94;2.06;1.8
SP1;24/09/16;Eibar;Sociedad;2;0;H;0;0;D;17;3;3;0;15;13;5;3;4;2;0;1;2.45;3.2;3.0;2.55;3.19;2.92;2.21;1.65;1.56;2.47
SP1;24/09/16;Las Palmas;Real Madrid;2;2;D;1;1;D;8;27;6;11;7;19;0;5;3;2;0;0;8.5;5.0;1.36;7.87;5.17;1.37;1.39;2.88;1.87;1.99
SP1;24/09/16;Sp Gijon;Barcelona;0;5;A;0;2;A;10;13;3;7;15;10;4;3;1;0;1;0;13.0;6.5;1.22;10.97;5.9;1.27;1.48;2.58;1.64;2.3
SP1;25/09/16;Ath Madrid;La Coruna;1;0;H;0;0;D;21;8;5;1;13;19;10;0;1;2;0;1;1.22;5.5;19.0;1.22;6.06;16.09;1.72;2.09;2.25;1.67
SP1;25/09/16;Espanol;Celta;0;2;A;0;0;D;10;12;2;4;15;13;4;7;2;3;0;0;2.25;3.3;3.3;2.3;3.31;3.22;1.99;1.81;1.95;1.9
SP1;25/09/16;Leganes;Valencia;1;2;A;1;1;D;7;10;3;4;19;17;1;5;4;4;0;0;2.8;3.2;2.6;2.8;3.26;2.6;2.14;1.7;1.99;1.86
SP1;25/09/16;Villarreal;Osasuna;3;1;H;3;1;H;12;11;5;3;7;16;5;5;0;2;0;0;1.4;4.33;9.5;1.39;4.5;9.3;1.99;1.8;2.18;1.71
SP1;26/09/16;Alaves;Granada;3;1;H;0;0;D;16;13;6;3;15;19;5;6;3;3;0;0;2.1;3.3;3.75;2.08;3.33;3.73;2.2;1.65;2.08;1.79
SP1;30/09/16;Sociedad;Betis;1;0;H;0;0;D;16;5;8;2;17;22;4;2;2;3;0;0;1.8;3.5;4.75;1.82;3.53;4.65;1.99;1.81;2.51;1.55
SP1;01/10/16;Granada;Leganes;0;1;A;0;0;D;8;9;1;3;13;20;6;4;1;0;0;0;2.45;3.3;3.0;2.45;3.27;2.98;2.14;1.7;1.75;2.12
SP1;01/10/16;La Coruna;Sp Gijon;2;1;H;1;0;H;21;7;6;2;17;26;11;4;0;4;0;0;1.95;3.4;4.2;1.96;3.32;4.2;2.3;1.61;1.96;1.89
SP1;01/10/16;Osasuna;Las Palmas;2;2;D;2;0;H;5;17;3;5;17;7;1;12;3;4;0;0;2.6;3.2;2.8;2.65;3.24;2.76;2.05;1.76;1.87;1.97
SP1;01/10/16;Sevilla;Alaves;2;1;H;0;0;D;20;6;12;1;10;13;9;2;2;6;0;0;1.44;4.33;8.0;1.45;4.46;7.3;1.74;2.07;1.74;2.13
SP1;02/10/16;Celta;Barcelona;4;3;H;3;0;H;14;13;9;4;16;11;3;6;1;3;0;0;8.0;4.75;1.4;7.48;4.71;1.42;1.55;2.42;2.3;1.64
SP1;02/10/16;Espanol;Villarreal;0;0;D;0;0;D;9;5;1;1;14;10;3;1;2;2;0;0;2.88;3.1;2.63;2.83;3.07;2.7;2.33;1.59;1.97;1.88
SP1;02/10/16;Malaga;Ath Bilbao;2;1;H;0;1;A;15;7;3;1;19;11;7;2;7;3;1;1;2.45;3.0;3.3;2.5;3.06;3.12;2.42;1.55;1.72;2.17
SP1;02/10/16;Real Madrid;Eibar;1;1;D;1;1;D;15;7;3;4;8;15;7;5;4;5;0;0;1.08;11.0;26.0;1.09;10.88;25.74;1.22;4.13;1.83;2.02
SP1;02/10/16;Valencia;Ath Madrid;0;2;A;0;0;D;14;17;5;10;10;15;6;5;1;3;0;0;4.5;3.5;1.85;4.23;3.48;1.91;2.04;1.77;1.7;2.2
SP1;14/10/16;Las Palmas;Espanol;0;0;D;0;0;D;13;5;8;2;13;21;8;4;2;3;0;0;1.95;3.4;4.2;2.02;3.43;3.86;1.95;1.85;2.0;1.86
SP1;15/10/16;Ath Madrid;Granada;7;1;H;2;1;H;17;9;11;2;14;8;11;3;1;1;0;0;1.13;10.0;17.0;1.12;8.47;25.5;1.56;2.45;2.08;1.78
SP1;15/10/16;Barcelona;La Coruna;4;0;H;3;0;H;25;7;8;0;5;15;8;2;1;2;0;1;1.1;10.0;26.0;1.11;9.63;23.41;1.3;3.45;1.89;1.96
SP1;15/10/16;Betis;Real Madrid;1;6;A;0;4;A;13;22;2;9;14;8;2;5;4;1;0;0;8.0;5.25;1.36;7.79;5.18;1.38;1.41;2.86;1.86;1.99
SP1;15/10/16;Leganes;Sevilla;2;3;A;0;1;A;19;5;6;4;17;20;5;2;2;5;0;0;3.4;3.2;2.25;3.32;3.31;2.24;2.03;1.78;1.94;1.91
SP1;16/10/16;Alaves;Malaga;1;1;D;1;0;H;8;12;4;5;14;14;6;7;3;3;1;1;2.6;3.0;3.0;2.65;3.0;2.95;2.55;1.5;2.23;1.68
SP1;16/10/16;Ath Bilbao;Sociedad;3;2;H;0;1;A;15;6;11;3;17;19;7;4;3;3;0;0;1.83;3.6;4.4;1.84;3.48;4.62;2.21;1.66;2.11;1.77
SP1;16/10/16;Sp Gijon;Valencia;1;2;A;1;1;D;10;7;2;3;21;11;4;4;5;1;0;0;3.6;3.4;2.1;3.47;3.41;2.13;1.82;1.99;2.04;1.82
SP1;16/10/16;Villarreal;Celta;5;0;H;3;0;H;11;4;5;1;19;12;3;5;1;4;0;1;1.85;3.4;4.75;1.87;3.43;4.44;2.16;1.7;2.13;1.74
SP1;17/10/16;Eibar;Osasuna;2;3;A;2;2;D;13;8;5;4;15;12;5;0;1;2;0;0;1.7;3.6;5.0;1.75;3.6;4.89;2.05;1.77;2.41;1.59
SP1;21/10/16;Osasuna;Betis;1;2;A;0;1;A;13;12;5;6;20;12;6;4;3;2;1;0;2.4;3.2;3.1;2.55;3.18;2.92;2.13;1.7;1.79;2.06
SP1;22/10/16;Espanol;Eibar;3;3;D;0;3;A;11;8;5;3;11;12;7;6;1;6;1;0;2.05;3.4;3.8;2.06;3.3;3.84;2.22;1.64;2.05;1.81
SP1;22/10/16;Granada;Sp Gijon;0;0;D;0;0;D;12;3;1;3;10;12;3;3;4;1;0;0;2.1;3.4;3.6;2.14;3.33;3.52;2.05;1.75;1.83;2.03
SP1;22/10/16;Sociedad;Alaves;3;0;H;1;0;H;16;10;5;3;17;20;4;2;3;5;0;0;1.67;3.75;5.5;1.67;3.67;5.52;2.14;1.69;2.23;1.68
SP1;22/10/16;Valencia;Barcelona;2;3;A;0;1;A;7;15;4;8;15;13;3;1;5;4;0;0;7.0;5.25;1.4;6.79;4.9;1.43;1.4;2.8;2.27;1.66
SP1;23/10/16;Celta;La Coruna;4;1;H;1;1;D;9;11;7;1;17;15;5;4;3;5;0;0;1.7;3.6;5.5;1.75;3.58;5.0;2.07;1.74;2.38;1.6
SP1;23/10/16;Malaga;Leganes;4;0;H;2;0;H;24;14;8;5;12;15;5;8;1;3;0;0;1.85;3.3;4.75;1.87;3.28;4.71;2.41;1.55;2.15;1.73
SP1;23/10/16;Real Madrid;Ath Bilbao;2;1;H;1;1;D;24;10;8;3;10;17;6;4;2;3;0;0;1.2;7.0;13.0;1.24;6.47;11.59;1.32;3.28;1.99;1.85
SP1;23/10/16;Sevilla;Ath Madrid;1;0;H;0;0;D;12;9;5;3;15;11;4;5;4;2;0;1;4.0;3.5;1.95;3.92;3.41;1.99;2.03;1.76;1.65;2.28
SP1;23/10/16;Villarreal;Las Palmas;2;1;H;0;1;A;14;8;4;4;16;12;2;1;2;3;0;0;1.67;3.8;5.25;1.69;3.75;5.19;1.84;1.94;2.22;1.68
SP1;28/10/16;Leganes;Sociedad;0;2;A;0;1;A;7;9;4;5;19;15;1;4;5;2;0;0;2.63;3.1;2.88;2.6;3.1;2.93;2.28;1.61;1.57;2.47
SP1;29/10/16;Alaves;Real Madrid;1;4;A;1;2;A;8;15;3;5;15;6;4;3;5;1;0;0;13.0;6.5;1.22;12.6;6.34;1.23;1.42;2.78;1.8;2.05
SP1;29/10/16;Ath Madrid;Malaga;4;2;H;3;1;H;16;6;7;3;10;10;6;2;2;4;1;1;1.22;6.0;15.0;1.23;5.78;15.6;1.86;1.92;2.39;1.6
SP1;29/10/16;Barcelona;Granada;1;0;H;0;0;D;15;1;5;0;7;17;8;1;1;4;0;0;1.05;17.0;34.0;1.05;15.65;40.93;1.13;5.65;1.92;1.94
SP1;29/10/16;Sp Gijon;Sevilla;1;1;D;1;1;D;9;20;5;6;17;9;3;4;6;2;0;0;3.8;3.6;1.95;4.04;3.54;1.92;1.94;1.85;1.94;1.91
SP1;30/10/16;Ath Bilbao;Osasuna;1;1;D;1;1;D;18;7;4;3;10;11;9;2;2;1;0;0;1.36;5.0;8.5;1.38;4.7;8.85;1.77;2.03;2.12;1.75
SP1;30/10/16;Betis;Espanol;0;1;A;0;0;D;13;10;5;5;15;15;8;3;3;3;0;0;2.25;3.25;3.4;2.23;3.26;3.37;2.12;1.7;1.91;1.94
SP1;30/10/16;Eibar;Villarreal;2;1;H;0;1;A;13;6;9;1;16;16;3;7;2;3;0;0;3.0;3.2;2.5;3.04;3.14;2.48;2.3;1.6;1.78;2.1
SP1;30/10/16;Las Palmas;Celta;3;3;D;0;3;A;17;9;8;6;13;22;8;1;2;6;0;1;2.3;3.3;3.2;2.35;3.34;3.07;1.83;1.96;2.01;1.85
SP1;31/10/16;La Coruna;Valencia;1;1;D;1;0;H;16;10;4;3;14;21;5;6;1;5;0;0;2.88;3.2;2.55;2.85;3.25;2.55;2.03;1.77;2.0;1.84
SP1;04/11/16;Malaga;Sp Gijon;3;2;H;1;1;D;22;7;7;4;12;20;9;2;5;4;0;1;1.73;3.6;5.25;1.71;3.64;5.38;2.14;1.7;1.92;1.94
SP1;05/11/16;Granada;La Coruna;1;1;D;0;0;D;14;13;6;5;11;7;7;6;1;2;0;0;2.6;3.2;2.8;2.64;3.11;2.86;2.34;1.59;1.85;1.99
SP1;05/11/16;Las Palmas;Eibar;1;0;H;0;0;D;16;13;6;5;10;20;7;4;1;4;0;0;1.91;3.5;4.0;1.96;3.55;3.88;1.74;2.08;2.22;1.69
SP1;05/11/16;Osasuna;Alaves;0;1;A;0;0;D;10;12;4;3;18;10;3;4;5;2;0;0;2.25;3.2;3.4;2.26;3.17;3.42;2.29;1.62;1.92;1.93
SP1;05/11/16;Sociedad;Ath Madrid;2;0;H;0;0;D;12;9;3;2;18;20;6;6;2;4;0;0;5.75;3.6;1.67;5.13;3.65;1.72;2.08;1.74;1.63;2.32
SP1;06/11/16;Celta;Valencia;2;1;H;1;1;D;7;13;4;4;19;15;4;3;6;1;0;0;2.25;3.4;3.2;2.26;3.45;3.14;1.73;2.08;1.96;1.89
SP1;06/11/16;Espanol;Ath Bilbao;0;0;D;0;0;D;6;4;3;0;13;11;5;3;1;2;0;0;3.0;3.2;2.5;2.88;3.21;2.56;2.19;1.67;2.01;1.83
SP1;06/11/16;Real Madrid;Leganes;3;0;H;2;0;H;17;7;7;3;7;20;2;2;3;5;0;0;1.07;13.0;23.0;1.08;12.49;27.03;1.18;4.6;1.99;1.86
SP1;06/11/16;Sevilla;Barcelona;1;2;A;1;1;D;15;14;4;7;18;12;3;5;4;6;0;0;5.25;4.2;1.62;4.89;4.31;1.64;1.39;2.9;1.84;2.01
SP1;06/11/16;Villarreal;Betis;2;0;H;1;0;H;15;7;7;3;16;12;10;1;0;2;0;0;1.5;4.2;7.0;1.52;4.08;6.89;1.95;1.85;1.87;1.98
SP1;18/11/16;Betis;Las Palmas;2;0;H;2;0;H;10;9;3;3;22;10;4;5;0;1;0;0;2.35;3.4;3.1;2.36;3.37;3.06;1.87;1.92;2.33;1.63
SP1;19/11/16;Ath Madrid;Real Madrid;0;3;A;0;1;A;16;12;5;7;21;14;8;6;4;2;0;0;2.5;3.3;2.9;2.46;3.3;2.97;1.94;1.85;2.07;1.8
SP1;19/11/16;Barcelona;Malaga;0;0;D;0;0;D;28;4;8;1;13;12;14;1;0;2;0;2;1.13;9.0;21.0;1.13;9.08;20.74;1.28;3.54;2.0;1.86
SP1;19/11/16;Eibar;Celta;1;0;H;1;0;H;12;6;5;2;11;13;7;0;2;5;0;2;2.38;3.25;3.1;2.32;3.27;3.21;1.95;1.84;1.98;1.88
SP1;19/11/16;La Coruna;Sevilla;2;3;A;2;1;H;4;20;3;7;15;12;3;14;3;2;0;0;3.3;3.4;2.2;3.28;3.35;2.24;1.98;1.82;1.93;1.93
SP1;20/11/16;Alaves;Espanol;0;1;A;0;0;D;10;10;4;3;20;14;2;5;5;2;0;0;2.5;3.1;3.1;2.49;3.12;3.06;2.37;1.57;2.13;1.76
SP1;20/11/16;Ath Bilbao;Villarreal;1;0;H;0;0;D;12;6;5;2;13;17;6;5;0;2;0;0;2.15;3.3;3.5;2.14;3.24;3.65;2.34;1.59;1.83;2.04
SP1;20/11/16;Sp Gijon;Sociedad;1;3;A;1;1;D;4;20;1;9;17;9;3;5;2;1;0;0;3.4;3.3;2.2;3.36;3.25;2.25;2.21;1.65;1.94;1.92
SP1;20/11/16;Valencia;Granada;1;1;D;0;1;A;14;9;7;5;7;18;11;2;1;5;0;0;1.33;5.5;8.5;1.34;5.11;9.24;1.59;2.31;1.98;1.87
SP1;21/11/16;Leganes;Osasuna;2;0;H;1;0;H;15;5;5;2;13;17;3;2;2;3;0;0;1.85;3.5;4.5;1.88;3.4;4.47;2.27;1.62;2.15;1.73
SP1;25/11/16;Eibar;Betis;3;1;H;2;0;H;16;7;9;2;11;7;5;1;0;1;0;1;1.95;3.4;4.2;1.97;3.38;4.13;2.12;1.71;1.95;1.9
SP1;26/11/16;Espanol;Leganes;3;0;H;0;0;D;8;8;4;3;19;16;3;4;1;2;0;0;1.85;3.4;4.75;1.83;3.36;4.87;2.44;1.54;1.83;2.02
SP1;26/11/16;Malaga;La Coruna;4;3;H;2;1;H;10;24;4;8;15;13;2;5;3;1;0;0;2.0;3.25;4.2;2.01;3.33;4.0;2.23;1.64;1.72;2.16
SP1;26/11/16;Real Madrid;Sp Gijon;2;1;H;2;1;H;19;9;7;3;19;18;5;6;1;3;0;0;1.06;13.0;34.0;1.07;13.2;29.79;1.15;5.27;1.99;1.87
SP1;26/11/16;Sevilla;Valencia;2;1;H;0;0;D;6;10;1;4;19;14;3;6;0;1;0;0;1.73;3.75;5.0;1.75;3.88;4.59;1.6;2.3;2.26;1.66
SP1;27/11/16;Celta;Granada;3;1;H;2;0;H;16;7;6;1;4;15;5;0;0;3;0;0;1.53;4.0;7.0;1.55;4.11;6.14;1.78;2.02;1.95;1.89
SP1;27/11/16;Osasuna;Ath Madrid;0;3;A;0;2;A;11;7;1;5;9;6;7;4;2;2;0;0;11.0;5.25;1.3;11.4;5.23;1.3;1.88;1.91;1.92;1.92
SP1;27/11/16;Sociedad;Barcelona;1;1;D;0;0;D;17;10;6;2;16;11;8;6;2;4;0;0;7.0;4.75;1.44;6.36;4.63;1.48;1.51;2.51;2.13;1.74
SP1;27/11/16;Villarreal;Alaves;0;2;A;0;2;A;23;10;10;7;11;19;12;1;2;3;0;0;1.5;4.0;7.5;1.51;3.94;7.59;2.18;1.67;1.89;1.96
SP1;28/11/16;Las Palmas;Ath Bilbao;3;1;H;1;0;H;10;10;4;3;19;21;5;3;3;4;0;1;2.5;3.4;2.8;2.6;3.28;2.77;1.95;1.84;1.87;1.97
SP1;03/12/16;Ath Madrid;Espanol;0;0;D;0;0;D;11;5;3;3;10;19;9;2;2;2;0;0;1.22;6.0;15.0;1.23;5.97;14.93;1.78;2.03;2.3;1.64
SP1;03/12/16;Barcelona;Real Madrid;1;1;D;0;0;D;11;14;2;5;19;16;5;7;4;2;0;0;1.85;4.2;4.2;1.85;4.02;3.92;1.4;2.86;2.41;1.59
SP1;03/12/16;Granada;Sevilla;2;1;H;1;0;H;11;17;6;6;18;16;4;8;5;2;0;0;4.75;3.5;1.8;4.59;3.65;1.79;1.85;1.95;1.58;2.41
SP1;03/12/16;Leganes;Villarreal;0;0;D;0;0;D;11;9;4;3;21;16;2;4;6;3;0;0;3.8;2.9;2.25;3.47;3.12;2.27;2.46;1.54;1.91;1.94
SP1;04/12/16;Alaves;Las Palmas;1;1;D;1;0;H;9;10;2;3;15;11;3;5;3;3;0;0;2.5;3.2;3.0;2.48;3.19;2.99;2.08;1.74;2.09;1.78
SP1;04/12/16;Ath Bilbao;Eibar;3;1;H;1;0;H;12;10;5;4;9;16;2;2;1;4;0;0;1.85;3.4;4.75;1.88;3.4;4.47;2.07;1.75;2.17;1.72
SP1;04/12/16;Betis;Celta;3;3;D;1;1;D;16;13;5;6;22;14;4;3;4;1;1;0;2.38;3.25;3.1;2.41;3.27;3.04;2.0;1.81;2.05;1.81
SP1;04/12/16;Sp Gijon;Osasuna;3;1;H;1;0;H;9;15;5;2;17;13;2;5;3;1;0;0;2.0;3.3;4.0;2.03;3.33;3.89;2.15;1.7;2.36;1.61
SP1;04/12/16;Valencia;Malaga;2;2;D;2;1;H;8;19;3;6;16;7;2;13;5;1;0;0;1.75;3.6;5.0;1.76;3.77;4.67;1.82;1.99;2.34;1.62
SP1;05/12/16;La Coruna;Sociedad;5;1;H;3;0;H;15;14;10;3;15;10;8;6;1;4;0;0;3.1;3.1;2.5;2.97;3.17;2.51;2.2;1.66;1.74;2.14
SP1;09/12/16;Malaga;Granada;1;1;D;1;0;H;16;8;7;2;16;14;6;2;3;5;0;0;1.6;4.0;5.75;1.64;3.98;5.46;1.79;2.02;2.11;1.76
SP1;10/12/16;Las Palmas;Leganes;1;1;D;1;0;H;5;11;1;6;17;18;6;4;3;3;0;0;1.8;3.5;4.75;1.79;3.62;4.7;1.99;1.81;2.02;1.84
SP1;10/12/16;Osasuna;Barcelona;0;3;A;0;0;D;4;17;1;6;18;6;2;5;3;0;0;0;15.0;7.5;1.18;15.39;7.26;1.19;1.36;3.06;2.04;1.82
SP1;10/12/16;Real Madrid;La Coruna;3;2;H;0;0;D;17;4;5;2;16;17;10;3;3;4;0;0;1.17;8.0;15.0;1.17;7.77;16.27;1.33;3.28;1.81;2.06
SP1;10/12/16;Sociedad;Valencia;3;2;H;2;1;H;14;9;6;3;17;20;8;4;4;4;0;1;1.91;3.75;3.8;1.94;3.66;3.88;1.75;2.05;1.93;1.95
SP1;11/12/16;Betis;Ath Bilbao;1;0;H;1;0;H;6;14;1;4;14;12;3;7;3;2;0;0;3.1;3.25;2.38;3.12;3.23;2.39;2.18;1.68;1.82;2.05
SP1;11/12/16;Celta;Sevilla;0;3;A;0;0;D;14;14;6;5;13;13;4;6;3;3;0;0;2.75;3.3;2.63;2.71;3.36;2.62;1.76;2.04;1.95;1.9
SP1;11/12/16;Eibar;Alaves;0;0;D;0;0;D;8;3;1;3;14;7;7;2;1;1;0;0;1.83;3.6;4.5;1.85;3.43;4.63;2.29;1.61;1.59;2.41
SP1;11/12/16;Espanol;Sp Gijon;2;1;H;0;0;D;12;13;6;5;13;10;4;3;1;2;0;0;1.73;3.75;5.0;1.72;3.6;5.27;2.19;1.67;1.94;1.92
SP1;12/12/16;Villarreal;Ath Madrid;3;0;H;2;0;H;9;13;5;3;13;13;2;7;3;3;0;0;4.5;3.5;1.85;4.32;3.36;1.92;2.36;1.58;1.93;1.93
SP1;16/12/16;Alaves;Betis;1;0;H;0;0;D;10;6;2;3;20;6;6;4;6;1;0;0;2.3;3.1;3.4;2.36;3.1;3.36;2.41;1.56;2.0;1.86
SP1;17/12/16;Ath Madrid;Las Palmas;1;0;H;0;0;D;16;11;3;3;15;11;8;5;2;1;0;0;1.29;5.5;9.5;1.3;5.46;10.89;1.61;2.29;1.87;1.98
SP1;17/12/16;Granada;Sociedad;0;2;A;0;0;D;10;18;4;6;9;11;5;9;0;1;0;0;3.75;3.4;2.0;3.67;3.44;2.07;1.96;1.83;1.8;2.07
SP1;17/12/16;Sevilla;Malaga;4;1;H;4;0;H;9;16;5;3;17;12;3;6;2;3;1;0;1.5;4.1;6.5;1.53;4.31;6.2;1.6;2.3;1.86;1.99
SP1;17/12/16;Sp Gijon;Villarreal;1;3;A;0;2;A;16;14;7;9;16;14;12;2;2;1;0;0;3.25;3.3;2.2;3.53;3.28;2.18;2.28;1.61;1.98;1.87
SP1;18/12/16;Barcelona;Espanol;4;1;H;1;0;H;14;4;7;1;11;16;5;2;0;3;0;0;1.1;10.0;26.0;1.1;10.21;24.66;1.33;3.23;1.88;1.97
SP1;18/12/16;La Coruna;Osasuna;2;0;H;2;0;H;8;13;4;3;8;16;5;1;1;3;0;0;1.57;3.75;6.0;1.57;3.99;6.24;1.92;1.88;1.97;1.88
SP1;18/12/16;Leganes;Eibar;1;1;D;1;0;H;8;15;2;4;10;10;3;6;2;2;1;0;2.55;3.1;2.88;2.63;3.09;2.92;2.39;1.56;1.84;2.01
SP1;19/12/16;Ath Bilbao;Celta;2;1;H;0;0;D;10;10;7;4;16;13;9;7;4;2;0;1;1.83;3.5;4.33;1.88;3.53;4.29;1.93;1.86;2.12;1.75
SP1;06/01/17;Espanol;La Coruna;1;1;D;0;0;D;14;13;4;3;13;14;2;8;1;1;0;1;2.05;3.3;3.8;2.07;3.28;3.88;2.32;1.6;2.07;1.81
SP1;07/01/17;Eibar;Ath Madrid;0;2;A;0;0;D;15;8;2;4;11;10;5;3;2;2;0;0;5.5;3.5;1.73;5.38;3.64;1.71;2.18;1.68;1.64;2.3
SP1;07/01/17;Las Palmas;Sp Gijon;1;0;H;0;0;D;16;10;10;2;8;18;8;3;2;3;0;0;1.67;3.75;5.5;1.67;3.9;5.29;1.82;1.98;2.14;1.73
SP1;07/01/17;Real Madrid;Granada;5;0;H;4;0;H;23;3;13;1;11;12;9;1;1;4;0;0;1.07;13.0;26.0;1.07;13.06;28.44;1.16;4.99;1.91;1.94
SP1;07/01/17;Sociedad;Sevilla;0;4;A;0;2;A;11;11;5;10;15;18;7;4;2;3;0;0;2.25;3.4;3.2;2.3;3.47;3.08;1.71;2.11;1.99;1.88
SP1;08/01/17;Ath Bilbao;Alaves;0;0;D;0;0;D;15;10;4;4;10;13;13;4;2;4;0;0;1.53;3.8;7.5;1.56;3.92;6.58;2.11;1.72;1.99;1.85
SP1;08/01/17;Betis;Leganes;2;0;H;0;0;D;16;9;3;3;10;20;4;2;2;6;0;0;2.1;3.25;3.75;2.12;3.22;3.79;2.47;1.53;1.82;2.06
SP1;08/01/17;Celta;Malaga;3;1;H;1;0;H;6;13;3;4;17;15;2;7;1;4;0;0;1.85;3.6;4.33;1.87;3.69;4.16;1.79;2.02;1.86;1.99
SP1;08/01/17;Villarreal;Barcelona;1;1;D;0;0;D;6;20;3;7;16;13;2;4;1;2;1;0;6.0;4.33;1.53;5.86;4.37;1.54;1.61;2.3;1.95;1.89
SP1;09/01/17;Osasuna;Valencia;3;3;D;1;2;A;22;7;4;3;19;13;7;3;2;5;0;0;4.0;3.5;1.95;3.86;3.59;1.96;1.89;1.9;1.89;1.96
SP1;14/01/17;Ath Madrid;Betis;1;0;H;1;0;H;6;10;3;6;15;17;9;2;1;3;0;0;1.2;6.5;17.0;1.21;6.3;16.58;1.74;2.09;1.68;2.23
SP1;14/01/17;Barcelona;Las Palmas;5;0;H;1;0;H;22;7;10;1;15;11;5;1;3;4;0;0;1.1;11.0;26.0;1.1;10.84;23.5;1.21;4.29;1.78;2.08
SP1;14/01/17;La Coruna;Villarreal;0;0;D;0;0;D;13;4;3;1;14;8;10;0;0;1;0;0;2.7;3.1;2.8;2.71;3.12;2.79;2.36;1.58;1.89;1.96
SP1;14/01/17;Leganes;Ath Bilbao;0;0;D;0;0;D;15;10;5;2;20;11;4;8;3;3;0;0;3.25;3.1;2.38;3.29;3.13;2.37;2.53;1.51;1.86;2.0
SP1;15/01/17;Celta;Alaves;1;0;H;0;0;D;13;9;4;1;19;10;7;4;4;3;0;1;1.7;3.75;5.25;1.7;3.7;5.28;1.96;1.84;1.9;1.96
SP1;15/01/17;Granada;Osasuna;1;1;D;0;1;A;8;13;4;3;13;23;3;5;2;4;2;0;2.05;3.4;3.8;2.01;3.43;3.85;2.05;1.76;2.01;1.86
SP1;15/01/17;Sevilla;Real Madrid;2;1;H;0;0;D;9;10;4;3;13;10;6;1;3;1;0;0;3.6;3.8;1.95;3.62;3.8;1.97;1.47;2.63;1.9;1.97
SP1;15/01/17;Sp Gijon;Eibar;2;3;A;1;3;A;10;18;4;7;13;16;2;4;4;0;0;0;2.9;3.1;2.6;2.87;3.21;2.57;2.13;1.7;2.04;1.82
SP1;15/01/17;Valencia;Espanol;2;1;H;1;0;H;10;6;5;3;17;13;6;3;5;0;0;0;1.91;3.6;4.0;1.95;3.55;3.96;1.86;1.94;1.96;1.91
SP1;16/01/17;Malaga;Sociedad;0;2;A;0;0;D;5;11;1;5;22;12;8;8;0;2;0;0;2.4;3.3;3.0;2.46;3.28;2.97;1.97;1.82;2.1;1.79
SP1;20/01/17;Las Palmas;La Coruna;1;1;D;1;0;H;9;7;3;1;13;8;4;5;0;1;1;0;2.25;3.3;3.3;2.33;3.28;3.23;2.02;1.79;2.01;1.86
SP1;21/01/17;Alaves;Leganes;2;2;D;1;1;D;8;13;3;4;9;20;4;3;3;2;0;0;2.2;3.1;3.6;2.23;3.11;3.63;2.65;1.47;1.92;1.95
SP1;21/01/17;Espanol;Granada;3;1;H;2;1;H;17;7;8;4;19;17;10;5;0;3;0;0;1.57;4.0;6.0;1.6;3.86;6.15;2.07;1.75;2.1;1.78
SP1;21/01/17;Real Madrid;Malaga;2;1;H;2;0;H;14;10;7;6;7;20;5;4;2;3;0;0;1.13;10.0;17.0;1.13;9.4;18.15;1.24;3.91;1.97;1.88
SP1;21/01/17;Villarreal;Valencia;0;2;A;0;2;A;20;13;5;5;14;17;7;2;2;2;0;0;1.85;3.6;4.33;1.88;3.56;4.31;1.98;1.83;1.86;2.01
SP1;22/01/17;Ath Bilbao;Ath Madrid;2;2;D;1;1;D;8;11;5;5;12;9;2;6;2;3;0;0;4.0;3.2;2.05;3.86;3.26;2.08;2.35;1.58;1.8;2.08
SP1;22/01/17;Betis;Sp Gijon;0;0;D;0;0;D;16;7;4;1;14;20;9;5;2;2;0;0;1.73;3.6;5.25;1.71;3.65;5.33;2.13;1.7;2.3;1.64
SP1;22/01/17;Eibar;Barcelona;0;4;A;0;1;A;14;14;6;7;12;4;8;5;3;1;0;0;9.5;6.0;1.29;9.71;5.79;1.3;1.43;2.77;2.0;1.85
SP1;22/01/17;Osasuna;Sevilla;3;4;A;1;1;D;14;13;7;9;14;8;3;6;5;3;0;0;6.0;4.33;1.53;6.1;4.39;1.53;1.65;2.22;2.0;1.86
SP1;22/01/17;Sociedad;Celta;1;0;H;0;0;D;17;11;6;5;13;12;4;3;2;2;0;0;1.95;3.6;3.8;1.97;3.56;3.87;1.83;1.96;1.96;1.91
SP1;27/01/17;Osasuna;Malaga;1;1;D;0;0;D;14;14;2;5;9;16;4;6;1;0;0;0;2.88;3.3;2.5;2.91;3.3;2.52;2.06;1.76;2.08;1.8
SP1;28/01/17;Alaves;Ath Madrid;0;0;D;0;0;D;19;8;4;2;19;18;7;2;3;2;0;0;6.0;3.6;1.62;6.2;3.63;1.64;2.36;1.58;1.7;2.21
SP1;28/01/17;Eibar;La Coruna;3;1;H;2;1;H;12;20;6;7;14;7;9;10;0;2;0;0;2.1;3.25;3.75;2.16;3.28;3.58;2.2;1.66;1.84;2.03
SP1;28/01/17;Leganes;Celta;0;2;A;0;1;A;6;3;0;3;20;14;8;0;1;1;0;0;2.3;3.1;3.4;2.37;3.18;3.24;2.32;1.6;2.0;1.87
SP1;28/01/17;Villarreal;Granada;2;0;H;1;0;H;18;7;6;0;11;18;7;4;3;2;0;0;1.36;4.75;9.5;1.37;4.75;9.58;1.89;1.9;1.85;2.02
SP1;29/01/17;Ath Bilbao;Sp Gijon;2;1;H;0;1;A;11;5;6;3;11;22;5;0;4;3;0;0;1.36;4.75;9.5;1.34;4.96;9.98;1.76;2.05;2.0;1.85
SP1;29/01/17;Betis;Barcelona;1;1;D;0;0;D;17;10;7;4;17;12;8;2;2;3;0;0;12.0;6.0;1.25;11.49;6.08;1.26;1.4;2.85;2.11;1.76
SP1;29/01/17;Espanol;Sevilla;3;1;H;2;1;H;16;12;8;5;18;14;7;4;2;2;0;1;3.3;3.4;2.2;3.33;3.47;2.18;1.86;1.94;1.98;1.88
SP1;29/01/17;Real Madrid;Sociedad;3;0;H;1;0;H;7;9;4;3;16;11;0;3;2;1;0;1;1.25;6.5;10.0;1.25;6.43;10.79;1.33;3.26;2.14;1.74
SP1;30/01/17;Las Palmas;Valencia;3;1;H;1;1;D;9;8;4;3;17;13;6;3;1;3;0;1;2.5;3.4;2.8;2.51;3.4;2.8;1.79;2.01;1.83;2.02
SP1;04/02/17;Ath Madrid;Leganes;2;0;H;1;0;H;12;15;4;2;10;15;3;6;1;1;0;0;1.29;5.0;15.0;1.29;5.1;13.82;2.04;1.78;1.96;1.89
SP1;04/02/17;Barcelona;Ath Bilbao;3;0;H;2;0;H;16;10;6;5;11;18;7;3;1;3;0;0;1.22;6.5;13.0;1.24;6.56;11.97;1.32;3.3;2.02;1.84
SP1;04/02/17;Malaga;Espanol;0;1;A;0;1;A;19;4;5;3;9;18;17;2;1;4;0;0;2.1;3.4;3.6;2.15;3.33;3.57;2.17;1.69;1.85;2.02
SP1;04/02/17;Valencia;Eibar;0;4;A;0;2;A;8;11;1;7;12;10;2;6;2;1;1;0;1.91;3.6;4.0;1.91;3.64;4.05;1.8;2.01;1.91;1.96
SP1;05/02/17;Sevilla;Villarreal;0;0;D;0;0;D;14;11;4;4;14;16;9;0;2;2;0;0;1.6;3.8;6.0;1.65;3.93;5.36;1.75;2.07;1.82;2.05
SP1;05/02/17;Sociedad;Osasuna;3;2;H;0;1;A;13;11;6;5;6;22;3;2;2;2;0;0;1.3;5.25;11.0;1.33;5.13;10.07;1.65;2.22;1.95;1.9
SP1;05/02/17;Sp Gijon;Alaves;2;4;A;0;1;A;12;14;4;7;20;20;8;4;7;3;0;0;2.2;3.3;3.4;2.2;3.22;3.57;2.4;1.56;1.86;2.01
SP1;06/02/17;Granada;Las Palmas;1;0;H;1;0;H;12;15;4;5;27;9;6;5;5;3;0;0;3.0;3.4;2.38;3.03;3.35;2.39;1.95;1.85;1.82;2.05
SP1;10/02/17;Espanol;Sociedad;1;2;A;1;1;D;7;15;2;5;15;14;5;6;3;2;0;0;2.8;3.2;2.63;2.83;3.15;2.68;2.26;1.64;1.98;1.88
SP1;11/02/17;Alaves;Barcelona;0;6;A;0;2;A;9;21;4;9;16;9;3;9;1;3;0;0;10.0;5.5;1.3;10.05;5.36;1.32;1.61;2.32;1.94;1.91
SP1;11/02/17;Ath Bilbao;La Coruna;2;1;H;0;1;A;13;8;5;3;12;11;3;2;1;2;0;0;1.67;3.6;5.75;1.71;3.66;5.38;2.04;1.78;2.33;1.64
SP1;11/02/17;Betis;Valencia;0;0;D;0;0;D;16;8;2;4;15;17;4;6;4;3;0;0;2.5;3.25;2.9;2.49;3.29;2.95;1.96;1.85;1.78;2.11
SP1;11/02/17;Osasuna;Real Madrid;1;3;A;1;1;D;11;12;8;6;10;8;3;2;3;2;0;0;13.0;6.5;1.22;11.99;6.36;1.24;1.38;2.99;1.8;2.08
SP1;12/02/17;Ath Madrid;Celta;3;2;H;1;1;D;16;14;5;6;11;13;3;3;1;2;0;0;1.4;4.5;8.5;1.38;4.75;8.95;1.86;1.95;2.12;1.76
SP1;12/02/17;Las Palmas;Sevilla;0;1;A;0;0;D;15;12;7;3;15;16;1;4;2;4;0;0;3.3;3.6;2.1;3.25;3.55;2.19;1.69;2.16;1.97;1.9
SP1;12/02/17;Leganes;Sp Gijon;0;2;A;0;0;D;9;4;3;2;16;16;4;3;3;6;0;1;1.83;3.4;4.75;1.84;3.42;4.75;2.35;1.59;1.83;2.04
SP1;12/02/17;Villarreal;Malaga;1;1;D;0;1;A;12;11;5;5;14;12;9;9;0;5;1;0;1.8;3.5;4.75;1.8;3.61;4.72;2.02;1.79;2.48;1.57
SP1;13/02/17;Eibar;Granada;4;0;H;2;0;H;25;13;9;3;11;14;7;8;2;2;0;0;1.55;4.2;6.0;1.58;4.11;5.91;1.84;1.98;2.0;1.86
SP1;17/02/17;Granada;Betis;4;1;H;3;0;H;10;6;8;2;18;9;4;7;4;1;1;1;3.0;3.2;2.5;2.92;3.22;2.54;2.09;1.74;2.06;1.8
SP1;18/02/17;La Coruna;Alaves;0;1;A;0;0;D;16;6;4;4;13;13;10;6;5;3;0;0;2.0;3.1;4.2;2.01;3.26;4.1;2.4;1.57;2.0;1.94
SP1;18/02/17;Real Madrid;Espanol;2;0;H;1;0;H;12;3;3;1;12;13;13;2;3;4;0;0;1.14;8.0;21.0;1.17;7.55;16.32;1.36;3.08;2.0;1.85
SP1;18/02/17;Sevilla;Eibar;2;0;H;1;0;H;11;11;5;3;13;11;5;2;2;3;0;0;1.45;4.5;7.0;1.51;4.42;6.19;1.57;2.37;1.84;2.01
SP1;18/02/17;Sp Gijon;Ath Madrid;1;4;A;0;0;D;15;11;2;6;12;10;12;3;1;1;0;0;7.5;4.0;1.5;6.99;4.13;1.51;1.99;1.81;1.99;1.87
SP1;19/02/17;Barcelona;Leganes;2;1;H;1;0;H;13;11;6;6;8;18;4;4;1;3;0;0;1.07;11.0;41.0;1.08;11.36;28.52;1.32;3.35;1.98;1.86
SP1;19/02/17;Celta;Osasuna;3;0;H;1;0;H;11;8;4;3;14;18;3;5;1;0;0;0;1.57;4.2;5.5;1.58;4.08;5.81;1.76;2.06;2.01;1.84
SP1;19/02/17;Sociedad;Villarreal;0;1;A;0;0;D;16;7;0;3;8;19;7;4;2;4;0;0;1.95;3.3;4.2;1.93;3.41;4.24;2.17;1.68;1.91;1.94
SP1;19/02/17;Valencia;Ath Bilbao;2;0;H;2;0;H;15;15;5;5;17;11;3;1;0;1;0;0;2.3;3.25;3.25;2.32;3.32;3.15;1.96;1.85;1.98;1.88
SP1;20/02/17;Malaga;Las Palmas;2;1;H;2;1;H;13;13;6;4;23;14;2;6;3;3;1;0;1.95;3.5;4.0;1.96;3.46;4.0;1.95;1.84;1.68;1.89
SP1;22/02/17;Valencia;Real Madrid;2;1;H;2;1;H;8;22;5;5;12;18;3;11;5;2;0;0;6.0;4.33;1.53;5.67;4.4;1.56;1.49;2.58;1.95;1.91
SP1;24/02/17;Las Palmas;Sociedad;0;1;A;0;0;D;18;9;7;2;14;19;6;1;2;2;0;0;2.6;3.4;2.7;2.66;3.34;2.7;1.86;1.94;2.28;1.67
SP1;25/02/17;Alaves;Valencia;2;1;H;0;0;D;13;5;5;2;13;16;2;1;4;2;0;1;2.63;3.1;2.88;2.67;3.09;2.86;2.32;1.6;1.86;2.0
SP1;25/02/17;Betis;Sevilla;1;2;A;1;0;H;15;13;4;4;19;17;4;4;3;3;0;0;3.8;3.4;2.05;3.69;3.46;2.06;1.89;1.91;1.8;2.07
SP1;25/02/17;Eibar;Malaga;3;0;H;1;0;H;8;4;4;2;11;18;2;2;2;4;0;1;2.05;3.4;3.8;2.05;3.46;3.7;1.96;1.84;2.05;1.83
SP1;25/02/17;Leganes;La Coruna;4;0;H;2;0;H;7;11;5;3;18;13;2;7;2;5;0;1;2.4;3.1;3.2;2.5;3.07;3.11;2.61;1.48;2.11;1.78
SP1;26/02/17;Ath Bilbao;Granada;3;1;H;2;1;H;14;7;7;2;14;16;0;3;1;5;0;0;1.44;4.5;7.5;1.47;4.38;7.31;1.76;2.05;2.34;1.62
SP1;26/02/17;Ath Madrid;Barcelona;1;2;A;0;0;D;12;15;4;6;28;14;6;5;4;2;0;0;3.0;3.4;2.38;2.94;3.41;2.42;1.86;1.94;1.79;2.08
SP1;26/02/17;Espanol;Osasuna;3;0;H;1;0;H;18;4;6;1;11;10;10;2;1;4;0;1;1.67;3.8;5.5;1.66;3.72;5.75;2.11;1.72;2.18;1.71
SP1;26/02/17;Sp Gijon;Celta;1;1;D;0;0;D;20;16;6;5;9;17;7;5;2;4;1;0;2.63;3.4;2.63;2.69;3.28;2.7;2.0;1.81;1.92;1.93
SP1;26/02/17;Villarreal;Real Madrid;2;3;A;0;0;D;11;25;4;6;15;6;5;5;4;1;0;0;5.5;3.75;1.67;5.04;3.93;1.69;1.68;2.17;1.72;2.16
SP1;28/02/17;Malaga;Betis;1;2;A;1;0;H;15;11;4;5;8;16;7;5;3;5;0;0;1.95;3.5;4.0;1.94;3.42;4.19;2.22;1.65;1.94;1.93
SP1;28/02/17;Sociedad;Eibar;2;2;D;1;1;D;14;13;7;4;12;20;3;5;3;4;1;1;1.85;3.5;4.5;1.83;3.56;4.58;1.94;1.86;1.82;2.06
SP1;28/02/17;Valencia;Leganes;1;0;H;1;0;H;16;3;6;0;12;26;7;3;3;2;0;1;1.75;3.6;5.0;1.77;3.53;5.02;2.14;1.7;2.48;1.56
SP1;01/03/17;Barcelona;Sp Gijon;6;1;H;3;1;H;25;5;9;2;14;12;10;3;1;3;0;0;1.05;15.0;41.0;1.06;13.63;30.72;1.16;5.02;1.8;2.07
SP1;01/03/17;Celta;Espanol;2;2;D;2;2;D;8;8;4;2;16;8;1;3;2;2;1;0;1.91;3.4;4.33;1.93;3.42;4.21;2.05;1.76;1.91;1.95
SP1;01/03/17;Granada;Alaves;2;1;H;1;0;H;13;11;6;5;19;15;4;4;6;4;0;2;2.63;3.2;2.8;2.68;3.1;2.81;2.41;1.56;1.89;1.98
SP1;01/03/17;Osasuna;Villarreal;1;4;A;0;2;A;17;12;3;6;10;13;8;2;3;3;0;0;3.8;3.4;2.05;3.8;3.33;2.07;2.19;1.67;1.81;2.07
SP1;01/03/17;Real Madrid;Las Palmas;3;3;D;1;1;D;20;17;7;8;15;16;7;4;4;3;1;0;1.13;9.0;21.0;1.14;8.77;17.82;1.23;4.03;2.01;1.85
SP1;02/03/17;La Coruna;Ath Madrid;1;1;D;1;0;H;13;10;2;4;14;10;7;2;2;1;0;0;5.5;3.75;1.65;5.59;3.62;1.69;2.17;1.68;1.66;2.27
SP1;02/03/17;Sevilla;Ath Bilbao;1;0;H;1;0;H;14;14;4;4;16;10;6;9;6;2;0;0;1.67;3.8;5.25;1.67;3.89;5.14;1.74;2.08;1.66;2.28
SP1;03/03/17;Betis;Sociedad;2;3;A;1;2;A;12;9;5;6;18;15;7;6;4;2;0;0;2.6;3.2;2.88;2.61;3.1;2.95;2.3;1.62;2.2;1.72
SP1;04/03/17;Barcelona;Celta;5;0;H;2;0;H;19;7;9;2;10;16;10;1;1;3;0;0;1.13;8.5;23.0;1.14;9.08;17.88;1.2;4.33;1.91;1.96
SP1;04/03/17;Eibar;Real Madrid;1;4;A;0;3;A;12;12;2;7;13;14;4;4;1;1;0;0;5.0;4.0;1.67;5.03;3.99;1.68;1.6;2.32;1.75;2.14
SP1;04/03/17;Leganes;Granada;1;0;H;0;0;D;16;1;4;1;17;19;7;4;3;2;0;0;1.8;3.4;5.0;1.81;3.41;5.0;2.41;1.56;1.81;2.08
SP1;04/03/17;Villarreal;Espanol;2;0;H;1;0;H;11;8;6;2;13;18;1;1;2;2;0;0;1.73;3.6;5.25;1.76;3.57;5.12;2.23;1.65;2.0;1.87
SP1;05/03/17;Ath Bilbao;Malaga;1;0;H;0;0;D;15;8;3;2;13;18;8;2;3;5;0;0;1.75;3.6;5.0;1.8;3.62;4.66;1.92;1.88;2.44;1.57
SP1;05/03/17;Ath Madrid;Valencia;3;0;H;1;0;H;18;6;8;2;17;9;6;2;1;2;0;0;1.44;4.5;7.5;1.47;4.46;7.05;1.73;2.09;1.79;2.09
SP1;05/03/17;Las Palmas;Osasuna;5;2;H;1;2;A;16;10;8;4;7;21;5;1;4;4;0;0;1.57;4.0;6.0;1.59;4.12;5.75;1.74;2.08;2.0;1.86
SP1;05/03/17;Sp Gijon;La Coruna;0;1;A;0;1;A;9;7;2;3;11;13;6;4;4;5;0;0;2.6;3.2;2.88;2.59;3.23;2.84;2.06;1.76;1.85;2.01
SP1;06/03/17;Alaves;Sevilla;1;1;D;0;1;A;18;9;4;1;12;16;2;2;2;5;0;0;4.1;3.4;1.95;4.0;3.4;1.98;2.06;1.75;1.88;1.99
SP1;08/03/17;La Coruna;Betis;1;1;D;0;0;D;15;5;5;3;22;17;6;4;4;7;0;0;2.15;3.2;3.7;2.09;3.27;3.77;2.29;1.62;1.78;2.1
SP1;10/03/17;Espanol;Las Palmas;4;3;H;2;1;H;12;12;6;5;18;12;2;5;2;4;0;0;2.2;3.4;3.3;2.22;3.34;3.38;1.98;1.83;1.91;1.96
SP1;11/03/17;Granada;Ath Madrid;0;1;A;0;0;D;12;15;2;6;14;15;4;9;3;3;1;0;7.5;4.0;1.5;7.25;4.16;1.5;1.92;1.87;2.05;1.82
SP1;11/03/17;Malaga;Alaves;1;2;A;0;1;A;15;4;9;2;17;13;5;3;2;1;0;1;2.0;3.3;4.0;2.0;3.28;4.13;2.28;1.62;1.71;2.19
SP1;11/03/17;Sevilla;Leganes;1;1;D;1;1;D;12;12;4;4;20;20;4;1;2;3;0;0;1.36;4.75;8.0;1.4;4.57;8.58;1.87;1.93;1.95;1.91
SP1;11/03/17;Valencia;Sp Gijon;1;1;D;0;0;D;20;10;7;4;15;20;7;9;3;5;0;0;1.5;4.33;6.5;1.48;4.49;6.75;1.64;2.24;1.77;2.1
SP1;12/03/17;Celta;Villarreal;0;1;A;0;1;A;12;8;1;4;8;11;4;3;4;5;0;0;2.75;3.2;2.75;2.75;3.19;2.7;2.13;1.7;1.94;1.91
SP1;12/03/17;La Coruna;Barcelona;2;1;H;1;0;H;14;16;9;5;7;8;4;8;2;0;0;0;13.0;6.5;1.22;12.41;6.55;1.23;1.39;2.95;1.84;2.01
SP1;12/03/17;Real Madrid;Betis;2;1;H;1;1;D;14;9;4;4;8;21;8;4;1;0;0;1;1.13;9.0;21.0;1.12;9.24;21.5;1.29;3.57;1.96;1.89
SP1;12/03/17;Sociedad;Ath Bilbao;0;2;A;0;1;A;16;9;4;5;15;22;8;3;3;6;0;0;2.1;3.3;3.5;2.16;3.34;3.5;2.07;1.75;1.86;2.01
SP1;13/03/17;Osasuna;Eibar;1;1;D;0;0;D;10;14;6;7;15;14;6;6;4;4;0;0;3.6;3.4;2.1;3.57;3.49;2.08;1.84;1.96;2.08;1.8
SP1;17/03/17;Las Palmas;Villarreal;1;0;H;1;0;H;19;8;10;3;14;14;8;5;2;2;0;1;2.55;3.4;2.75;2.58;3.44;2.72;1.76;2.07;1.88;1.98
SP1;18/03/17;Alaves;Sociedad;1;0;H;1;0;H;10;10;5;2;14;13;5;8;3;3;0;1;2.55;3.2;2.9;2.62;3.12;2.9;2.35;1.58;1.83;2.03
SP1;18/03/17;Ath Bilbao;Real Madrid;1;2;A;0;1;A;12;9;5;4;1;4;5;5;1;4;0;0;5.0;4.0;1.67;4.85;4.02;1.69;1.58;2.35;1.71;2.18
SP1;18/03/17;Betis;Osasuna;2;0;H;2;0;H;9;13;5;5;12;15;5;0;0;3;0;0;1.44;4.33;8.0;1.47;4.41;7.15;1.78;2.03;1.78;2.08
SP1;18/03/17;Eibar;Espanol;1;1;D;1;0;H;16;4;4;1;12;13;6;2;2;4;0;0;1.91;3.5;4.2;1.91;3.48;4.23;2.07;1.75;1.91;1.96
SP1;19/03/17;Ath Madrid;Sevilla;3;1;H;1;0;H;15;9;8;2;16;14;2;2;4;3;0;0;1.67;3.8;5.25;1.66;3.89;5.3;1.82;1.97;1.85;2.01
SP1;19/03/17;Barcelona;Valencia;4;2;H;2;2;D;28;6;12;5;4;12;6;3;3;4;0;1;1.13;9.5;19.0;1.13;9.58;18.03;1.2;4.32;1.87;1.98
SP1;19/03/17;La Coruna;Celta;0;1;A;0;0;D;9;9;2;2;21;12;3;1;4;4;0;0;2.2;3.3;3.4;2.17;3.32;3.48;2.11;1.72;1.86;2.01
SP1;19/03/17;Leganes;Malaga;0;0;D;0;0;D;14;8;2;1;11;16;6;7;4;2;0;0;2.4;3.0;3.3;2.42;3.05;3.26;2.49;1.52;2.03;1.83
SP1;19/03/17;Sp Gijon;Granada;3;1;H;0;0;D;15;12;11;5;12;14;6;3;2;4;0;0;2.0;3.5;3.8;2.02;3.46;3.75;1.89;1.91;1.75;2.13
SP1;31/03/17;Espanol;Betis;2;1;H;0;0;D;8;10;5;3;16;14;4;4;3;2;0;0;2.3;3.2;3.3;2.33;3.16;3.34;2.3;1.61;2.0;1.87
SP1;01/04/17;Malaga;Ath Madrid;0;2;A;0;1;A;21;7;5;6;9;11;6;0;2;2;0;0;5.25;3.5;1.75;5.11;3.6;1.74;2.14;1.7;1.89;1.98
SP1;01/04/17;Osasuna;Ath Bilbao;1;2;A;0;2;A;8;9;6;4;19;9;6;3;4;2;0;0;6.0;4.0;1.57;5.73;4.08;1.6;1.76;2.05;1.82;2.04
SP1;01/04/17;Sociedad;Leganes;1;1;D;0;1;A;14;6;5;3;10;16;7;0;2;3;0;0;1.75;3.4;5.5;1.77;3.44;5.25;2.36;1.58;1.78;2.1
SP1;01/04/17;Villarreal;Eibar;2;3;A;1;0;H;15;14;7;4;9;10;11;5;4;3;0;0;1.85;3.6;4.33;1.86;3.57;4.33;1.97;1.83;1.88;1.99
SP1;02/04/17;Granada;Barcelona;1;4;A;0;1;A;7;26;5;13;15;10;1;9;1;3;1;0;13.0;7.5;1.2;13.91;7.21;1.19;1.3;3.46;2.05;1.82
SP1;02/04/17;Real Madrid;Alaves;3;0;H;1;0;H;18;12;6;3;12;16;3;3;0;2;0;0;1.11;10.0;19.0;1.13;9.39;19.39;1.28;3.65;1.95;1.9
SP1;02/04/17;Sevilla;Sp Gijon;0;0;D;0;0;D;18;8;6;2;17;13;9;5;3;4;0;0;1.33;5.5;8.5;1.33;5.52;8.63;1.44;2.72;1.94;1.92
SP1;02/04/17;Valencia;La Coruna;3;0;H;2;0;H;14;13;8;5;17;13;3;6;3;1;0;0;1.85;3.4;4.75;1.85;3.6;4.36;1.92;1.88;2.09;1.78
SP1;03/04/17;Celta;Las Palmas;3;1;H;2;0;H;13;12;6;5;15;10;4;6;3;3;0;0;1.95;3.5;3.8;1.95;3.6;3.83;1.72;2.1;1.93;1.93
SP1;04/04/17;Ath Bilbao;Espanol;2;0;H;2;0;H;13;5;5;2;19;16;5;1;1;3;0;0;1.5;4.2;7.0;1.52;4.12;6.98;2.02;1.79;1.89;1.97
SP1;04/04/17;Ath Madrid;Sociedad;1;0;H;1;0;H;20;10;8;1;18;13;6;4;0;4;0;0;1.36;4.75;9.5;1.38;4.68;9.16;1.86;1.94;1.89;1.97
SP1;04/04/17;Betis;Villarreal;0;1;A;0;0;D;15;6;3;2;12;15;5;2;2;2;0;0;2.75;3.2;2.7;2.73;3.17;2.75;2.18;1.67;1.93;1.93
SP1;05/04/17;Alaves;Osasuna;0;1;A;0;0;D;15;7;3;6;20;12;5;1;5;1;0;0;1.44;4.5;7.0;1.44;4.44;7.75;1.86;1.94;1.72;2.17
SP1;05/04/17;Barcelona;Sevilla;3;0;H;3;0;H;15;7;7;3;16;13;4;4;4;2;0;1;1.22;7.0;11.0;1.25;6.71;10.58;1.22;4.22;1.97;1.88
SP1;05/04/17;La Coruna;Granada;0;0;D;0;0;D;12;10;3;2;14;10;6;3;1;4;0;0;1.55;4.0;6.5;1.6;3.94;5.89;1.87;1.92;2.05;1.82
SP1;05/04/17;Leganes;Real Madrid;2;4;A;2;3;A;14;18;3;8;14;16;4;4;2;1;0;0;8.0;5.25;1.33;8.87;5.1;1.35;1.61;2.29;1.82;2.04
SP1;05/04/17;Sp Gijon;Malaga;0;1;A;0;1;A;14;11;5;3;12;18;7;1;2;5;0;0;2.8;3.25;2.6;2.71;3.31;2.66;1.93;1.87;1.96;1.9
SP1;06/04/17;Eibar;Las Palmas;3;1;H;2;0;H;11;8;6;6;14;12;9;2;2;5;0;0;1.85;3.75;4.2;1.84;3.75;4.16;1.7;2.14;1.83;2.04
SP1;06/04/17;Valencia;Celta;3;2;H;1;1;D;15;12;10;3;16;9;6;2;1;1;0;0;2.0;3.5;3.75;2.01;3.51;3.73;1.83;1.97;2.0;1.87
SP1;07/04/17;Villarreal;Ath Bilbao;3;1;H;1;1;D;10;11;5;5;16;16;4;5;6;3;1;0;2.15;3.2;3.6;2.26;3.23;3.39;2.11;1.72;1.94;1.94
SP1;08/04/17;Espanol;Alaves;1;0;H;0;0;D;15;9;6;0;11;13;5;3;3;3;0;0;2.1;3.1;3.8;2.21;3.16;3.57;2.47;1.53;1.91;1.96
SP1;08/04/17;Malaga;Barcelona;2;0;H;1;0;H;8;11;4;3;26;20;2;3;4;3;0;1;8.0;5.25;1.36;8.65;5.24;1.35;1.48;2.6;1.9;1.96
SP1;08/04/17;Real Madrid;Ath Madrid;1;1;D;0;0;D;20;10;6;4;12;13;6;2;2;3;0;0;1.8;3.8;4.33;1.79;3.72;4.53;1.75;2.07;2.39;1.61
SP1;08/04/17;Sevilla;La Coruna;4;2;H;3;2;H;19;9;13;4;19;15;4;2;3;3;0;0;1.5;4.33;6.5;1.53;4.21;6.37;1.74;2.08;1.89;1.98
SP1;09/04/17;Celta;Eibar;0;2;A;0;1;A;12;11;3;6;10;16;0;3;1;3;0;0;2.25;3.4;3.25;2.31;3.35;3.16;1.88;1.92;1.97;1.9
SP1;09/04/17;Granada;Valencia;1;3;A;0;2;A;21;17;5;8;9;13;5;2;2;2;0;0;3.5;3.4;2.1;3.37;3.51;2.14;1.75;2.07;2.02;1.85
SP1;09/04/17;Las Palmas;Betis;4;1;H;1;0;H;9;13;6;5;16;18;2;6;3;4;0;0;2.1;3.5;3.5;2.1;3.47;3.51;1.79;2.02;1.82;2.06
SP1;09/04/17;Osasuna;Leganes;2;1;H;1;1;D;11;17;6;2;14;14;4;8;3;4;0;0;3.8;3.3;2.05;3.72;3.22;2.13;2.35;1.59;2.04;1.84
SP1;10/04/17;Sociedad;Sp Gijon;3;1;H;2;0;H;20;10;7;3;20;19;7;4;1;5;0;0;1.44;4.75;7.0;1.46;4.52;6.89;1.68;2.17;2.3;1.64
SP1;14/04/17;Ath Bilbao;Las Palmas;5;1;H;3;1;H;18;8;7;2;22;10;14;5;1;2;0;0;1.44;4.5;7.5;1.48;4.49;6.61;1.57;2.39;1.78;2.09
SP1;15/04/17;Ath Madrid;Osasuna;3;0;H;1;0;H;19;3;8;0;11;14;5;2;1;5;0;0;1.14;8.0;15.0;1.16;7.34;18.12;1.56;2.39;1.91;1.96
SP1;15/04/17;Barcelona;Sociedad;3;2;H;3;2;H;16;14;9;7;15;17;5;4;3;2;0;0;1.17;6.5;17.0;1.21;6.84;13.28;1.36;3.09;1.99;1.87
SP1;15/04/17;La Coruna;Malaga;2;0;H;0;0;D;11;11;4;3;15;17;1;4;3;4;0;0;2.25;3.2;3.25;2.26;3.28;3.29;2.12;1.71;1.95;1.92
SP1;15/04/17;Sp Gijon;Real Madrid;2;3;A;1;1;D;4;18;2;6;17;12;4;8;5;1;0;0;6.5;5.0;1.4;6.95;4.88;1.42;1.44;2.69;1.75;2.12
SP1;16/04/17;Betis;Eibar;2;0;H;1;0;H;6;10;4;3;15;19;4;6;4;4;0;0;2.7;3.2;2.63;2.64;3.3;2.71;1.95;1.85;1.9;1.96
SP1;16/04/17;Granada;Celta;0;3;A;0;1;A;17;15;4;4;17;9;8;1;5;2;0;0;2.8;3.3;2.45;2.74;3.41;2.55;1.85;1.96;1.99;1.87
SP1;16/04/17;Leganes;Espanol;0;1;A;0;0;D;15;7;5;2;20;14;5;1;1;1;0;0;2.0;3.2;4.0;2.1;3.15;3.88;2.58;1.49;1.78;2.11
SP1;16/04/17;Valencia;Sevilla;0;0;D;0;0;D;14;10;3;2;19;20;4;2;3;2;0;0;2.55;3.2;2.75;2.54;3.5;2.69;1.6;2.33;1.87;2.0
SP1;17/04/17;Alaves;Villarreal;2;1;H;2;0;H;11;11;5;5;8;13;5;11;2;4;0;0;3.0;3.0;2.55;2.92;3.08;2.59;2.45;1.54;2.04;1.82
SP1;21/04/17;Sevilla;Granada;2;0;H;1;0;H;28;9;12;2;18;11;7;2;1;2;0;0;1.17;8.0;15.0;1.17;7.88;15.45;1.29;3.49;1.95;1.92
SP1;22/04/17;Espanol;Ath Madrid;0;1;A;0;0;D;10;13;2;3;13;10;5;3;3;2;0;0;5.0;3.6;1.75;5.09;3.6;1.74;2.14;1.7;1.91;1.95
SP1;22/04/17;Malaga;Valencia;2;0;H;2;0;H;10;13;4;2;16;13;7;6;3;3;0;0;2.2;3.4;3.3;2.24;3.44;3.21;1.81;2.0;1.91;1.96
SP1;22/04/17;Osasuna;Sp Gijon;2;2;D;1;0;H;7;12;1;4;25;10;1;5;3;4;0;0;2.5;3.4;2.8;2.5;3.44;2.78;1.77;2.04;2.16;1.74
SP1;22/04/17;Villarreal;Leganes;2;1;H;0;0;D;11;8;5;4;9;19;3;8;1;3;0;0;1.67;3.6;5.75;1.67;3.6;5.78;2.24;1.64;2.26;1.67
SP1;23/04/17;Celta;Betis;0;1;A;0;0;D;8;17;4;6;16;15;5;6;3;5;0;0;2.05;3.4;3.75;2.07;3.4;3.69;1.91;1.88;2.07;1.81
SP1;23/04/17;Las Palmas;Alaves;1;1;D;1;0;H;14;12;3;5;16;14;3;9;4;1;1;0;2.0;3.5;3.8;2.0;3.52;3.76;1.88;1.92;1.72;2.17
SP1;23/04/17;Real Madrid;Barcelona;2;3;A;1;1;D;22;16;14;9;13;8;7;4;2;2;1;0;2.05;4.0;3.2;2.09;3.86;3.23;1.38;2.98;2.07;1.81
SP1;23/04/17;Sociedad;La Coruna;1;0;H;1;0;H;17;5;3;1;16;16;11;1;1;3;0;0;1.57;4.0;6.0;1.6;3.96;5.77;1.82;1.99;2.04;1.83
SP1;24/04/17;Eibar;Ath Bilbao;0;1;A;0;0;D;7;9;2;3;15;9;5;5;4;2;1;0;2.6;3.3;2.75;2.54;3.31;2.81;1.9;1.9;1.6;2.39
SP1;25/04/17;Ath Madrid;Villarreal;0;1;A;0;0;D;23;6;9;2;15;16;5;1;2;6;0;0;1.4;4.1;9.0;1.44;4.24;8.54;2.07;1.75;1.75;2.13
SP1;25/04/17;Granada;Malaga;0;2;A;0;0;D;3;17;1;6;22;13;2;4;5;0;0;0;3.9;3.5;1.95;3.67;3.57;2.02;1.74;2.08;2.12;1.76
SP1;25/04/17;Sp Gijon;Espanol;1;1;D;1;0;H;16;14;6;5;9;11;7;2;1;2;0;0;2.05;3.4;3.6;2.14;3.39;3.48;1.98;1.82;1.87;2.0
SP1;26/04/17;Barcelona;Osasuna;7;1;H;2;0;H;19;3;9;2;3;7;10;1;0;0;0;0;1.02;17.0;34.0;1.04;18.07;38.59;1.09;6.75;1.75;2.13
SP1;26/04/17;La Coruna;Real Madrid;2;6;A;1;3;A;19;22;7;11;12;5;4;5;3;1;0;0;8.0;4.75;1.4;7.65;4.93;1.4;1.44;2.7;1.79;2.07
SP1;26/04/17;Leganes;Las Palmas;3;0;H;0;0;D;16;7;5;0;14;17;6;3;1;0;0;0;1.73;3.6;4.75;1.71;3.78;5.05;1.87;1.92;1.7;2.23
SP1;26/04/17;Valencia;Sociedad;2;3;A;0;2;A;14;8;3;2;15;21;2;3;4;3;0;0;2.6;3.4;2.7;2.57;3.51;2.67;1.63;2.26;2.23;1.7
SP1;27/04/17;Alaves;Eibar;0;0;D;0;0;D;14;6;4;4;13;14;3;2;4;2;0;1;2.75;3.2;2.7;2.68;3.2;2.74;2.15;1.69;2.29;1.66
SP1;27/04/17;Ath Bilbao;Betis;2;1;H;0;0;D;18;9;9;3;10;17;11;1;1;3;0;0;1.4;4.5;9.0;1.36;4.93;8.89;1.62;2.27;2.03;1.83
SP1;27/04/17;Sevilla;Celta;2;1;H;0;0;D;16;10;5;1;20;18;5;1;1;2;0;1;1.33;5.5;8.0;1.35;5.3;8.3;1.39;2.88;1.98;1.88
SP1;28/04/17;Villarreal;Sp Gijon;3;1;H;1;0;H;18;14;6;7;9;10;4;7;2;1;0;0;1.4;4.75;8.0;1.42;4.78;7.33;1.58;2.34;2.16;1.73
SP1;29/04/17;Espanol;Barcelona;0;3;A;0;0;D;6;15;3;9;19;18;4;5;3;0;0;0;15.0;7.5;1.18;14.57;7.13;1.19;1.36;3.03;2.01;1.85
SP1;29/04/17;Las Palmas;Ath Madrid;0;5;A;0;3;A;15;8;3;7;6;13;7;1;4;4;1;0;5.25;3.6;1.73;4.79;3.86;1.72;1.81;1.99;1.95;1.92
SP1;29/04/17;Real Madrid;Valencia;2;1;H;1;0;H;20;9;5;2;13;10;2;3;3;4;0;0;1.17;9.0;13.0;1.17;8.52;12.9;1.12;5.75;1.94;1.93
SP1;29/04/17;Sociedad;Granada;2;1;H;1;0;H;13;5;5;3;14;16;7;1;0;3;0;0;1.17;7.5;17.0;1.16;7.64;16.89;1.36;3.04;1.99;1.89
SP1;30/04/17;Betis;Alaves;1;4;A;1;0;H;11;9;3;5;14;16;4;0;1;5;0;0;2.1;3.2;3.8;2.17;3.17;3.61;2.44;1.53;1.86;2.01
SP1;30/04/17;Celta;Ath Bilbao;0;3;A;0;1;A;5;22;0;12;8;11;0;11;1;1;0;0;4.5;3.7;1.8;4.44;3.63;1.81;1.91;1.88;1.84;2.04
SP1;30/04/17;Eibar;Leganes;2;0;H;0;0;D;9;12;5;1;12;9;2;11;1;1;0;0;2.1;3.3;3.75;2.14;3.22;3.62;2.25;1.63;1.86;2.01
SP1;30/04/17;Osasuna;La Coruna;2;2;D;1;1;D;16;15;5;5;9;11;7;7;2;3;0;0;3.9;3.6;1.95;3.72;3.53;2.0;1.83;1.97;1.88;1.99
SP1;01/05/17;Malaga;Sevilla;4;2;H;1;1;D;11;9;5;4;14;18;1;3;3;5;0;0;4.0;3.6;1.91;3.73;3.68;1.96;1.61;2.27;1.9;1.96
SP1;05/05/17;Sevilla;Sociedad;1;1;D;1;0;H;11;9;3;3;20;10;10;3;4;3;0;1;1.62;4.0;5.5;1.62;4.2;5.26;1.56;2.4;2.03;1.84
SP1;06/05/17;Ath Madrid;Eibar;1;0;H;0;0;D;14;7;5;3;6;10;6;5;3;3;1;0;1.3;5.25;11.0;1.3;5.19;11.81;1.84;1.96;1.95;1.91
SP1;06/05/17;Barcelona;Villarreal;4;1;H;2;1;H;20;8;8;4;10;13;4;3;2;4;0;0;1.14;8.5;17.0;1.16;8.13;15.89;1.23;3.99;2.08;1.79
SP1;06/05/17;Granada;Real Madrid;0;4;A;0;4;A;13;16;3;8;14;8;6;3;1;0;0;0;21.0;9.0;1.13;21.03;9.77;1.12;1.17;4.8;2.1;1.77
SP1;06/05/17;Sp Gijon;Las Palmas;1;0;H;0;0;D;16;8;3;2;19;15;5;4;4;3;0;0;1.5;4.75;5.5;1.55;4.63;5.38;1.43;2.73;1.87;1.99
SP1;07/05/17;Alaves;Ath Bilbao;1;0;H;0;0;D;9;20;3;6;14;11;3;10;1;4;0;0;4.75;3.5;1.8;4.67;3.56;1.81;2.08;1.73;1.8;2.08
SP1;07/05/17;La Coruna;Espanol;1;2;A;0;2;A;21;9;5;3;10;14;12;4;1;2;0;0;2.0;3.4;4.0;2.03;3.41;3.79;2.06;1.75;2.03;1.84
SP1;07/05/17;Malaga;Celta;3;0;H;1;0;H;14;5;8;2;13;18;2;1;2;4;0;0;1.4;4.5;7.5;1.42;4.66;7.59;1.73;2.09;1.96;1.92
SP1;07/05/17;Valencia;Osasuna;4;1;H;2;0;H;19;9;8;4;15;11;9;2;3;2;0;0;1.22;6.5;13.0;1.23;6.57;12.01;1.37;3.0;2.06;1.81
SP1;08/05/17;Leganes;Betis;4;0;H;2;0;H;6;13;4;3;18;13;2;2;3;0;0;0;1.65;3.8;5.75;1.67;3.73;5.45;2.09;1.72;1.89;1.98
SP1;13/05/17;Espanol;Valencia;0;1;A;0;0;D;15;9;3;3;19;14;7;2;0;4;0;0;2.4;3.3;3.0;2.36;3.42;3.01;1.73;2.08;2.05;1.83
SP1;13/05/17;Osasuna;Granada;2;1;H;1;1;D;19;9;7;3;11;9;8;3;1;3;0;0;1.8;3.8;4.33;1.76;3.84;4.5;1.61;2.28;1.95;1.91
SP1;14/05/17;Alaves;Celta;3;1;H;3;0;H;11;15;4;4;11;13;4;4;1;3;0;0;1.8;3.4;5.0;1.76;3.58;4.94;2.11;1.72;1.99;1.87
SP1;14/05/17;Ath Bilbao;Leganes;1;1;D;1;0;H;15;5;6;2;12;8;10;1;2;7;0;0;1.44;4.2;8.5;1.42;4.5;8.12;1.87;1.93;1.97;1.9
SP1;14/05/17;Betis;Ath Madrid;1;1;D;0;0;D;13;5;5;2;7;16;3;5;4;4;0;0;7.0;3.75;1.57;6.05;3.9;1.59;2.04;1.76;1.8;2.07
SP1;14/05/17;Eibar;Sp Gijon;0;1;A;0;1;A;10;11;2;4;9;10;5;6;2;2;0;0;2.0;3.75;3.5;2.0;3.89;3.44;1.56;2.41;1.98;1.9
SP1;14/05/17;Las Palmas;Barcelona;1;4;A;0;2;A;11;11;5;5;13;15;3;6;0;1;0;0;26.0;11.0;1.08;20.72;10.9;1.1;1.11;6.35;1.91;1.95
SP1;14/05/17;Real Madrid;Sevilla;4;1;H;2;0;H;14;11;7;6;14;19;4;5;4;2;0;0;1.17;8.0;15.0;1.19;8.0;12.02;1.15;5.05;1.98;1.88
SP1;14/05/17;Sociedad;Malaga;2;2;D;1;1;D;15;9;5;4;10;16;9;3;1;2;0;0;1.53;4.1;6.5;1.56;4.22;5.88;1.6;2.31;1.95;1.91
SP1;14/05/17;Villarreal;La Coruna;0;0;D;0;0;D;21;3;4;1;15;21;11;3;2;4;0;0;1.5;4.33;6.5;1.54;4.28;6.02;1.64;2.22;1.91;1.96
SP1;17/05/17;Celta;Real Madrid;1;4;A;0;1;A;17;13;6;8;17;9;4;6;4;2;1;0;13.0;7.0;1.2;11.67;7.06;1.22;1.21;4.25;2.02;1.85
SP1;19/05/17;Granada;Espanol;1;2;A;1;2;A;16;5;7;3;12;9;3;3;0;3;0;0;4.5;4.0;1.73;4.46;3.87;1.77;1.72;2.12;1.86;2.0
SP1;20/05/17;La Coruna;Las Palmas;3;0;H;3;0;H;9;13;5;4;25;14;0;9;4;2;0;1;1.73;4.0;4.5;1.73;4.04;4.43;1.52;2.49;1.93;1.94
SP1;20/05/17;Leganes;Alaves;1;1;D;0;0;D;15;17;4;5;9;14;8;4;0;1;0;0;2.1;3.25;3.75;2.08;3.36;3.67;2.11;1.72;2.07;1.82
SP1;20/05/17;Sevilla;Osasuna;5;0;H;3;0;H;17;5;7;2;11;8;1;1;3;1;0;0;1.14;9.0;17.0;1.14;8.69;16.85;1.22;4.06;2.01;1.85
SP1;20/05/17;Sp Gijon;Betis;2;2;D;1;1;D;11;21;5;9;15;14;2;3;0;2;0;0;2.5;3.4;2.8;2.47;3.44;2.81;1.71;2.13;1.81;2.06
SP1;21/05/17;Ath Madrid;Ath Bilbao;3;1;H;2;0;H;12;16;4;1;13;11;2;5;2;0;0;0;2.0;3.5;3.8;2.0;3.48;3.74;1.92;1.87;2.0;1.88
SP1;21/05/17;Barcelona;Eibar;4;2;H;0;1;A;18;6;11;4;3;16;10;4;1;2;0;1;1.05;15.0;34.0;1.05;13.82;35.35;1.15;5.22;1.91;1.95
SP1;21/05/17;Celta;Sociedad;2;2;D;0;0;D;13;18;5;8;8;17;3;7;2;1;0;0;4.75;3.75;1.75;4.45;3.8;1.77;1.7;2.13;1.88;1.98
SP1;21/05/17;Malaga;Real Madrid;0;2;A;0;1;A;22;16;6;8;6;9;9;7;2;0;0;0;11.0;7.0;1.22;10.69;6.84;1.23;1.22;4.15;1.86;2.01
SP1;21/05/17;Valencia;Villarreal;1;3;A;0;1;A;16;14;5;6;15;10;9;0;2;2;0;0;3.1;3.4;2.3;3.0;3.51;2.3;1.69;2.13;1.87;1.99
SP1;18/08/17;Leganes;Alaves;1;0;H;1;0;H;16;6;9;3;14;18;4;2;0;1;0;0;2.05;3.2;4.1;2.03;3.15;4.17;2.68;1.46;2.03;1.86
SP1;18/08/17;Valencia;Las Palmas;1;0;H;1;0;H;22;5;6;4;25;13;5;2;3;3;0;1;1.75;3.8;4.5;1.77;3.86;4.46;1.64;2.27;1.97;1.91
SP1;19/08/17;Celta;Sociedad;2;3;A;1;1;D;16;13;5;6;12;11;5;4;3;1;0;0;2.38;3.25;3.2;2.39;3.32;3.01;1.98;1.84;2.05;1.83
SP1;19/08/17;Girona;Ath Madrid;2;2;D;2;0;H;13;9;6;3;15;15;6;0;2;4;0;1;8.0;4.33;1.45;7.53;4.17;1.48;2.11;1.74;1.75;2.16
SP1;19/08/17;Sevilla;Espanol;1;1;D;1;1;D;9;9;4;6;14;12;7;3;2;4;1;0;1.62;4.0;5.5;1.63;3.93;5.58;1.75;2.09;2.06;1.82
SP1;20/08/17;Ath Bilbao;Getafe;0;0;D;0;0;D;12;8;2;2;16;15;7;6;1;3;0;1;1.5;4.0;7.5;1.5;4.17;6.94;1.94;1.87;1.86;2.01
SP1;20/08/17;Barcelona;Betis;2;0;H;2;0;H;15;3;2;0;16;15;8;0;2;1;0;0;1.17;8.0;15.0;1.19;7.11;13.85;1.4;2.88;2.0;1.86
SP1;20/08/17;La Coruna;Real Madrid;0;3;A;0;2;A;12;16;6;8;16;12;4;4;5;1;0;1;9.5;5.75;1.3;9.68;5.44;1.31;1.46;2.64;1.98;1.89
SP1;21/08/17;Levante;Villarreal;1;0;H;0;0;D;14;9;3;1;18;14;11;6;1;3;0;0;3.25;3.25;2.3;3.26;3.17;2.31;2.36;1.58;1.89;1.98
SP1;21/08/17;Malaga;Eibar;0;1;A;0;0;D;10;13;4;6;16;15;3;7;2;3;0;0;2.1;3.3;3.7;2.18;3.26;3.43;2.14;1.7;1.88;1.99
SP1;25/08/17;Betis;Celta;2;1;H;1;1;D;10;9;3;2;13;9;4;6;2;2;0;0;2.2;3.4;3.4;2.25;3.37;3.25;1.97;1.85;1.96;1.93
SP1;25/08/17;Sociedad;Villarreal;3;0;H;3;0;H;15;6;9;1;12;22;10;4;2;2;0;0;2.05;3.4;3.75;2.09;3.37;3.67;2.07;1.76;1.8;2.1
SP1;26/08/17;Alaves;Barcelona;0;2;A;0;0;D;11;23;2;11;12;10;1;14;2;3;0;0;10.0;5.75;1.29;10.19;5.56;1.3;1.57;2.38;2.0;1.89
SP1;26/08/17;Girona;Malaga;1;0;H;1;0;H;15;7;4;2;11;15;2;3;3;4;0;0;2.15;3.25;3.6;2.16;3.25;3.59;2.2;1.67;1.85;2.03
SP1;26/08/17;Las Palmas;Ath Madrid;1;5;A;0;2;A;10;8;4;6;10;9;4;2;4;1;0;0;4.75;3.75;1.75;4.76;3.65;1.77;2.09;1.74;1.86;2.02
SP1;26/08/17;Levante;La Coruna;2;2;D;1;2;A;24;11;5;4;11;12;6;5;0;2;1;0;2.2;3.1;3.6;2.2;3.2;3.53;2.31;1.61;1.89;1.99
SP1;27/08/17;Eibar;Ath Bilbao;0;1;A;0;1;A;14;10;5;4;14;11;4;3;1;1;1;0;2.5;3.1;3.1;2.55;3.18;2.9;2.2;1.67;2.17;1.74
SP1;27/08/17;Espanol;Leganes;0;1;A;0;1;A;17;12;2;8;10;14;9;1;3;3;0;0;1.95;3.25;4.33;1.96;3.25;4.33;2.49;1.53;1.96;1.93
SP1;27/08/17;Getafe;Sevilla;0;1;A;0;0;D;15;6;3;3;20;10;7;5;0;1;0;0;3.6;3.3;2.15;3.47;3.42;2.13;1.87;1.93;2.03;1.86
SP1;27/08/17;Real Madrid;Valencia;2;2;D;1;1;D;22;7;6;3;12;12;13;4;3;5;0;0;1.17;8.0;15.0;1.17;8.29;14.23;1.22;4.2;2.02;1.87
SP1;08/09/17;Leganes;Getafe;1;2;A;0;1;A;11;11;7;3;14;20;2;4;1;2;0;0;2.05;3.25;4.0;2.07;3.2;3.95;2.41;1.56;2.09;1.81
SP1;09/09/17;Barcelona;Espanol;5;0;H;2;0;H;20;9;9;1;11;18;8;7;1;5;0;0;1.17;8.0;17.0;1.17;7.74;16.05;1.34;3.19;1.78;2.11
SP1;09/09/17;Real Madrid;Levante;1;1;D;1;1;D;18;5;10;2;9;16;13;3;2;3;1;0;1.05;15.0;34.0;1.07;12.92;29.97;1.17;4.86;2.01;1.86
SP1;09/09/17;Sevilla;Eibar;3;0;H;0;0;D;12;7;6;2;14;18;6;5;1;1;0;0;1.57;4.0;6.0;1.6;4.06;5.64;1.69;2.16;2.04;1.85
SP1;09/09/17;Valencia;Ath Madrid;0;0;D;0;0;D;11;13;0;4;16;14;4;3;1;0;0;0;3.6;3.2;2.2;3.45;3.29;2.19;2.11;1.73;1.99;1.89
SP1;10/09/17;Ath Bilbao;Girona;2;0;H;1;0;H;7;11;4;7;19;18;6;4;4;6;0;0;1.67;3.75;5.5;1.68;3.81;5.18;1.95;1.86;1.88;1.99
SP1;10/09/17;Celta;Alaves;1;0;H;1;0;H;20;5;3;3;17;17;9;4;4;4;0;0;1.67;3.75;5.25;1.74;3.65;4.94;2.0;1.81;1.95;1.92
SP1;10/09/17;La Coruna;Sociedad;2;4;A;1;2;A;11;15;4;4;18;14;5;7;1;3;0;0;2.75;3.3;2.6;2.76;3.33;2.58;1.96;1.86;1.99;1.88
SP1;10/09/17;Villarreal;Betis;3;1;H;1;1;D;14;8;7;3;9;9;4;3;3;0;0;0;1.85;3.6;4.33;1.88;3.51;4.33;2.02;1.8;1.88;2.01
SP1;11/09/17;Malaga;Las Palmas;1;3;A;0;1;A;14;10;6;8;22;11;3;2;4;2;0;0;2.0;3.5;3.8;2.0;3.52;3.7;1.88;1.93;2.04;1.86
SP1;15/09/17;Eibar;Leganes;1;0;H;0;0;D;10;5;4;2;15;20;8;1;2;5;0;0;2.05;3.25;4.0;2.09;3.2;3.86;2.42;1.55;1.79;2.09
SP1;16/09/17;Ath Madrid;Malaga;1;0;H;0;0;D;17;9;4;4;9;15;8;4;2;2;0;0;1.22;6.0;15.0;1.23;6.11;14.28;1.73;2.1;1.92;1.94
SP1;16/09/17;Betis;La Coruna;2;1;H;1;1;D;17;11;7;3;13;19;6;4;2;3;0;0;1.83;3.6;4.5;1.87;3.57;4.28;1.87;1.93;2.13;1.76
SP1;16/09/17;Getafe;Barcelona;1;2;A;1;0;H;13;7;4;5;15;14;3;4;2;4;0;0;11.0;6.5;1.25;11.38;6.39;1.24;1.39;2.93;1.98;1.89
SP1;16/09/17;Levante;Valencia;1;1;D;1;1;D;9;13;2;5;21;11;1;3;2;1;0;0;3.25;3.25;2.3;3.11;3.27;2.37;2.04;1.78;1.84;2.03
SP1;17/09/17;Alaves;Villarreal;0;3;A;0;1;A;16;16;2;6;12;25;2;3;2;2;0;0;3.1;3.1;2.4;3.13;3.16;2.41;2.35;1.59;1.84;2.03
SP1;17/09/17;Girona;Sevilla;0;1;A;0;0;D;13;13;0;8;14;19;8;1;2;5;0;0;3.3;3.25;2.3;3.15;3.37;2.29;1.85;1.96;1.88;1.99
SP1;17/09/17;Las Palmas;Ath Bilbao;1;0;H;0;0;D;12;11;3;5;12;19;7;6;2;3;0;0;2.75;3.4;2.55;2.76;3.33;2.56;1.92;1.88;1.99;1.87
SP1;17/09/17;Sociedad;Real Madrid;1;3;A;1;2;A;10;18;5;6;12;15;4;6;3;2;0;0;5.0;4.0;1.67;4.72;4.18;1.67;1.45;2.7;2.03;1.85
SP1;18/09/17;Espanol;Celta;2;1;H;2;0;H;9;11;3;1;12;14;3;5;1;4;0;0;2.3;3.3;3.2;2.33;3.29;3.14;2.06;1.75;2.01;1.86
SP1;19/09/17;Barcelona;Eibar;6;1;H;2;0;H;11;13;10;4;4;9;7;7;0;2;0;0;1.11;10.0;15.0;1.11;9.97;21.12;1.24;3.95;1.88;2.0
SP1;19/09/17;Valencia;Malaga;5;0;H;1;0;H;16;11;11;2;9;10;4;9;0;1;0;0;1.5;4.0;7.0;1.54;4.15;6.27;1.81;2.01;1.91;1.96
SP1;20/09/17;Ath Bilbao;Ath Madrid;1;2;A;0;0;D;12;16;7;9;12;12;6;0;0;2;0;0;3.4;3.2;2.25;3.39;3.19;2.26;2.39;1.57;1.92;1.95
SP1;20/09/17;La Coruna;Alaves;1;0;H;1;0;H;15;8;3;3;16;19;5;2;0;2;0;0;1.91;3.3;4.5;1.89;3.43;4.32;2.2;1.67;1.89;2.0
SP1;20/09/17;Leganes;Girona;0;0;D;0;0;D;12;10;1;0;19;20;6;3;2;3;0;0;2.15;3.2;3.7;2.17;3.16;3.68;2.5;1.52;1.84;2.04
SP1;20/09/17;Real Madrid;Betis;0;1;A;0;0;D;27;12;7;4;13;11;12;3;0;3;0;0;1.13;10.0;17.0;1.11;10.31;20.33;1.18;4.72;1.95;1.93
SP1;20/09/17;Sevilla;Las Palmas;1;0;H;0;0;D;14;6;9;0;21;8;12;0;2;2;0;0;1.4;4.75;7.5;1.42;4.81;7.3;1.5;2.55;1.89;1.98
SP1;21/09/17;Celta;Getafe;1;1;D;1;0;H;8;10;4;3;9;21;3;2;2;4;0;0;1.8;3.6;4.5;1.78;3.68;4.55;1.86;1.94;1.77;2.13
SP1;21/09/17;Levante;Sociedad;3;0;H;1;0;H;13;13;9;3;13;11;3;6;2;0;0;1;3.25;3.25;2.3;3.0;3.35;2.36;1.87;1.93;1.84;2.03
SP1;21/09/17;Villarreal;Espanol;0;0;D;0;0;D;14;10;5;3;17;10;5;5;5;2;0;0;1.73;3.5;5.5;1.74;3.61;4.92;2.02;1.79;1.97;1.9
SP1;23/09/17;Alaves;Real Madrid;1;2;A;1;2;A;8;21;3;7;19;19;5;13;5;2;0;0;17.0;7.5;1.17;16.3;7.59;1.17;1.34;3.2;2.13;1.75
SP1;23/09/17;Ath Madrid;Sevilla;2;0;H;0;0;D;13;11;4;0;11;17;7;6;4;3;0;0;1.57;4.0;6.5;1.58;3.99;5.93;1.81;2.0;1.75;2.15
SP1;23/09/17;Girona;Barcelona;0;3;A;0;1;A;13;9;2;5;21;5;9;3;3;0;0;0;12.0;6.0;1.25;11.56;6.07;1.25;1.42;2.78;1.7;2.2
SP1;23/09/17;Malaga;Ath Bilbao;3;3;D;1;1;D;15;8;7;7;16;8;5;1;7;2;1;0;2.9;3.3;2.4;2.93;3.23;2.47;2.16;1.69;1.74;2.15
SP1;24/09/17;Eibar;Celta;0;4;A;0;3;A;9;10;0;6;14;5;4;4;2;1;0;0;2.2;3.3;3.4;2.24;3.33;3.28;2.01;1.81;1.94;1.93
SP1;24/09/17;Espanol;La Coruna;4;1;H;2;0;H;17;21;5;6;16;7;4;6;1;2;0;0;1.95;3.5;4.0;1.95;3.48;3.97;1.98;1.83;1.95;1.93
SP1;24/09/17;Getafe;Villarreal;4;0;H;0;0;D;17;6;8;1;11;16;7;4;1;4;0;0;2.88;3.1;2.63;2.84;3.16;2.6;2.2;1.67;2.01;1.85
SP1;24/09/17;Las Palmas;Leganes;0;2;A;0;0;D;8;9;3;3;10;15;3;2;1;3;0;0;2.05;3.25;3.8;2.08;3.28;3.74;2.2;1.67;1.79;2.09
SP1;24/09/17;Sociedad;Valencia;2;3;A;1;1;D;18;13;6;4;11;13;7;6;3;7;1;1;2.3;3.4;3.1;2.25;3.54;3.07;1.66;2.22;1.96;1.92
SP1;25/09/17;Betis;Levante;4;0;H;0;0;D;14;8;6;1;9;5;6;3;1;0;0;0;1.85;3.5;4.5;1.81;3.52;4.62;2.05;1.76;2.06;1.81
SP1;29/09/17;Celta;Girona;3;3;D;2;2;D;16;10;9;6;9;17;5;6;2;5;0;0;1.67;3.6;5.75;1.72;3.68;5.06;2.0;1.81;1.94;1.93
SP1;30/09/17;La Coruna;Getafe;2;1;H;0;0;D;15;10;9;3;16;22;8;5;6;3;0;0;2.25;3.25;3.4;2.23;3.32;3.29;1.97;1.84;1.92;1.95
SP1;30/09/17;Leganes;Ath Madrid;0;0;D;0;0;D;7;11;3;2;13;13;2;6;2;1;0;0;7.5;3.75;1.55;6.85;3.63;1.58;2.49;1.52;1.77;2.12
SP1;30/09/17;Levante;Alaves;0;2;A;0;1;A;13;8;0;3;11;18;8;4;2;4;0;0;1.83;3.5;4.5;1.83;3.48;4.52;2.15;1.69;2.12;1.76
SP1;30/09/17;Sevilla;Malaga;2;0;H;0;0;D;12;11;5;4;11;12;4;6;2;1;0;0;1.36;5.5;7.5;1.33;5.17;8.92;1.54;2.42;1.97;1.9
SP1;01/10/17;Barcelona;Las Palmas;3;0;H;0;0;D;22;10;10;1;10;11;8;3;5;1;0;0;1.08;11.0;26.0;1.07;12.47;27.6;1.14;5.48;1.88;1.99
SP1;01/10/17;Real Madrid;Espanol;2;0;H;1;0;H;22;8;8;3;8;10;10;3;2;2;0;0;1.1;10.0;23.0;1.1;10.51;21.03;1.19;4.5;2.0;1.87
SP1;01/10/17;Sociedad;Betis;4;4;D;2;2;D;17;10;6;6;9;18;12;5;3;3;0;0;1.95;3.6;3.8;1.92;3.67;3.81;1.67;2.2;2.18;1.72
SP1;01/10/17;Valencia;Ath Bilbao;3;2;H;2;0;H;10;16;6;6;18;16;2;8;3;4;0;0;1.91;3.5;4.2;1.88;3.58;4.07;1.84;1.96;2.17;1.73
SP1;01/10/17;Villarreal;Eibar;3;0;H;1;0;H;12;8;6;1;15;9;6;3;2;1;0;0;1.83;3.6;4.33;1.82;3.59;4.43;1.99;1.82;2.09;1.79
SP1;13/10/17;Espanol;Levante;0;0;D;0;0;D;20;13;6;3;9;13;9;4;2;3;0;0;1.75;3.6;5.0;1.77;3.59;4.84;2.09;1.74;2.0;1.87
SP1;14/10/17;Alaves;Sociedad;0;2;A;0;0;D;8;13;0;6;11;7;4;9;1;1;0;0;3.5;3.4;2.15;3.37;3.39;2.17;1.84;1.95;2.02;1.85
SP1;14/10/17;Ath Bilbao;Sevilla;1;0;H;1;0;H;15;14;2;6;18;9;6;6;5;5;0;0;2.5;3.25;2.9;2.46;3.3;2.9;1.93;1.87;2.11;1.77
SP1;14/10/17;Ath Madrid;Barcelona;1;1;D;1;0;H;5;15;4;7;12;10;2;1;3;2;0;0;3.0;3.4;2.38;2.91;3.36;2.44;1.89;1.91;2.11;1.76
SP1;14/10/17;Getafe;Real Madrid;1;2;A;0;1;A;8;16;3;6;23;8;4;7;2;3;0;0;10.0;5.75;1.29;9.83;5.74;1.29;1.4;2.86;2.04;1.84
SP1;15/10/17;Betis;Valencia;3;6;A;0;2;A;13;13;6;9;11;11;7;5;1;4;0;0;2.55;3.5;2.7;2.55;3.48;2.65;1.63;2.25;1.89;1.97
SP1;15/10/17;Eibar;La Coruna;0;0;D;0;0;D;15;11;6;3;9;10;10;1;2;2;0;0;2.0;3.5;3.75;2.0;3.49;3.76;1.88;1.91;1.71;2.19
SP1;15/10/17;Girona;Villarreal;1;2;A;1;2;A;14;5;3;2;12;20;8;1;3;4;0;0;2.8;3.2;2.6;2.78;3.16;2.64;2.16;1.68;1.99;1.87
SP1;15/10/17;Malaga;Leganes;0;2;A;0;0;D;13;19;5;9;21;21;4;2;4;3;1;0;2.38;3.0;3.4;2.32;3.12;3.3;2.44;1.53;1.99;1.87
SP1;16/10/17;Las Palmas;Celta;2;5;A;0;2;A;24;14;11;7;13;12;14;3;2;1;0;1;2.38;3.3;3.1;2.4;3.36;2.92;1.78;2.01;2.06;1.81
SP1;21/10/17;Barcelona;Malaga;2;0;H;1;0;H;12;13;4;5;10;11;4;3;1;4;0;0;1.07;13.0;26.0;1.07;13.17;27.68;1.17;4.64;1.85;2.03
SP1;21/10/17;Betis;Alaves;2;0;H;1;0;H;12;7;5;3;18;9;6;5;2;2;0;0;1.57;4.0;6.0;1.58;4.04;5.82;1.83;1.98;2.01;1.85
SP1;21/10/17;Levante;Getafe;1;1;D;0;0;D;5;9;1;5;18;16;3;2;1;3;0;0;2.37;3.2;3.2;2.41;3.14;3.13;2.31;1.61;2.07;1.82
SP1;21/10/17;Valencia;Sevilla;4;0;H;1;0;H;18;18;8;5;15;21;7;10;2;4;0;0;1.85;3.89;4.0;1.93;3.71;3.77;1.59;2.32;1.94;1.94
SP1;22/10/17;Celta;Ath Madrid;0;1;A;0;1;A;19;4;8;2;13;19;4;4;3;5;0;0;4.2;3.39;1.95;4.18;3.38;1.93;2.16;1.69;1.69;2.22
SP1;22/10/17;Leganes;Ath Bilbao;1;0;H;0;0;D;15;7;4;1;16;15;4;3;3;4;0;0;2.37;3.1;3.29;2.46;3.04;3.13;2.58;1.48;2.07;1.81
SP1;22/10/17;Real Madrid;Eibar;3;0;H;2;0;H;15;9;7;2;9;7;5;2;1;1;0;0;1.09;11.0;23.0;1.09;10.99;23.03;1.21;4.16;1.9;1.97
SP1;22/10/17;Villarreal;Las Palmas;4;0;H;0;0;D;25;16;9;5;14;9;9;6;1;5;0;0;1.5;4.2;7.0;1.52;4.26;6.26;1.69;2.15;1.86;2.01
SP1;23/10/17;La Coruna;Girona;1;2;A;0;1;A;15;13;6;6;9;16;9;7;3;8;0;0;2.04;3.29;3.79;2.01;3.37;3.76;2.0;1.8;1.76;2.12
SP1;23/10/17;Sociedad;Espanol;1;1;D;0;1;A;19;4;5;1;12;15;10;1;4;4;1;0;1.85;3.79;4.0;1.82;3.66;4.28;1.78;2.01;2.07;1.8
SP1;28/10/17;Alaves;Valencia;1;2;A;0;1;A;16;7;6;2;19;18;6;4;5;1;0;0;6.0;3.75;1.6;5.47;3.9;1.63;1.83;1.97;2.07;1.81
SP1;28/10/17;Ath Bilbao;Barcelona;0;2;A;0;1;A;17;17;5;5;15;12;6;4;1;4;0;0;7.0;4.5;1.44;6.8;4.63;1.45;1.57;2.36;1.89;1.99
SP1;28/10/17;Ath Madrid;Villarreal;1;1;D;0;0;D;18;12;6;4;13;20;11;6;0;4;0;0;1.5;4.0;7.5;1.53;4.01;6.73;1.95;1.85;1.95;1.92
SP1;28/10/17;Sevilla;Leganes;2;1;H;1;0;H;9;10;5;1;16;19;5;6;0;3;0;0;1.61;3.75;6.0;1.6;3.83;6.09;2.0;1.8;2.06;1.82
SP1;29/10/17;Eibar;Levante;2;2;D;0;2;A;16;3;6;2;8;16;6;2;1;3;0;0;1.95;3.39;4.2;1.94;3.36;4.15;2.18;1.66;2.25;1.68
SP1;29/10/17;Getafe;Sociedad;2;1;H;0;1;A;10;15;5;4;19;16;8;7;3;2;0;0;2.45;3.39;2.87;2.51;3.28;2.84;1.96;1.84;1.83;2.04
SP1;29/10/17;Girona;Real Madrid;2;1;H;0;1;A;15;15;4;6;21;11;2;7;2;1;0;0;10.0;6.5;1.25;10.6;6.16;1.26;1.35;3.06;1.7;2.2
SP1;29/10/17;Malaga;Celta;2;1;H;1;0;H;15;10;4;2;20;12;4;1;2;3;0;0;3.1;3.39;2.29;2.93;3.42;2.37;1.82;1.97;1.83;2.05
SP1;30/10/17;Espanol;Betis;1;0;H;0;0;D;10;9;4;4;10;17;5;3;2;5;0;0;2.14;3.39;3.39;2.23;3.37;3.24;1.86;1.93;1.95;1.92
SP1;30/10/17;Las Palmas;La Coruna;1;3;A;1;1;D;13;15;5;5;11;15;8;5;1;1;0;0;2.04;3.5;3.6;2.15;3.52;3.28;1.7;2.13;1.87;2.0
SP1;03/11/17;Betis;Getafe;2;2;D;0;2;A;15;9;4;2;10;14;4;6;2;6;0;0;2.0;3.5;3.79;2.0;3.5;3.77;1.81;1.99;1.74;2.16
SP1;04/11/17;Alaves;Espanol;1;0;H;1;0;H;17;9;6;3;29;9;3;8;7;2;0;1;2.87;3.1;2.7;2.86;3.05;2.66;2.45;1.54;1.99;1.87
SP1;04/11/17;Barcelona;Sevilla;2;1;H;1;0;H;18;8;6;3;10;12;3;3;1;0;0;0;1.19;7.5;12.0;1.21;7.25;11.51;1.29;3.5;1.99;1.87
SP1;04/11/17;La Coruna;Ath Madrid;0;1;A;0;0;D;14;11;1;3;17;10;4;4;4;2;0;0;4.75;3.6;1.8;4.64;3.57;1.8;2.04;1.77;1.81;2.06
SP1;04/11/17;Valencia;Leganes;3;0;H;1;0;H;13;13;7;6;11;13;4;7;1;2;0;0;1.5;4.33;6.5;1.51;4.16;6.63;1.89;1.91;1.9;1.97
SP1;05/11/17;Celta;Ath Bilbao;3;1;H;3;1;H;11;14;5;5;13;17;3;6;2;3;0;0;2.1;3.5;3.5;2.09;3.41;3.56;1.93;1.86;1.8;2.08
SP1;05/11/17;Levante;Girona;1;2;A;0;0;D;7;10;4;5;10;16;7;2;3;4;0;0;2.39;3.29;3.0;2.41;3.24;3.05;2.11;1.72;2.08;1.81
SP1;05/11/17;Real Madrid;Las Palmas;3;0;H;1;0;H;27;2;9;1;9;9;9;2;2;1;0;0;1.08;13.0;19.0;1.07;13.27;25.28;1.12;5.97;1.86;2.01
SP1;05/11/17;Sociedad;Eibar;3;1;H;2;0;H;10;9;6;5;10;17;3;6;0;3;0;0;1.61;4.0;5.5;1.59;4.08;5.55;1.74;2.07;2.02;1.85
SP1;05/11/17;Villarreal;Malaga;2;0;H;0;0;D;14;10;3;2;18;12;6;4;2;4;0;0;1.53;4.33;6.0;1.55;4.22;5.91;1.74;2.07;1.96;1.91
SP1;17/11/17;Girona;Sociedad;1;1;D;0;1;A;14;14;4;5;28;10;3;6;4;2;0;0;2.89;3.5;2.37;2.85;3.46;2.43;1.76;2.06;1.79;2.1
SP1;18/11/17;Ath Madrid;Real Madrid;0;0;D;0;0;D;7;14;1;3;21;6;7;9;6;2;0;0;3.2;3.39;2.25;3.22;3.39;2.25;1.88;1.92;1.93;1.94
SP1;18/11/17;Getafe;Alaves;4;1;H;2;0;H;13;11;8;5;18;14;4;5;3;3;0;0;1.8;3.5;4.75;1.82;3.39;4.86;2.34;1.59;1.82;2.06
SP1;18/11/17;Leganes;Barcelona;0;3;A;0;1;A;18;11;7;7;25;10;6;3;1;2;0;0;9.5;5.25;1.33;9.1;5.09;1.34;1.64;2.23;1.82;2.05
SP1;18/11/17;Sevilla;Celta;2;1;H;1;1;D;12;11;5;5;20;17;1;2;3;2;0;0;1.72;3.79;4.75;1.74;3.89;4.56;1.59;2.29;1.94;1.93
SP1;19/11/17;Ath Bilbao;Villarreal;1;1;D;0;1;A;15;7;3;4;10;16;9;7;1;3;0;0;2.25;3.29;3.29;2.22;3.3;3.33;2.07;1.74;1.92;1.96
SP1;19/11/17;Espanol;Valencia;0;2;A;0;0;D;12;7;4;3;11;17;3;4;0;4;0;0;3.2;3.29;2.29;3.19;3.36;2.26;1.84;1.95;1.9;1.97
SP1;19/11/17;Las Palmas;Levante;0;2;A;0;0;D;10;11;5;6;9;22;3;5;1;4;0;0;1.95;3.5;4.0;1.91;3.53;4.02;1.82;1.98;1.91;1.97
SP1;19/11/17;Malaga;La Coruna;3;2;H;1;1;D;14;12;5;4;16;15;5;4;4;5;0;0;2.37;3.29;3.1;2.33;3.3;3.14;1.95;1.85;2.01;1.86
SP1;20/11/17;Eibar;Betis;5;0;H;2;0;H;17;4;7;0;10;9;5;2;2;2;0;1;2.39;3.29;3.0;2.41;3.36;2.92;1.86;1.92;2.08;1.8
SP1;24/11/17;Celta;Leganes;1;0;H;1;0;H;14;9;7;2;13;16;3;4;2;3;0;0;1.95;3.25;4.33;1.95;3.34;4.15;2.09;1.74;1.97;1.92
SP1;25/11/17;Alaves;Eibar;1;2;A;0;1;A;6;11;2;6;18;19;2;5;7;3;1;1;2.5;3.1;3.1;2.58;3.04;2.96;2.47;1.53;1.82;2.06
SP1;25/11/17;Betis;Girona;2;2;D;0;1;A;12;13;6;7;9;16;3;5;2;1;0;0;2.0;3.6;3.75;2.03;3.59;3.55;1.7;2.14;1.77;2.11
SP1;25/11/17;Levante;Ath Madrid;0;5;A;0;2;A;17;16;2;11;11;14;2;3;2;1;0;0;7.5;3.75;1.53;6.96;3.76;1.56;2.33;1.6;1.83;2.05
SP1;25/11/17;Real Madrid;Malaga;3;2;H;2;1;H;16;9;9;3;15;13;6;0;1;2;0;0;1.08;13.0;21.0;1.08;11.91;24.24;1.18;4.65;2.04;1.84
SP1;26/11/17;La Coruna;Ath Bilbao;2;2;D;1;1;D;14;10;4;3;11;14;5;2;4;1;0;0;2.75;3.29;2.6;2.71;3.26;2.65;1.99;1.81;1.96;1.91
SP1;26/11/17;Sociedad;Las Palmas;2;2;D;1;1;D;16;8;3;7;22;14;11;3;4;3;1;0;1.44;4.75;7.0;1.42;4.91;6.83;1.44;2.68;1.92;1.96
SP1;26/11/17;Valencia;Barcelona;1;1;D;0;0;D;8;12;1;8;12;11;3;9;4;0;0;0;4.0;3.89;1.85;3.97;3.84;1.85;1.42;2.76;1.8;2.07
SP1;26/11/17;Villarreal;Sevilla;2;3;A;1;0;H;19;15;4;4;9;17;6;6;4;3;1;0;2.37;3.39;3.0;2.38;3.3;3.0;1.85;1.95;2.03;1.85
SP1;27/11/17;Espanol;Getafe;1;0;H;0;0;D;10;7;5;4;12;18;6;4;3;6;0;0;2.0;3.39;3.79;2.05;3.26;3.83;2.28;1.61;1.75;2.14
SP1;01/12/17;Malaga;Levante;0;0;D;0;0;D;18;3;2;3;12;15;7;2;1;3;0;0;1.72;3.79;4.75;1.75;3.66;4.85;1.93;1.86;1.97;1.9
SP1;02/12/17;Ath Bilbao;Real Madrid;0;0;D;0;0;D;11;19;4;4;20;13;3;5;2;5;0;1;7.5;4.5;1.44;6.76;4.56;1.46;1.5;2.54;1.88;1.99
SP1;02/12/17;Ath Madrid;Sociedad;2;1;H;0;1;A;16;10;10;2;12;10;5;6;1;2;0;0;1.5;3.89;7.5;1.53;4.08;6.58;1.91;1.9;1.94;1.93
SP1;02/12/17;Barcelona;Celta;2;2;D;1;1;D;21;10;7;5;11;12;4;1;3;6;0;0;1.12;10.0;17.0;1.13;9.06;18.42;1.22;4.07;1.97;1.91
SP1;02/12/17;Sevilla;La Coruna;2;0;H;1;0;H;10;11;6;3;12;16;6;7;1;3;0;0;1.44;4.5;7.5;1.44;4.67;6.98;1.52;2.48;1.98;1.89
SP1;03/12/17;Eibar;Espanol;3;1;H;2;0;H;10;6;5;3;13;16;3;2;3;3;0;0;2.37;3.1;3.29;2.35;3.14;3.22;2.31;1.6;1.99;1.89
SP1;03/12/17;Getafe;Valencia;1;0;H;0;0;D;11;13;3;6;18;11;5;12;8;4;1;0;3.0;3.39;2.29;2.96;3.37;2.39;1.79;2.03;1.8;2.1
SP1;03/12/17;Las Palmas;Betis;1;0;H;1;0;H;21;8;7;2;12;21;6;4;1;7;0;1;2.2;3.5;3.1;2.21;3.54;3.11;1.57;2.36;1.93;1.94
SP1;03/12/17;Leganes;Villarreal;3;1;H;0;0;D;12;12;5;4;11;17;5;6;2;4;0;0;2.79;3.25;2.62;2.78;3.13;2.66;2.32;1.6;1.97;1.9
SP1;04/12/17;Girona;Alaves;2;3;A;0;0;D;11;9;3;4;8;13;6;5;1;2;0;0;1.6;3.79;6.0;1.63;3.77;5.69;2.07;1.74;1.82;2.07
SP1;08/12/17;Alaves;Las Palmas;2;0;H;1;0;H;22;6;9;1;23;12;8;3;2;0;0;0;2.29;3.25;3.25;2.28;3.27;3.31;2.1;1.74;1.94;1.92
SP1;09/12/17;Getafe;Eibar;0;0;D;0;0;D;6;7;3;2;14;13;9;7;1;4;0;0;2.04;3.39;3.75;2.03;3.34;3.88;2.15;1.7;1.75;2.13
SP1;09/12/17;La Coruna;Leganes;1;0;H;1;0;H;15;3;4;0;16;21;6;1;4;4;0;0;2.37;3.2;3.2;2.36;3.2;3.21;2.24;1.64;2.0;1.85
SP1;09/12/17;Real Madrid;Sevilla;5;0;H;5;0;H;20;11;8;3;12;11;9;3;0;2;0;0;1.33;5.5;8.5;1.31;5.86;8.54;1.25;3.8;1.84;2.02
SP1;09/12/17;Valencia;Celta;2;1;H;1;0;H;13;13;7;5;16;12;10;2;2;5;0;0;1.66;4.0;5.0;1.69;4.08;4.72;1.54;2.44;1.89;1.97
SP1;10/12/17;Betis;Ath Madrid;0;1;A;0;1;A;9;4;4;2;15;19;3;2;4;3;0;0;4.75;3.79;1.72;4.83;3.74;1.74;1.95;1.86;1.91;1.95
SP1;10/12/17;Levante;Ath Bilbao;1;2;A;0;1;A;12;14;3;3;11;13;8;6;3;3;0;0;3.25;3.39;2.25;3.32;3.27;2.27;2.21;1.66;1.93;1.93
SP1;10/12/17;Sociedad;Malaga;0;2;A;0;1;A;18;9;2;5;10;12;5;0;1;1;0;0;1.53;4.33;6.0;1.53;4.33;6.14;1.69;2.17;1.87;1.99
SP1;10/12/17;Villarreal;Barcelona;0;2;A;0;0;D;9;16;5;6;18;13;2;4;2;1;1;0;6.0;4.33;1.53;5.66;4.42;1.55;1.5;2.53;1.95;1.91
SP1;11/12/17;Espanol;Girona;0;1;A;0;1;A;8;12;3;5;9;17;8;6;1;3;0;0;2.04;3.5;3.6;2.01;3.36;3.88;2.06;1.75;1.73;2.15
SP1;15/12/17;Sevilla;Levante;0;0;D;0;0;D;16;10;6;2;22;14;8;5;2;3;0;0;1.28;5.75;9.5;1.32;5.46;9.65;1.54;2.48;1.94;1.94
SP1;16/12/17;Ath Bilbao;Sociedad;0;0;D;0;0;D;7;10;1;2;14;9;6;6;3;0;0;0;2.14;3.39;3.39;2.22;3.4;3.28;1.83;1.98;1.93;1.94
SP1;16/12/17;Ath Madrid;Alaves;1;0;H;0;0;D;10;11;4;0;14;16;4;4;3;4;0;0;1.19;6.5;15.0;1.21;6.08;16.43;1.79;2.02;1.93;1.93
SP1;16/12/17;Eibar;Valencia;2;1;H;0;0;D;15;7;3;3;13;13;5;6;1;4;0;0;2.75;3.29;2.6;2.79;3.31;2.57;1.96;1.85;1.71;2.2
SP1;17/12/17;Barcelona;La Coruna;4;0;H;2;0;H;23;10;11;3;12;10;6;3;0;1;0;0;1.08;13.0;23.0;1.09;11.67;24.88;1.2;4.43;1.84;2.03
SP1;17/12/17;Celta;Villarreal;0;1;A;0;1;A;10;8;3;5;11;19;2;2;1;3;0;0;2.29;3.39;3.1;2.35;3.39;3.05;1.88;1.93;2.03;1.84
SP1;17/12/17;Girona;Getafe;1;0;H;1;0;H;9;7;2;0;20;25;1;7;2;6;0;0;2.2;3.25;3.5;2.18;3.33;3.44;1.98;1.82;1.89;1.97
SP1;17/12/17;Las Palmas;Espanol;2;2;D;0;2;A;14;8;5;3;6;25;9;2;3;3;0;0;2.5;3.29;2.87;2.5;3.3;2.87;1.96;1.84;2.15;1.74
SP1;18/12/17;Malaga;Betis;0;2;A;0;1;A;18;10;2;4;15;15;3;4;2;2;1;0;2.0;3.39;3.79;2.06;3.45;3.6;1.89;1.91;1.78;2.1
SP1;19/12/17;Levante;Leganes;0;0;D;0;0;D;10;10;3;2;21;17;6;5;6;6;1;1;2.7;3.0;2.89;2.62;3.04;2.97;2.57;1.49;2.21;1.72
SP1;20/12/17;Getafe;Las Palmas;2;0;H;2;0;H;13;17;7;6;23;11;3;1;3;1;0;0;1.75;3.6;5.0;1.76;3.72;4.69;1.83;1.98;1.98;1.88
SP1;20/12/17;Sociedad;Sevilla;3;1;H;1;1;D;14;9;5;4;9;18;4;5;1;5;0;0;2.25;3.5;3.0;2.21;3.62;3.13;1.58;2.36;1.92;1.95
SP1;21/12/17;Alaves;Malaga;1;0;H;0;0;D;10;10;5;3;14;18;4;4;3;4;0;0;2.14;3.2;3.5;2.13;3.26;3.66;2.31;1.6;1.8;2.08
SP1;21/12/17;Eibar;Girona;4;1;H;2;1;H;16;6;6;1;14;18;3;2;1;2;0;0;2.0;3.39;3.75;2.0;3.39;3.93;2.07;1.75;1.72;2.19
SP1;22/12/17;Betis;Ath Bilbao;0;2;A;0;1;A;16;19;6;7;7;6;6;9;1;2;1;0;2.7;3.25;2.62;2.7;3.32;2.61;1.83;1.97;1.67;2.26
SP1;22/12/17;Espanol;Ath Madrid;1;0;H;0;0;D;7;9;4;1;18;22;2;3;2;5;0;0;5.0;3.5;1.72;5.07;3.48;1.76;2.37;1.57;1.84;2.03
SP1;23/12/17;La Coruna;Celta;1;3;A;0;2;A;15;7;4;3;20;16;3;1;2;2;0;0;2.54;3.29;2.7;2.63;3.34;2.68;1.86;1.94;2.28;1.66
SP1;23/12/17;Real Madrid;Barcelona;0;3;A;0;0;D;14;18;5;11;14;10;7;7;2;2;1;0;2.1;3.75;3.1;2.07;3.88;3.21;1.38;2.98;1.83;2.05
SP1;23/12/17;Valencia;Villarreal;0;1;A;0;1;A;22;9;3;2;11;21;14;1;7;5;1;1;2.04;3.6;3.29;2.04;3.69;3.44;1.63;2.25;1.79;2.08
SP1;06/01/18;Ath Madrid;Getafe;2;0;H;1;0;H;9;10;5;5;11;16;5;0;7;3;1;0;1.39;4.2;10.0;1.4;4.44;9.48;2.14;1.71;1.94;1.92
SP1;06/01/18;Las Palmas;Eibar;1;2;A;1;0;H;4;14;2;5;13;17;4;3;3;3;0;0;2.54;3.39;2.75;2.57;3.38;2.73;1.78;2.05;2.22;1.69
SP1;06/01/18;Sevilla;Betis;3;5;A;2;2;D;14;9;3;5;16;18;12;0;3;6;0;0;1.5;4.33;6.5;1.52;4.42;6.04;1.53;2.47;1.84;2.03
SP1;06/01/18;Valencia;Girona;2;1;H;1;1;D;17;11;7;5;16;14;9;7;5;5;0;0;1.61;4.0;5.5;1.64;3.98;5.24;1.67;2.2;1.82;2.05
SP1;07/01/18;Ath Bilbao;Alaves;2;0;H;1;0;H;14;8;8;1;23;20;4;1;2;4;0;0;1.66;3.5;6.0;1.66;3.72;5.67;2.07;1.74;1.83;2.04
SP1;07/01/18;Barcelona;Levante;3;0;H;2;0;H;16;9;8;2;10;22;3;6;0;4;0;0;1.05;15.0;34.0;1.05;15.32;33.42;1.14;5.2;1.85;2.02
SP1;07/01/18;Celta;Real Madrid;2;2;D;1;2;A;10;19;5;8;10;15;3;7;2;2;0;0;6.5;4.33;1.5;5.98;4.75;1.49;1.34;3.17;1.88;1.99
SP1;07/01/18;Leganes;Sociedad;1;0;H;0;0;D;8;9;4;5;14;11;5;6;0;1;0;0;2.89;3.25;2.5;3.0;3.22;2.47;2.17;1.69;1.79;2.09
SP1;07/01/18;Villarreal;La Coruna;1;1;D;1;0;H;11;13;5;3;19;12;7;5;4;3;0;0;1.57;4.0;6.0;1.59;4.04;5.7;1.73;2.11;2.02;1.85
SP1;08/01/18;Malaga;Espanol;0;1;A;0;1;A;17;6;2;3;18;11;6;5;2;3;0;0;2.54;3.0;3.1;2.54;3.03;3.04;2.47;1.53;2.14;1.75
SP1;12/01/18;Getafe;Malaga;1;0;H;0;0;D;7;9;3;2;19;16;5;2;3;1;0;0;1.8;3.39;5.0;1.81;3.38;5.06;2.4;1.56;2.05;1.83
SP1;13/01/18;Eibar;Ath Madrid;0;1;A;0;1;A;11;7;4;3;12;9;9;1;2;1;0;0;4.0;3.2;2.04;3.96;3.24;2.04;2.37;1.58;2.11;1.76
SP1;13/01/18;Girona;Las Palmas;6;0;H;1;0;H;15;3;8;1;25;20;5;2;2;5;0;0;1.72;3.79;4.75;1.75;3.84;4.63;1.69;2.16;1.94;1.92
SP1;13/01/18;La Coruna;Valencia;1;2;A;0;1;A;12;12;2;5;13;8;8;10;2;1;0;0;3.0;3.39;2.37;2.99;3.47;2.34;1.71;2.13;1.85;2.02
SP1;13/01/18;Real Madrid;Villarreal;0;1;A;0;0;D;28;10;7;4;11;12;11;0;2;1;0;0;1.25;6.5;10.0;1.25;6.62;10.33;1.27;3.69;2.0;1.86
SP1;14/01/18;Alaves;Sevilla;1;0;H;0;0;D;12;14;3;1;18;12;5;4;5;2;1;0;3.25;3.25;2.29;3.28;3.3;2.25;2.0;1.81;1.92;1.94
SP1;14/01/18;Espanol;Ath Bilbao;1;1;D;1;1;D;11;8;3;3;14;16;4;2;2;4;0;0;2.54;3.0;3.0;2.58;3.09;2.92;2.36;1.57;2.19;1.71
SP1;14/01/18;Levante;Celta;0;1;A;0;1;A;15;3;5;2;19;7;6;2;4;3;0;0;3.0;3.25;2.45;3.04;3.28;2.39;2.01;1.81;1.83;2.03
SP1;14/01/18;Sociedad;Barcelona;2;4;A;2;1;H;15;11;6;5;15;13;7;3;2;2;0;0;6.5;5.0;1.44;6.43;4.77;1.45;1.42;2.79;1.91;1.95
SP1;15/01/18;Betis;Leganes;3;2;H;2;1;H;16;10;9;6;12;15;1;1;2;3;0;0;2.25;3.1;3.5;2.19;3.24;3.47;2.16;1.68;1.87;1.99
SP1;19/01/18;Getafe;Ath Bilbao;2;2;D;1;1;D;17;7;6;6;17;12;6;2;5;1;0;0;2.7;3.1;2.79;2.76;3.06;2.79;2.45;1.54;2.34;1.63
SP1;20/01/18;Ath Madrid;Girona;1;1;D;1;0;H;9;6;4;3;13;15;2;1;4;3;0;0;1.36;4.75;9.5;1.37;4.74;9.6;1.88;1.93;1.88;1.99
SP1;20/01/18;Espanol;Sevilla;0;3;A;0;2;A;9;12;0;7;18;14;8;2;4;2;0;0;2.75;3.2;2.7;2.74;3.22;2.66;2.03;1.79;1.66;2.27
SP1;20/01/18;Las Palmas;Valencia;2;1;H;1;1;D;20;14;6;8;18;16;3;6;2;9;0;2;4.5;4.0;1.72;4.26;3.97;1.78;1.5;2.54;1.88;1.98
SP1;20/01/18;Villarreal;Levante;2;1;H;1;0;H;18;16;6;4;14;16;6;4;2;2;0;0;1.44;4.5;7.5;1.48;4.26;7.06;1.91;1.9;1.83;2.04
SP1;21/01/18;Alaves;Leganes;2;2;D;0;0;D;14;8;6;4;13;14;4;6;3;3;1;0;2.14;3.1;3.75;2.19;3.05;3.74;2.75;1.44;1.86;2.01
SP1;21/01/18;Betis;Barcelona;0;5;A;0;0;D;7;14;2;10;12;9;4;2;2;2;0;0;10.0;6.0;1.28;8.63;5.79;1.31;1.29;3.51;1.66;2.29
SP1;21/01/18;Real Madrid;La Coruna;7;1;H;2;1;H;24;5;13;2;7;11;6;1;0;2;0;0;1.14;9.0;15.0;1.13;9.24;17.59;1.19;4.51;1.92;1.95
SP1;21/01/18;Sociedad;Celta;1;2;A;1;1;D;16;10;2;3;10;7;8;3;1;2;0;0;1.85;3.89;4.0;1.88;3.8;3.92;1.54;2.45;2.11;1.77
SP1;22/01/18;Eibar;Malaga;1;1;D;0;1;A;15;10;4;4;11;11;8;3;1;3;0;1;1.66;3.5;6.0;1.69;3.6;5.54;2.24;1.63;1.89;1.98
SP1;26/01/18;Ath Bilbao;Eibar;1;1;D;0;0;D;7;14;1;2;15;14;3;7;0;0;0;0;1.9;3.39;4.33;1.95;3.4;4.16;2.1;1.74;1.68;2.25
SP1;27/01/18;La Coruna;Levante;2;2;D;2;0;H;8;15;2;4;13;14;4;7;7;5;1;0;2.0;3.5;3.79;1.98;3.49;3.87;1.93;1.88;1.71;2.2
SP1;27/01/18;Malaga;Girona;0;0;D;0;0;D;7;11;1;2;18;7;5;4;2;1;1;0;2.29;3.0;3.39;2.37;3.2;3.18;2.12;1.72;2.01;1.85
SP1;27/01/18;Valencia;Real Madrid;1;4;A;0;2;A;11;13;4;7;20;22;4;4;2;3;0;0;5.0;4.33;1.61;4.63;4.38;1.65;1.33;3.23;1.82;2.05
SP1;27/01/18;Villarreal;Sociedad;4;2;H;4;1;H;11;24;7;6;16;6;2;9;1;1;0;0;2.04;3.5;3.5;2.12;3.5;3.45;1.74;2.08;1.83;2.04
SP1;28/01/18;Ath Madrid;Las Palmas;3;0;H;0;0;D;18;9;7;1;17;11;4;1;1;2;0;0;1.16;7.5;17.0;1.18;7.13;16.47;1.5;2.54;1.93;1.93
SP1;28/01/18;Barcelona;Alaves;2;1;H;0;1;A;18;7;12;4;6;18;8;1;0;2;0;0;1.08;11.0;26.0;1.09;11.21;25.81;1.25;3.84;1.88;1.98
SP1;28/01/18;Leganes;Espanol;3;2;H;1;0;H;11;12;6;4;20;19;1;7;2;4;0;0;2.37;2.79;3.5;2.45;2.94;3.29;2.85;1.41;2.07;1.81
SP1;28/01/18;Sevilla;Getafe;1;1;D;0;0;D;15;7;1;2;12;15;3;4;3;3;0;0;1.5;4.33;6.5;1.52;4.26;6.29;1.71;2.12;1.86;2.0
SP1;29/01/18;Celta;Betis;3;2;H;1;0;H;13;7;5;3;13;8;7;2;1;5;0;0;1.75;3.75;4.75;1.77;3.93;4.33;1.54;2.42;1.97;1.88
SP1;02/02/18;Sociedad;La Coruna;5;0;H;1;0;H;19;4;8;1;11;11;9;5;0;1;0;0;1.44;4.75;6.5;1.49;4.6;6.43;1.49;2.58;1.74;2.14
SP1;03/02/18;Alaves;Celta;2;1;H;2;0;H;9;16;3;4;13;11;2;1;3;2;0;0;2.62;3.2;2.79;2.62;3.29;2.75;2.01;1.8;2.23;1.69
SP1;03/02/18;Betis;Villarreal;2;1;H;1;0;H;13;12;4;3;11;12;2;6;1;2;0;1;2.79;3.39;2.5;2.78;3.44;2.51;1.7;2.14;1.72;2.16
SP1;03/02/18;Eibar;Sevilla;5;1;H;3;1;H;17;11;7;3;11;20;5;3;0;3;0;0;2.6;3.29;2.75;2.55;3.35;2.79;1.91;1.89;2.18;1.71
SP1;03/02/18;Levante;Real Madrid;2;2;D;1;1;D;12;23;4;9;14;7;4;6;3;3;0;0;13.0;7.0;1.19;13.5;7.06;1.2;1.35;3.13;1.95;1.91
SP1;04/02/18;Ath Madrid;Valencia;1;0;H;0;0;D;14;9;4;0;18;4;9;1;1;1;0;0;1.44;4.33;7.5;1.49;4.3;6.89;1.76;2.05;1.8;2.07
SP1;04/02/18;Espanol;Barcelona;1;1;D;0;0;D;7;12;2;2;15;12;0;7;5;3;0;0;9.5;5.25;1.33;9.15;5.12;1.34;1.65;2.23;1.84;2.03
SP1;04/02/18;Getafe;Leganes;0;0;D;0;0;D;11;2;1;1;17;20;5;2;2;6;0;0;1.9;3.2;4.5;1.95;3.17;4.53;2.64;1.47;2.26;1.67
SP1;04/02/18;Girona;Ath Bilbao;2;0;H;1;0;H;8;9;3;0;13;14;2;4;1;1;0;0;2.39;3.29;3.0;2.51;3.21;2.94;2.17;1.68;2.12;1.75
SP1;05/02/18;Las Palmas;Malaga;1;0;H;0;0;D;11;9;4;3;11;17;4;2;2;3;0;0;2.25;3.39;3.2;2.27;3.37;3.19;1.95;1.86;1.93;1.92
SP1;09/02/18;Ath Bilbao;Las Palmas;0;0;D;0;0;D;11;8;5;2;20;29;5;2;4;4;0;0;1.44;4.5;7.5;1.44;4.54;7.32;1.68;2.17;1.98;1.87
SP1;10/02/18;Leganes;Eibar;0;1;A;0;0;D;2;19;0;6;14;6;1;10;4;2;1;0;2.87;3.1;2.62;2.89;3.02;2.68;2.58;1.49;1.66;2.26
SP1;10/02/18;Malaga;Ath Madrid;0;1;A;0;1;A;13;5;3;1;22;19;3;3;3;2;0;0;7.5;3.6;1.57;6.72;3.68;1.59;2.54;1.51;2.07;1.79
SP1;10/02/18;Real Madrid;Sociedad;5;2;H;4;0;H;18;8;9;3;11;10;5;3;2;1;0;0;1.19;7.0;13.0;1.25;6.87;9.79;1.2;4.38;2.01;1.86
SP1;10/02/18;Villarreal;Alaves;1;2;A;0;1;A;27;5;6;4;15;15;13;2;4;4;0;0;1.66;4.0;5.0;1.69;3.72;5.27;2.05;1.77;2.26;1.67
SP1;11/02/18;Barcelona;Getafe;0;0;D;0;0;D;12;10;6;1;7;13;9;3;2;3;0;0;1.12;9.0;19.0;1.11;9.49;21.04;1.3;3.39;1.93;1.94
SP1;11/02/18;Celta;Espanol;2;2;D;1;1;D;18;3;7;2;9;16;9;1;3;4;0;0;1.9;3.6;4.0;1.87;3.51;4.27;1.99;1.82;2.14;1.74
SP1;11/02/18;Sevilla;Girona;1;0;H;0;0;D;13;14;4;6;13;19;7;2;2;2;0;0;1.72;3.79;4.75;1.7;3.86;4.85;1.75;2.06;2.25;1.67
SP1;11/02/18;Valencia;Levante;3;1;H;1;1;D;18;5;8;1;10;19;7;9;3;4;0;0;1.5;4.33;6.5;1.51;4.38;6.16;1.63;2.26;1.84;2.02
SP1;12/02/18;La Coruna;Betis;0;1;A;0;0;D;16;10;2;4;19;7;8;1;2;0;0;0;2.2;3.6;3.1;2.24;3.61;3.04;1.59;2.33;1.94;1.91
SP1;16/02/18;Girona;Leganes;3;0;H;2;0;H;10;10;5;5;12;10;4;4;3;5;0;0;1.85;3.25;5.0;1.87;3.31;4.82;2.52;1.52;1.59;2.44
SP1;17/02/18;Alaves;La Coruna;1;0;H;0;0;D;14;5;3;0;17;14;9;3;2;3;0;0;1.9;3.39;4.33;1.88;3.5;4.32;2.05;1.77;2.15;1.73
SP1;17/02/18;Eibar;Barcelona;0;2;A;0;1;A;13;10;3;6;13;6;6;0;3;1;1;0;6.5;4.75;1.44;6.59;4.48;1.49;1.62;2.28;1.79;2.08
SP1;17/02/18;Las Palmas;Sevilla;1;2;A;0;1;A;11;12;3;6;15;18;7;5;2;5;0;0;3.5;3.6;2.04;3.48;3.68;2.04;1.64;2.25;2.1;1.77
SP1;17/02/18;Malaga;Valencia;1;2;A;1;0;H;9;10;3;3;19;18;7;2;2;4;1;0;3.6;3.5;2.04;3.75;3.39;2.06;2.05;1.77;2.1;1.77
SP1;18/02/18;Ath Madrid;Ath Bilbao;2;0;H;0;0;D;14;4;4;0;6;12;5;2;3;2;0;0;1.44;4.2;8.5;1.43;4.13;9.28;2.39;1.56;2.08;1.79
SP1;18/02/18;Betis;Real Madrid;3;5;A;2;1;H;20;12;5;9;7;15;7;5;3;5;0;0;9.0;6.0;1.3;7.98;5.81;1.33;1.23;4.05;1.84;2.03
SP1;18/02/18;Espanol;Villarreal;1;1;D;0;1;A;15;8;3;3;7;19;2;5;1;7;0;0;2.5;3.25;2.89;2.49;3.18;3.0;2.29;1.62;2.11;1.76
SP1;18/02/18;Sociedad;Levante;3;0;H;2;0;H;13;9;3;1;12;13;2;4;0;2;0;0;1.57;4.2;5.75;1.61;4.13;5.46;1.6;2.31;2.0;1.86
SP1;19/02/18;Getafe;Celta;3;0;H;1;0;H;9;4;5;1;21;15;5;5;4;3;0;0;2.5;3.29;2.87;2.45;3.31;2.93;2.04;1.77;2.09;1.78
SP1;21/02/18;Leganes;Real Madrid;1;3;A;1;2;A;7;13;3;7;18;7;6;5;3;1;0;0;11.0;6.0;1.25;11.19;5.77;1.28;1.54;2.44;1.62;2.35
SP1;23/02/18;La Coruna;Espanol;0;0;D;0;0;D;17;9;4;1;9;10;4;2;5;1;0;0;2.54;3.2;2.87;2.58;3.18;2.89;2.19;1.68;2.21;1.72
SP1;24/02/18;Barcelona;Girona;6;1;H;4;1;H;21;10;14;4;11;11;5;3;1;1;0;0;1.14;8.0;19.0;1.14;8.46;18.42;1.34;3.2;1.91;1.95
SP1;24/02/18;Celta;Eibar;2;0;H;0;0;D;8;15;3;2;11;16;3;9;2;3;0;0;2.0;3.5;3.7;2.02;3.51;3.73;1.83;1.98;1.74;2.14
SP1;24/02/18;Leganes;Las Palmas;0;0;D;0;0;D;11;4;2;1;22;17;6;5;4;5;0;0;1.8;3.5;4.75;1.84;3.46;4.62;2.18;1.68;2.08;1.78
SP1;24/02/18;Real Madrid;Alaves;4;0;H;1;0;H;25;11;10;5;9;14;9;5;1;2;0;0;1.14;8.5;17.0;1.15;8.74;17.05;1.25;3.87;1.79;2.07
SP1;25/02/18;Ath Bilbao;Malaga;2;1;H;2;1;H;8;8;6;4;12;18;6;4;3;3;0;1;1.75;3.5;5.25;1.71;3.56;5.43;2.24;1.64;1.92;1.93
SP1;25/02/18;Sevilla;Ath Madrid;2;5;A;0;2;A;10;13;5;8;10;24;5;4;3;3;0;0;3.39;3.2;2.25;3.22;3.25;2.3;2.16;1.69;1.87;1.98
SP1;25/02/18;Valencia;Sociedad;2;1;H;1;0;H;7;9;4;3;12;9;4;4;2;3;0;0;1.7;4.0;4.75;1.7;4.09;4.54;1.51;2.52;2.19;1.7
SP1;25/02/18;Villarreal;Getafe;1;0;H;1;0;H;10;3;4;2;14;21;2;8;5;3;0;0;1.75;3.75;4.75;1.81;3.51;4.62;2.13;1.7;1.58;2.44
SP1;26/02/18;Levante;Betis;0;2;A;0;0;D;12;15;2;6;17;8;5;5;5;2;0;0;2.5;3.29;2.87;2.44;3.41;2.86;1.79;2.01;2.08;1.78
SP1;27/02/18;Espanol;Real Madrid;1;0;H;0;0;D;16;12;7;5;15;10;3;8;1;1;0;0;6.0;4.33;1.53;5.91;4.3;1.56;1.63;2.28;1.94;1.93
SP1;27/02/18;Girona;Celta;1;0;H;1;0;H;11;10;2;2;9;10;6;4;3;2;0;0;2.29;3.5;3.0;2.37;3.43;3.01;1.85;1.96;2.04;1.83
SP1;28/02/18;Ath Bilbao;Valencia;1;1;D;0;1;A;11;6;4;4;16;16;6;1;1;2;0;0;2.62;3.2;2.79;2.61;3.29;2.76;1.96;1.84;2.24;1.69
SP1;28/02/18;Ath Madrid;Leganes;4;0;H;2;0;H;15;9;8;3;10;10;5;1;1;3;0;0;1.25;5.25;15.0;1.26;5.24;17.16;2.23;1.65;1.91;1.96
SP1;28/02/18;Eibar;Villarreal;1;0;H;1;0;H;13;11;1;3;18;8;6;4;4;2;0;0;2.2;3.2;3.6;2.23;3.3;3.38;2.06;1.76;1.9;1.96
SP1;28/02/18;Getafe;La Coruna;3;0;H;2;0;H;14;9;5;1;6;9;10;6;2;4;0;0;1.9;3.39;4.33;1.9;3.47;4.3;2.07;1.75;2.17;1.72
SP1;28/02/18;Malaga;Sevilla;0;1;A;0;1;A;8;6;0;4;19;14;9;4;2;2;0;0;3.5;3.2;2.14;3.43;3.34;2.19;2.04;1.77;1.96;1.9
SP1;01/03/18;Alaves;Levante;1;0;H;0;0;D;15;6;5;1;14;17;5;3;4;4;1;1;1.8;3.39;5.0;1.81;3.45;4.84;2.3;1.61;2.1;1.78
SP1;01/03/18;Betis;Sociedad;0;0;D;0;0;D;8;13;4;5;11;7;4;10;2;0;0;0;2.79;3.39;2.39;2.68;3.68;2.47;1.49;2.56;1.75;2.13
SP1;01/03/18;Las Palmas;Barcelona;1;1;D;0;1;A;12;10;1;4;18;13;6;6;6;3;0;0;15.0;7.5;1.18;13.28;7.1;1.21;1.35;3.14;1.99;1.87
SP1;03/03/18;La Coruna;Eibar;1;1;D;1;1;D;7;16;2;3;6;8;2;9;1;2;1;0;2.79;3.1;2.7;2.71;3.26;2.69;2.02;1.8;2.31;1.65
SP1;03/03/18;Leganes;Malaga;2;0;H;0;0;D;10;4;3;1;11;14;6;1;1;1;0;0;2.14;2.89;4.0;2.17;3.03;3.92;2.84;1.41;1.83;2.03
SP1;03/03/18;Real Madrid;Getafe;3;1;H;2;0;H;14;4;6;4;13;18;8;0;1;3;0;1;1.19;7.5;13.0;1.21;6.91;12.8;1.35;3.13;1.97;1.89
SP1;03/03/18;Sevilla;Ath Bilbao;2;0;H;2;0;H;18;10;8;3;14;13;8;4;2;3;0;0;1.7;3.75;5.25;1.75;3.73;4.84;1.87;1.94;1.94;1.91
SP1;03/03/18;Villarreal;Girona;0;2;A;0;1;A;14;4;5;3;14;18;7;2;4;1;0;0;1.8;3.39;4.75;1.83;3.56;4.54;1.97;1.84;2.08;1.79
SP1;04/03/18;Barcelona;Ath Madrid;1;0;H;1;0;H;16;6;5;1;16;20;12;1;2;2;0;0;1.72;3.79;4.75;1.73;3.76;4.91;1.89;1.91;1.92;1.94
SP1;04/03/18;Levante;Espanol;1;1;D;0;0;D;13;15;4;3;14;13;2;1;0;3;0;0;3.1;3.1;2.45;3.06;3.12;2.5;2.36;1.59;1.78;2.1
SP1;04/03/18;Sociedad;Alaves;2;1;H;2;1;H;14;3;5;1;10;13;8;4;0;1;0;0;1.64;4.0;5.25;1.68;3.87;5.1;1.82;1.99;1.86;2.0
SP1;04/03/18;Valencia;Betis;2;0;H;1;0;H;12;9;6;4;14;11;7;0;1;4;0;0;1.44;4.75;6.5;1.47;4.77;6.3;1.43;2.75;1.97;1.89
SP1;05/03/18;Celta;Las Palmas;2;1;H;0;0;D;14;10;6;3;13;15;10;7;1;2;0;0;1.44;4.33;7.0;1.44;4.62;7.23;1.58;2.34;1.95;1.91
SP1;09/03/18;Girona;La Coruna;2;0;H;1;0;H;9;8;6;4;17;16;2;2;1;4;0;0;1.55;4.2;5.5;1.61;3.98;5.73;1.87;1.93;1.76;2.12
SP1;10/03/18;Eibar;Real Madrid;1;2;A;0;1;A;12;12;3;6;12;7;8;6;1;1;0;0;5.75;4.75;1.5;5.92;4.55;1.52;1.47;2.62;2.05;1.82
SP1;10/03/18;Getafe;Levante;0;1;A;0;0;D;11;12;4;4;14;16;4;7;5;7;0;1;1.75;3.5;5.25;1.71;3.54;5.48;2.32;1.6;1.93;1.93
SP1;10/03/18;Malaga;Barcelona;0;2;A;0;2;A;6;20;2;9;15;9;2;5;1;1;1;0;13.0;6.0;1.25;12.44;5.82;1.26;1.61;2.3;2.08;1.79
SP1;10/03/18;Sevilla;Valencia;0;2;A;0;1;A;21;10;5;5;15;15;7;3;4;2;0;0;2.0;3.5;3.79;2.06;3.58;3.52;1.68;2.17;1.78;2.09
SP1;11/03/18;Ath Bilbao;Leganes;2;0;H;2;0;H;13;12;5;1;12;14;3;6;2;5;0;0;1.9;3.29;4.5;1.93;3.21;4.56;2.59;1.48;1.92;1.94
SP1;11/03/18;Ath Madrid;Celta;3;0;H;1;0;H;7;8;3;2;14;10;6;4;1;2;0;0;1.39;4.75;8.0;1.42;4.57;8.0;1.83;1.97;1.96;1.9
SP1;11/03/18;Espanol;Sociedad;2;1;H;0;1;A;18;11;7;5;18;14;6;4;0;2;0;0;2.87;3.1;2.62;2.75;3.24;2.66;2.1;1.73;1.67;2.26
SP1;11/03/18;Las Palmas;Villarreal;0;2;A;0;0;D;9;11;3;4;15;17;7;3;1;1;1;0;3.5;3.5;2.1;3.47;3.4;2.13;1.98;1.83;2.03;1.83
SP1;12/03/18;Alaves;Betis;1;3;A;0;2;A;9;10;1;4;18;17;6;2;2;3;0;0;2.14;3.29;3.6;2.15;3.37;3.45;1.99;1.82;1.85;2.0
SP1;16/03/18;Levante;Eibar;2;1;H;1;0;H;6;13;3;4;11;11;4;5;4;3;0;0;3.2;3.2;2.37;3.13;3.21;2.4;2.24;1.64;1.83;2.03
SP1;17/03/18;Betis;Espanol;3;0;H;1;0;H;9;4;4;1;15;11;3;5;1;3;0;0;2.2;3.39;3.29;2.24;3.33;3.33;2.03;1.79;1.92;1.93
SP1;17/03/18;La Coruna;Las Palmas;1;1;D;1;1;D;13;8;3;1;24;12;9;2;3;3;0;0;1.72;3.75;5.0;1.75;3.79;4.73;1.74;2.08;1.95;1.91
SP1;17/03/18;Sociedad;Getafe;1;2;A;1;1;D;8;9;2;5;13;21;7;1;3;7;0;0;1.72;3.6;5.25;1.72;3.77;4.91;1.89;1.91;1.94;1.91
SP1;17/03/18;Valencia;Alaves;3;1;H;2;0;H;24;16;10;4;8;14;9;2;1;1;0;0;1.44;4.5;7.5;1.45;4.51;7.33;1.74;2.08;2.03;1.83
SP1;18/03/18;Barcelona;Ath Bilbao;2;0;H;2;0;H;18;10;9;3;7;14;6;5;2;2;0;0;1.16;8.0;15.0;1.15;7.87;19.54;1.46;2.68;1.95;1.91
SP1;18/03/18;Celta;Malaga;0;0;D;0;0;D;9;5;3;0;16;24;4;5;3;2;0;0;1.44;4.5;7.0;1.48;4.28;7.14;1.91;1.89;1.84;2.03
SP1;18/03/18;Leganes;Sevilla;2;1;H;1;0;H;12;10;6;4;13;11;5;4;2;4;0;1;3.7;3.29;2.1;3.62;3.27;2.15;2.19;1.67;2.02;1.84
SP1;18/03/18;Real Madrid;Girona;6;3;H;1;1;D;20;10;14;6;13;13;6;7;1;2;0;0;1.16;7.5;17.0;1.19;7.56;12.98;1.22;4.06;2.01;1.85
SP1;18/03/18;Villarreal;Ath Madrid;2;1;H;0;1;A;17;8;5;2;13;16;5;4;5;3;0;1;4.2;3.1;2.04;3.97;3.27;2.03;2.37;1.58;2.14;1.74
SP1;31/03/18;Ath Bilbao;Celta;1;1;D;0;0;D;11;13;2;3;10;10;4;5;3;1;0;0;2.04;3.29;3.6;2.07;3.4;3.66;2.03;1.78;1.78;2.1
SP1;31/03/18;Girona;Levante;1;1;D;0;0;D;12;15;5;6;13;12;5;7;1;3;0;0;1.57;3.79;6.0;1.62;3.81;5.82;2.0;1.8;1.79;2.08
SP1;31/03/18;Las Palmas;Real Madrid;0;3;A;0;2;A;17;17;3;7;11;17;3;3;3;0;0;0;10.0;6.0;1.25;9.41;6.15;1.28;1.28;3.59;1.94;1.91
SP1;31/03/18;Sevilla;Barcelona;2;2;D;1;0;H;21;20;6;9;11;7;5;9;2;0;0;0;4.75;4.0;1.66;4.64;3.88;1.73;1.63;2.26;1.9;1.95
SP1;01/04/18;Ath Madrid;La Coruna;1;0;H;1;0;H;15;10;3;2;14;15;9;7;2;3;0;0;1.22;5.75;13.0;1.25;5.77;13.32;1.73;2.09;2.02;1.84
SP1;01/04/18;Eibar;Sociedad;0;0;D;0;0;D;15;7;3;0;14;10;8;1;4;2;0;0;2.37;3.39;2.87;2.37;3.36;3.01;1.87;1.92;2.02;1.83
SP1;01/04/18;Espanol;Alaves;0;0;D;0;0;D;12;13;3;4;18;12;6;5;3;2;0;0;2.04;3.2;3.75;2.02;3.2;4.06;2.47;1.53;2.0;1.86
SP1;01/04/18;Leganes;Valencia;0;1;A;0;0;D;8;3;1;1;14;17;5;2;3;4;0;0;3.75;3.39;2.0;3.79;3.34;2.04;2.13;1.71;1.82;2.04
SP1;01/04/18;Malaga;Villarreal;1;0;H;1;0;H;13;11;3;1;17;13;3;6;2;3;0;0;3.5;3.2;2.14;3.5;3.25;2.18;2.25;1.63;1.99;1.86
SP1;02/04/18;Getafe;Betis;0;1;A;0;0;D;8;7;4;4;21;9;4;0;4;2;0;0;1.95;3.5;3.75;2.02;3.43;3.72;1.99;1.8;1.76;2.12
SP1;06/04/18;La Coruna;Malaga;3;2;H;1;1;D;14;11;6;4;16;14;7;6;4;3;0;0;2.04;3.29;3.79;2.04;3.3;3.93;2.26;1.63;2.03;1.84
SP1;07/04/18;Alaves;Getafe;2;0;H;0;0;D;11;5;2;1;17;22;1;3;2;3;0;0;2.45;3.0;3.2;2.45;3.05;3.22;2.59;1.48;2.08;1.79
SP1;07/04/18;Barcelona;Leganes;3;1;H;2;0;H;12;11;6;1;14;12;5;3;2;4;0;0;1.12;9.0;21.0;1.13;8.54;22.73;1.42;2.8;1.9;1.95
SP1;07/04/18;Betis;Eibar;2;0;H;1;0;H;13;5;4;2;10;11;7;8;2;2;0;0;2.25;3.39;3.25;2.25;3.37;3.25;1.93;1.87;1.94;1.91
SP1;07/04/18;Celta;Sevilla;4;0;H;1;0;H;12;16;6;6;8;12;3;10;1;2;0;0;2.2;3.39;3.29;2.19;3.44;3.32;1.81;1.99;1.89;1.96
SP1;08/04/18;Levante;Las Palmas;2;1;H;1;0;H;11;17;4;5;19;10;4;5;6;3;2;0;1.9;3.6;4.0;1.89;3.56;4.19;2.0;1.81;2.15;1.74
SP1;08/04/18;Real Madrid;Ath Madrid;1;1;D;0;0;D;30;9;8;5;12;17;11;2;2;3;0;0;1.75;3.75;4.75;1.73;3.8;4.89;1.78;2.03;1.91;1.94
SP1;08/04/18;Sociedad;Girona;5;0;H;2;0;H;13;8;7;1;8;20;4;5;2;2;0;0;1.9;3.6;4.0;1.89;3.65;4.08;1.8;2.0;2.15;1.74
SP1;08/04/18;Valencia;Espanol;1;0;H;1;0;H;14;21;6;6;17;10;4;3;3;2;0;0;1.5;4.33;6.5;1.49;4.19;7.06;1.92;1.88;1.84;2.02
SP1;09/04/18;Villarreal;Ath Bilbao;1;3;A;0;1;A;7;17;2;13;17;11;3;6;5;5;1;0;1.85;3.5;4.5;1.87;3.44;4.45;2.18;1.67;2.13;1.75
SP1;13/04/18;Girona;Betis;0;1;A;0;1;A;9;10;4;2;23;18;6;4;7;5;0;0;2.29;3.39;3.1;2.34;3.43;3.04;1.85;1.96;2.03;1.84
SP1;14/04/18;Ath Bilbao;La Coruna;2;3;A;0;2;A;13;5;4;3;5;9;11;6;2;1;0;0;1.66;3.75;5.5;1.66;3.8;5.49;2.02;1.78;1.84;2.03
SP1;14/04/18;Barcelona;Valencia;2;1;H;1;0;H;12;17;7;6;9;11;6;5;2;2;0;0;1.28;6.0;9.5;1.3;5.81;9.46;1.4;2.88;2.02;1.84
SP1;14/04/18;Las Palmas;Sociedad;0;1;A;0;1;A;7;20;0;11;6;16;4;6;0;0;0;0;3.79;3.6;1.95;3.65;3.66;2.0;1.69;2.16;1.87;2.0
SP1;14/04/18;Leganes;Celta;1;0;H;0;0;D;19;5;7;2;22;17;8;3;3;3;0;0;3.1;3.2;2.39;3.18;3.17;2.38;2.29;1.61;1.84;2.02
SP1;14/04/18;Sevilla;Villarreal;2;2;D;0;1;A;18;7;4;4;11;23;10;2;5;3;1;1;1.8;3.75;4.5;1.83;3.73;4.25;1.7;2.13;1.82;2.06
SP1;15/04/18;Ath Madrid;Levante;3;0;H;1;0;H;13;11;5;3;9;13;8;3;2;1;0;0;1.22;6.0;15.0;1.23;5.78;15.62;1.83;1.97;2.0;1.86
SP1;15/04/18;Eibar;Alaves;0;1;A;0;1;A;21;2;4;1;11;18;12;1;2;1;0;0;1.83;3.39;4.75;1.82;3.39;4.84;2.28;1.62;1.81;2.07
SP1;15/04/18;Getafe;Espanol;1;0;H;0;0;D;13;5;4;0;19;13;4;3;6;2;1;0;2.14;3.1;3.75;2.15;3.08;3.82;2.67;1.46;1.81;2.06
SP1;15/04/18;Malaga;Real Madrid;1;2;A;0;1;A;13;16;3;6;12;9;4;7;4;0;0;0;10.0;5.5;1.28;10.08;5.63;1.3;1.48;2.58;2.02;1.84
SP1;17/04/18;Celta;Barcelona;2;2;D;1;1;D;18;14;8;6;9;7;6;4;3;0;0;1;4.75;4.33;1.64;4.74;4.19;1.68;1.51;2.52;2.02;1.84
SP1;17/04/18;La Coruna;Sevilla;0;0;D;0;0;D;22;24;6;7;8;8;7;9;0;2;0;0;2.5;3.5;2.75;2.5;3.57;2.72;1.68;2.18;2.14;1.75
SP1;17/04/18;Villarreal;Leganes;2;1;H;1;0;H;17;6;6;1;14;14;10;4;1;1;0;0;1.6;3.79;6.5;1.61;3.82;6.16;2.19;1.67;2.12;1.76
SP1;18/04/18;Espanol;Eibar;0;1;A;0;1;A;10;5;4;1;17;17;3;6;3;2;0;0;2.29;3.1;3.39;2.33;3.09;3.35;2.46;1.54;1.97;1.88
SP1;18/04/18;Real Madrid;Ath Bilbao;1;1;D;0;1;A;29;6;10;2;6;19;16;2;2;4;0;0;1.19;7.0;12.0;1.23;6.72;11.7;1.3;3.44;1.93;1.92
SP1;18/04/18;Valencia;Getafe;1;2;A;0;1;A;10;8;3;3;10;14;7;5;1;7;1;0;1.44;4.0;8.0;1.48;4.24;7.25;1.9;1.89;1.81;2.06
SP1;19/04/18;Alaves;Girona;1;2;A;0;0;D;11;14;5;5;15;12;3;6;4;4;0;0;2.37;3.1;3.29;2.4;3.16;3.16;2.3;1.61;2.04;1.82
SP1;19/04/18;Betis;Las Palmas;1;0;H;0;0;D;17;1;8;0;18;17;6;3;3;5;0;1;1.36;5.25;7.5;1.36;5.26;7.75;1.44;2.72;1.99;1.87
SP1;19/04/18;Levante;Malaga;1;0;H;0;0;D;11;10;2;2;9;17;4;3;1;1;0;0;1.85;3.5;4.5;1.86;3.41;4.57;2.3;1.6;2.11;1.76
SP1;19/04/18;Sociedad;Ath Madrid;3;0;H;1;0;H;12;9;4;2;13;13;6;6;1;0;0;0;3.29;3.29;2.25;3.28;3.3;2.27;2.14;1.7;1.91;1.95
SP1;20/04/18;Leganes;La Coruna;0;0;D;0;0;D;13;12;0;3;12;13;9;4;0;2;0;0;2.29;3.25;3.2;2.42;3.21;3.09;2.22;1.66;2.06;1.82
SP1;21/04/18;Celta;Valencia;1;1;D;0;0;D;10;17;3;7;14;19;4;3;1;2;0;0;2.7;3.39;2.6;2.67;3.4;2.63;1.84;1.96;1.67;2.25
SP1;21/04/18;Eibar;Getafe;0;1;A;0;1;A;12;7;2;4;15;16;8;3;4;1;0;0;2.04;3.2;4.0;2.12;3.14;3.88;2.49;1.53;1.8;2.07
SP1;22/04/18;Ath Madrid;Betis;0;0;D;0;0;D;10;10;2;4;17;14;8;3;2;5;0;0;1.61;3.75;6.0;1.62;3.8;5.86;2.05;1.76;1.81;2.06
SP1;22/04/18;Girona;Espanol;0;2;A;0;1;A;20;5;6;4;18;18;10;0;1;2;0;0;2.14;3.25;3.6;2.09;3.25;3.76;2.22;1.65;1.79;2.08
SP1;22/04/18;Las Palmas;Alaves;0;4;A;0;0;D;12;10;1;7;14;19;3;3;2;2;0;0;3.1;3.2;2.39;3.1;3.26;2.37;2.1;1.72;1.82;2.05
SP1;22/04/18;Malaga;Sociedad;2;0;H;2;0;H;4;14;3;2;16;0;5;3;4;1;0;0;5.25;3.6;1.72;5.05;3.59;1.75;2.03;1.77;1.88;1.98
SP1;23/04/18;Ath Bilbao;Levante;1;3;A;1;2;A;18;11;5;7;13;14;2;9;3;3;0;0;1.66;3.75;5.5;1.66;3.68;5.58;2.12;1.71;1.84;2.01
SP1;27/04/18;Levante;Sevilla;2;1;H;1;1;D;15;22;5;4;4;15;4;8;1;1;0;0;4.5;3.6;1.75;4.12;3.77;1.85;1.68;2.17;2.04;1.83
SP1;28/04/18;Espanol;Las Palmas;1;1;D;0;1;A;16;13;7;2;18;22;6;7;2;4;0;0;1.36;4.75;9.5;1.39;4.6;8.88;1.9;1.9;1.9;1.96
SP1;28/04/18;Real Madrid;Leganes;2;1;H;2;0;H;12;16;5;6;16;15;3;2;0;1;0;1;1.3;5.5;10.0;1.3;5.57;9.98;1.5;2.54;1.87;1.99
SP1;28/04/18;Sociedad;Ath Bilbao;3;1;H;2;0;H;17;9;4;3;16;16;3;7;3;6;1;0;1.85;3.6;4.33;1.87;3.58;4.28;1.9;1.9;1.85;2.01
SP1;28/04/18;Villarreal;Celta;4;1;H;3;1;H;13;15;7;4;14;8;5;7;2;0;0;0;1.72;3.75;5.0;1.74;3.82;4.75;1.75;2.07;1.92;1.93
SP1;29/04/18;Alaves;Ath Madrid;0;1;A;0;0;D;7;14;3;6;14;12;3;4;4;6;0;1;3.29;3.1;2.37;3.35;3.1;2.34;2.53;1.51;1.87;2.0
SP1;29/04/18;Getafe;Girona;1;1;D;1;1;D;10;15;2;2;19;21;4;4;6;4;1;0;2.1;3.1;4.0;2.06;3.23;3.92;2.41;1.55;1.76;2.1
SP1;29/04/18;La Coruna;Barcelona;2;4;A;1;2;A;17;21;5;9;9;9;6;7;1;1;0;0;12.0;6.0;1.25;10.0;6.08;1.27;1.31;3.35;1.94;1.92
SP1;29/04/18;Valencia;Eibar;0;0;D;0;0;D;16;8;5;2;12;19;8;2;2;3;0;0;1.5;4.0;7.5;1.51;4.27;6.62;1.79;2.02;1.85;2.02
SP1;30/04/18;Betis;Malaga;2;1;H;1;1;D;12;9;3;3;9;17;6;4;1;4;0;0;1.44;4.5;7.5;1.41;4.61;7.96;1.77;2.03;1.95;1.89
SP1;04/05/18;Sevilla;Sociedad;1;0;H;0;0;D;16;11;6;1;17;13;6;4;4;2;0;0;2.1;3.79;3.1;2.17;3.53;3.29;1.54;2.45;1.9;1.96
SP1;05/05/18;Ath Bilbao;Betis;2;0;H;0;0;D;14;6;5;3;13;12;4;5;0;2;0;0;2.25;3.29;3.29;2.28;3.33;3.22;1.92;1.87;1.97;1.89
SP1;05/05/18;Celta;La Coruna;1;1;D;1;0;H;13;11;4;2;6;11;4;10;4;2;0;0;1.61;4.0;5.5;1.63;4.17;5.07;1.56;2.4;2.07;1.8
SP1;05/05/18;Girona;Eibar;1;4;A;0;2;A;16;15;5;6;12;13;6;5;2;5;0;0;2.1;3.29;3.75;2.08;3.31;3.74;2.22;1.65;1.79;2.08
SP1;05/05/18;Villarreal;Valencia;1;0;H;0;0;D;13;6;5;2;18;18;7;3;5;3;0;0;2.25;3.39;3.2;2.23;3.42;3.22;1.75;2.06;1.93;1.92
SP1;06/05/18;Ath Madrid;Espanol;0;2;A;0;0;D;9;14;3;6;9;13;6;3;1;3;0;0;1.39;4.2;10.0;1.4;4.34;9.58;2.16;1.69;1.98;1.88
SP1;06/05/18;Barcelona;Real Madrid;2;2;D;1;1;D;11;17;4;5;8;20;6;5;3;5;1;0;1.66;4.33;4.5;1.68;4.43;4.4;1.33;3.22;1.82;2.04
SP1;06/05/18;Las Palmas;Getafe;0;1;A;0;0;D;21;8;4;1;8;28;9;4;0;2;0;0;4.0;3.29;2.0;3.76;3.38;2.05;2.05;1.75;2.1;1.76
SP1;06/05/18;Malaga;Alaves;0;3;A;0;1;A;16;13;4;7;15;13;6;7;2;1;0;0;2.39;3.2;3.1;2.43;3.15;3.11;2.36;1.58;2.05;1.82
SP1;07/05/18;Leganes;Levante;0;3;A;0;0;D;13;10;2;3;15;11;6;5;5;1;1;0;2.1;3.2;3.89;2.11;3.24;3.69;2.27;1.62;1.81;2.05
SP1;09/05/18;Barcelona;Villarreal;5;1;H;3;0;H;12;20;6;7;6;15;4;4;0;3;0;0;1.28;5.75;10.0;1.29;5.91;9.53;1.3;3.4;1.98;1.87
SP1;09/05/18;Sevilla;Real Madrid;3;2;H;2;0;H;14;14;6;4;21;9;2;3;3;1;0;0;2.45;3.7;2.62;2.44;3.84;2.63;1.41;2.85;2.13;1.75
SP1;12/05/18;Alaves;Ath Bilbao;3;1;H;1;0;H;4;13;3;4;15;13;0;8;2;5;0;0;2.5;3.29;2.89;2.56;3.15;2.92;2.24;1.64;2.16;1.72
SP1;12/05/18;Betis;Sevilla;2;2;D;1;0;H;9;13;5;5;10;19;4;5;1;4;0;0;2.62;3.39;2.7;2.59;3.55;2.62;1.58;2.35;1.92;1.93
SP1;12/05/18;Eibar;Las Palmas;1;0;H;1;0;H;10;8;5;2;13;12;3;11;3;1;0;0;1.39;4.5;9.0;1.4;4.7;8.36;1.66;2.19;1.88;1.97
SP1;12/05/18;Getafe;Ath Madrid;0;1;A;0;1;A;11;5;4;3;13;17;8;2;3;2;0;0;2.79;3.1;2.79;2.75;3.03;2.81;2.66;1.46;1.9;1.96
SP1;12/05/18;Girona;Valencia;0;1;A;0;0;D;16;10;4;4;16;11;6;2;2;3;0;0;2.5;3.39;2.75;2.57;3.49;2.68;1.7;2.13;1.88;1.97
SP1;12/05/18;La Coruna;Villarreal;2;4;A;0;3;A;16;11;7;7;14;5;11;0;3;0;0;0;3.5;3.6;2.04;3.57;3.58;2.03;1.69;2.15;2.11;1.76
SP1;12/05/18;Real Madrid;Celta;6;0;H;3;0;H;15;5;10;1;5;10;4;2;0;1;0;0;1.36;5.0;9.0;1.35;5.66;7.61;1.24;3.94;1.91;1.95
SP1;12/05/18;Sociedad;Leganes;3;2;H;2;1;H;11;9;6;3;8;12;5;1;1;2;0;0;1.44;4.2;8.5;1.44;4.45;7.68;1.77;2.04;1.99;1.87
SP1;13/05/18;Espanol;Malaga;4;1;H;3;1;H;19;9;7;3;13;19;5;3;0;2;0;0;1.61;3.7;6.25;1.64;3.73;5.72;2.08;1.74;1.83;2.03
SP1;13/05/18;Levante;Barcelona;5;4;H;2;1;H;12;18;7;7;18;12;3;8;6;6;0;0;10.0;5.25;1.3;9.07;5.65;1.31;1.33;3.23;2.06;1.81
SP1;19/05/18;Celta;Levante;4;2;H;2;1;H;20;7;9;3;9;15;5;3;1;3;0;1;1.8;4.0;4.1;1.81;4.01;4.01;1.41;2.82;2.01;1.85
SP1;19/05/18;Las Palmas;Girona;1;2;A;1;2;A;13;12;7;6;7;19;4;3;1;2;0;0;3.1;3.5;2.25;3.03;3.63;2.24;1.57;2.36;1.9;1.95
SP1;19/05/18;Leganes;Betis;3;2;H;1;1;D;8;16;3;8;9;9;6;4;2;0;1;0;2.7;3.6;2.5;2.71;3.48;2.54;1.66;2.19;1.99;1.86
SP1;19/05/18;Malaga;Getafe;0;1;A;0;0;D;6;11;2;3;19;12;2;9;4;1;0;0;3.3;3.3;2.25;3.22;3.41;2.24;1.88;1.91;1.92;1.93
SP1;19/05/18;Sevilla;Alaves;1;0;H;1;0;H;20;10;8;4;15;12;8;3;2;2;0;0;1.4;4.75;8.0;1.43;4.88;6.84;1.4;2.86;1.91;1.94
SP1;19/05/18;Villarreal;Real Madrid;2;2;D;0;2;A;14;15;5;7;13;10;4;5;4;3;0;0;3.1;4.1;2.1;2.99;4.12;2.12;1.26;3.79;1.98;1.87
SP1;20/05/18;Ath Bilbao;Espanol;0;1;A;0;1;A;12;11;3;4;4;11;7;7;0;1;0;0;2.04;3.5;3.6;2.02;3.56;3.63;1.75;2.06;2.02;1.85
SP1;20/05/18;Ath Madrid;Eibar;2;2;D;1;1;D;8;14;4;3;14;14;2;2;6;2;1;0;1.61;3.8;6.0;1.6;3.98;5.65;1.82;1.98;2.04;1.82
SP1;20/05/18;Barcelona;Sociedad;1;0;H;0;0;D;12;13;4;2;13;13;3;8;3;2;0;0;1.22;7.0;11.0;1.24;7.0;9.76;1.16;5.04;1.89;1.97
SP1;20/05/18;Valencia;La Coruna;2;1;H;1;0;H;22;12;5;7;8;11;8;4;0;0;0;0;1.4;4.75;8.0;1.37;5.15;7.94;1.37;2.98;1.97;1.89
SP1;17/08/2018;Betis;Levante;0;3;A;0;1;A;22;6;8;4;10;10;5;3;0;2;0;0;1.66;4.0;5.0;1.68;4.0;4.95;1.76;2.06;1.85;2.0
SP1;17/08/2018;Girona;Valladolid;0;0;D;0;0;D;13;2;1;1;21;20;3;2;1;1;0;0;1.75;3.6;5.0;1.78;3.6;4.79;2.13;1.71;2.01;1.85
SP1;18/08/2018;Barcelona;Alaves;3;0;H;0;0;D;25;3;9;0;6;13;7;1;0;2;0;0;1.11;10.0;21.0;1.1;9.82;25.67;1.34;3.18;1.91;1.95
SP1;18/08/2018;Celta;Espanol;1;1;D;0;1;A;12;14;2;5;13;14;8;7;3;2;0;0;1.85;3.5;4.5;1.9;3.53;4.2;2.06;1.76;2.18;1.71
SP1;18/08/2018;Villarreal;Sociedad;1;2;A;1;1;D;16;8;7;4;16;10;4;6;2;3;0;0;2.04;3.4;3.8;2.03;3.43;3.76;1.99;1.81;1.74;2.14
SP1;19/08/2018;Eibar;Huesca;1;2;A;0;2;A;18;8;6;6;12;13;7;0;1;1;0;0;1.66;3.75;5.5;1.7;3.77;5.08;1.88;1.91;1.91;1.94
SP1;19/08/2018;Real Madrid;Getafe;2;0;H;1;0;H;10;4;3;1;11;27;3;0;1;7;0;0;1.2;7.0;13.0;1.21;6.66;14.13;1.45;2.66;1.8;2.07
SP1;19/08/2018;Vallecano;Sevilla;1;4;A;0;3;A;13;17;2;8;6;15;2;6;1;0;0;0;3.25;3.6;2.14;3.38;3.56;2.11;1.76;2.04;2.03;1.83
SP1;20/08/2018;Ath Bilbao;Leganes;2;1;H;1;1;D;17;12;5;2;12;13;6;2;4;5;0;0;1.75;3.3;5.5;1.78;3.43;5.03;2.35;1.58;2.04;1.82
SP1;20/08/2018;Valencia;Ath Madrid;1;1;D;0;1;A;13;9;4;3;10;15;4;10;2;3;0;0;3.0;3.2;2.5;2.99;3.14;2.51;2.33;1.59;1.75;2.12
SP1;24/08/2018;Getafe;Eibar;2;0;H;1;0;H;7;9;4;0;14;11;5;5;2;1;0;0;1.95;3.2;4.33;1.98;3.22;4.32;2.62;1.47;1.98;1.88
SP1;24/08/2018;Leganes;Sociedad;2;2;D;0;2;A;18;7;5;6;12;9;5;0;1;2;0;0;3.5;3.3;2.1;3.57;3.25;2.18;2.36;1.58;1.99;1.86
SP1;25/08/2018;Alaves;Betis;0;0;D;0;0;D;16;13;4;5;17;15;5;6;3;1;0;0;2.8;3.25;2.6;2.77;3.26;2.63;2.13;1.7;1.99;1.86
SP1;25/08/2018;Ath Madrid;Vallecano;1;0;H;0;0;D;9;13;2;3;7;8;8;5;1;1;0;0;1.16;7.0;21.0;1.16;7.39;20.03;1.57;2.38;1.85;2.0
SP1;25/08/2018;Valladolid;Barcelona;0;1;A;0;0;D;7;10;4;5;13;11;6;10;1;1;0;0;17.0;7.5;1.16;16.55;7.56;1.17;1.42;2.8;2.07;1.79
SP1;26/08/2018;Espanol;Valencia;2;0;H;0;0;D;19;16;9;4;16;12;6;10;1;1;0;0;3.25;3.2;2.37;3.08;3.3;2.37;2.07;1.74;1.84;2.02
SP1;26/08/2018;Girona;Real Madrid;1;4;A;1;1;D;10;20;5;8;13;11;4;7;2;3;0;0;8.0;5.5;1.36;8.29;5.2;1.36;1.5;2.52;1.87;1.99
SP1;26/08/2018;Sevilla;Villarreal;0;0;D;0;0;D;19;14;2;6;13;14;4;5;3;2;0;0;1.72;4.2;4.33;1.76;3.87;4.51;1.71;2.12;2.34;1.61
SP1;27/08/2018;Ath Bilbao;Huesca;2;2;D;0;0;D;14;9;4;4;17;17;3;2;2;2;0;0;1.61;3.6;6.5;1.63;3.75;5.95;2.01;1.79;2.12;1.74
SP1;27/08/2018;Levante;Celta;1;2;A;0;2;A;15;21;6;9;14;8;7;7;2;3;0;0;2.4;3.25;3.0;2.49;3.25;2.93;2.03;1.78;2.12;1.76
SP1;31/08/2018;Eibar;Sociedad;2;1;H;1;1;D;8;7;2;2;18;15;4;2;3;2;0;0;2.75;3.25;2.62;2.79;3.23;2.66;2.2;1.67;1.67;2.26
SP1;31/08/2018;Getafe;Valladolid;0;0;D;0;0;D;12;7;3;4;22;14;6;7;3;1;0;0;1.9;3.2;4.75;1.91;3.18;4.86;2.59;1.49;1.91;1.96
SP1;31/08/2018;Villarreal;Girona;0;1;A;0;0;D;13;14;3;6;15;11;7;2;3;2;0;0;1.57;4.0;6.0;1.57;4.08;6.19;1.91;1.89;1.97;1.88
SP1;01/09/2018;Celta;Ath Madrid;2;0;H;0;0;D;10;9;4;0;12;14;2;8;4;5;0;1;5.5;3.4;1.75;4.83;3.58;1.78;2.1;1.72;1.84;2.02
SP1;01/09/2018;Real Madrid;Leganes;4;1;H;1;1;D;17;8;8;3;11;11;8;1;1;1;0;0;1.12;9.0;21.0;1.12;9.31;23.88;1.33;3.23;1.94;1.91
SP1;02/09/2018;Alaves;Espanol;2;1;H;0;1;A;8;11;5;7;19;13;0;12;4;3;0;0;2.9;3.1;2.54;2.91;3.08;2.63;2.56;1.5;1.7;2.2
SP1;02/09/2018;Barcelona;Huesca;8;2;H;3;2;H;31;7;15;3;6;12;9;4;1;2;0;0;1.08;11.0;29.0;1.07;12.43;33.38;1.21;4.3;1.93;1.92
SP1;02/09/2018;Betis;Sevilla;1;0;H;0;0;D;11;8;3;2;15;17;5;8;3;6;0;1;2.8;3.5;2.45;2.75;3.62;2.44;1.58;2.36;1.75;2.13
SP1;02/09/2018;Levante;Valencia;2;2;D;2;1;H;13;18;4;5;14;10;3;5;4;2;1;0;3.75;3.4;2.0;3.51;3.5;2.09;1.82;1.99;2.06;1.81
SP1;14/09/2018;Huesca;Vallecano;0;1;A;0;1;A;14;14;4;2;16;18;6;3;2;1;0;0;2.14;3.5;3.4;2.2;3.51;3.28;1.85;1.96;1.91;1.96
SP1;15/09/2018;Ath Bilbao;Real Madrid;1;1;D;1;0;H;11;16;3;6;18;6;1;2;6;2;0;0;6.0;4.33;1.53;5.47;4.46;1.57;1.48;2.59;1.94;1.91
SP1;15/09/2018;Ath Madrid;Eibar;1;1;D;0;0;D;18;12;9;3;5;21;14;3;2;2;0;0;1.36;4.33;12.0;1.37;4.56;10.12;2.03;1.79;1.94;1.92
SP1;15/09/2018;Sociedad;Barcelona;1;2;A;1;0;H;8;12;5;6;18;8;1;6;1;1;0;0;7.0;5.25;1.4;6.8;5.08;1.42;1.44;2.72;1.98;1.88
SP1;15/09/2018;Valencia;Betis;0;0;D;0;0;D;12;11;2;6;22;9;5;4;6;3;0;0;1.75;3.75;4.75;1.75;3.84;4.65;1.71;2.13;1.94;1.91
SP1;16/09/2018;Espanol;Levante;1;0;H;0;0;D;22;16;9;4;17;13;5;4;1;2;0;0;1.72;3.6;5.25;1.78;3.7;4.66;1.95;1.85;2.01;1.85
SP1;16/09/2018;Leganes;Villarreal;0;1;A;0;0;D;16;9;3;3;16;9;6;1;4;3;0;0;3.0;3.1;2.54;3.02;3.13;2.53;2.36;1.59;1.75;2.13
SP1;16/09/2018;Sevilla;Getafe;0;2;A;0;2;A;15;10;1;5;10;22;7;1;3;6;0;0;1.55;4.0;7.0;1.56;4.01;6.25;1.9;1.9;2.0;1.86
SP1;16/09/2018;Valladolid;Alaves;0;1;A;0;0;D;15;10;5;4;9;12;7;2;3;2;0;0;2.2;3.1;3.6;2.21;3.06;3.71;2.55;1.5;1.89;1.99
SP1;17/09/2018;Girona;Celta;3;2;H;2;1;H;11;20;6;7;15;11;3;1;1;3;0;1;2.4;3.3;3.0;2.41;3.4;2.93;1.88;1.91;2.06;1.81
SP1;21/09/2018;Huesca;Sociedad;0;1;A;0;0;D;13;7;3;1;16;12;7;5;5;3;0;2;3.6;3.4;2.1;3.62;3.4;2.1;2.04;1.78;2.07;1.82
SP1;22/09/2018;Celta;Valladolid;3;3;D;2;1;H;12;14;5;4;9;11;7;8;2;2;0;0;1.75;3.5;5.25;1.73;3.63;5.18;2.02;1.79;2.33;1.63
SP1;22/09/2018;Eibar;Leganes;1;0;H;0;0;D;14;4;3;2;16;17;5;2;1;1;0;0;2.04;3.2;4.0;2.06;3.23;3.95;2.44;1.55;1.76;2.12
SP1;22/09/2018;Getafe;Ath Madrid;0;2;A;0;1;A;11;7;2;4;12;15;1;5;1;2;1;0;5.0;3.3;1.8;5.04;3.23;1.86;2.68;1.45;1.75;2.13
SP1;22/09/2018;Real Madrid;Espanol;1;0;H;1;0;H;19;10;5;3;5;16;8;3;2;2;0;0;1.18;7.0;15.0;1.2;7.01;14.36;1.38;2.94;1.97;1.89
SP1;22/09/2018;Vallecano;Alaves;1;5;A;1;2;A;13;11;4;7;14;12;8;4;1;2;1;0;2.04;3.4;3.6;2.12;3.41;3.55;2.08;1.74;1.83;2.04
SP1;23/09/2018;Barcelona;Girona;2;2;D;1;1;D;22;7;11;6;9;16;8;2;3;5;1;0;1.08;11.0;21.0;1.08;11.57;27.69;1.2;4.36;1.82;2.06
SP1;23/09/2018;Betis;Ath Bilbao;2;2;D;0;2;A;15;7;3;4;13;20;6;1;2;7;0;1;2.14;3.3;3.6;2.21;3.41;3.29;1.94;1.86;1.9;1.97
SP1;23/09/2018;Levante;Sevilla;2;6;A;1;4;A;19;20;10;9;5;18;8;4;1;1;0;0;3.5;3.6;2.04;3.32;3.64;2.12;1.68;2.17;2.0;1.86
SP1;23/09/2018;Villarreal;Valencia;0;0;D;0;0;D;11;12;1;2;12;12;8;6;4;1;0;1;2.25;3.25;3.3;2.31;3.38;3.14;1.94;1.87;1.98;1.89
SP1;25/09/2018;Ath Madrid;Huesca;3;0;H;3;0;H;17;8;5;1;1;14;4;3;0;2;0;0;1.22;6.0;15.0;1.24;5.99;14.4;1.75;2.06;2.01;1.87
SP1;25/09/2018;Espanol;Eibar;1;0;H;0;0;D;9;8;5;1;8;8;4;3;2;2;0;0;1.9;3.3;4.5;1.94;3.27;4.44;2.39;1.57;2.25;1.68
SP1;25/09/2018;Sociedad;Vallecano;2;2;D;1;2;A;16;11;6;6;12;18;8;5;4;3;0;0;1.61;4.0;5.5;1.65;4.01;5.29;1.76;2.06;2.12;1.75
SP1;26/09/2018;Ath Bilbao;Villarreal;0;3;A;0;0;D;12;19;2;6;3;14;6;4;1;1;0;0;2.25;3.3;3.3;2.17;3.38;3.43;2.05;1.76;1.87;2.0
SP1;26/09/2018;Leganes;Barcelona;2;1;H;0;1;A;10;9;6;5;15;11;4;5;4;2;0;0;12.0;6.0;1.25;10.97;5.98;1.27;1.5;2.52;2.07;1.8
SP1;26/09/2018;Sevilla;Real Madrid;3;0;H;3;0;H;16;21;7;3;16;12;5;6;3;4;0;0;4.33;4.2;1.72;4.16;4.23;1.76;1.42;2.79;1.66;2.26
SP1;26/09/2018;Valencia;Celta;1;1;D;1;0;H;14;9;5;3;18;7;0;2;1;3;0;0;1.66;4.0;4.75;1.72;4.04;4.58;1.62;2.26;2.24;1.67
SP1;27/09/2018;Alaves;Getafe;1;1;D;0;0;D;15;13;2;5;8;22;5;7;4;2;0;0;2.8;3.0;2.75;2.8;2.97;2.82;2.67;1.45;2.36;1.62
SP1;27/09/2018;Girona;Betis;0;1;A;0;0;D;8;14;2;6;17;14;5;1;1;3;0;0;2.5;3.3;2.87;2.51;3.42;2.8;1.89;1.9;2.16;1.73
SP1;27/09/2018;Valladolid;Levante;2;1;H;0;0;D;20;9;6;4;17;10;8;6;1;4;0;1;2.04;3.5;3.6;2.07;3.51;3.56;1.99;1.81;1.79;2.08
SP1;28/09/2018;Vallecano;Espanol;2;2;D;1;2;A;11;12;5;5;13;16;5;3;3;3;0;0;2.8;3.3;2.6;2.74;3.27;2.67;2.05;1.77;1.67;2.27
SP1;29/09/2018;Barcelona;Ath Bilbao;1;1;D;0;1;A;20;8;8;2;9;18;4;3;3;3;0;0;1.16;7.5;17.0;1.16;8.17;17.47;1.31;3.35;1.92;1.94
SP1;29/09/2018;Eibar;Sevilla;1;3;A;0;0;D;15;7;2;5;16;9;6;3;2;3;0;0;3.3;3.4;2.2;3.22;3.41;2.25;1.95;1.85;1.92;1.95
SP1;29/09/2018;Real Madrid;Ath Madrid;0;0;D;0;0;D;15;8;6;3;7;17;8;6;3;4;0;0;2.0;3.5;3.75;2.09;3.42;3.64;1.88;1.92;1.8;2.08
SP1;29/09/2018;Sociedad;Valencia;0;1;A;0;1;A;10;9;5;2;13;18;3;0;3;5;0;0;2.2;3.4;3.2;2.29;3.44;3.13;1.92;1.87;1.99;1.87
SP1;30/09/2018;Betis;Leganes;1;0;H;0;0;D;17;11;4;5;7;10;7;1;0;4;0;0;1.64;3.8;5.5;1.68;3.76;5.3;2.04;1.78;2.25;1.67
SP1;30/09/2018;Huesca;Girona;1;1;D;0;1;A;13;14;6;4;14;14;5;5;4;2;0;0;2.5;3.3;2.9;2.47;3.24;2.99;2.13;1.71;2.12;1.77
SP1;30/09/2018;Levante;Alaves;2;1;H;2;1;H;14;14;4;2;22;19;9;4;7;1;0;0;2.14;3.5;3.3;2.19;3.38;3.38;2.0;1.81;1.89;1.97
SP1;30/09/2018;Villarreal;Valladolid;0;1;A;0;0;D;27;9;7;3;17;12;7;2;3;3;0;0;1.53;4.0;6.5;1.55;4.03;6.42;1.96;1.84;1.97;1.89
SP1;01/10/2018;Celta;Getafe;1;1;D;1;0;H;8;12;2;4;13;15;3;9;2;2;0;0;2.0;3.5;3.8;2.0;3.36;3.95;2.1;1.73;2.32;1.64
SP1;05/10/2018;Ath Bilbao;Sociedad;1;3;A;1;1;D;13;6;5;3;15;19;11;0;6;5;0;0;2.04;3.4;3.8;2.08;3.39;3.73;2.06;1.76;1.78;2.1
SP1;06/10/2018;Alaves;Real Madrid;1;0;H;0;0;D;8;13;4;6;20;10;4;3;1;0;0;0;9.0;4.75;1.36;8.13;4.94;1.39;1.53;1.59;2.06;1.8
SP1;06/10/2018;Getafe;Levante;0;1;A;0;0;D;15;12;4;3;17;18;10;2;4;5;1;0;1.72;3.6;5.25;1.73;3.71;5.1;1.95;1.85;2.31;1.64
SP1;06/10/2018;Girona;Eibar;2;3;A;2;2;D;10;12;3;4;9;17;4;9;3;6;0;0;2.1;3.2;3.8;2.15;3.27;3.67;2.32;1.6;1.83;2.05
SP1;06/10/2018;Leganes;Vallecano;1;0;H;1;0;H;13;6;4;2;12;12;6;4;1;4;0;1;2.0;3.3;4.0;2.09;3.3;3.78;2.2;1.67;1.77;2.11
SP1;07/10/2018;Ath Madrid;Betis;1;0;H;0;0;D;13;5;5;0;16;10;6;4;5;3;0;0;1.44;4.0;9.0;1.49;3.95;8.15;2.19;1.67;1.86;1.99
SP1;07/10/2018;Espanol;Villarreal;3;1;H;1;1;D;28;13;12;6;13;8;10;3;3;2;0;0;2.25;3.2;3.4;2.31;3.19;3.33;2.27;1.63;1.97;1.9
SP1;07/10/2018;Sevilla;Celta;2;1;H;1;0;H;12;13;3;5;14;9;8;8;3;4;0;1;1.53;4.33;6.0;1.56;4.49;5.51;1.47;2.62;1.89;1.96
SP1;07/10/2018;Valencia;Barcelona;1;1;D;1;1;D;10;10;3;5;11;6;5;2;2;2;0;0;4.75;4.2;1.64;4.68;4.12;1.69;1.54;2.43;1.72;2.16
SP1;07/10/2018;Valladolid;Huesca;1;0;H;1;0;H;9;11;3;1;9;13;6;2;1;2;0;0;1.9;3.5;4.2;1.92;3.47;4.24;2.13;1.71;2.21;1.7
SP1;19/10/2018;Celta;Alaves;0;1;A;0;0;D;19;9;9;2;9;12;6;2;2;3;0;0;1.66;4.0;5.0;1.73;3.77;4.89;1.88;1.92;2.32;1.65
SP1;20/10/2018;Barcelona;Sevilla;4;2;H;2;0;H;23;19;9;7;10;16;5;7;0;1;0;0;1.33;6.0;7.5;1.34;5.96;7.5;1.26;3.72;2.0;1.86
SP1;20/10/2018;Real Madrid;Levante;1;2;A;0;2;A;34;6;12;2;10;19;15;1;1;2;0;0;1.14;8.5;19.0;1.15;8.52;16.34;1.24;3.92;1.85;2.02
SP1;20/10/2018;Valencia;Leganes;1;1;D;0;0;D;18;7;4;5;9;13;10;1;1;2;0;0;1.5;4.0;7.5;1.55;3.99;6.52;2.07;1.75;1.98;1.88
SP1;20/10/2018;Villarreal;Ath Madrid;1;1;D;0;0;D;18;15;6;4;16;9;8;7;3;1;0;0;3.8;3.1;2.14;3.71;3.14;2.18;2.47;1.54;2.03;1.84
SP1;21/10/2018;Betis;Valladolid;0;1;A;0;1;A;20;6;4;2;7;10;9;6;0;4;0;0;1.61;3.8;6.0;1.63;3.91;5.55;1.98;1.83;2.13;1.75
SP1;21/10/2018;Eibar;Ath Bilbao;1;1;D;1;1;D;18;6;6;3;7;13;8;2;2;3;0;0;2.7;3.2;2.75;2.72;3.14;2.75;2.29;1.61;2.3;1.65
SP1;21/10/2018;Huesca;Espanol;0;2;A;0;1;A;10;6;2;2;21;14;6;4;3;3;0;0;3.5;3.3;2.14;3.57;3.4;2.11;2.15;1.7;2.06;1.82
SP1;21/10/2018;Vallecano;Getafe;1;2;A;0;0;D;10;5;3;2;14;25;6;2;5;5;1;0;2.9;3.3;2.5;2.93;3.19;2.55;2.23;1.65;1.74;2.16
SP1;22/10/2018;Sociedad;Girona;0;0;D;0;0;D;14;12;8;2;14;15;7;6;3;1;0;0;1.72;3.75;5.0;1.68;3.88;5.04;1.9;1.89;2.24;1.68
SP1;24/10/2018;Vallecano;Ath Bilbao;1;1;D;1;0;H;11;12;3;4;14;9;5;4;1;1;0;0;3.3;3.3;2.25;3.26;3.36;2.24;1.97;1.83;1.93;1.93
SP1;26/10/2018;Valladolid;Espanol;1;1;D;0;1;A;15;11;2;4;16;16;5;2;4;2;0;0;3.4;3.1;2.25;3.3;3.14;2.35;2.38;1.58;1.89;1.99
SP1;27/10/2018;Ath Bilbao;Valencia;0;0;D;0;0;D;13;11;2;3;25;22;5;2;2;5;0;0;2.5;3.3;2.87;2.6;3.22;2.83;2.09;1.73;2.23;1.69
SP1;27/10/2018;Ath Madrid;Sociedad;2;0;H;1;0;H;14;7;4;0;10;7;10;1;2;1;0;0;1.53;3.8;7.5;1.53;3.9;7.19;2.22;1.65;1.96;1.9
SP1;27/10/2018;Celta;Eibar;4;0;H;2;0;H;10;17;6;5;9;8;2;8;0;0;0;0;2.14;3.3;3.6;2.18;3.35;3.42;1.97;1.83;1.88;1.98
SP1;27/10/2018;Girona;Vallecano;2;1;H;2;0;H;14;14;6;5;11;16;4;7;1;3;1;0;1.85;3.5;4.5;1.89;3.57;4.22;1.89;1.91;2.66;1.5
SP1;27/10/2018;Levante;Leganes;2;0;H;1;0;H;9;21;4;6;12;14;3;2;2;2;0;0;2.1;3.25;3.75;2.15;3.33;3.51;2.04;1.77;1.54;2.54
SP1;28/10/2018;Alaves;Villarreal;2;1;H;0;1;A;19;9;6;2;9;11;8;4;1;1;0;0;3.0;3.2;2.5;3.1;3.21;2.4;2.24;1.64;1.83;2.04
SP1;28/10/2018;Barcelona;Real Madrid;5;1;H;2;0;H;13;15;8;4;17;14;4;2;2;2;0;0;1.95;3.8;3.6;1.97;3.74;3.65;1.53;2.46;1.72;2.2
SP1;28/10/2018;Getafe;Betis;2;0;H;0;0;D;16;7;7;3;9;14;5;4;1;2;0;0;2.4;3.1;3.25;2.42;3.06;3.23;2.52;1.52;2.04;1.83
SP1;28/10/2018;Sevilla;Huesca;2;1;H;0;0;D;15;11;4;2;9;14;4;2;2;3;0;0;1.22;6.5;13.0;1.24;6.3;11.99;1.42;2.77;2.09;1.78
SP1;03/11/2018;Leganes;Ath Madrid;1;1;D;0;0;D;8;9;3;4;18;12;4;7;4;2;0;0;5.75;3.4;1.72;5.63;3.3;1.77;2.65;1.47;1.54;2.55
SP1;03/11/2018;Real Madrid;Valladolid;2;0;H;0;0;D;16;12;7;2;14;7;8;6;1;0;0;0;1.16;8.0;15.0;1.19;7.34;13.95;1.35;3.13;1.86;2.0
SP1;03/11/2018;Valencia;Girona;0;1;A;0;0;D;27;5;9;3;14;13;11;2;4;4;0;0;1.5;4.0;7.5;1.49;4.19;7.33;2.05;1.77;1.84;2.03
SP1;03/11/2018;Vallecano;Barcelona;2;3;A;1;1;D;11;9;5;5;23;11;3;1;4;2;0;0;9.5;6.0;1.28;9.47;5.77;1.3;1.42;2.81;1.62;2.36
SP1;04/11/2018;Betis;Celta;3;3;D;1;0;H;14;14;6;7;12;11;4;4;4;2;0;0;1.8;3.8;4.5;1.82;3.76;4.27;1.9;1.9;2.06;1.81
SP1;04/11/2018;Eibar;Alaves;2;1;H;0;1;A;23;9;8;3;11;7;13;1;4;0;1;1;2.04;3.3;3.9;2.08;3.3;3.82;2.28;1.62;1.77;2.11
SP1;04/11/2018;Huesca;Getafe;1;1;D;0;0;D;18;8;7;2;18;13;10;2;5;3;0;0;3.6;3.3;2.1;3.59;3.17;2.2;2.43;1.55;1.97;1.89
SP1;04/11/2018;Sociedad;Sevilla;0;0;D;0;0;D;10;8;1;1;8;17;7;7;1;3;0;0;2.75;3.5;2.45;2.79;3.53;2.46;1.72;2.11;1.74;2.16
SP1;04/11/2018;Villarreal;Levante;1;1;D;0;0;D;23;13;4;2;14;10;5;4;3;3;0;0;1.55;4.0;6.0;1.59;4.17;5.56;1.61;2.29;1.99;1.87
SP1;05/11/2018;Espanol;Ath Bilbao;1;0;H;1;0;H;8;10;3;2;15;13;2;1;1;3;0;0;2.0;3.3;4.0;1.99;3.33;4.04;2.22;1.65;1.71;2.2
SP1;09/11/2018;Levante;Sociedad;1;3;A;1;0;H;17;15;2;4;17;12;6;4;6;1;0;0;2.62;3.4;2.62;2.7;3.34;2.68;1.96;1.85;2.3;1.66
SP1;10/11/2018;Ath Madrid;Ath Bilbao;3;2;H;0;1;A;9;6;3;5;8;15;12;2;5;4;0;1;1.44;4.0;9.0;1.46;4.02;8.67;2.39;1.57;1.81;2.05
SP1;10/11/2018;Getafe;Valencia;0;1;A;0;0;D;17;7;3;3;23;8;6;4;3;3;1;0;2.75;3.1;2.75;2.84;3.05;2.73;2.58;1.49;1.65;2.31
SP1;10/11/2018;Girona;Leganes;0;0;D;0;0;D;5;10;0;1;13;13;0;6;1;4;0;0;2.04;3.2;3.75;2.17;3.21;3.65;2.39;1.57;1.86;2.01
SP1;10/11/2018;Valladolid;Eibar;0;0;D;0;0;D;9;16;1;6;16;15;4;4;2;4;0;1;2.3;3.3;3.25;2.35;3.23;3.23;2.29;1.62;2.01;1.86
SP1;11/11/2018;Alaves;Huesca;2;1;H;1;1;D;13;9;5;2;20;13;5;4;3;4;0;0;1.8;3.6;4.33;1.85;3.46;4.59;2.17;1.69;2.13;1.76
SP1;11/11/2018;Barcelona;Betis;3;4;A;0;2;A;20;15;5;8;13;11;10;5;4;2;1;0;1.18;7.0;13.0;1.21;7.1;12.6;1.3;3.4;1.91;1.95
SP1;11/11/2018;Celta;Real Madrid;2;4;A;0;1;A;15;14;4;5;19;13;5;1;4;2;1;0;5.0;4.5;1.55;5.07;4.53;1.59;1.38;2.98;1.93;1.92
SP1;11/11/2018;Sevilla;Espanol;2;1;H;0;1;A;23;15;10;7;18;10;6;3;4;2;0;0;1.75;3.6;4.5;1.79;3.7;4.58;1.77;2.04;2.45;1.58
SP1;11/11/2018;Vallecano;Villarreal;2;2;D;1;1;D;15;11;7;5;7;12;8;4;1;3;0;1;3.1;3.4;2.25;3.11;3.43;2.29;1.88;1.92;1.89;1.98
SP1;23/11/2018;Leganes;Alaves;1;0;H;1;0;H;13;7;6;2;10;13;5;3;2;4;0;0;2.2;3.1;3.6;2.27;3.08;3.57;2.56;1.5;1.93;1.94
SP1;24/11/2018;Ath Madrid;Barcelona;1;1;D;0;0;D;3;8;1;2;19;12;2;8;5;3;0;0;3.0;3.3;2.37;3.03;3.31;2.41;1.92;1.88;1.8;2.07
SP1;24/11/2018;Eibar;Real Madrid;3;0;H;1;0;H;14;9;8;3;17;8;5;4;2;1;0;0;6.0;4.33;1.53;5.71;4.54;1.53;1.45;1.69;2.02;2.67
SP1;24/11/2018;Huesca;Levante;2;2;D;1;1;D;32;5;12;3;11;8;7;2;4;3;1;0;2.25;3.4;3.25;2.25;3.35;3.3;2.01;1.8;1.92;1.94
SP1;24/11/2018;Valencia;Vallecano;3;0;H;1;0;H;13;13;10;3;15;14;6;5;2;4;0;1;1.44;4.5;7.5;1.44;4.59;7.25;1.72;2.12;1.72;2.17
SP1;25/11/2018;Ath Bilbao;Getafe;1;1;D;0;0;D;8;15;4;2;10;12;2;2;5;4;0;0;2.04;3.3;3.9;2.08;3.25;3.85;2.44;1.55;1.78;2.09
SP1;25/11/2018;Espanol;Girona;1;3;A;0;2;A;18;16;10;11;16;14;8;3;3;4;0;0;1.66;3.6;5.75;1.66;3.7;5.64;2.18;1.68;2.19;1.71
SP1;25/11/2018;Sevilla;Valladolid;1;0;H;1;0;H;17;13;9;5;15;15;8;6;3;3;0;0;1.4;4.75;8.0;1.38;4.99;7.76;1.57;2.38;1.59;2.4
SP1;25/11/2018;Villarreal;Betis;2;1;H;0;0;D;13;13;8;6;15;13;5;4;2;1;0;0;2.14;3.4;3.4;2.21;3.47;3.24;1.78;2.03;1.92;1.94
SP1;26/11/2018;Sociedad;Celta;2;1;H;1;0;H;15;6;8;2;12;14;6;2;2;2;0;0;1.85;3.75;4.2;1.83;3.72;4.29;1.83;1.98;2.06;1.81
SP1;30/11/2018;Vallecano;Eibar;1;0;H;0;0;D;5;13;2;5;15;12;1;4;5;3;0;0;3.1;3.3;2.3;3.01;3.41;2.37;1.87;1.93;1.84;2.04
SP1;01/12/2018;Celta;Huesca;2;0;H;1;0;H;12;8;5;3;14;14;4;4;2;3;0;0;1.64;4.0;5.0;1.69;3.88;5.07;1.76;2.05;2.21;1.7
SP1;01/12/2018;Getafe;Espanol;3;0;H;0;0;D;14;8;5;2;17;16;7;4;3;2;0;0;2.4;2.87;3.4;2.39;3.03;3.35;2.57;1.49;2.0;1.86
SP1;01/12/2018;Real Madrid;Valencia;2;0;H;1;0;H;13;7;3;2;11;10;2;2;1;3;0;0;1.44;4.75;7.0;1.45;4.73;6.72;1.5;2.55;1.71;2.18
SP1;01/12/2018;Valladolid;Leganes;2;4;A;0;2;A;20;14;6;5;5;13;6;5;0;3;0;0;2.37;3.1;3.3;2.41;3.01;3.35;2.73;1.44;2.03;1.84
SP1;02/12/2018;Alaves;Sevilla;1;1;D;1;0;H;11;14;3;3;21;14;2;5;3;3;0;0;3.6;3.6;2.0;3.68;3.61;2.0;1.77;2.03;2.16;1.73
SP1;02/12/2018;Barcelona;Villarreal;2;0;H;1;0;H;16;12;7;2;9;17;11;1;2;4;0;0;1.25;6.5;11.0;1.23;6.67;11.42;1.33;3.23;1.99;1.87
SP1;02/12/2018;Betis;Sociedad;1;0;H;1;0;H;6;6;4;4;18;18;6;4;4;2;0;0;2.2;3.3;3.4;2.27;3.26;3.33;1.99;1.82;1.94;1.92
SP1;02/12/2018;Girona;Ath Madrid;1;1;D;1;0;H;13;17;3;3;8;16;2;9;0;5;0;0;5.5;3.4;1.75;5.32;3.36;1.77;2.44;1.54;1.55;2.5
SP1;03/12/2018;Levante;Ath Bilbao;3;0;H;1;0;H;17;12;7;3;11;15;2;6;3;5;0;1;2.75;3.4;2.54;2.74;3.36;2.58;1.93;1.87;1.7;2.21
SP1;07/12/2018;Leganes;Getafe;1;1;D;0;1;A;17;6;5;2;12;13;7;2;1;2;1;0;2.62;2.9;3.0;2.68;2.92;3.02;2.89;1.5;1.85;2.02
SP1;08/12/2018;Ath Madrid;Alaves;3;0;H;1;0;H;12;13;5;3;20;15;5;5;5;4;0;0;1.36;4.5;10.0;1.39;4.35;10.12;2.21;1.66;1.66;2.27
SP1;08/12/2018;Espanol;Barcelona;0;4;A;0;3;A;15;17;3;9;16;10;11;4;1;0;0;0;6.5;4.33;1.5;6.09;4.44;1.52;1.58;2.36;2.03;1.83
SP1;08/12/2018;Valencia;Sevilla;1;1;D;0;0;D;16;11;6;3;13;17;6;4;0;4;0;0;2.2;3.5;3.2;2.23;3.48;3.22;1.84;1.96;1.93;1.93
SP1;08/12/2018;Villarreal;Celta;2;3;A;0;1;A;13;14;3;7;12;10;6;1;3;3;0;0;1.72;3.8;4.75;1.79;3.81;4.45;1.71;2.13;2.39;1.6
SP1;09/12/2018;Betis;Vallecano;2;0;H;0;0;D;8;12;3;3;13;20;2;9;2;3;0;0;1.53;4.33;6.0;1.55;4.39;5.69;1.63;2.26;1.92;1.93
SP1;09/12/2018;Eibar;Levante;4;4;D;1;2;A;32;14;7;5;11;7;12;3;2;2;0;0;1.75;3.8;4.5;1.78;3.84;4.46;1.77;2.05;1.98;1.88
SP1;09/12/2018;Huesca;Real Madrid;0;1;A;0;1;A;11;5;4;4;12;10;11;6;2;2;0;0;10.0;5.5;1.3;9.13;5.62;1.31;1.44;2.72;1.99;1.85
SP1;09/12/2018;Sociedad;Valladolid;1;2;A;0;1;A;23;10;5;6;9;16;11;6;2;2;0;0;1.61;3.6;6.5;1.61;3.78;6.11;2.15;1.69;2.12;1.75
SP1;10/12/2018;Ath Bilbao;Girona;1;0;H;0;0;D;25;3;10;1;17;15;11;0;3;1;0;0;1.95;3.4;4.0;1.98;3.38;4.02;2.14;1.7;1.71;2.19
SP1;14/12/2018;Celta;Leganes;0;0;D;0;0;D;15;5;2;2;11;11;10;0;3;3;0;0;1.85;3.5;4.33;1.86;3.46;4.59;2.23;1.65;2.13;1.76
SP1;15/12/2018;Eibar;Valencia;1;1;D;0;1;A;18;11;6;4;11;15;4;2;0;1;0;0;2.7;3.2;2.7;2.69;3.21;2.74;2.1;1.73;2.29;1.66
SP1;15/12/2018;Getafe;Sociedad;1;0;H;1;0;H;9;9;2;4;24;14;2;3;3;4;0;0;2.25;3.1;3.5;2.31;3.09;3.44;2.56;1.49;1.95;1.91
SP1;15/12/2018;Real Madrid;Vallecano;1;0;H;1;0;H;9;11;4;3;15;18;4;4;0;3;0;0;1.14;9.0;15.0;1.15;8.8;16.27;1.23;3.95;2.02;1.83
SP1;15/12/2018;Valladolid;Ath Madrid;2;3;A;0;2;A;8;14;2;5;16;13;9;3;4;1;0;0;5.75;3.4;1.72;5.7;3.41;1.73;2.48;1.52;1.6;2.4
SP1;16/12/2018;Espanol;Betis;1;3;A;1;1;D;10;12;3;5;23;10;0;4;3;4;0;0;2.4;3.3;3.0;2.34;3.33;3.11;1.96;1.84;2.01;1.86
SP1;16/12/2018;Huesca;Villarreal;2;2;D;1;0;H;30;10;13;5;12;11;13;2;4;5;0;1;3.5;3.2;2.14;3.29;3.4;2.21;1.91;1.88;1.93;1.93
SP1;16/12/2018;Levante;Barcelona;0;5;A;0;2;A;20;16;6;9;12;9;15;3;2;3;1;0;9.0;6.5;1.25;10.22;6.58;1.25;1.26;3.74;1.85;2.01
SP1;16/12/2018;Sevilla;Girona;2;0;H;0;0;D;17;8;5;2;18;12;5;3;2;1;0;0;1.44;4.5;7.0;1.45;4.6;6.95;1.62;2.29;2.28;1.65
SP1;17/12/2018;Alaves;Ath Bilbao;0;0;D;0;0;D;11;6;2;3;16;13;5;3;2;2;0;0;3.0;3.2;2.5;2.88;3.15;2.59;2.29;1.61;1.71;2.2
SP1;21/12/2018;Girona;Getafe;1;1;D;0;0;D;12;5;4;2;9;13;4;1;1;2;0;0;2.62;3.0;2.9;2.69;3.01;2.94;2.6;1.49;2.25;1.69
SP1;21/12/2018;Sociedad;Alaves;0;1;A;0;1;A;18;9;4;3;14;11;10;1;2;4;0;0;1.75;3.5;5.0;1.79;3.49;5.05;2.22;1.66;2.53;1.55
SP1;22/12/2018;Ath Bilbao;Valladolid;1;1;D;1;0;H;8;5;3;2;25;12;3;1;3;2;0;0;1.75;3.4;5.0;1.74;3.58;5.22;2.17;1.68;2.39;1.61
SP1;22/12/2018;Ath Madrid;Espanol;1;0;H;0;0;D;8;18;5;4;16;13;5;9;1;1;0;0;1.4;4.0;10.0;1.42;4.13;9.74;2.25;1.64;1.75;2.14
SP1;22/12/2018;Barcelona;Celta;2;0;H;2;0;H;9;11;5;1;14;15;4;6;0;1;0;0;1.12;9.0;21.0;1.12;9.83;19.17;1.17;4.74;1.79;2.07
SP1;22/12/2018;Betis;Eibar;1;1;D;1;0;H;4;15;2;4;11;13;4;11;2;4;0;0;1.8;3.75;4.5;1.8;3.73;4.5;1.78;2.04;2.46;1.57
SP1;23/12/2018;Leganes;Sevilla;1;1;D;1;0;H;13;8;4;2;14;9;3;6;3;3;0;1;3.4;3.2;2.25;3.28;3.23;2.3;2.1;1.73;1.89;1.98
SP1;23/12/2018;Valencia;Huesca;2;1;H;1;0;H;19;11;8;4;14;15;12;5;7;4;0;0;1.4;4.75;8.0;1.4;4.59;8.51;1.73;2.09;2.2;1.71
SP1;23/12/2018;Vallecano;Levante;2;1;H;1;0;H;18;12;8;7;13;10;3;5;2;2;0;0;2.1;3.6;3.4;2.11;3.77;3.24;1.63;2.26;1.86;2.02
SP1;03/01/2019;Villarreal;Real Madrid;2;2;D;1;2;A;12;14;4;7;12;13;6;4;2;2;0;0;3.8;3.8;1.85;3.93;3.83;1.87;1.54;2.44;1.78;2.11
SP1;04/01/2019;Espanol;Leganes;1;0;H;1;0;H;12;10;1;2;10;17;3;6;2;5;0;1;2.0;3.3;4.2;2.01;3.22;4.2;2.52;1.52;1.72;2.2
SP1;04/01/2019;Levante;Girona;2;2;D;0;1;A;19;9;8;2;18;16;8;2;3;1;1;0;2.15;3.5;3.3;2.18;3.55;3.3;1.71;2.14;1.9;1.98
SP1;05/01/2019;Alaves;Valencia;2;1;H;2;1;H;14;14;5;2;10;13;2;6;3;3;0;0;3.1;3.1;2.4;3.13;3.15;2.43;2.41;1.56;1.8;2.07
SP1;05/01/2019;Huesca;Betis;2;1;H;0;0;D;11;7;6;1;21;7;4;6;3;2;0;0;3.2;3.5;2.2;3.24;3.4;2.25;1.88;1.92;1.92;1.94
SP1;05/01/2019;Valladolid;Vallecano;0;1;A;0;1;A;12;9;5;5;16;23;9;5;0;3;0;0;2.1;3.4;3.6;2.09;3.35;3.71;2.04;1.77;1.8;2.08
SP1;06/01/2019;Eibar;Villarreal;0;0;D;0;0;D;24;7;6;4;12;17;13;1;0;2;0;0;2.1;3.25;3.5;2.14;3.46;3.44;1.87;1.93;1.85;2.02
SP1;06/01/2019;Getafe;Barcelona;1;2;A;1;2;A;10;12;2;8;23;12;4;4;4;3;0;0;8.0;5.25;1.36;7.62;5.01;1.4;1.54;2.43;1.78;2.1
SP1;06/01/2019;Real Madrid;Sociedad;0;2;A;0;1;A;28;12;8;4;13;13;10;4;5;1;1;0;1.33;6.0;7.5;1.34;5.43;8.47;1.43;2.75;1.94;1.91
SP1;06/01/2019;Sevilla;Ath Madrid;1;1;D;1;1;D;15;12;5;7;15;11;4;5;5;7;0;0;2.8;3.1;2.7;2.78;3.11;2.73;2.26;1.63;2.36;1.63
SP1;07/01/2019;Celta;Ath Bilbao;1;2;A;1;1;D;17;8;3;4;16;21;3;2;2;5;0;0;2.4;3.3;3.0;2.44;3.27;2.99;1.99;1.81;2.12;1.77
SP1;11/01/2019;Vallecano;Celta;4;2;H;2;2;D;11;13;8;4;12;8;7;5;4;1;0;0;2.5;3.4;2.8;2.53;3.23;2.93;2.14;1.71;2.16;1.74
SP1;12/01/2019;Girona;Alaves;1;1;D;1;0;H;9;15;4;4;21;14;6;3;4;2;0;0;2.1;3.1;4.0;2.19;3.09;3.73;2.51;1.52;1.86;2.0
SP1;12/01/2019;Leganes;Huesca;1;0;H;0;0;D;14;9;7;3;11;9;4;4;3;3;0;0;1.95;3.25;4.33;1.98;3.23;4.32;2.44;1.55;1.69;2.25
SP1;12/01/2019;Valencia;Valladolid;1;1;D;0;0;D;17;6;5;1;15;18;7;0;2;5;0;0;1.53;4.0;7.0;1.57;3.89;6.63;2.0;1.82;2.01;1.86
SP1;12/01/2019;Villarreal;Getafe;1;2;A;0;0;D;17;9;6;4;14;13;6;1;5;3;0;0;2.15;3.1;3.8;2.15;3.14;3.8;2.26;1.64;1.83;2.05
SP1;13/01/2019;Ath Bilbao;Sevilla;2;0;H;1;0;H;10;10;3;4;14;14;7;6;4;3;0;0;2.75;3.2;2.7;2.71;3.25;2.69;2.03;1.79;1.66;2.29
SP1;13/01/2019;Ath Madrid;Levante;1;0;H;0;0;D;19;7;5;2;9;17;5;2;0;3;0;0;1.25;6.0;12.0;1.27;5.75;11.97;1.64;2.26;1.85;2.02
SP1;13/01/2019;Barcelona;Eibar;3;0;H;1;0;H;7;15;6;2;10;12;2;3;2;1;0;0;1.12;9.0;21.0;1.13;9.07;18.4;1.24;3.61;1.98;1.88
SP1;13/01/2019;Betis;Real Madrid;1;2;A;0;1;A;9;14;2;5;9;13;6;5;2;3;0;0;3.25;3.75;2.1;3.26;3.74;2.11;1.62;2.28;2.01;1.85
SP1;14/01/2019;Sociedad;Espanol;3;2;H;2;2;D;9;21;4;2;15;12;7;3;7;4;1;0;2.0;3.3;4.0;1.97;3.31;4.16;2.26;1.64;1.68;2.25
SP1;18/01/2019;Getafe;Alaves;4;0;H;1;0;H;12;6;5;0;17;18;4;2;0;4;0;0;2.0;3.1;4.5;2.01;3.07;4.54;2.74;1.44;2.39;1.61
SP1;19/01/2019;Celta;Valencia;1;2;A;1;0;H;12;13;4;8;18;12;4;6;4;3;0;0;3.1;3.2;2.4;3.04;3.22;2.45;2.14;1.71;1.8;2.09
SP1;19/01/2019;Huesca;Ath Madrid;0;3;A;0;1;A;14;15;3;8;15;13;6;5;2;2;0;0;5.75;3.6;1.66;5.68;3.55;1.7;2.23;1.66;1.65;2.31
SP1;19/01/2019;Real Madrid;Sevilla;2;0;H;0;0;D;23;4;6;1;9;14;7;4;2;3;0;0;1.7;4.2;4.5;1.74;4.1;4.42;1.53;2.48;2.25;1.69
SP1;20/01/2019;Barcelona;Leganes;3;1;H;1;0;H;15;5;7;2;12;18;5;1;3;3;0;0;1.12;9.0;21.0;1.13;8.86;21.43;1.36;3.07;2.06;1.81
SP1;20/01/2019;Betis;Girona;3;2;H;1;2;A;12;8;5;5;9;12;7;2;2;4;0;0;1.61;3.75;6.0;1.64;3.9;5.51;1.94;1.87;2.16;1.73
SP1;20/01/2019;Levante;Valladolid;2;0;H;1;0;H;13;13;4;3;12;18;3;2;6;5;0;0;2.1;3.5;3.5;2.08;3.55;3.5;1.78;2.04;1.81;2.07
SP1;20/01/2019;Vallecano;Sociedad;2;2;D;2;1;H;11;10;4;4;14;10;2;9;2;1;0;0;2.87;3.3;2.5;2.81;3.46;2.49;1.84;1.97;1.74;2.16
SP1;20/01/2019;Villarreal;Ath Bilbao;1;1;D;0;1;A;3;9;1;2;17;13;1;3;4;1;0;0;2.2;3.3;3.4;2.24;3.31;3.36;2.07;1.76;1.95;1.92
SP1;21/01/2019;Eibar;Espanol;3;0;H;1;0;H;16;6;9;0;16;10;6;2;2;5;0;0;2.1;3.1;4.0;2.06;3.34;3.79;2.18;1.68;1.78;2.11
SP1;26/01/2019;Ath Madrid;Getafe;2;0;H;2;0;H;10;6;6;2;11;26;3;6;2;7;0;2;1.53;3.6;8.0;1.58;3.67;7.21;2.45;1.55;2.09;1.79
SP1;26/01/2019;Leganes;Eibar;2;2;D;0;2;A;9;5;3;2;15;14;4;5;2;3;0;0;2.62;3.0;3.0;2.68;2.98;2.96;2.7;1.45;2.26;1.67
SP1;26/01/2019;Sevilla;Levante;5;0;H;0;0;D;23;7;9;0;15;13;5;8;2;1;0;0;1.53;4.33;6.0;1.55;4.38;5.8;1.47;2.45;1.9;1.96
SP1;26/01/2019;Valencia;Villarreal;3;0;H;1;0;H;18;14;9;5;13;8;7;4;1;3;0;0;1.83;3.6;4.5;1.88;3.55;4.28;1.92;1.89;2.69;1.49
SP1;27/01/2019;Ath Bilbao;Betis;1;0;H;1;0;H;11;8;2;2;20;6;6;4;4;2;1;0;2.1;3.3;3.5;2.1;3.37;3.64;2.06;1.76;1.8;2.08
SP1;27/01/2019;Espanol;Real Madrid;2;4;A;1;3;A;13;16;6;9;15;17;1;6;3;4;0;1;4.2;4.0;1.8;4.21;3.86;1.8;1.7;2.16;1.58;2.45
SP1;27/01/2019;Girona;Barcelona;0;2;A;0;1;A;13;15;5;7;18;12;3;8;5;3;1;0;10.0;5.25;1.33;8.79;5.34;1.34;1.48;2.58;1.92;1.95
SP1;27/01/2019;Sociedad;Huesca;0;0;D;0;0;D;8;8;1;1;9;22;5;2;0;3;0;0;1.61;3.75;6.0;1.61;3.96;5.68;1.87;1.94;2.08;1.79
SP1;27/01/2019;Valladolid;Celta;2;1;H;0;1;A;19;8;7;3;15;19;7;5;2;5;0;1;2.4;3.2;3.1;2.42;3.2;3.1;2.28;1.62;2.07;1.81
SP1;28/01/2019;Alaves;Vallecano;0;1;A;0;0;D;16;14;1;3;14;19;7;4;2;5;0;0;2.15;3.3;3.5;2.2;3.27;3.47;2.13;1.71;1.9;1.98
SP1;01/02/2019;Huesca;Valladolid;4;0;H;1;0;H;11;9;7;4;17;11;7;7;6;2;0;0;2.25;3.25;3.4;2.28;3.16;3.45;2.52;1.52;2.27;1.67
SP1;02/02/2019;Barcelona;Valencia;2;2;D;1;2;A;20;14;8;7;8;5;9;1;3;0;0;0;1.28;5.75;11.0;1.29;6.05;9.31;1.36;3.09;1.77;2.09
SP1;02/02/2019;Celta;Sevilla;1;0;H;0;0;D;10;13;4;2;13;12;4;9;4;4;0;0;3.75;3.6;2.0;3.61;3.61;2.02;1.77;2.05;2.11;1.77
SP1;02/02/2019;Levante;Getafe;0;0;D;0;0;D;8;9;4;2;7;15;5;5;4;3;0;0;2.37;3.25;3.1;2.39;3.33;3.05;1.98;1.83;2.05;1.82
SP1;02/02/2019;Sociedad;Ath Bilbao;2;1;H;2;0;H;6;8;2;5;17;13;3;3;1;1;0;0;2.35;3.3;3.2;2.35;3.18;3.25;2.3;1.62;2.01;1.86
SP1;03/02/2019;Betis;Ath Madrid;1;0;H;0;0;D;7;13;3;1;7;21;1;7;4;3;0;0;4.0;3.2;2.05;3.9;3.31;2.04;2.34;1.6;2.13;1.75
SP1;03/02/2019;Eibar;Girona;3;0;H;1;0;H;17;6;5;2;12;9;8;5;2;1;0;0;1.66;4.0;5.0;1.71;3.86;4.9;1.93;1.87;2.32;1.64
SP1;03/02/2019;Real Madrid;Alaves;3;0;H;1;0;H;22;8;8;1;10;12;7;2;0;3;0;0;1.2;6.5;15.0;1.22;6.53;12.8;1.43;2.76;2.06;1.8
SP1;03/02/2019;Villarreal;Espanol;2;2;D;1;0;H;14;17;5;2;22;16;3;2;4;5;0;0;1.8;3.75;4.5;1.81;3.79;4.34;1.89;1.92;2.53;1.54
SP1;04/02/2019;Vallecano;Leganes;1;2;A;0;1;A;15;13;6;4;19;10;5;6;6;4;0;1;2.37;3.25;3.1;2.34;3.13;3.31;2.34;1.59;2.0;1.86
SP1;08/02/2019;Valladolid;Villarreal;0;0;D;0;0;D;9;7;3;3;13;18;8;3;3;2;0;0;2.9;3.3;2.4;2.99;3.24;2.48;2.09;1.75;2.13;1.76
SP1;09/02/2019;Ath Madrid;Real Madrid;1;3;A;1;2;A;11;11;2;4;21;16;3;4;7;3;1;0;2.37;3.25;3.1;2.42;3.25;3.06;2.06;1.77;2.07;1.81
SP1;09/02/2019;Espanol;Vallecano;2;1;H;0;1;A;15;9;5;3;11;19;6;2;0;2;0;0;1.8;3.6;4.5;1.82;3.62;4.51;1.9;1.91;2.53;1.54
SP1;09/02/2019;Getafe;Celta;3;1;H;1;1;D;12;13;6;3;16;13;4;3;3;3;0;1;1.9;3.4;4.33;1.94;3.32;4.36;2.38;1.58;2.25;1.69
SP1;09/02/2019;Girona;Huesca;0;2;A;0;2;A;13;6;7;6;9;18;13;2;3;1;1;0;2.0;3.3;4.0;1.98;3.35;4.1;2.1;1.73;1.7;2.22
SP1;10/02/2019;Ath Bilbao;Barcelona;0;0;D;0;0;D;13;10;5;2;23;10;6;4;4;2;1;0;4.75;4.0;1.7;4.66;3.86;1.74;1.66;2.21;1.64;2.3
SP1;10/02/2019;Leganes;Betis;3;0;H;2;0;H;16;3;4;1;22;11;4;4;4;2;0;1;2.25;3.0;3.6;2.34;3.1;3.36;2.48;1.38;1.97;1.89
SP1;10/02/2019;Sevilla;Eibar;2;2;D;0;1;A;13;8;4;4;11;7;9;7;4;2;1;0;1.66;4.0;5.0;1.68;4.02;4.92;1.71;2.14;2.17;1.72
SP1;10/02/2019;Valencia;Sociedad;0;0;D;0;0;D;10;8;4;1;11;18;7;5;2;4;0;0;1.83;3.5;4.5;1.82;3.58;4.54;2.02;1.8;2.54;1.54
SP1;11/02/2019;Alaves;Levante;2;0;H;1;0;H;16;8;4;0;14;18;3;10;3;2;0;0;2.0;3.4;3.8;2.06;3.47;3.65;1.97;1.84;1.78;2.09
SP1;15/02/2019;Eibar;Getafe;2;2;D;0;1;A;11;7;6;4;12;12;3;3;2;2;0;0;2.05;3.3;4.0;2.09;3.12;4.07;2.64;1.47;1.78;2.11
SP1;16/02/2019;Barcelona;Valladolid;1;0;H;1;0;H;20;10;8;0;12;18;3;5;1;3;0;0;1.14;9.0;15.0;1.16;8.08;17.25;1.36;3.07;1.75;2.13
SP1;16/02/2019;Celta;Levante;1;4;A;0;2;A;14;14;7;8;12;17;5;7;1;1;1;0;1.8;3.8;4.5;1.82;3.85;4.2;1.65;2.22;2.44;1.57
SP1;16/02/2019;Sociedad;Leganes;3;0;H;0;0;D;15;8;6;3;10;16;4;1;4;2;0;0;2.05;3.1;4.2;2.07;3.13;4.06;2.48;1.53;1.77;2.11
SP1;16/02/2019;Vallecano;Ath Madrid;0;1;A;0;0;D;12;4;6;3;10;14;4;6;0;1;0;0;6.0;3.5;1.65;5.51;3.7;1.68;2.17;1.68;1.67;2.26
SP1;17/02/2019;Betis;Alaves;1;1;D;1;1;D;19;6;10;3;10;12;6;3;4;1;0;0;1.72;3.5;5.25;1.8;3.42;5.0;2.26;1.63;2.54;1.54
SP1;17/02/2019;Real Madrid;Girona;1;2;A;1;0;H;19;14;7;6;13;18;7;0;3;2;1;0;1.16;8.0;15.0;1.2;7.03;14.12;1.41;2.84;1.96;1.88
SP1;17/02/2019;Valencia;Espanol;0;0;D;0;0;D;21;6;1;1;12;10;10;2;2;4;0;1;1.72;3.7;4.8;1.77;3.63;4.81;1.93;1.87;2.41;1.6
SP1;17/02/2019;Villarreal;Sevilla;3;0;H;2;0;H;12;21;6;5;7;12;6;4;4;1;0;0;2.5;3.4;2.8;2.54;3.45;2.75;1.82;1.98;2.2;1.71
SP1;18/02/2019;Huesca;Ath Bilbao;0;1;A;0;1;A;12;9;2;4;16;11;3;5;5;1;0;0;3.1;3.1;2.5;3.11;3.12;2.45;2.31;1.61;1.79;2.09
SP1;22/02/2019;Espanol;Huesca;1;1;D;1;0;H;13;13;2;4;9;16;7;4;2;4;0;0;1.72;3.6;5.0;1.76;3.64;4.96;2.01;1.81;2.41;1.6
SP1;23/02/2019;Alaves;Celta;0;0;D;0;0;D;17;8;4;2;15;9;3;4;2;2;0;0;2.3;3.3;3.2;2.31;3.29;3.22;2.19;1.68;1.98;1.89
SP1;23/02/2019;Ath Bilbao;Eibar;1;0;H;1;0;H;9;7;4;2;10;17;10;2;3;4;0;0;2.1;3.25;3.8;2.12;3.19;3.82;2.34;1.6;1.81;2.07
SP1;23/02/2019;Getafe;Vallecano;2;1;H;1;0;H;11;7;2;2;12;13;2;2;2;1;0;0;1.7;3.6;5.5;1.74;3.53;5.28;2.34;1.6;2.42;1.59
SP1;23/02/2019;Sevilla;Barcelona;2;4;A;2;1;H;13;17;4;8;15;11;3;8;6;1;0;0;3.5;4.0;1.95;3.62;3.91;1.94;1.49;2.57;1.71;2.2
SP1;24/02/2019;Ath Madrid;Villarreal;2;0;H;1;0;H;15;14;7;3;9;10;6;7;0;3;0;0;1.57;3.75;7.0;1.57;3.92;6.34;2.15;1.7;2.02;1.83
SP1;24/02/2019;Leganes;Valencia;1;1;D;0;1;A;17;6;6;1;14;10;4;2;5;3;0;0;2.8;3.1;2.7;2.84;3.03;2.73;2.48;1.54;1.65;2.3
SP1;24/02/2019;Levante;Real Madrid;1;2;A;0;1;A;11;19;2;5;17;11;4;6;5;3;1;1;5.25;4.75;1.53;5.54;4.56;1.54;1.36;3.07;2.04;1.82
SP1;24/02/2019;Valladolid;Betis;0;2;A;0;1;A;10;6;2;3;10;9;13;4;1;2;0;0;2.7;3.2;2.75;2.67;3.17;2.78;2.3;1.62;2.26;1.67
SP1;25/02/2019;Girona;Sociedad;0;0;D;0;0;D;10;7;3;1;26;15;3;5;4;1;0;0;2.37;3.2;3.0;2.46;3.27;2.98;2.16;1.69;2.1;1.79
SP1;01/03/2019;Vallecano;Girona;0;2;A;0;1;A;9;12;3;4;17;23;7;1;3;4;1;0;2.25;3.4;3.2;2.29;3.33;3.25;1.94;1.87;2.29;1.66
SP1;02/03/2019;Espanol;Valladolid;3;1;H;1;1;D;15;14;6;3;17;8;5;3;2;2;0;0;1.8;3.6;4.75;1.8;3.52;4.83;2.25;1.65;2.56;1.54
SP1;02/03/2019;Huesca;Sevilla;2;1;H;1;0;H;7;12;3;5;15;16;3;12;5;4;0;0;3.8;3.6;1.95;3.85;3.6;1.96;1.85;1.96;2.21;1.71
SP1;02/03/2019;Real Madrid;Barcelona;0;1;A;0;1;A;17;10;3;4;16;13;8;6;3;2;0;0;2.75;3.7;2.45;2.71;3.71;2.46;1.47;2.64;1.74;2.15
SP1;02/03/2019;Villarreal;Alaves;1;2;A;0;0;D;9;10;2;2;15;12;8;2;2;3;0;0;1.66;3.75;5.5;1.67;3.86;5.31;2.01;1.81;2.22;1.69
SP1;03/03/2019;Betis;Getafe;1;2;A;0;2;A;6;11;2;5;14;14;4;4;2;2;0;0;2.3;3.0;3.4;2.37;3.02;3.38;2.5;1.52;2.02;1.85
SP1;03/03/2019;Eibar;Celta;1;0;H;0;0;D;15;3;4;1;14;16;7;0;1;1;0;0;1.72;3.8;4.75;1.76;3.82;4.6;1.89;1.91;2.4;1.6
SP1;03/03/2019;Sociedad;Ath Madrid;0;2;A;0;2;A;19;8;3;3;12;17;7;3;1;4;0;1;4.0;3.25;2.05;3.71;3.28;2.11;2.43;1.56;2.06;1.81
SP1;03/03/2019;Valencia;Ath Bilbao;2;0;H;0;0;D;11;4;3;1;12;13;6;2;0;3;0;0;2.0;3.3;4.0;2.0;3.23;4.22;2.42;1.56;1.7;2.22
SP1;04/03/2019;Leganes;Levante;1;0;H;1;0;H;14;15;3;4;15;10;2;2;6;4;0;0;1.95;3.4;4.2;1.92;3.42;4.24;2.13;1.71;2.83;1.44
SP1;08/03/2019;Ath Bilbao;Espanol;1;1;D;0;1;A;15;5;6;2;13;20;7;0;3;5;0;0;1.66;3.6;6.0;1.67;3.64;5.86;2.26;1.64;1.66;2.31
SP1;09/03/2019;Alaves;Eibar;1;1;D;0;0;D;16;20;3;3;10;18;3;5;1;1;0;0;2.9;3.2;2.55;2.94;3.06;2.64;2.44;1.55;1.7;2.23
SP1;09/03/2019;Ath Madrid;Leganes;1;0;H;0;0;D;13;3;4;2;9;7;4;4;2;2;0;0;1.45;4.2;10.0;1.46;4.1;8.62;2.36;1.59;1.82;2.05
SP1;09/03/2019;Barcelona;Vallecano;3;1;H;1;1;D;12;8;6;1;12;17;10;4;1;2;0;0;1.16;8.0;15.0;1.15;8.24;17.91;1.36;3.08;1.7;2.22
SP1;09/03/2019;Getafe;Huesca;2;1;H;0;1;A;14;8;6;1;14;17;13;1;0;4;0;0;1.61;3.6;6.5;1.63;3.77;6.03;2.23;1.66;2.17;1.73
SP1;10/03/2019;Celta;Betis;0;1;A;0;0;D;7;14;1;4;17;16;4;4;3;0;0;0;2.5;3.3;2.9;2.48;3.27;2.97;2.06;1.76;2.12;1.77
SP1;10/03/2019;Girona;Valencia;2;3;A;1;1;D;18;11;8;6;13;10;6;1;1;4;0;1;3.3;3.2;2.35;3.15;3.23;2.39;2.13;1.71;1.84;2.04
SP1;10/03/2019;Levante;Villarreal;0;2;A;0;0;D;11;13;3;5;8;21;8;2;3;5;0;0;2.9;3.3;2.5;2.79;3.45;2.51;1.75;2.09;1.73;2.17
SP1;10/03/2019;Sevilla;Sociedad;5;2;H;1;1;D;22;9;11;2;12;13;7;2;2;2;0;0;1.66;4.2;4.75;1.66;4.1;4.98;1.73;2.1;2.17;1.73
SP1;10/03/2019;Valladolid;Real Madrid;1;4;A;1;1;D;10;15;2;6;14;12;5;12;1;6;0;1;5.0;4.33;1.61;5.12;4.21;1.63;1.56;2.4;1.82;2.05
SP1;15/03/2019;Sociedad;Levante;1;1;D;1;0;H;22;8;7;3;10;12;5;3;2;2;0;0;1.8;3.75;4.5;1.86;3.58;4.36;1.89;1.92;2.63;1.51
SP1;16/03/2019;Ath Bilbao;Ath Madrid;2;0;H;0;0;D;9;9;5;2;12;4;1;7;3;1;0;0;3.9;3.0;2.2;3.69;2.98;2.26;2.78;1.44;1.95;1.92
SP1;16/03/2019;Huesca;Alaves;1;3;A;1;1;D;7;12;2;5;21;23;2;2;1;3;0;0;2.45;3.2;3.0;2.47;3.18;3.03;2.31;1.62;2.11;1.78
SP1;16/03/2019;Leganes;Girona;0;2;A;0;2;A;12;8;3;4;20;6;6;2;8;1;0;0;2.15;3.2;3.7;2.13;3.13;3.86;2.49;1.53;1.82;2.06
SP1;16/03/2019;Real Madrid;Celta;2;0;H;0;0;D;22;6;7;1;15;8;9;2;1;0;0;0;1.18;7.5;13.0;1.2;7.17;13.69;1.35;3.15;1.89;1.97
SP1;17/03/2019;Betis;Barcelona;1;4;A;0;2;A;13;16;3;9;10;11;3;7;1;2;0;0;7.0;5.0;1.4;6.37;4.91;1.45;1.42;2.79;2.23;1.69
SP1;17/03/2019;Eibar;Valladolid;1;2;A;0;0;D;15;8;3;3;16;14;5;0;4;2;0;0;1.66;3.8;5.5;1.64;3.82;5.73;2.11;1.73;2.16;1.73
SP1;17/03/2019;Espanol;Sevilla;0;1;A;0;0;D;13;12;3;3;11;14;6;5;3;4;1;1;2.4;3.5;2.9;2.51;3.5;2.76;1.76;2.07;1.62;2.39
SP1;17/03/2019;Valencia;Getafe;0;0;D;0;0;D;8;9;2;1;13;22;3;5;3;4;0;0;2.0;3.3;4.0;1.96;3.23;4.37;2.43;1.56;1.68;2.26
SP1;17/03/2019;Villarreal;Vallecano;3;1;H;0;1;A;12;7;4;3;16;7;5;5;3;3;0;0;1.6;4.2;5.5;1.63;4.15;5.18;1.7;2.15;2.08;1.8
SP1;29/03/2019;Girona;Ath Bilbao;1;2;A;1;0;H;6;8;2;5;18;18;3;3;2;4;0;0;2.87;2.9;2.7;2.89;2.95;2.78;2.57;1.5;2.41;1.61
SP1;30/03/2019;Alaves;Ath Madrid;0;4;A;0;2;A;14;11;4;7;10;8;9;2;2;2;0;0;5.5;3.4;1.75;5.2;3.37;1.79;2.51;1.52;1.52;2.6
SP1;30/03/2019;Barcelona;Espanol;2;0;H;0;0;D;13;4;3;2;15;14;5;2;0;4;0;0;1.14;9.0;15.0;1.18;7.73;14.41;1.29;3.46;1.79;2.07
SP1;30/03/2019;Celta;Villarreal;3;2;H;0;2;A;15;14;6;5;7;8;10;7;1;3;0;0;2.5;3.3;2.75;2.62;3.29;2.77;1.98;1.84;2.24;1.68
SP1;30/03/2019;Getafe;Leganes;0;2;A;0;0;D;9;7;2;3;15;25;3;4;5;2;0;0;1.95;3.2;4.5;1.94;3.16;4.65;2.76;1.44;3.02;1.41
SP1;31/03/2019;Levante;Eibar;2;2;D;2;1;H;7;17;2;3;9;12;6;7;2;1;0;0;2.8;3.5;2.45;2.74;3.56;2.51;1.67;2.21;1.72;2.18
SP1;31/03/2019;Real Madrid;Huesca;3;2;H;1;1;D;16;16;8;3;9;18;4;6;1;3;0;0;1.11;10.0;19.0;1.13;9.33;18.8;1.25;3.74;1.92;1.93
SP1;31/03/2019;Sevilla;Valencia;0;1;A;0;1;A;17;4;5;2;18;9;5;3;3;1;0;0;2.05;3.5;3.6;2.1;3.52;3.49;1.81;2.01;1.82;2.04
SP1;31/03/2019;Valladolid;Sociedad;1;1;D;1;0;H;10;10;4;1;18;8;7;5;4;1;0;0;2.6;3.0;3.0;2.62;3.11;2.92;2.37;1.58;2.21;1.7
SP1;31/03/2019;Vallecano;Betis;1;1;D;1;0;H;20;7;5;2;22;9;6;3;5;3;1;0;2.75;3.5;2.45;2.77;3.49;2.5;1.8;2.02;1.73;2.16
SP1;02/04/2019;Ath Madrid;Girona;2;0;H;0;0;D;17;12;7;4;10;9;4;3;1;0;0;0;1.36;4.5;10.0;1.38;4.54;9.78;2.02;1.8;1.63;2.33
SP1;02/04/2019;Espanol;Getafe;1;1;D;0;0;D;9;13;3;3;14;14;5;4;4;3;0;0;2.4;3.1;3.2;2.45;3.1;3.16;2.43;1.56;2.45;1.58
SP1;02/04/2019;Villarreal;Barcelona;4;4;D;1;2;A;16;15;9;9;10;10;5;3;4;7;1;0;5.25;4.2;1.61;5.04;4.15;1.65;1.57;2.4;1.79;2.08
SP1;03/04/2019;Ath Bilbao;Levante;3;2;H;2;0;H;14;11;7;6;13;14;2;9;3;7;0;1;1.61;4.0;5.5;1.61;3.98;5.75;1.92;1.89;2.08;1.79
SP1;03/04/2019;Eibar;Vallecano;2;1;H;0;1;A;12;13;6;2;14;9;2;6;2;2;0;0;1.61;4.0;5.5;1.64;3.99;5.29;1.79;2.03;2.11;1.76
SP1;03/04/2019;Huesca;Celta;3;3;D;0;1;A;23;11;7;5;9;12;5;0;2;3;0;0;2.62;3.5;2.62;2.64;3.35;2.72;1.95;1.86;2.26;1.67
SP1;03/04/2019;Valencia;Real Madrid;2;1;H;1;0;H;11;15;4;5;9;13;6;6;2;2;0;0;3.3;3.6;2.15;3.3;3.65;2.13;1.62;2.29;2.03;1.85
SP1;04/04/2019;Leganes;Valladolid;1;0;H;0;0;D;18;8;2;1;13;11;3;4;2;2;0;0;1.9;3.3;4.5;1.93;3.22;4.57;2.61;1.48;2.25;1.68
SP1;04/04/2019;Sevilla;Alaves;2;0;H;1;0;H;18;5;5;2;13;19;11;1;3;4;0;0;1.5;4.33;6.5;1.52;4.38;6.24;1.74;2.09;1.87;1.99
SP1;04/04/2019;Sociedad;Betis;2;1;H;1;0;H;15;11;7;6;12;13;3;6;2;3;0;0;2.25;3.3;3.3;2.21;3.37;3.36;2.1;1.74;1.9;1.96
SP1;06/04/2019;Barcelona;Ath Madrid;2;0;H;0;0;D;21;9;10;2;14;12;5;1;3;4;0;1;1.75;3.6;5.0;1.76;3.76;4.73;1.84;1.97;1.97;1.9
SP1;06/04/2019;Girona;Espanol;1;2;A;0;0;D;14;9;5;2;23;20;1;4;5;2;0;0;2.5;3.2;3.0;2.49;3.17;3.04;2.22;1.66;2.12;1.77
SP1;06/04/2019;Real Madrid;Eibar;2;1;H;0;1;A;13;3;7;1;9;15;5;4;0;1;0;0;1.3;5.5;9.5;1.3;6.0;9.1;1.31;3.38;1.81;2.05
SP1;06/04/2019;Vallecano;Valencia;2;0;H;1;0;H;15;12;5;3;17;10;4;7;2;3;0;0;4.2;3.5;1.9;3.9;3.61;1.95;1.87;1.94;2.23;1.69
SP1;07/04/2019;Alaves;Leganes;1;1;D;1;0;H;6;9;1;5;17;15;3;3;6;4;0;0;2.5;3.0;3.1;2.49;2.98;3.25;2.68;1.46;2.11;1.78
SP1;07/04/2019;Betis;Villarreal;2;1;H;1;1;D;17;10;7;4;15;14;4;3;4;4;0;0;2.2;3.4;3.3;2.27;3.46;3.17;1.85;1.96;1.96;1.9
SP1;07/04/2019;Celta;Sociedad;3;1;H;0;1;A;11;14;4;7;16;11;2;7;2;1;0;1;2.4;3.3;3.0;2.37;3.42;3.01;1.87;1.94;2.05;1.82
SP1;07/04/2019;Getafe;Ath Bilbao;1;0;H;0;0;D;6;9;2;1;16;18;1;2;2;1;0;0;2.3;3.0;3.5;2.36;2.97;3.51;2.82;1.42;1.98;1.88
SP1;07/04/2019;Levante;Huesca;2;2;D;1;0;H;14;17;8;4;22;12;9;1;2;4;0;0;1.95;3.6;3.8;1.98;3.74;3.64;1.67;2.2;1.73;2.16
SP1;07/04/2019;Valladolid;Sevilla;0;2;A;0;0;D;10;16;5;4;17;12;6;7;3;3;0;0;3.5;3.4;2.05;3.37;3.48;2.16;1.89;1.92;2.0;1.86
SP1;13/04/2019;Ath Madrid;Celta;2;0;H;1;0;H;11;10;5;3;9;15;1;2;2;2;0;0;1.36;4.75;9.0;1.39;4.63;8.97;1.94;1.87;1.65;2.31
SP1;13/04/2019;Espanol;Alaves;2;1;H;1;0;H;6;14;2;3;12;17;4;8;3;2;0;0;1.8;3.5;4.75;1.82;3.49;4.8;2.28;1.63;1.58;2.47
SP1;13/04/2019;Huesca;Barcelona;0;0;D;0;0;D;6;10;1;2;18;13;6;5;1;2;0;0;4.75;4.2;1.65;4.7;4.0;1.72;1.62;2.3;1.7;2.23
SP1;13/04/2019;Sevilla;Betis;3;2;H;1;0;H;11;12;5;7;18;8;5;4;6;3;0;0;1.66;4.0;5.0;1.7;4.13;4.65;1.58;2.38;2.2;1.71
SP1;14/04/2019;Ath Bilbao;Vallecano;3;2;H;1;1;D;15;8;9;4;10;16;3;6;1;3;0;1;1.6;4.0;5.5;1.64;4.02;5.35;1.8;2.02;2.1;1.78
SP1;14/04/2019;Girona;Villarreal;0;1;A;0;1;A;14;17;5;6;12;11;9;5;2;5;0;0;2.5;3.25;2.8;2.5;3.44;2.83;1.85;1.96;2.15;1.75
SP1;14/04/2019;Sociedad;Eibar;1;1;D;1;0;H;3;17;2;2;15;18;0;3;2;2;0;0;2.2;3.5;3.25;2.28;3.42;3.17;1.89;1.92;2.27;1.67
SP1;14/04/2019;Valencia;Levante;3;1;H;1;0;H;23;6;6;3;12;19;8;3;2;2;0;0;1.5;4.75;5.5;1.51;4.58;6.1;1.53;2.49;1.8;2.07
SP1;14/04/2019;Valladolid;Getafe;2;2;D;1;1;D;8;8;4;3;22;18;5;3;4;4;0;1;3.2;2.9;2.55;3.23;2.97;2.5;2.73;1.45;1.78;2.11
SP1;15/04/2019;Leganes;Real Madrid;1;1;D;1;0;H;5;13;2;6;11;12;1;5;0;3;0;0;5.25;4.2;1.6;5.08;4.15;1.64;1.65;2.24;1.79;2.08
SP1;19/04/2019;Alaves;Valladolid;2;2;D;2;1;H;10;12;4;7;17;16;5;7;3;5;0;0;2.1;3.2;3.75;2.17;3.15;3.75;2.45;1.55;2.16;1.73
SP1;20/04/2019;Barcelona;Sociedad;2;1;H;1;0;H;11;9;4;2;10;12;4;2;0;1;0;0;1.22;6.5;13.0;1.23;6.74;11.64;1.36;3.11;2.03;1.83
SP1;20/04/2019;Celta;Girona;2;1;H;1;0;H;13;9;8;1;7;10;5;1;2;1;0;0;2.0;3.75;3.5;2.0;3.72;3.61;1.68;2.18;1.99;1.88
SP1;20/04/2019;Eibar;Ath Madrid;0;1;A;0;0;D;10;8;2;4;11;12;5;8;3;1;0;0;3.2;3.1;2.4;3.12;3.11;2.47;2.37;1.58;1.79;2.1
SP1;20/04/2019;Vallecano;Huesca;0;0;D;0;0;D;16;10;3;3;12;10;8;3;4;2;0;0;2.05;3.75;3.4;2.06;3.71;3.42;1.61;2.31;2.05;1.82
SP1;21/04/2019;Betis;Valencia;1;2;A;0;1;A;23;4;7;3;19;13;8;2;4;2;0;1;3.0;3.3;2.4;2.88;3.37;2.47;1.87;1.93;1.77;2.12
SP1;21/04/2019;Getafe;Sevilla;3;0;H;2;0;H;10;12;3;2;19;15;2;7;3;6;1;1;3.1;3.4;2.3;3.12;3.3;2.35;2.1;1.74;1.63;2.34
SP1;21/04/2019;Levante;Espanol;2;2;D;0;1;A;19;14;5;7;13;15;12;7;4;1;1;0;2.3;3.5;3.0;2.3;3.62;2.97;1.64;2.25;2.29;1.66
SP1;21/04/2019;Real Madrid;Ath Bilbao;3;0;H;0;0;D;11;5;4;3;12;16;8;2;2;4;0;0;1.45;4.33;7.0;1.49;4.41;6.67;1.53;2.48;1.8;2.07
SP1;21/04/2019;Villarreal;Leganes;2;1;H;0;0;D;11;6;5;2;12;15;7;4;2;1;0;0;1.72;3.5;5.0;1.78;3.67;4.71;2.05;1.78;2.03;1.85
SP1;23/04/2019;Alaves;Barcelona;0;2;A;0;0;D;6;17;1;6;19;9;1;4;3;1;0;0;7.0;5.25;1.4;6.96;5.01;1.43;1.5;2.56;1.74;2.14
SP1;23/04/2019;Huesca;Eibar;2;0;H;0;0;D;12;7;3;4;16;16;5;3;4;1;0;0;2.25;3.5;3.0;2.33;3.55;3.0;1.7;2.16;2.31;1.65
SP1;23/04/2019;Valladolid;Girona;1;0;H;0;0;D;13;6;4;0;17;17;4;5;4;3;0;0;2.3;3.3;3.25;2.35;3.25;3.22;2.16;1.7;2.35;1.63
SP1;24/04/2019;Ath Madrid;Valencia;3;2;H;1;1;D;14;12;6;4;17;13;4;3;3;3;0;0;1.8;3.4;5.0;1.86;3.43;4.63;2.25;1.64;2.66;1.5
SP1;24/04/2019;Espanol;Celta;1;1;D;1;0;H;9;18;2;6;15;8;2;4;2;1;0;0;2.3;3.2;3.3;2.27;3.4;3.19;1.74;2.09;2.27;1.67
SP1;24/04/2019;Leganes;Ath Bilbao;0;1;A;0;1;A;14;3;1;2;11;14;2;2;1;2;0;0;2.6;3.0;3.0;2.69;2.99;2.93;2.63;1.47;2.27;1.68
SP1;24/04/2019;Levante;Betis;4;0;H;2;0;H;6;7;4;2;9;15;3;4;2;3;0;0;2.5;3.3;2.9;2.5;3.58;2.73;1.55;2.44;1.84;2.03
SP1;25/04/2019;Getafe;Real Madrid;0;0;D;0;0;D;9;12;5;4;17;15;9;4;1;3;0;0;4.0;3.6;1.9;4.08;3.71;1.87;1.82;2.0;1.98;1.88
SP1;25/04/2019;Sevilla;Vallecano;5;0;H;0;0;D;20;12;11;3;10;12;5;4;1;2;0;0;1.33;5.25;9.0;1.33;5.51;8.63;1.4;2.88;1.88;1.97
SP1;25/04/2019;Sociedad;Villarreal;0;1;A;0;0;D;13;8;2;3;11;14;6;3;2;3;0;0;2.5;3.3;2.9;2.43;3.46;2.88;1.79;2.03;1.79;2.1
SP1;27/04/2019;Ath Bilbao;Alaves;1;1;D;1;1;D;14;14;1;3;14;17;8;6;2;2;0;0;1.45;4.2;7.5;1.52;4.13;6.86;2.16;1.7;1.91;1.95
SP1;27/04/2019;Ath Madrid;Valladolid;1;0;H;0;0;D;13;13;1;4;19;12;7;3;4;2;0;0;1.33;4.5;11.0;1.35;4.64;10.77;2.05;1.78;2.13;1.75
SP1;27/04/2019;Barcelona;Levante;1;0;H;0;0;D;23;7;12;2;17;12;6;3;4;3;0;0;1.2;6.5;11.0;1.26;6.23;10.41;1.38;3.0;1.72;2.16
SP1;27/04/2019;Leganes;Celta;0;0;D;0;0;D;10;8;1;2;16;5;4;6;1;0;0;0;2.37;3.25;3.0;2.46;3.18;3.07;2.35;1.59;2.45;1.58
SP1;28/04/2019;Girona;Sevilla;1;0;H;0;0;D;15;7;4;3;12;18;3;6;1;2;0;1;4.75;3.4;1.75;4.21;3.65;1.86;1.76;2.06;2.01;1.86
SP1;28/04/2019;Sociedad;Getafe;2;1;H;1;0;H;11;12;7;3;17;14;5;7;2;3;0;0;2.6;3.2;2.75;2.57;3.17;2.91;2.39;1.57;2.2;1.72
SP1;28/04/2019;Valencia;Eibar;0;1;A;0;0;D;7;13;2;3;10;15;7;6;2;3;0;0;1.45;4.5;6.5;1.45;4.81;6.58;1.58;2.38;2.23;1.68
SP1;28/04/2019;Vallecano;Real Madrid;1;0;H;1;0;H;11;9;5;3;21;6;6;6;2;5;0;0;7.5;4.5;1.4;6.65;4.91;1.44;1.43;2.76;1.75;2.13
SP1;28/04/2019;Villarreal;Huesca;1;1;D;1;0;H;18;13;5;3;15;22;0;1;5;2;0;1;1.55;4.0;6.5;1.58;4.3;5.52;1.59;2.37;1.97;1.89
SP1;29/04/2019;Betis;Espanol;1;1;D;0;1;A;18;10;5;4;16;14;6;5;4;1;0;0;2.3;3.3;3.1;2.27;3.45;3.11;1.81;2.0;2.27;1.67
SP1;03/05/2019;Sevilla;Leganes;0;3;A;0;2;A;7;9;3;5;11;23;3;4;1;1;0;0;1.36;5.0;8.5;1.39;4.9;8.21;1.69;2.18;2.12;1.75
SP1;04/05/2019;Alaves;Sociedad;0;1;A;0;1;A;17;9;6;2;7;22;13;6;1;3;0;0;2.5;3.25;2.9;2.58;3.2;2.88;2.18;1.68;1.83;2.04
SP1;04/05/2019;Celta;Barcelona;2;0;H;0;0;D;14;8;6;1;11;13;11;1;1;5;0;0;2.15;3.6;3.25;2.12;3.65;3.32;1.7;2.15;2.14;1.75
SP1;04/05/2019;Espanol;Ath Madrid;3;0;H;1;0;H;11;11;5;3;11;14;5;6;1;2;0;0;3.8;3.3;2.05;3.69;3.28;2.12;2.23;1.65;1.77;2.11
SP1;04/05/2019;Levante;Vallecano;4;1;H;2;0;H;12;20;7;3;17;12;6;7;1;4;0;1;1.95;3.8;3.6;1.95;3.96;3.52;1.5;2.54;1.96;1.9
SP1;05/05/2019;Eibar;Betis;1;0;H;1;0;H;14;12;6;6;15;7;11;8;3;2;0;0;2.05;3.6;3.5;2.03;3.59;3.59;1.76;2.06;2.02;1.84
SP1;05/05/2019;Getafe;Girona;2;0;H;1;0;H;13;4;8;2;15;13;1;3;3;3;0;1;1.8;3.6;4.75;1.81;3.44;4.9;2.33;1.6;2.6;1.52
SP1;05/05/2019;Huesca;Valencia;2;6;A;0;5;A;24;10;4;7;10;9;7;5;2;1;0;0;3.5;3.4;2.1;3.35;3.54;2.13;1.76;2.06;1.75;2.13
SP1;05/05/2019;Real Madrid;Villarreal;3;2;H;2;1;H;24;15;11;7;9;14;8;3;0;3;0;0;1.7;4.0;4.75;1.69;4.04;4.78;1.49;2.58;2.16;1.73
SP1;05/05/2019;Valladolid;Ath Bilbao;1;0;H;1;0;H;10;9;3;1;14;22;1;3;5;5;0;0;2.9;3.1;2.6;2.84;3.07;2.68;2.52;1.52;2.4;1.61
SP1;12/05/2019;Ath Bilbao;Celta;3;1;H;3;0;H;8;3;4;2;16;18;3;3;4;3;0;0;2.0;3.5;3.8;2.01;3.45;3.84;2.09;1.74;2.0;1.86
SP1;12/05/2019;Ath Madrid;Sevilla;1;1;D;1;0;H;11;11;4;5;16;12;5;7;5;4;0;0;2.1;3.6;3.4;2.11;3.52;3.48;1.85;1.95;2.09;1.78
SP1;12/05/2019;Barcelona;Getafe;2;0;H;1;0;H;13;11;8;0;9;13;4;3;1;3;0;0;1.53;4.33;6.0;1.53;4.37;5.96;1.63;2.27;1.87;1.98
SP1;12/05/2019;Betis;Huesca;2;1;H;1;0;H;17;9;8;2;13;15;9;2;3;5;0;1;1.55;4.33;5.75;1.57;4.55;5.23;1.53;2.46;1.95;1.91
SP1;12/05/2019;Girona;Levante;1;2;A;0;0;D;14;6;6;2;15;16;9;2;2;3;0;0;2.15;3.6;3.2;2.22;3.58;3.15;1.62;2.29;2.21;1.71
SP1;12/05/2019;Leganes;Espanol;0;2;A;0;1;A;11;19;4;7;11;9;6;7;4;1;1;0;2.4;3.5;2.87;2.49;3.29;2.92;1.96;1.85;1.78;2.1
SP1;12/05/2019;Sociedad;Real Madrid;3;1;H;1;1;D;19;6;7;2;12;16;5;2;1;2;0;1;3.0;3.6;2.3;3.0;3.69;2.26;1.57;2.4;1.68;2.25
SP1;12/05/2019;Valencia;Alaves;3;1;H;2;1;H;10;10;4;3;9;14;7;4;2;5;0;0;1.4;5.0;7.5;1.39;5.14;7.52;1.6;2.34;2.07;1.79
SP1;12/05/2019;Vallecano;Valladolid;1;2;A;0;1;A;16;9;5;6;13;9;4;2;2;2;0;0;4.2;3.8;1.8;4.02;3.88;1.85;1.71;2.13;2.03;1.85
SP1;12/05/2019;Villarreal;Eibar;1;0;H;0;0;D;11;4;3;0;11;14;5;3;3;2;0;0;1.6;4.33;5.0;1.61;4.36;5.01;1.55;2.43;2.06;1.81
SP1;18/05/2019;Alaves;Girona;2;1;H;1;0;H;14;13;7;4;13;10;6;4;3;3;0;0;2.25;3.5;3.1;2.31;3.56;2.99;1.76;2.05;2.03;1.85
SP1;18/05/2019;Celta;Vallecano;2;2;D;0;1;A;14;11;5;4;16;20;3;5;0;4;0;0;1.45;4.75;7.0;1.47;4.76;6.31;1.45;2.66;2.23;1.69
SP1;18/05/2019;Espanol;Sociedad;2;0;H;0;0;D;9;11;4;2;13;13;4;5;3;2;0;0;2.3;3.6;3.0;2.27;3.57;3.05;1.64;2.23;1.98;1.89
SP1;18/05/2019;Getafe;Villarreal;2;2;D;1;1;D;17;8;5;4;16;20;6;4;2;3;0;0;1.61;4.2;5.25;1.64;4.11;5.14;1.72;2.11;2.13;1.76
SP1;18/05/2019;Huesca;Leganes;2;1;H;0;1;A;15;9;6;1;18;12;4;6;0;1;0;0;2.5;3.75;2.62;2.53;3.55;2.7;1.69;2.15;1.87;1.99
SP1;18/05/2019;Levante;Ath Madrid;2;2;D;2;0;H;17;17;7;8;9;7;6;4;0;1;0;1;3.75;3.75;1.95;3.55;3.78;2.0;1.65;2.23;1.87;1.99
SP1;18/05/2019;Sevilla;Ath Bilbao;2;0;H;1;0;H;9;9;3;1;14;19;2;3;4;2;0;0;1.85;3.4;4.33;1.87;3.4;4.59;1.74;2.08;2.6;1.53
SP1;18/05/2019;Valladolid;Valencia;0;2;A;0;1;A;19;9;4;6;12;10;8;2;1;3;0;0;8.0;5.25;1.36;7.8;4.84;1.4;1.63;2.25;1.74;2.13
SP1;19/05/2019;Eibar;Barcelona;2;2;D;2;2;D;15;6;8;3;11;3;5;2;4;2;0;0;3.6;4.0;1.9;3.73;4.03;1.88;1.46;2.65;1.98;1.88
SP1;19/05/2019;Real Madrid;Betis;0;2;A;0;0;D;9;9;2;7;17;11;1;5;4;1;0;0;1.57;4.75;4.75;1.58;4.73;4.91;1.3;3.42;1.91;1.98
SP1;16/08/2019;Ath Bilbao;Barcelona;1;0;H;0;0;D;11;11;5;2;14;9;3;8;1;1;0;0;5.25;3.8;1.65;;;;;;;
SP1;17/08/2019;Celta;Real Madrid;1;3;A;0;1;A;7;17;4;11;17;12;6;4;5;2;0;1;4.75;4.2;1.65;;;;;;;
SP1;17/08/2019;Valencia;Sociedad;1;1;D;0;0;D;14;12;6;3;13;14;3;3;4;4;1;0;1.66;3.75;5.5;;;;;;;
SP1;17/08/2019;Mallorca;Eibar;2;1;H;1;0;H;16;11;4;5;13;14;9;3;2;3;0;0;2.8;3.2;2.6;;;;;;;
SP1;17/08/2019;Leganes;Osasuna;0;1;A;0;0;D;13;4;2;2;17;11;8;0;1;4;1;0;2.0;3.2;4.2;;;;;;;
SP1;17/08/2019;Villarreal;Granada;4;4;D;1;1;D;12;14;7;7;10;16;2;7;3;1;0;0;1.6;3.8;6.5;;;;;;;
SP1;18/08/2019;Alaves;Levante;1;0;H;0;0;D;9;16;2;4;18;15;2;9;2;1;0;0;2.15;3.2;3.6;;;;;;;
SP1;18/08/2019;Espanol;Sevilla;0;2;A;0;1;A;7;12;2;4;11;17;8;4;2;2;0;0;3.2;3.3;2.3;;;;;;;
SP1;18/08/2019;Betis;Valladolid;1;2;A;0;0;D;13;14;4;3;11;19;6;1;2;6;1;0;1.66;3.75;5.5;;;;;;;
SP1;18/08/2019;Ath Madrid;Getafe;1;0;H;1;0;H;5;6;5;0;19;22;3;4;3;4;1;1;1.44;4.33;8.0;;;;;;;
SP1;23/08/2019;Granada;Sevilla;0;1;A;0;0;D;12;11;0;6;13;14;6;6;1;1;0;0;3.6;3.6;1.95;;;;;;;
SP1;23/08/2019;Levante;Villarreal;2;1;H;0;1;A;16;23;4;6;5;9;7;3;1;2;0;0;2.55;3.4;2.62;;;;;;;
SP1;24/08/2019;Osasuna;Eibar;0;0;D;0;0;D;6;12;2;0;15;12;6;6;4;4;0;0;2.5;3.2;2.9;;;;;;;
SP1;24/08/2019;Real Madrid;Valladolid;1;1;D;0;0;D;22;9;4;2;12;11;4;3;2;2;0;0;1.2;6.5;13.0;;;;;;;
SP1;24/08/2019;Celta;Valencia;1;0;H;1;0;H;11;9;6;1;8;12;6;4;1;2;0;0;3.1;3.4;2.25;;;;;;;
SP1;24/08/2019;Getafe;Ath Bilbao;1;1;D;1;1;D;6;4;2;2;15;11;4;6;2;1;0;0;2.6;3.0;2.9;;;;;;;
SP1;25/08/2019;Alaves;Espanol;0;0;D;0;0;D;10;5;2;1;13;10;3;5;3;1;0;0;2.45;3.2;3.0;;;;;;;
SP1;25/08/2019;Mallorca;Sociedad;0;1;A;0;0;D;12;12;4;4;16;12;5;5;1;2;0;0;3.1;3.1;2.4;;;;;;;
SP1;25/08/2019;Leganes;Ath Madrid;0;1;A;0;0;D;10;6;4;4;12;13;9;4;4;5;0;0;4.75;3.4;1.8;;;;;;;
SP1;25/08/2019;Barcelona;Betis;5;2;H;1;1;D;20;4;7;3;14;12;11;0;1;1;0;0;1.25;6.0;10.0;;;;;;;
SP1;30/08/2019;Sevilla;Celta;1;1;D;0;0;D;19;2;5;1;16;9;9;1;4;2;0;0;1.53;4.2;6.0;;;;;;;
SP1;30/08/2019;Ath Bilbao;Sociedad;2;0;H;2;0;H;15;2;5;2;17;17;3;0;2;3;0;0;2.3;3.1;3.4;;;;;;;
SP1;31/08/2019;Osasuna;Barcelona;2;2;D;1;0;H;15;8;5;4;16;9;3;2;3;4;0;0;10.0;5.0;1.33;;;;;;;
SP1;31/08/2019;Getafe;Alaves;1;1;D;1;1;D;15;5;1;1;11;17;4;2;3;1;0;0;1.72;3.4;5.75;;;;;;;
SP1;31/08/2019;Levante;Valladolid;2;0;H;0;0;D;16;15;3;4;9;10;6;6;2;2;0;0;2.0;3.5;3.75;;;;;;;
SP1;31/08/2019;Betis;Leganes;2;1;H;0;0;D;17;19;5;7;14;15;11;8;4;2;0;0;1.95;3.3;4.33;;;;;;;
SP1;01/09/2019;Valencia;Mallorca;2;0;H;1;0;H;9;12;4;1;6;19;7;4;0;1;0;0;1.4;4.75;8.0;;;;;;;
SP1;01/09/2019;Ath Madrid;Eibar;3;2;H;1;2;A;7;6;3;2;9;15;1;1;0;3;0;0;1.4;4.0;10.0;;;;;;;
SP1;01/09/2019;Espanol;Granada;0;3;A;0;1;A;15;14;3;6;6;13;8;6;2;3;0;0;2.05;3.3;4.0;;;;;;;
SP1;01/09/2019;Villarreal;Real Madrid;2;2;D;1;1;D;10;17;5;5;8;14;1;8;1;4;0;1;3.6;4.0;1.9;;;;;;;
SP1;13/09/2019;Mallorca;Ath Bilbao;0;0;D;0;0;D;10;11;1;5;15;18;4;6;4;3;0;0;3.4;3.1;2.3;;;;;;;
SP1;14/09/2019;Real Madrid;Levante;3;2;H;3;0;H;25;8;11;3;13;10;9;6;2;2;0;0;1.22;6.5;12.0;;;;;;;
SP1;14/09/2019;Leganes;Villarreal;0;3;A;0;2;A;10;8;4;4;14;11;8;6;2;0;0;0;2.45;3.1;3.2;;;;;;;
SP1;14/09/2019;Sociedad;Ath Madrid;2;0;H;0;0;D;14;12;5;2;13;10;5;5;1;3;0;0;3.8;3.2;2.1;;;;;;;
SP1;14/09/2019;Barcelona;Valencia;5;2;H;2;1;H;17;9;10;3;11;11;2;5;1;4;0;0;1.44;4.75;7.0;;;;;;;
SP1;15/09/2019;Eibar;Espanol;1;2;A;0;0;D;11;7;1;2;14;16;7;2;2;4;0;1;2.0;3.3;4.0;;;;;;;
SP1;15/09/2019;Alaves;Sevilla;0;1;A;0;1;A;7;19;0;7;13;7;2;6;5;5;0;0;4.2;3.2;2.0;;;;;;;
SP1;15/09/2019;Celta;Granada;0;2;A;0;1;A;4;13;0;3;11;13;3;5;4;2;2;0;1.83;3.6;4.33;;;;;;;
SP1;15/09/2019;Valladolid;Osasuna;1;1;D;0;0;D;11;17;1;5;9;10;10;6;0;1;0;0;2.15;3.1;3.75;;;;;;;
SP1;15/09/2019;Betis;Getafe;1;1;D;0;1;A;7;12;2;4;11;28;5;6;3;6;2;0;2.2;3.1;3.6;;;;;;;
SP1;20/09/2019;Osasuna;Betis;0;0;D;0;0;D;12;7;6;2;15;9;9;4;1;2;0;0;2.25;3.3;3.25;;;;;;;
SP1;21/09/2019;Villarreal;Valladolid;2;0;H;0;0;D;18;7;6;3;12;8;4;8;2;1;0;0;1.61;4.0;5.5;;;;;;;
SP1;21/09/2019;Levante;Eibar;0;0;D;0;0;D;13;18;4;4;9;11;6;7;0;2;0;0;2.3;3.4;3.1;;;;;;;
SP1;21/09/2019;Ath Madrid;Celta;0;0;D;0;0;D;20;6;5;3;14;12;13;3;3;5;0;0;1.4;4.33;9.5;;;;;;;
SP1;21/09/2019;Granada;Barcelona;2;0;H;1;0;H;9;8;4;1;22;12;4;5;3;2;0;0;10.0;5.5;1.3;;;;;;;
SP1;22/09/2019;Getafe;Mallorca;4;2;H;2;0;H;14;7;5;3;15;17;7;2;4;5;0;0;1.85;3.25;5.0;;;;;;;
SP1;22/09/2019;Espanol;Sociedad;1;3;A;0;2;A;17;10;3;5;7;12;5;7;1;0;0;0;3.0;3.25;2.45;;;;;;;
SP1;22/09/2019;Valencia;Leganes;1;1;D;1;1;D;13;13;4;4;14;23;6;6;3;4;0;0;1.61;4.0;5.5;;;;;;;
SP1;22/09/2019;Ath Bilbao;Alaves;2;0;H;1;0;H;13;5;4;1;11;19;3;2;1;4;0;0;1.61;3.75;6.0;;;;;;;
SP1;22/09/2019;Sevilla;Real Madrid;0;1;A;0;0;D;9;7;0;4;16;15;9;6;3;2;0;0;2.62;3.8;2.45;;;;;;;
SP1;24/09/2019;Valladolid;Granada;1;1;D;1;1;D;9;6;5;4;21;18;6;3;3;2;0;0;2.25;3.3;3.3;;;;;;;
SP1;24/09/2019;Betis;Levante;3;1;H;1;1;D;17;17;5;3;11;11;5;2;2;2;0;0;1.95;3.6;3.8;;;;;;;
SP1;24/09/2019;Barcelona;Villarreal;2;1;H;2;1;H;8;11;4;3;4;13;6;5;4;2;0;0;1.3;5.75;9.0;;;;;;;
SP1;25/09/2019;Leganes;Ath Bilbao;1;1;D;0;0;D;7;9;3;2;11;12;4;5;0;1;0;0;2.87;3.0;2.7;;;;;;;
SP1;25/09/2019;Mallorca;Ath Madrid;0;2;A;0;1;A;9;13;3;3;8;15;8;5;3;5;0;1;6.5;3.6;1.61;;;;;;;
SP1;25/09/2019;Valencia;Getafe;3;3;D;3;1;H;8;18;4;5;14;26;4;5;1;4;0;0;1.9;3.3;4.5;;;;;;;
SP1;25/09/2019;Real Madrid;Osasuna;2;0;H;1;0;H;15;4;4;0;13;13;7;5;2;2;0;0;1.2;7.0;13.0;;;;;;;
SP1;26/09/2019;Eibar;Sevilla;3;2;H;0;2;A;11;7;4;4;11;19;3;1;3;4;0;0;3.5;3.3;2.15;;;;;;;
SP1;26/09/2019;Celta;Espanol;1;1;D;0;0;D;14;10;3;4;5;17;6;4;2;5;0;0;1.85;3.5;4.2;;;;;;;
SP1;26/09/2019;Sociedad;Alaves;3;0;H;3;0;H;21;5;7;0;7;20;5;3;1;4;0;1;1.6;4.0;5.5;;;;;;;
SP1;27/09/2019;Villarreal;Betis;5;1;H;1;0;H;17;11;10;6;13;8;3;7;2;2;0;0;1.83;3.8;4.1;;;;;;;
SP1;28/09/2019;Ath Bilbao;Valencia;0;1;A;0;1;A;14;10;3;6;14;12;7;7;2;5;0;0;2.2;3.2;3.5;;;;;;;
SP1;28/09/2019;Getafe;Barcelona;0;2;A;0;1;A;8;10;1;6;23;17;4;1;4;4;0;1;4.33;3.4;1.85;;;;;;;
SP1;28/09/2019;Granada;Leganes;1;0;H;1;0;H;11;15;4;6;19;12;8;3;3;4;0;0;2.4;3.1;3.2;;;;;;;
SP1;28/09/2019;Ath Madrid;Real Madrid;0;0;D;0;0;D;7;14;1;3;14;14;5;7;1;2;0;0;2.4;3.3;3.0;;;;;;;
SP1;29/09/2019;Espanol;Valladolid;0;2;A;0;1;A;16;9;2;6;16;13;4;3;2;0;1;0;1.95;3.3;4.2;;;;;;;
SP1;29/09/2019;Eibar;Celta;2;0;H;0;0;D;7;3;3;2;17;15;6;5;3;1;0;0;2.25;3.3;3.25;;;;;;;
SP1;29/09/2019;Alaves;Mallorca;2;0;H;0;0;D;11;5;6;1;16;14;4;1;2;3;0;0;2.2;3.2;3.5;;;;;;;
SP1;29/09/2019;Levante;Osasuna;1;1;D;1;0;H;10;18;5;3;12;12;7;11;6;0;1;0;2.15;3.5;3.4;;;;;;;
SP1;29/09/2019;Sevilla;Sociedad;3;2;H;1;1;D;21;5;8;2;9;8;7;0;1;1;0;0;1.85;3.5;4.5;;;;;;;
SP1;04/10/2019;Betis;Eibar;1;1;D;0;1;A;12;8;3;2;7;20;4;9;3;6;0;1;2.0;3.6;3.7;;;;;;;
SP1;05/10/2019;Leganes;Levante;1;2;A;0;1;A;25;9;10;2;10;7;9;4;3;5;0;0;2.0;3.5;3.8;;;;;;;
SP1;05/10/2019;Real Madrid;Granada;4;2;H;2;0;H;17;8;10;5;12;18;6;2;4;5;0;0;1.28;5.75;10.0;;;;;;;
SP1;05/10/2019;Valencia;Alaves;2;1;H;1;0;H;11;10;3;4;7;16;4;7;1;3;0;0;1.5;4.33;6.5;;;;;;;
SP1;05/10/2019;Osasuna;Villarreal;2;1;H;0;1;A;16;16;4;5;9;15;8;9;2;2;0;0;3.0;3.3;2.4;;;;;;;
SP1;06/10/2019;Mallorca;Espanol;2;0;H;1;0;H;9;11;3;3;11;11;2;4;1;3;0;0;2.45;3.25;3.0;;;;;;;
SP1;06/10/2019;Celta;Ath Bilbao;1;0;H;0;0;D;13;6;2;2;8;20;6;4;0;5;0;0;2.7;3.0;2.87;;;;;;;
SP1;06/10/2019;Valladolid;Ath Madrid;0;0;D;0;0;D;5;9;1;1;15;14;3;4;6;4;0;0;5.5;3.5;1.72;;;;;;;
SP1;06/10/2019;Sociedad;Getafe;1;2;A;1;0;H;6;13;3;4;20;15;3;8;2;4;1;0;1.9;3.4;4.33;;;;;;;
SP1;06/10/2019;Barcelona;Sevilla;4;0;H;3;0;H;15;16;8;4;10;12;7;10;5;3;2;0;1.5;4.2;7.0;;;;;;;
SP1;18/10/2019;Granada;Osasuna;1;0;H;1;0;H;6;9;2;4;12;17;2;7;2;8;0;1;2.4;3.0;3.3;;;;;;;
SP1;19/10/2019;Eibar;Barcelona;0;3;A;0;1;A;5;9;0;4;16;14;2;2;5;0;0;0;6.0;4.5;1.5;;;;;;;
SP1;19/10/2019;Ath Madrid;Valencia;1;1;D;1;0;H;15;11;4;3;18;12;2;4;2;1;0;1;1.57;3.75;6.0;;;;;;;
SP1;19/10/2019;Getafe;Leganes;2;0;H;0;0;D;5;7;2;3;17;19;2;3;1;4;0;0;1.85;3.1;5.25;;;;;;;
SP1;19/10/2019;Mallorca;Real Madrid;1;0;H;1;0;H;5;13;1;4;20;14;4;4;2;2;0;1;6.5;4.0;1.53;;;;;;;
SP1;20/10/2019;Alaves;Celta;2;0;H;0;0;D;12;14;5;2;20;5;4;6;5;1;0;0;2.9;3.0;2.62;;;;;;;
SP1;20/10/2019;Sociedad;Betis;3;1;H;2;1;H;18;12;6;5;23;12;11;2;4;2;0;0;1.75;3.9;4.33;;;;;;;
SP1;20/10/2019;Espanol;Villarreal;0;1;A;0;1;A;18;11;3;5;11;14;7;3;2;1;0;0;3.0;3.3;2.37;;;;;;;
SP1;20/10/2019;Ath Bilbao;Valladolid;1;1;D;1;0;H;19;9;7;3;12;9;3;4;2;3;0;0;1.66;3.4;6.5;;;;;;;
SP1;20/10/2019;Sevilla;Levante;1;0;H;0;0;D;19;12;5;5;10;11;9;1;2;2;0;0;1.33;5.5;9.0;;;;;;;
SP1;25/10/2019;Villarreal;Alaves;4;1;H;1;0;H;19;12;8;3;12;13;5;4;2;2;0;0;1.5;4.2;6.5;;;;;;;
SP1;26/10/2019;Leganes;Mallorca;1;0;H;1;0;H;9;9;3;1;19;13;4;5;4;1;0;0;1.8;3.4;4.75;;;;;;;
SP1;26/10/2019;Valladolid;Eibar;2;0;H;2;0;H;8;13;4;3;13;13;4;3;1;2;0;0;2.4;3.1;3.2;;;;;;;
SP1;26/10/2019;Ath Madrid;Ath Bilbao;2;0;H;1;0;H;9;9;2;2;14;9;7;7;2;2;0;0;1.7;3.5;5.75;;;;;;;
SP1;27/10/2019;Celta;Sociedad;0;1;A;0;0;D;9;9;1;4;20;12;3;7;5;2;1;0;3.0;3.25;2.45;;;;;;;
SP1;27/10/2019;Granada;Betis;1;0;H;0;0;D;13;12;3;0;13;8;4;2;3;4;0;0;2.45;3.2;3.0;;;;;;;
SP1;27/10/2019;Levante;Espanol;0;1;A;0;1;A;7;14;3;3;10;26;4;7;2;3;0;0;2.1;3.5;3.5;;;;;;;
SP1;27/10/2019;Sevilla;Getafe;2;0;H;0;0;D;15;9;8;4;13;18;5;0;2;3;0;0;1.72;3.3;6.0;;;;;;;
SP1;27/10/2019;Osasuna;Valencia;3;1;H;1;1;D;21;2;13;1;8;6;6;1;1;1;0;1;2.87;3.1;2.62;;;;;;;
SP1;29/10/2019;Alaves;Ath Madrid;1;1;D;0;0;D;11;9;3;3;23;16;4;1;3;3;0;0;6.0;3.5;1.65;;;;;;;
SP1;29/10/2019;Barcelona;Valladolid;5;1;H;3;1;H;18;9;9;1;9;14;6;3;0;3;0;0;1.12;9.5;17.0;;;;;;;
SP1;30/10/2019;Sociedad;Levante;1;2;A;0;2;A;17;13;5;4;15;12;9;5;3;4;0;0;1.5;4.5;6.5;;;;;;;
SP1;30/10/2019;Valencia;Sevilla;1;1;D;0;1;A;10;10;3;1;12;17;6;1;6;3;0;0;2.8;3.4;2.5;;;;;;;
SP1;30/10/2019;Ath Bilbao;Espanol;3;0;H;2;0;H;7;12;5;5;13;20;2;5;0;1;0;0;1.9;3.25;4.5;;;;;;;
SP1;30/10/2019;Betis;Celta;2;1;H;1;0;H;11;18;7;5;16;17;5;10;6;1;0;0;2.0;3.5;3.75;;;;;;;
SP1;30/10/2019;Real Madrid;Leganes;5;0;H;3;0;H;22;5;11;3;12;12;8;3;1;5;0;0;1.25;6.0;12.0;;;;;;;
SP1;31/10/2019;Eibar;Villarreal;2;1;H;0;0;D;25;9;8;2;11;12;8;3;0;3;0;0;2.62;3.5;2.5;;;;;;;
SP1;31/10/2019;Mallorca;Osasuna;2;2;D;1;0;H;11;12;3;4;9;10;5;3;1;5;0;0;2.45;3.0;3.1;;;;;;;
SP1;31/10/2019;Getafe;Granada;3;1;H;2;0;H;8;10;3;2;22;11;2;3;5;5;0;0;1.9;3.3;4.33;;;;;;;
SP1;02/11/2019;Espanol;Valencia;1;2;A;1;0;H;13;11;4;4;20;14;5;5;0;1;0;0;2.7;3.3;2.62;;;;;;;
SP1;02/11/2019;Levante;Barcelona;3;1;H;0;1;A;9;9;3;6;9;13;2;3;1;6;0;0;9.0;5.75;1.3;;;;;;;
SP1;02/11/2019;Sevilla;Ath Madrid;1;1;D;1;0;H;11;14;4;5;13;16;6;3;4;3;0;0;2.3;3.2;3.3;;;;;;;
SP1;02/11/2019;Real Madrid;Betis;0;0;D;0;0;D;22;13;7;3;11;17;9;4;2;4;0;0;1.25;6.5;9.0;;;;;;;
SP1;03/11/2019;Valladolid;Mallorca;3;0;H;1;0;H;12;14;6;1;15;20;2;6;5;4;0;0;2.0;3.3;4.0;;;;;;;
SP1;03/11/2019;Villarreal;Ath Bilbao;0;0;D;0;0;D;11;12;7;2;10;8;8;10;2;0;0;0;1.83;3.6;4.5;;;;;;;
SP1;03/11/2019;Osasuna;Alaves;4;2;H;3;1;H;19;11;6;3;13;17;5;1;4;2;0;0;2.1;2.87;4.5;;;;;;;
SP1;03/11/2019;Celta;Getafe;0;1;A;0;1;A;6;9;2;5;6;19;4;4;3;3;0;0;2.5;3.1;3.0;;;;;;;
SP1;03/11/2019;Leganes;Eibar;1;2;A;1;1;D;12;7;5;4;16;20;4;2;5;2;0;0;2.25;3.1;3.5;;;;;;;
SP1;03/11/2019;Granada;Sociedad;1;2;A;1;1;D;5;9;3;5;15;19;4;5;0;2;0;0;3.1;3.2;2.45;;;;;;;
SP1;08/11/2019;Sociedad;Leganes;1;1;D;0;0;D;11;6;5;2;14;23;5;1;2;6;0;1;1.8;3.4;5.0;;;;;;;
SP1;09/11/2019;Alaves;Valladolid;3;0;H;2;0;H;14;7;5;1;21;16;6;7;3;3;0;0;2.4;3.0;3.4;;;;;;;
SP1;09/11/2019;Valencia;Granada;2;0;H;0;0;D;12;13;4;1;11;15;7;4;0;5;0;0;1.61;3.7;6.0;;;;;;;
SP1;09/11/2019;Eibar;Real Madrid;0;4;A;0;3;A;14;10;1;5;9;8;6;6;0;0;0;0;5.25;4.33;1.6;;;;;;;
SP1;09/11/2019;Barcelona;Celta;4;1;H;2;1;H;10;6;7;5;18;14;2;2;4;1;0;0;1.2;7.5;13.0;;;;;;;
SP1;10/11/2019;Mallorca;Villarreal;3;1;H;2;0;H;5;22;3;6;18;17;2;5;2;3;0;0;3.6;3.25;2.15;;;;;;;
SP1;10/11/2019;Ath Bilbao;Levante;2;1;H;0;1;A;23;8;10;2;13;13;10;2;3;2;0;0;1.66;3.75;5.5;;;;;;;
SP1;10/11/2019;Ath Madrid;Espanol;3;1;H;1;1;D;18;10;5;1;12;15;9;2;2;2;0;0;1.45;4.0;8.5;;;;;;;
SP1;10/11/2019;Getafe;Osasuna;0;0;D;0;0;D;14;4;5;1;15;16;9;5;2;4;0;0;1.95;3.3;4.33;;;;;;;
SP1;10/11/2019;Betis;Sevilla;1;2;A;1;1;D;18;10;5;6;12;21;4;4;2;3;0;0;3.6;3.4;2.1;;;;;;;
SP1;22/11/2019;Levante;Mallorca;2;1;H;0;0;D;13;14;6;7;13;9;3;6;2;1;1;0;1.75;3.75;4.5;;;;;;;
SP1;23/11/2019;Leganes;Barcelona;1;2;A;1;0;H;9;11;4;6;11;10;0;6;1;2;0;0;7.0;4.75;1.44;;;;;;;
SP1;23/11/2019;Betis;Valencia;2;1;H;1;1;D;25;9;8;3;9;13;5;4;2;2;0;0;2.4;3.4;2.9;;;;;;;
SP1;23/11/2019;Granada;Ath Madrid;1;1;D;0;0;D;9;17;3;6;15;17;2;8;4;3;0;0;5.0;3.1;1.9;;;;;;;
SP1;23/11/2019;Real Madrid;Sociedad;3;1;H;1;1;D;18;11;10;6;13;16;4;3;1;1;0;0;1.36;5.5;7.5;;;;;;;
SP1;24/11/2019;Espanol;Getafe;1;1;D;1;1;D;6;11;2;2;23;12;3;3;3;4;0;0;2.87;2.9;2.8;;;;;;;
SP1;24/11/2019;Osasuna;Ath Bilbao;1;2;A;0;1;A;12;6;7;4;15;18;6;2;4;3;0;0;2.6;3.0;3.0;;;;;;;
SP1;24/11/2019;Eibar;Alaves;0;2;A;0;0;D;18;7;7;5;10;11;10;4;1;2;0;0;1.85;3.5;4.5;;;;;;;
SP1;24/11/2019;Villarreal;Celta;1;3;A;0;0;D;15;11;1;7;12;9;8;2;3;2;0;0;1.8;3.8;4.33;;;;;;;
SP1;24/11/2019;Valladolid;Sevilla;0;1;A;0;1;A;7;4;1;2;13;25;8;4;3;4;0;1;4.0;3.5;1.9;;;;;;;
SP1;29/11/2019;Celta;Valladolid;0;0;D;0;0;D;13;9;5;2;11;17;11;3;1;3;0;0;1.75;3.6;5.0;;;;;;;
SP1;30/11/2019;Alaves;Real Madrid;1;2;A;0;0;D;8;12;2;6;18;11;9;4;4;3;0;0;6.5;4.33;1.5;;;;;;;
SP1;30/11/2019;Sociedad;Eibar;4;1;H;1;1;D;15;10;4;4;8;12;6;4;1;4;0;0;1.72;3.75;5.0;;;;;;;
SP1;30/11/2019;Mallorca;Betis;1;2;A;0;2;A;16;15;7;3;16;15;6;5;3;4;1;0;2.62;3.3;2.7;;;;;;;
SP1;30/11/2019;Valencia;Villarreal;2;1;H;0;0;D;13;24;7;7;8;17;6;4;1;2;0;0;2.4;3.4;2.9;;;;;;;
SP1;01/12/2019;Sevilla;Leganes;1;0;H;0;0;D;16;8;8;4;16;7;7;4;3;3;0;0;1.57;4.0;6.0;;;;;;;
SP1;01/12/2019;Ath Bilbao;Granada;2;0;H;1;0;H;14;8;6;1;18;16;4;3;5;4;0;0;1.7;3.4;6.0;;;;;;;
SP1;01/12/2019;Espanol;Osasuna;2;4;A;1;0;H;12;14;5;8;12;16;2;3;1;4;0;1;2.15;3.1;3.6;;;;;;;
SP1;01/12/2019;Getafe;Levante;4;0;H;0;0;D;13;7;9;2;22;14;6;7;2;3;0;0;1.66;3.8;5.5;;;;;;;
SP1;01/12/2019;Ath Madrid;Barcelona;0;1;A;0;0;D;17;13;2;5;12;11;9;5;4;4;0;0;2.75;3.3;2.6;;;;;;;
SP1;06/12/2019;Villarreal;Ath Madrid;0;0;D;0;0;D;23;18;3;3;11;11;11;6;2;1;0;0;3.6;3.3;2.15;;;;;;;
SP1;07/12/2019;Real Madrid;Espanol;2;0;H;1;0;H;18;6;8;2;15;13;5;3;4;3;1;0;1.2;7.0;13.0;;;;;;;
SP1;07/12/2019;Granada;Alaves;3;0;H;0;0;D;13;5;3;1;16;17;6;2;1;4;0;2;2.2;3.1;3.5;;;;;;;
SP1;07/12/2019;Levante;Valencia;2;4;A;2;1;H;17;10;6;6;14;14;5;1;5;2;1;0;3.2;3.75;2.15;;;;;;;
SP1;07/12/2019;Barcelona;Mallorca;5;2;H;4;1;H;25;9;17;3;15;10;8;4;3;0;0;0;1.14;8.5;17.0;;;;;;;
SP1;08/12/2019;Eibar;Getafe;0;1;A;0;0;D;6;6;3;3;16;15;3;8;5;1;1;0;2.8;2.9;2.87;;;;;;;
SP1;08/12/2019;Betis;Ath Bilbao;3;2;H;3;1;H;10;8;6;2;12;15;3;3;2;4;0;0;2.3;3.2;3.3;;;;;;;
SP1;08/12/2019;Valladolid;Sociedad;0;0;D;0;0;D;4;16;2;2;10;19;1;4;0;4;0;0;3.2;3.2;2.37;;;;;;;
SP1;08/12/2019;Leganes;Celta;3;2;H;2;0;H;15;9;8;4;14;11;3;5;3;3;0;1;2.37;3.1;3.3;;;;;;;
SP1;08/12/2019;Osasuna;Sevilla;1;1;D;1;1;D;10;13;1;4;22;10;2;6;4;4;1;0;3.4;3.3;2.2;;;;;;;
SP1;13/12/2019;Alaves;Leganes;1;1;D;0;1;A;10;3;3;1;14;17;2;0;2;3;0;0;2.4;3.0;3.2;;;;;;;
SP1;14/12/2019;Granada;Levante;1;2;A;0;0;D;18;13;4;6;14;12;8;6;4;3;0;0;2.0;3.6;3.8;;;;;;;
SP1;14/12/2019;Sociedad;Barcelona;2;2;D;1;1;D;19;9;5;5;7;8;8;5;0;1;0;0;5.25;4.2;1.61;;;;;;;
SP1;14/12/2019;Ath Bilbao;Eibar;0;0;D;0;0;D;8;8;3;2;7;12;6;7;3;3;0;0;1.66;3.75;5.5;;;;;;;
SP1;14/12/2019;Ath Madrid;Osasuna;2;0;H;0;0;D;19;15;9;3;16;10;6;5;2;1;0;0;1.4;4.33;10.0;;;;;;;
SP1;15/12/2019;Getafe;Valladolid;2;0;H;1;0;H;7;10;3;3;28;10;4;3;3;3;0;0;1.66;3.6;6.0;;;;;;;
SP1;15/12/2019;Celta;Mallorca;2;2;D;1;1;D;18;8;7;2;14;16;3;3;3;5;0;1;1.7;3.8;5.0;;;;;;;
SP1;15/12/2019;Espanol;Betis;2;2;D;2;1;H;16;10;4;5;26;13;7;5;4;1;0;0;2.6;3.25;2.8;;;;;;;
SP1;15/12/2019;Sevilla;Villarreal;1;2;A;0;1;A;24;9;5;3;12;11;14;2;2;0;0;0;1.66;4.0;5.0;;;;;;;
SP1;15/12/2019;Valencia;Real Madrid;1;1;D;0;0;D;9;19;6;6;11;15;1;2;1;2;0;0;3.8;3.8;1.9;;;;;;;
SP1;18/12/2019;Barcelona;Real Madrid;0;0;D;0;0;D;9;17;2;4;5;17;2;6;3;5;0;0;1.72;4.2;4.33;;;;;;;
SP1;20/12/2019;Eibar;Granada;3;0;H;2;0;H;21;12;7;1;17;13;5;5;3;3;0;0;2.1;3.25;3.8;;;;;;;
SP1;21/12/2019;Mallorca;Sevilla;0;2;A;0;1;A;8;13;1;6;15;12;3;6;6;3;0;0;5.0;4.0;1.66;;;;;;;
SP1;21/12/2019;Barcelona;Alaves;4;1;H;2;0;H;8;5;4;3;10;11;3;4;2;4;0;0;1.12;9.0;21.0;;;;;;;
SP1;21/12/2019;Villarreal;Getafe;1;0;H;0;0;D;11;7;4;0;8;18;2;5;2;5;0;1;2.2;3.25;3.5;;;;;;;
SP1;21/12/2019;Valladolid;Valencia;1;1;D;0;0;D;14;5;6;2;10;12;5;4;0;3;0;0;3.5;3.4;2.15;;;;;;;
SP1;22/12/2019;Leganes;Espanol;2;0;H;1;0;H;11;9;5;3;11;15;1;5;1;6;0;0;2.1;3.1;3.9;;;;;;;
SP1;22/12/2019;Osasuna;Sociedad;3;4;A;1;3;A;19;13;7;7;11;12;8;3;6;2;1;0;2.8;3.4;2.5;;;;;;;
SP1;22/12/2019;Betis;Ath Madrid;1;2;A;0;0;D;15;8;2;5;11;14;5;3;4;3;0;0;3.8;3.3;2.1;;;;;;;
SP1;22/12/2019;Levante;Celta;3;1;H;0;1;A;13;12;7;5;8;15;8;7;3;6;0;0;2.62;3.4;2.62;;;;;;;
SP1;22/12/2019;Real Madrid;Ath Bilbao;0;0;D;0;0;D;20;8;8;2;8;14;6;4;1;0;0;0;1.33;5.25;8.0;;;;;;;
SP1;03/01/2020;Valladolid;Leganes;2;2;D;1;2;A;14;12;5;5;16;13;4;3;3;2;0;0;2.7;2.87;3.0;;;;;;;
SP1;03/01/2020;Sevilla;Ath Bilbao;1;1;D;0;1;A;9;6;2;1;16;20;9;1;2;4;0;0;1.61;3.75;6.0;;;;;;;
SP1;04/01/2020;Valencia;Eibar;1;0;H;1;0;H;9;10;1;3;13;20;6;5;1;3;0;1;1.61;3.9;5.5;;;;;;;
SP1;04/01/2020;Getafe;Real Madrid;0;3;A;0;1;A;15;10;4;8;20;14;7;4;3;2;0;0;4.2;3.6;1.85;;;;;;;
SP1;04/01/2020;Ath Madrid;Levante;2;1;H;2;1;H;17;6;8;3;9;10;5;5;1;3;0;0;1.25;5.75;12.0;;;;;;;
SP1;04/01/2020;Espanol;Barcelona;2;2;D;1;0;H;8;14;3;7;17;11;4;5;2;2;0;1;6.5;4.75;1.45;;;;;;;
SP1;05/01/2020;Granada;Mallorca;1;0;H;1;0;H;7;17;4;5;23;11;3;4;5;1;0;0;1.95;3.4;4.2;;;;;;;
SP1;05/01/2020;Sociedad;Villarreal;1;2;A;1;0;H;10;14;2;2;16;14;7;2;5;4;0;0;1.85;3.9;3.9;;;;;;;
SP1;05/01/2020;Alaves;Betis;1;1;D;1;0;H;6;10;1;3;18;15;3;6;7;3;0;1;2.6;3.25;2.8;;;;;;;
SP1;05/01/2020;Celta;Osasuna;1;1;D;0;0;D;20;8;7;1;14;19;6;1;4;3;0;0;2.05;3.4;3.75;;;;;;;
SP1;17/01/2020;Leganes;Getafe;0;3;A;0;3;A;8;8;2;4;22;18;4;4;6;4;0;0;3.0;2.87;2.7;;;;;;;
SP1;18/01/2020;Levante;Alaves;0;1;A;0;0;D;20;14;3;6;12;20;7;6;2;4;0;0;2.05;3.4;3.75;;;;;;;
SP1;18/01/2020;Real Madrid;Sevilla;2;1;H;0;0;D;13;8;4;3;17;12;2;4;3;1;0;0;1.6;4.33;5.25;;;;;;;
SP1;18/01/2020;Osasuna;Valladolid;0;0;D;0;0;D;21;5;5;3;16;10;9;1;2;2;0;0;1.8;3.4;5.0;;;;;;;
SP1;18/01/2020;Eibar;Ath Madrid;2;0;H;1;0;H;9;12;4;4;16;14;6;7;1;2;0;0;5.25;3.3;1.8;;;;;;;
SP1;19/01/2020;Mallorca;Valencia;4;1;H;3;0;H;13;8;6;1;18;11;1;6;4;4;0;1;3.75;3.4;2.05;;;;;;;
SP1;19/01/2020;Betis;Sociedad;3;0;H;2;0;H;14;7;6;0;8;10;6;2;3;1;0;0;2.5;3.4;2.8;;;;;;;
SP1;19/01/2020;Villarreal;Espanol;1;2;A;0;1;A;21;16;5;5;15;18;4;4;1;3;0;1;1.65;3.8;5.75;;;;;;;
SP1;19/01/2020;Ath Bilbao;Celta;1;1;D;0;0;D;22;7;6;3;18;12;13;0;4;3;0;0;1.95;3.25;4.5;;;;;;;
SP1;19/01/2020;Barcelona;Granada;1;0;H;0;0;D;18;5;6;1;11;17;7;0;0;4;0;1;1.16;7.5;17.0;;;;;;;
SP1;24/01/2020;Osasuna;Levante;2;0;H;0;0;D;15;6;3;2;18;11;5;5;3;3;0;0;1.66;4.0;4.75;;;;;;;
SP1;25/01/2020;Espanol;Ath Bilbao;1;1;D;0;1;A;9;11;3;3;14;14;2;3;3;1;0;0;2.5;2.9;3.25;;;;;;;
SP1;25/01/2020;Valencia;Barcelona;2;0;H;0;0;D;8;14;6;5;13;16;2;0;1;3;0;0;5.0;4.33;1.61;;;;;;;
SP1;25/01/2020;Alaves;Villarreal;1;2;A;0;1;A;12;11;6;6;10;12;7;4;2;1;0;0;2.8;3.25;2.55;;;;;;;
SP1;25/01/2020;Sevilla;Granada;2;0;H;2;0;H;12;8;4;1;13;18;3;6;4;1;0;0;1.36;4.75;9.5;;;;;;;
SP1;26/01/2020;Ath Madrid;Leganes;0;0;D;0;0;D;14;10;3;4;10;19;7;6;2;6;0;1;1.44;4.0;9.0;;;;;;;
SP1;26/01/2020;Celta;Eibar;0;0;D;0;0;D;18;5;5;3;9;16;6;3;1;0;0;0;2.0;3.4;3.8;;;;;;;
SP1;26/01/2020;Getafe;Betis;1;0;H;0;0;D;7;8;3;1;19;12;8;4;2;4;0;1;2.05;3.3;3.8;;;;;;;
SP1;26/01/2020;Sociedad;Mallorca;3;0;H;0;0;D;14;8;5;4;15;7;7;3;0;2;0;0;1.45;4.33;7.5;;;;;;;
SP1;26/01/2020;Valladolid;Real Madrid;0;1;A;0;0;D;4;12;0;3;7;11;3;5;1;3;0;0;7.5;4.5;1.44;;;;;;;
SP1;01/02/2020;Granada;Espanol;2;1;H;1;1;D;8;22;2;4;15;17;3;9;3;3;0;0;2.7;3.1;2.8;;;;;;;
SP1;01/02/2020;Real Madrid;Ath Madrid;1;0;H;0;0;D;16;4;5;1;18;11;5;6;2;3;0;0;1.8;3.5;4.75;;;;;;;
SP1;01/02/2020;Mallorca;Valladolid;0;1;A;0;0;D;16;15;4;7;11;10;8;5;4;1;0;0;2.25;3.25;3.4;;;;;;;
SP1;01/02/2020;Valencia;Celta;1;0;H;0;0;D;9;11;5;4;14;20;4;7;6;3;0;0;1.8;3.6;4.5;;;;;;;
SP1;02/02/2020;Leganes;Sociedad;2;1;H;0;1;A;12;2;5;1;24;19;3;1;4;3;0;0;2.9;3.1;2.6;;;;;;;
SP1;02/02/2020;Eibar;Betis;1;1;D;1;1;D;8;14;3;6;15;16;2;7;2;2;0;0;2.5;3.4;2.8;;;;;;;
SP1;02/02/2020;Ath Bilbao;Getafe;0;2;A;0;1;A;8;9;2;3;11;19;5;4;2;5;0;0;2.55;2.8;3.3;;;;;;;
SP1;02/02/2020;Sevilla;Alaves;1;1;D;0;0;D;14;4;3;3;13;12;6;1;2;1;0;0;1.36;5.0;8.5;;;;;;;
SP1;02/02/2020;Villarreal;Osasuna;3;1;H;1;0;H;9;17;4;5;19;15;4;6;3;2;0;0;1.75;4.0;4.33;;;;;;;
SP1;02/02/2020;Barcelona;Levante;2;1;H;2;0;H;23;10;9;5;6;10;8;3;2;0;0;0;1.14;9.0;15.0;;;;;;;
SP1;07/02/2020;Alaves;Eibar;2;1;H;0;0;D;9;5;5;1;16;10;3;5;3;2;0;0;2.25;3.2;3.4;;;;;;;
SP1;08/02/2020;Levante;Leganes;2;0;H;2;0;H;9;12;5;4;18;15;2;2;2;3;0;0;2.5;3.25;2.87;;;;;;;
SP1;08/02/2020;Getafe;Valencia;3;0;H;0;0;D;22;5;10;0;12;6;10;0;4;4;0;1;2.0;3.3;4.0;;;;;;;
SP1;08/02/2020;Valladolid;Villarreal;1;1;D;1;0;H;8;8;1;3;14;22;2;4;3;3;0;0;3.0;3.2;2.45;;;;;;;
SP1;08/02/2020;Ath Madrid;Granada;1;0;H;1;0;H;6;10;3;2;16;19;2;3;4;6;0;0;1.4;4.2;10.0;;;;;;;
SP1;09/02/2020;Espanol;Mallorca;1;0;H;0;0;D;12;7;7;3;26;15;1;7;6;2;0;0;1.61;4.0;5.5;;;;;;;
SP1;09/02/2020;Sociedad;Ath Bilbao;2;1;H;0;0;D;14;6;4;3;7;15;4;4;2;2;0;1;2.05;3.3;3.8;;;;;;;
SP1;09/02/2020;Osasuna;Real Madrid;1;4;A;1;2;A;14;17;4;7;11;15;4;3;2;2;0;0;5.75;4.5;1.53;;;;;;;
SP1;09/02/2020;Celta;Sevilla;2;1;H;0;1;A;13;12;7;4;16;14;3;4;3;2;0;0;3.4;3.4;2.2;;;;;;;
SP1;09/02/2020;Betis;Barcelona;2;3;A;2;2;D;7;10;3;6;21;17;0;8;5;5;1;1;4.0;3.8;1.85;;;;;;;
SP1;14/02/2020;Valencia;Ath Madrid;2;2;D;1;2;A;9;8;3;3;12;16;11;4;3;3;0;0;3.4;3.1;2.3;;;;;;;
SP1;15/02/2020;Mallorca;Alaves;1;0;H;0;0;D;14;10;6;0;16;15;8;5;0;2;0;0;2.4;3.2;3.1;;;;;;;
SP1;15/02/2020;Barcelona;Getafe;2;1;H;2;0;H;12;7;5;2;12;30;2;3;3;2;0;0;1.4;4.75;8.0;;;;;;;
SP1;15/02/2020;Villarreal;Levante;2;1;H;1;0;H;14;11;6;2;15;15;5;10;3;1;0;0;1.5;4.5;6.0;;;;;;;
SP1;15/02/2020;Granada;Valladolid;2;1;H;0;0;D;11;6;5;4;19;13;10;5;3;2;0;0;2.4;3.0;3.3;;;;;;;
SP1;16/02/2020;Sevilla;Espanol;2;2;D;1;1;D;18;5;6;3;17;9;9;2;3;4;0;1;1.57;3.8;6.5;;;;;;;
SP1;16/02/2020;Leganes;Betis;0;0;D;0;0;D;11;3;1;2;15;20;4;2;5;3;0;1;2.4;3.2;3.1;;;;;;;
SP1;16/02/2020;Ath Bilbao;Osasuna;0;1;A;0;1;A;12;6;2;2;14;20;4;0;4;4;0;0;2.0;3.25;4.1;;;;;;;
SP1;16/02/2020;Real Madrid;Celta;2;2;D;0;1;A;15;5;4;3;10;10;9;3;2;2;0;0;1.28;6.0;9.0;;;;;;;
SP1;21/02/2020;Betis;Mallorca;3;3;D;2;2;D;19;11;6;4;13;12;7;1;2;1;0;0;1.45;4.6;7.0;;;;;;;
SP1;22/02/2020;Celta;Leganes;1;0;H;0;0;D;3;11;1;2;13;17;2;9;3;3;1;0;1.8;3.4;4.75;;;;;;;
SP1;22/02/2020;Barcelona;Eibar;5;0;H;3;0;H;13;12;11;5;8;19;5;5;0;2;0;0;1.2;6.5;13.0;;;;;;;
SP1;22/02/2020;Sociedad;Valencia;3;0;H;2;0;H;19;6;7;1;19;9;6;7;1;1;0;0;1.65;4.0;4.75;;;;;;;
SP1;22/02/2020;Levante;Real Madrid;1;0;H;0;0;D;8;19;2;7;16;10;3;7;1;2;0;0;6.0;5.0;1.44;;;;;;;
SP1;23/02/2020;Osasuna;Granada;0;3;A;0;3;A;14;10;1;4;19;11;6;3;3;1;0;0;1.85;3.4;4.33;;;;;;;
SP1;23/02/2020;Alaves;Ath Bilbao;2;1;H;1;1;D;4;13;4;5;17;12;2;9;4;4;0;0;2.9;3.0;2.7;;;;;;;
SP1;23/02/2020;Valladolid;Espanol;2;1;H;0;0;D;21;6;6;2;10;18;4;2;1;5;0;1;2.62;3.0;3.0;;;;;;;
SP1;23/02/2020;Getafe;Sevilla;0;3;A;0;1;A;10;8;2;5;14;17;5;3;7;3;0;0;2.3;3.1;3.4;;;;;;;
SP1;23/02/2020;Ath Madrid;Villarreal;3;1;H;1;1;D;16;10;9;4;14;6;6;1;1;2;0;0;1.65;3.75;5.5;;;;;;;
SP1;28/02/2020;Sociedad;Valladolid;1;0;H;0;0;D;13;6;4;1;15;11;8;4;1;1;0;0;1.53;4.0;7.0;;;;;;;
SP1;29/02/2020;Eibar;Levante;3;0;H;1;0;H;13;11;9;4;15;16;3;6;3;2;0;0;2.0;3.5;3.8;;;;;;;
SP1;29/02/2020;Valencia;Betis;2;1;H;0;0;D;10;14;5;5;13;9;6;7;2;3;0;0;2.15;3.4;3.4;;;;;;;
SP1;29/02/2020;Leganes;Alaves;1;1;D;0;0;D;19;8;6;4;18;18;6;4;3;3;0;0;2.0;3.1;4.33;;;;;;;
SP1;29/02/2020;Granada;Celta;0;0;D;0;0;D;14;6;0;2;14;11;6;1;3;5;0;0;2.8;3.0;2.75;;;;;;;
SP1;01/03/2020;Sevilla;Osasuna;3;2;H;2;0;H;12;14;5;4;9;14;7;1;2;2;0;1;1.45;4.33;8.0;;;;;;;
SP1;01/03/2020;Ath Bilbao;Villarreal;1;0;H;0;0;D;18;10;6;3;11;13;5;6;6;6;0;0;2.3;3.3;3.2;;;;;;;
SP1;01/03/2020;Espanol;Ath Madrid;1;1;D;1;0;H;9;5;3;2;20;18;3;4;3;4;0;0;4.2;3.1;2.05;;;;;;;
SP1;01/03/2020;Mallorca;Getafe;0;1;A;0;0;D;4;9;1;5;13;24;4;3;4;5;1;0;3.7;3.0;2.25;;;;;;;
SP1;01/03/2020;Real Madrid;Barcelona;2;0;H;0;0;D;13;9;5;4;13;10;8;2;2;2;0;0;2.2;3.6;3.1;;;;;;;
SP1;06/03/2020;Alaves;Valencia;1;1;D;0;1;A;13;6;2;2;9;10;3;3;5;3;0;0;2.6;3.25;2.75;;;;;;;
SP1;07/03/2020;Eibar;Mallorca;1;2;A;0;1;A;13;10;2;4;16;8;4;3;5;3;0;0;1.7;3.6;5.25;;;;;;;
SP1;07/03/2020;Ath Madrid;Sevilla;2;2;D;2;2;D;21;12;3;4;14;16;8;4;2;4;0;0;1.9;3.4;4.33;;;;;;;
SP1;07/03/2020;Barcelona;Sociedad;1;0;H;0;0;D;13;9;6;1;12;10;4;4;4;3;0;0;1.33;5.5;8.5;;;;;;;
SP1;07/03/2020;Getafe;Celta;0;0;D;0;0;D;19;3;6;2;18;14;9;1;6;5;1;0;1.85;3.3;4.75;;;;;;;
SP1;08/03/2020;Osasuna;Espanol;1;0;H;0;0;D;17;8;6;2;17;12;6;2;3;3;0;1;2.4;3.25;3.0;;;;;;;
SP1;08/03/2020;Valladolid;Ath Bilbao;1;4;A;0;2;A;19;10;2;5;9;13;8;1;1;2;0;0;3.0;2.8;2.75;;;;;;;
SP1;08/03/2020;Levante;Granada;1;1;D;1;0;H;11;10;3;7;21;13;6;4;3;3;0;0;2.05;3.4;3.75;;;;;;;
SP1;08/03/2020;Villarreal;Leganes;1;2;A;1;0;H;15;12;5;7;10;11;2;5;4;3;0;0;1.75;3.6;5.0;;;;;;;
SP1;08/03/2020;Betis;Real Madrid;2;1;H;1;1;D;14;13;3;4;8;11;6;2;1;1;0;0;4.5;4.0;1.72;;;;;;;
SP1;10/03/2020;Eibar;Sociedad;1;2;A;0;1;A;13;6;4;2;12;10;3;1;3;2;0;0;3.4;3.3;2.2;;;;;;;
SP1;11/06/2020;Sevilla;Betis;2;0;H;0;0;D;13;12;5;1;13;16;11;2;0;2;0;0;1.8;3.75;4.33;;;;;;;
SP1;12/06/2020;Granada;Getafe;2;1;H;0;1;A;10;6;4;2;17;16;2;3;6;4;0;0;3.1;3.0;2.45;;;;;;;
SP1;12/06/2020;Valencia;Levante;1;1;D;0;0;D;12;14;3;4;11;13;0;6;1;4;0;1;1.7;3.8;4.75;;;;;;;
SP1;13/06/2020;Espanol;Alaves;2;0;H;1;0;H;19;1;9;0;16;19;2;1;4;3;0;1;2.05;3.2;3.75;;;;;;;
SP1;13/06/2020;Celta;Villarreal;0;1;A;0;0;D;4;15;0;4;5;20;2;8;1;1;0;0;2.5;3.4;2.7;;;;;;;
SP1;13/06/2020;Leganes;Valladolid;1;2;A;0;1;A;11;6;2;2;21;20;2;1;2;4;0;0;2.25;3.0;3.5;;;;;;;
SP1;13/06/2020;Mallorca;Barcelona;0;4;A;0;2;A;13;12;3;7;16;5;9;3;1;2;0;0;10.0;5.75;1.28;;;;;;;
SP1;14/06/2020;Ath Bilbao;Ath Madrid;1;1;D;1;1;D;10;9;3;2;10;9;5;7;3;0;0;0;3.75;2.9;2.2;;;;;;;
SP1;14/06/2020;Real Madrid;Eibar;3;1;H;3;0;H;6;9;5;5;11;12;3;3;1;1;0;0;1.22;7.0;11.0;;;;;;;
SP1;14/06/2020;Sociedad;Osasuna;1;1;D;0;1;A;9;8;4;1;5;12;1;6;1;3;0;0;1.66;3.9;5.0;;;;;;;
SP1;15/06/2020;Levante;Sevilla;1;1;D;0;0;D;11;10;5;4;12;10;5;6;1;1;0;0;5.0;4.0;1.65;;;;;;;
SP1;15/06/2020;Betis;Granada;2;2;D;0;1;A;18;8;6;5;13;18;11;2;2;4;0;0;1.9;3.5;4.0;;;;;;;
SP1;16/06/2020;Getafe;Espanol;0;0;D;0;0;D;21;5;4;3;15;9;5;5;3;2;0;1;1.95;3.1;4.33;;;;;;;
SP1;16/06/2020;Villarreal;Mallorca;1;0;H;1;0;H;10;15;4;5;16;10;2;6;3;4;0;0;1.53;4.5;5.75;;;;;;;
SP1;16/06/2020;Barcelona;Leganes;2;0;H;1;0;H;10;6;5;2;16;16;3;2;5;3;0;0;1.16;7.5;13.0;;;;;;;
SP1;17/06/2020;Eibar;Ath Bilbao;2;2;D;1;1;D;12;6;6;3;10;11;8;3;3;2;0;0;3.2;3.0;2.4;;;;;;;
SP1;17/06/2020;Valladolid;Celta;0;0;D;0;0;D;6;11;1;4;18;15;5;8;3;3;0;0;3.0;3.0;2.6;;;;;;;
SP1;17/06/2020;Osasuna;Ath Madrid;0;5;A;0;1;A;13;10;3;6;12;8;3;2;3;3;0;0;5.0;3.25;1.8;;;;;;;
SP1;18/06/2020;Alaves;Sociedad;2;0;H;0;0;D;15;9;7;1;21;11;5;6;3;4;1;1;3.8;3.5;1.95;;;;;;;
SP1;18/06/2020;Real Madrid;Valencia;3;0;H;0;0;D;19;4;14;2;12;11;8;2;0;2;0;1;1.36;4.75;8.0;;;;;;;
SP1;19/06/2020;Granada;Villarreal;0;1;A;0;1;A;14;5;4;1;17;15;5;0;0;3;0;0;3.1;3.2;2.4;;;;;;;
SP1;19/06/2020;Mallorca;Leganes;1;1;D;1;0;H;7;16;3;4;15;11;3;7;3;6;0;0;2.8;2.9;2.87;;;;;;;
SP1;19/06/2020;Sevilla;Barcelona;0;0;D;0;0;D;8;10;4;4;17;8;2;9;3;2;0;0;3.4;3.6;2.05;;;;;;;
SP1;20/06/2020;Espanol;Levante;1;3;A;1;1;D;10;14;3;8;11;10;8;5;2;0;0;0;1.95;3.5;3.8;;;;;;;
SP1;20/06/2020;Ath Bilbao;Betis;1;0;H;1;0;H;12;9;3;5;16;11;11;5;4;0;0;0;2.1;3.25;3.75;;;;;;;
SP1;20/06/2020;Getafe;Eibar;1;1;D;1;1;D;9;8;2;2;18;15;2;1;3;0;0;0;1.8;3.4;5.0;;;;;;;
SP1;20/06/2020;Ath Madrid;Valladolid;1;0;H;0;0;D;15;6;4;2;14;12;10;1;4;2;0;0;1.36;4.5;11.0;;;;;;;
SP1;21/06/2020;Celta;Alaves;6;0;H;4;0;H;15;4;10;2;14;10;7;4;1;1;0;1;1.9;3.25;4.5;;;;;;;
SP1;21/06/2020;Valencia;Osasuna;2;0;H;2;0;H;7;13;3;3;7;19;1;7;1;2;0;0;1.9;3.5;4.0;;;;;;;
SP1;21/06/2020;Sociedad;Real Madrid;1;2;A;0;0;D;10;10;2;6;16;15;4;1;4;2;0;0;4.1;4.2;1.75;;;;;;;
SP1;22/06/2020;Villarreal;Sevilla;2;2;D;2;1;H;7;14;5;6;16;12;3;8;3;3;0;0;2.6;3.3;2.7;;;;;;;
SP1;22/06/2020;Leganes;Granada;0;0;D;0;0;D;9;4;3;1;12;16;4;2;4;4;0;0;2.37;2.9;3.3;;;;;;;
SP1;23/06/2020;Levante;Ath Madrid;0;1;A;0;1;A;12;12;0;7;12;14;10;4;4;2;0;0;5.75;3.6;1.65;;;;;;;
SP1;23/06/2020;Valladolid;Getafe;1;1;D;1;1;D;6;15;2;1;12;19;7;8;5;2;0;0;3.4;2.87;2.45;;;;;;;
SP1;23/06/2020;Barcelona;Ath Bilbao;1;0;H;0;0;D;18;6;4;0;10;16;6;2;2;1;0;0;1.3;5.25;10.0;;;;;;;
SP1;24/06/2020;Alaves;Osasuna;0;1;A;0;0;D;5;7;0;1;12;14;7;3;2;3;0;0;2.55;3.1;2.9;;;;;;;
SP1;24/06/2020;Sociedad;Celta;0;1;A;0;1;A;13;4;6;1;18;15;7;3;4;2;0;0;2.0;3.25;4.0;;;;;;;
SP1;24/06/2020;Real Madrid;Mallorca;2;0;H;1;0;H;14;11;6;4;18;12;5;4;4;1;0;0;1.12;9.0;17.0;;;;;;;
SP1;25/06/2020;Eibar;Valencia;1;0;H;1;0;H;14;7;5;0;12;7;10;8;4;2;0;1;2.7;3.4;2.55;;;;;;;
SP1;25/06/2020;Betis;Espanol;1;0;H;0;0;D;13;9;6;2;18;18;6;5;4;4;0;0;2.15;3.3;3.4;;;;;;;
SP1;26/06/2020;Sevilla;Valladolid;1;1;D;0;1;A;15;11;3;5;16;17;5;1;3;2;0;0;1.4;4.4;9.0;;;;;;;
SP1;27/06/2020;Ath Bilbao;Mallorca;3;1;H;2;0;H;12;14;6;2;17;16;1;8;1;2;0;0;1.5;4.0;7.5;;;;;;;
SP1;27/06/2020;Celta;Barcelona;2;2;D;0;1;A;10;18;6;2;19;10;3;8;3;4;0;0;5.25;4.2;1.61;;;;;;;
SP1;27/06/2020;Osasuna;Leganes;2;1;H;1;0;H;6;21;5;7;12;15;2;4;1;1;0;0;2.25;3.0;3.6;;;;;;;
SP1;27/06/2020;Ath Madrid;Alaves;2;1;H;0;0;D;14;6;4;2;13;14;3;1;3;2;0;0;1.33;4.75;11.0;;;;;;;
SP1;28/06/2020;Levante;Betis;4;2;H;2;0;H;9;17;4;8;13;14;2;5;0;4;0;0;2.62;3.3;2.62;;;;;;;
SP1;28/06/2020;Villarreal;Valencia;2;0;H;2;0;H;17;4;4;0;9;18;1;4;0;2;0;0;2.25;3.25;3.2;;;;;;;
SP1;28/06/2020;Granada;Eibar;1;2;A;0;1;A;14;13;5;6;8;13;8;5;1;0;0;0;2.37;3.0;3.25;;;;;;;
SP1;28/06/2020;Espanol;Real Madrid;0;1;A;0;1;A;8;14;5;6;18;12;0;5;1;1;0;0;6.5;4.75;1.44;;;;;;;
SP1;29/06/2020;Getafe;Sociedad;2;1;H;1;0;H;11;5;4;1;22;11;5;4;6;3;0;0;2.5;3.0;3.1;;;;;;;
SP1;30/06/2020;Mallorca;Celta;5;1;H;3;0;H;9;12;7;8;16;12;2;11;3;2;0;0;3.2;3.2;2.37;;;;;;;
SP1;30/06/2020;Leganes;Sevilla;0;3;A;0;2;A;9;11;3;6;23;10;4;2;4;3;0;0;4.5;3.2;1.95;;;;;;;
SP1;30/06/2020;Barcelona;Ath Madrid;2;2;D;1;1;D;12;10;5;3;11;15;3;1;3;5;0;0;1.8;3.6;4.75;;;;;;;
SP1;01/07/2020;Alaves;Granada;0;2;A;0;1;A;11;7;4;4;18;17;6;2;3;2;0;0;2.3;2.9;3.6;;;;;;;
SP1;01/07/2020;Valencia;Ath Bilbao;0;2;A;0;1;A;10;12;1;4;9;12;3;5;1;0;0;0;2.5;3.0;3.2;;;;;;;
SP1;01/07/2020;Betis;Villarreal;0;2;A;0;2;A;9;15;1;6;10;16;1;5;4;1;1;0;2.87;3.5;2.4;;;;;;;
SP1;01/07/2020;Valladolid;Levante;0;0;D;0;0;D;15;8;4;3;10;12;8;3;2;1;0;0;2.3;3.3;3.2;;;;;;;
SP1;02/07/2020;Eibar;Osasuna;0;2;A;0;1;A;11;9;4;6;8;12;9;4;1;1;0;0;2.3;3.1;3.3;;;;;;;
SP1;02/07/2020;Sociedad;Espanol;2;1;H;0;1;A;12;4;4;3;11;15;4;3;2;1;0;0;1.85;3.5;4.2;;;;;;;
SP1;02/07/2020;Real Madrid;Getafe;1;0;H;0;0;D;8;10;4;3;15;22;6;5;5;5;0;0;1.36;4.75;8.5;;;;;;;
SP1;03/07/2020;Ath Madrid;Mallorca;3;0;H;2;0;H;15;13;3;1;14;11;4;5;2;1;0;0;1.28;5.25;11.0;;;;;;;
SP1;04/07/2020;Celta;Betis;1;1;D;1;0;H;5;10;1;3;20;18;2;8;5;4;0;0;2.15;3.4;3.4;;;;;;;
SP1;04/07/2020;Valladolid;Alaves;1;0;H;0;0;D;5;7;3;0;13;17;1;3;0;0;0;0;2.62;2.8;3.2;;;;;;;
SP1;04/07/2020;Granada;Valencia;2;2;D;0;0;D;17;4;4;3;18;14;7;3;2;2;0;0;2.9;3.2;2.55;;;;;;;
SP1;05/07/2020;Ath Bilbao;Real Madrid;0;1;A;0;0;D;7;10;1;4;13;8;3;2;4;3;0;0;5.0;3.9;1.7;;;;;;;
SP1;05/07/2020;Espanol;Leganes;0;1;A;0;0;D;7;4;2;2;14;22;0;3;4;3;1;0;2.7;2.9;2.9;;;;;;;
SP1;05/07/2020;Osasuna;Getafe;0;0;D;0;0;D;6;6;2;1;17;18;2;2;5;4;0;0;3.1;2.9;2.55;;;;;;;
SP1;05/07/2020;Villarreal;Barcelona;1;4;A;1;3;A;11;18;4;12;11;11;2;6;1;0;0;0;4.33;4.0;1.72;;;;;;;
SP1;06/07/2020;Levante;Sociedad;1;1;D;1;1;D;9;8;4;3;17;12;4;2;3;2;0;0;2.9;3.4;2.45;;;;;;;
SP1;06/07/2020;Sevilla;Eibar;1;0;H;0;0;D;8;19;3;3;11;16;11;8;2;1;0;0;1.44;4.33;8.0;;;;;;;
SP1;07/07/2020;Valencia;Valladolid;2;1;H;1;0;H;10;11;4;5;9;5;5;2;3;0;0;0;2.0;3.2;4.2;;;;;;;
SP1;07/07/2020;Celta;Ath Madrid;1;1;D;0;1;A;9;10;4;2;14;13;6;2;3;3;0;0;4.2;3.2;2.0;;;;;;;
SP1;08/07/2020;Betis;Osasuna;3;0;H;2;0;H;14;8;8;2;9;17;5;8;1;5;0;0;2.05;3.4;3.5;;;;;;;
SP1;08/07/2020;Getafe;Villarreal;1;3;A;0;0;D;5;6;2;3;19;10;1;3;4;1;0;1;2.6;3.0;2.87;;;;;;;
SP1;08/07/2020;Barcelona;Espanol;1;0;H;0;0;D;9;11;2;2;8;12;6;5;0;2;1;1;1.14;8.0;19.0;;;;;;;
SP1;09/07/2020;Eibar;Leganes;0;0;D;0;0;D;4;10;1;1;21;13;8;1;3;3;0;0;2.45;3.0;3.1;;;;;;;
SP1;09/07/2020;Mallorca;Levante;2;0;H;1;0;H;15;14;5;2;11;20;1;5;3;1;0;0;2.05;3.6;3.3;;;;;;;
SP1;09/07/2020;Ath Bilbao;Sevilla;1;2;A;1;0;H;13;20;4;7;18;9;4;7;3;2;0;0;3.1;3.0;2.45;;;;;;;
SP1;10/07/2020;Sociedad;Granada;2;3;A;0;2;A;19;4;5;3;12;13;8;3;2;3;0;0;1.72;3.6;5.25;;;;;;;
SP1;10/07/2020;Real Madrid;Alaves;2;0;H;1;0;H;18;10;8;4;5;17;3;2;0;1;0;0;1.2;6.5;13.0;;;;;;;
SP1;11/07/2020;Osasuna;Celta;2;1;H;1;1;D;15;12;5;3;10;11;3;4;2;2;0;0;3.2;3.0;2.45;;;;;;;
SP1;11/07/2020;Valladolid;Barcelona;0;1;A;0;1;A;13;9;4;6;15;13;4;5;2;2;0;0;9.5;5.25;1.3;;;;;;;
SP1;11/07/2020;Ath Madrid;Betis;1;0;H;0;0;D;9;21;4;3;10;10;2;4;1;3;1;0;1.5;3.8;8.0;;;;;;;
SP1;12/07/2020;Espanol;Eibar;0;2;A;0;2;A;14;11;3;6;13;14;7;2;2;2;0;0;3.4;3.2;2.25;;;;;;;
SP1;12/07/2020;Levante;Ath Bilbao;1;2;A;0;2;A;5;12;1;5;10;15;2;6;0;1;0;0;3.8;3.2;2.1;;;;;;;
SP1;12/07/2020;Leganes;Valencia;1;0;H;1;0;H;10;16;1;5;21;9;2;8;4;1;1;0;3.4;3.1;2.3;;;;;;;
SP1;12/07/2020;Sevilla;Mallorca;2;0;H;1;0;H;14;14;5;5;14;7;5;5;3;2;0;0;1.4;4.75;8.5;;;;;;;
SP1;13/07/2020;Alaves;Getafe;0;0;D;0;0;D;3;14;1;4;26;15;2;4;4;2;0;0;3.5;3.0;2.25;;;;;;;
SP1;13/07/2020;Villarreal;Sociedad;1;2;A;0;0;D;9;11;3;6;12;11;2;10;2;2;0;0;2.3;3.25;3.1;;;;;;;
SP1;13/07/2020;Granada;Real Madrid;1;2;A;0;2;A;13;11;4;5;18;18;4;3;2;2;0;0;6.5;4.5;1.45;;;;;;;
SP1;16/07/2020;Eibar;Valladolid;3;1;H;2;0;H;13;17;7;8;19;13;3;12;4;0;0;0;2.1;3.1;3.8;;;;;;;
SP1;16/07/2020;Ath Bilbao;Leganes;0;2;A;0;0;D;10;16;3;4;11;11;3;3;2;3;1;0;1.8;3.4;4.75;;;;;;;
SP1;16/07/2020;Barcelona;Osasuna;1;2;A;0;1;A;19;9;3;5;7;14;10;2;4;1;0;1;1.14;8.0;17.0;;;;;;;
SP1;16/07/2020;Betis;Alaves;1;2;A;0;0;D;14;9;7;5;14;18;6;5;6;4;1;1;2.3;3.3;3.1;;;;;;;
SP1;16/07/2020;Celta;Levante;2;3;A;2;2;D;16;8;6;4;11;15;8;4;3;0;1;1;1.61;4.0;5.25;;;;;;;
SP1;16/07/2020;Getafe;Ath Madrid;0;2;A;0;0;D;15;11;6;3;14;11;4;3;1;2;1;0;3.6;2.9;2.25;;;;;;;
SP1;16/07/2020;Mallorca;Granada;1;2;A;1;1;D;18;14;5;6;14;18;5;6;7;5;2;0;2.05;3.4;3.5;;;;;;;
SP1;16/07/2020;Real Madrid;Villarreal;2;1;H;1;0;H;12;8;7;4;13;13;4;2;3;2;0;0;1.45;4.75;6.0;;;;;;;
SP1;16/07/2020;Sociedad;Sevilla;0;0;D;0;0;D;11;8;4;3;16;13;3;2;1;2;0;0;2.37;3.3;2.9;;;;;;;
SP1;16/07/2020;Valencia;Espanol;1;0;H;1;0;H;9;18;3;6;9;18;4;4;2;4;1;0;1.53;4.0;6.0;;;;;;;
SP1;19/07/2020;Alaves;Barcelona;0;5;A;0;3;A;8;16;0;8;17;15;2;1;0;0;0;0;5.5;4.33;1.53;;;;;;;
SP1;19/07/2020;Valladolid;Betis;2;0;H;1;0;H;13;10;4;3;17;10;3;5;2;2;0;0;2.62;3.3;2.62;;;;;;;
SP1;19/07/2020;Villarreal;Eibar;4;0;H;0;0;D;12;11;5;3;4;9;4;4;0;0;0;0;1.53;4.0;6.0;;;;;;;
SP1;19/07/2020;Ath Madrid;Sociedad;1;1;D;1;0;H;6;10;3;4;16;9;2;3;1;2;0;0;1.95;3.0;4.5;;;;;;;
SP1;19/07/2020;Espanol;Celta;0;0;D;0;0;D;8;9;1;3;10;11;1;4;2;3;0;0;5.0;3.8;1.66;;;;;;;
SP1;19/07/2020;Granada;Ath Bilbao;4;0;H;1;0;H;11;11;6;3;10;11;2;3;1;2;0;0;2.0;3.5;3.4;;;;;;;
SP1;19/07/2020;Leganes;Real Madrid;2;2;D;1;1;D;15;7;7;4;9;11;5;2;4;1;0;0;2.62;3.8;2.35;;;;;;;
SP1;19/07/2020;Levante;Getafe;1;0;H;0;0;D;13;13;4;4;10;12;6;8;2;4;0;0;5.0;3.8;1.66;;;;;;;
SP1;19/07/2020;Osasuna;Mallorca;2;2;D;1;1;D;12;12;5;4;17;10;3;5;2;0;0;0;1.75;3.75;4.2;;;;;;;
SP1;19/07/2020;Sevilla;Valencia;1;0;H;0;0;D;16;8;4;2;11;6;4;7;0;1;0;0;1.9;3.4;4.0;;;;;;;
SP1;12/09/2020;Eibar;Celta;0;0;D;0;0;D;8;6;1;3;17;13;3;3;4;4;1;0;2.5;3.25;2.9;;;;;;;
SP1;12/09/2020;Granada;Ath Bilbao;2;0;H;0;0;D;4;9;2;2;8;10;1;2;3;4;0;0;2.75;3.1;2.75;;;;;;;
SP1;12/09/2020;Cadiz;Osasuna;0;2;A;0;1;A;12;6;3;4;14;21;6;2;2;2;0;0;2.8;3.0;2.75;;;;;;;
SP1;13/09/2020;Alaves;Betis;0;1;A;0;0;D;7;11;2;4;19;17;6;4;3;3;0;0;2.8;3.2;2.6;;;;;;;
SP1;13/09/2020;Valladolid;Sociedad;1;1;D;1;0;H;8;8;3;2;15;17;5;3;4;1;0;0;2.8;3.2;2.6;;;;;;;
SP1;13/09/2020;Villarreal;Huesca;1;1;D;0;1;A;15;10;4;3;10;22;6;6;1;1;0;0;1.57;4.0;6.0;;;;;;;
SP1;13/09/2020;Valencia;Levante;4;2;H;2;2;D;14;19;8;8;9;14;3;4;1;3;0;0;2.1;3.5;3.5;;;;;;;
SP1;19/09/2020;Villarreal;Eibar;2;1;H;0;0;D;14;12;8;4;5;12;4;3;1;1;0;0;1.57;4.0;6.0;;;;;;;
SP1;19/09/2020;Getafe;Osasuna;1;0;H;0;0;D;7;10;1;3;19;13;4;1;4;2;0;0;1.95;3.25;4.33;;;;;;;
SP1;19/09/2020;Celta;Valencia;2;1;H;1;0;H;23;9;6;3;12;13;6;6;3;1;0;0;2.2;3.6;3.1;;;;;;;
SP1;20/09/2020;Huesca;Cadiz;0;2;A;0;1;A;4;6;0;4;18;23;2;1;3;3;0;0;2.1;3.1;4.0;;;;;;;
SP1;20/09/2020;Betis;Valladolid;2;0;H;2;0;H;16;9;6;2;18;10;5;3;3;0;0;0;1.85;3.6;4.33;;;;;;;
SP1;20/09/2020;Granada;Alaves;2;1;H;1;1;D;10;5;3;3;9;12;4;4;0;3;0;0;2.05;3.1;4.2;;;;;;;
SP1;20/09/2020;Sociedad;Real Madrid;0;0;D;0;0;D;6;16;1;4;17;12;1;11;2;2;0;0;4.75;3.8;1.72;;;;;;;
SP1;26/09/2020;Alaves;Getafe;0;0;D;0;0;D;9;11;0;4;13;13;1;5;2;2;0;0;3.5;2.9;2.37;;;;;;;
SP1;26/09/2020;Valencia;Huesca;1;1;D;1;0;H;5;17;2;4;14;20;4;4;0;1;0;0;2.0;3.4;4.0;;;;;;;
SP1;26/09/2020;Elche;Sociedad;0;3;A;0;0;D;5;27;2;7;11;12;2;11;3;1;0;0;4.2;3.3;1.95;;;;;;;
SP1;26/09/2020;Betis;Real Madrid;2;3;A;2;1;H;15;11;5;4;9;10;8;3;5;2;1;0;4.0;4.0;1.8;;;;;;;
SP1;27/09/2020;Osasuna;Levante;1;3;A;1;1;D;9;11;4;5;15;16;3;7;2;0;0;0;2.3;3.2;3.25;;;;;;;
SP1;27/09/2020;Eibar;Ath Bilbao;1;2;A;0;1;A;7;9;1;5;15;12;5;4;1;0;0;0;3.0;3.0;2.55;;;;;;;
SP1;27/09/2020;Ath Madrid;Granada;6;1;H;1;0;H;17;11;10;6;16;14;1;1;3;1;0;0;1.5;4.0;7.5;;;;;;;
SP1;27/09/2020;Cadiz;Sevilla;1;3;A;0;0;D;12;14;5;5;9;14;6;5;4;2;0;0;5.0;3.6;1.7;;;;;;;
SP1;27/09/2020;Valladolid;Celta;1;1;D;0;1;A;10;5;4;1;26;18;4;1;3;4;0;0;2.8;3.0;2.7;;;;;;;
SP1;27/09/2020;Barcelona;Villarreal;4;0;H;4;0;H;17;5;9;1;9;10;8;4;0;1;0;0;1.53;4.33;6.0;;;;;;;
SP1;29/09/2020;Sociedad;Valencia;0;1;A;0;0;D;11;9;3;5;16;15;9;3;1;5;0;0;1.53;4.2;5.75;;;;;;;
SP1;29/09/2020;Getafe;Betis;3;0;H;3;0;H;8;10;4;2;15;17;1;4;4;4;0;1;2.45;3.1;3.0;;;;;;;
SP1;30/09/2020;Huesca;Ath Madrid;0;0;D;0;0;D;9;16;3;2;13;10;5;7;1;0;0;0;7.5;4.2;1.45;;;;;;;
SP1;30/09/2020;Villarreal;Alaves;3;1;H;2;1;H;10;8;6;3;11;13;2;0;0;2;0;0;1.57;3.8;5.75;;;;;;;
SP1;30/09/2020;Eibar;Elche;0;1;A;0;1;A;12;5;4;2;9;14;3;2;2;2;0;0;1.8;3.5;4.5;;;;;;;
SP1;30/09/2020;Real Madrid;Valladolid;1;0;H;0;0;D;15;11;5;5;11;7;4;7;2;1;0;0;1.22;6.0;11.0;;;;;;;
SP1;01/10/2020;Ath Bilbao;Cadiz;0;1;A;0;0;D;13;3;4;1;15;16;5;2;3;5;0;2;1.53;3.8;6.5;;;;;;;
SP1;01/10/2020;Sevilla;Levante;1;0;H;0;0;D;16;3;2;1;14;17;2;4;5;2;0;0;1.4;4.5;7.5;;;;;;;
SP1;01/10/2020;Celta;Barcelona;0;3;A;0;1;A;10;6;3;3;22;10;3;7;5;5;0;1;5.75;4.2;1.53;;;;;;;
SP1;03/10/2020;Valladolid;Eibar;1;2;A;1;1;D;9;11;3;5;11;21;3;4;2;3;0;1;2.35;3.0;3.4;;;;;;;
SP1;03/10/2020;Ath Madrid;Villarreal;0;0;D;0;0;D;14;6;1;2;11;7;9;1;1;2;0;0;1.61;3.9;5.5;;;;;;;
SP1;03/10/2020;Elche;Huesca;0;0;D;0;0;D;2;18;0;4;8;26;0;5;0;2;0;0;3.1;3.1;2.45;;;;;;;
SP1;03/10/2020;Sociedad;Getafe;3;0;H;1;0;H;11;5;6;1;21;13;5;4;3;3;0;0;2.25;3.1;3.5;;;;;;;
SP1;03/10/2020;Valencia;Betis;0;2;A;0;1;A;5;17;2;8;11;14;4;7;2;2;0;0;2.8;3.2;2.6;;;;;;;
SP1;04/10/2020;Osasuna;Celta;2;0;H;1;0;H;14;9;5;3;19;10;6;5;3;3;0;0;2.7;3.1;2.75;;;;;;;
SP1;04/10/2020;Alaves;Ath Bilbao;1;0;H;0;0;D;8;8;3;0;20;17;0;6;2;3;1;0;3.3;2.9;2.37;;;;;;;
SP1;04/10/2020;Levante;Real Madrid;0;2;A;0;1;A;11;13;4;3;14;8;4;6;2;1;0;0;6.0;4.5;1.5;;;;;;;
SP1;04/10/2020;Cadiz;Granada;1;1;D;0;1;A;14;13;4;5;16;16;2;5;2;2;0;0;3.0;3.0;2.6;;;;;;;
SP1;04/10/2020;Barcelona;Sevilla;1;1;D;1;1;D;12;13;5;1;11;18;6;5;1;1;0;0;1.57;4.33;5.25;;;;;;;
SP1;17/10/2020;Granada;Sevilla;1;0;H;0;0;D;13;8;3;3;16;11;5;1;4;4;0;1;4.2;3.4;1.9;;;;;;;
SP1;17/10/2020;Celta;Ath Madrid;0;2;A;0;1;A;15;9;5;4;16;18;8;4;3;4;0;0;5.5;3.3;1.75;;;;;;;
SP1;17/10/2020;Real Madrid;Cadiz;0;1;A;0;1;A;14;14;2;5;7;5;4;11;2;0;0;0;1.18;7.0;15.0;;;;;;;
SP1;17/10/2020;Getafe;Barcelona;1;0;H;0;0;D;9;7;4;1;20;10;7;2;4;3;0;0;4.75;3.8;1.72;;;;;;;
SP1;18/10/2020;Eibar;Osasuna;0;0;D;0;0;D;10;8;6;2;14;14;6;7;2;3;0;1;2.6;3.0;3.0;;;;;;;
SP1;18/10/2020;Ath Bilbao;Levante;2;0;H;0;0;D;14;6;5;1;11;10;9;3;3;1;0;0;2.05;3.2;4.0;;;;;;;
SP1;18/10/2020;Villarreal;Valencia;2;1;H;1;1;D;16;11;6;3;13;8;3;7;4;1;1;0;1.6;4.0;5.25;;;;;;;
SP1;18/10/2020;Alaves;Elche;0;2;A;0;1;A;13;7;2;3;11;11;2;6;2;5;0;0;1.75;3.3;5.5;;;;;;;
SP1;18/10/2020;Huesca;Valladolid;2;2;D;0;1;A;12;5;7;3;14;24;3;1;1;2;0;0;2.25;2.9;3.8;;;;;;;
SP1;18/10/2020;Betis;Sociedad;0;3;A;0;1;A;7;8;1;5;11;18;6;2;2;1;0;0;2.5;3.25;2.9;;;;;;;
SP1;23/10/2020;Elche;Valencia;2;1;H;2;0;H;3;14;2;4;15;8;0;7;3;2;0;0;3.2;3.1;2.4;;;;;;;
SP1;24/10/2020;Barcelona;Real Madrid;1;3;A;1;1;D;10;15;4;9;11;13;7;7;3;2;0;0;2.0;3.6;3.6;;;;;;;
SP1;24/10/2020;Osasuna;Ath Bilbao;1;0;H;0;0;D;7;13;2;5;18;10;2;5;3;2;0;0;3.25;2.9;2.4;;;;;;;
SP1;24/10/2020;Sevilla;Eibar;0;1;A;0;1;A;21;3;3;1;11;12;13;3;0;3;0;0;1.45;4.33;7.5;;;;;;;
SP1;24/10/2020;Ath Madrid;Betis;2;0;H;0;0;D;13;12;6;3;19;12;8;5;2;0;0;1;1.55;3.8;6.5;;;;;;;
SP1;25/10/2020;Valladolid;Alaves;0;2;A;0;0;D;5;14;1;4;9;7;2;4;1;0;1;0;2.3;2.9;3.5;;;;;;;
SP1;25/10/2020;Cadiz;Villarreal;0;0;D;0;0;D;5;7;0;2;15;7;0;5;2;2;0;0;3.6;3.3;2.1;;;;;;;
SP1;25/10/2020;Getafe;Granada;0;1;A;0;1;A;10;5;1;2;19;23;6;1;4;2;0;0;1.85;3.1;5.0;;;;;;;
SP1;25/10/2020;Sociedad;Huesca;4;1;H;1;0;H;13;6;6;4;12;11;4;5;2;1;0;0;1.57;3.75;6.0;;;;;;;
SP1;26/10/2020;Levante;Celta;1;1;D;0;0;D;10;10;3;3;11;19;3;2;2;2;0;0;2.37;3.25;3.0;;;;;;;
SP1;30/10/2020;Eibar;Cadiz;0;2;A;0;2;A;9;6;3;4;10;10;7;2;1;1;0;0;2.55;2.75;3.3;;;;;;;
SP1;31/10/2020;Real Madrid;Huesca;4;1;H;2;0;H;13;9;6;2;16;9;6;3;0;2;0;0;1.33;5.25;9.0;;;;;;;
SP1;31/10/2020;Ath Bilbao;Sevilla;2;1;H;0;1;A;16;7;5;3;17;19;6;1;5;5;0;0;3.0;3.0;2.6;;;;;;;
SP1;31/10/2020;Osasuna;Ath Madrid;1;3;A;0;1;A;8;11;3;6;12;10;3;2;1;2;0;0;5.5;3.3;1.75;;;;;;;
SP1;31/10/2020;Alaves;Barcelona;1;1;D;1;0;H;4;25;3;9;16;4;2;14;4;3;1;0;6.5;4.75;1.44;;;;;;;
SP1;01/11/2020;Betis;Elche;3;1;H;2;0;H;17;4;10;2;13;12;1;1;2;1;0;0;1.45;4.33;7.5;;;;;;;
SP1;01/11/2020;Celta;Sociedad;1;4;A;0;2;A;9;9;2;7;19;16;2;3;2;5;1;0;3.0;3.2;2.45;;;;;;;
SP1;01/11/2020;Granada;Levante;1;1;D;1;1;D;5;19;2;4;7;14;2;8;2;3;1;0;2.25;3.2;3.4;;;;;;;
SP1;01/11/2020;Valencia;Getafe;2;2;D;1;0;H;11;16;5;5;18;25;0;3;8;5;1;1;3.1;3.1;2.45;;;;;;;
SP1;02/11/2020;Villarreal;Valladolid;2;0;H;2;0;H;11;11;5;1;13;13;6;4;1;3;0;0;1.61;4.0;5.5;;;;;;;
SP1;06/11/2020;Elche;Celta;1;1;D;1;1;D;8;14;1;6;18;12;3;3;3;4;0;0;4.0;3.3;1.95;;;;;;;
SP1;07/11/2020;Huesca;Eibar;1;1;D;0;1;A;14;8;6;3;16;30;4;3;2;0;0;0;2.05;3.3;3.6;;;;;;;
SP1;07/11/2020;Barcelona;Betis;5;2;H;1;1;D;18;12;9;6;8;10;9;5;2;2;0;1;1.4;5.0;7.5;;;;;;;
SP1;07/11/2020;Sevilla;Osasuna;1;0;H;0;0;D;9;10;1;2;11;19;3;0;2;3;0;0;1.5;4.0;7.0;;;;;;;
SP1;07/11/2020;Ath Madrid;Cadiz;4;0;H;2;0;H;17;10;7;3;10;9;2;7;1;1;0;0;1.4;4.2;10.0;;;;;;;
SP1;08/11/2020;Getafe;Villarreal;1;3;A;1;2;A;13;9;5;5;18;11;3;3;3;4;0;0;2.5;3.1;3.0;;;;;;;
SP1;08/11/2020;Sociedad;Granada;2;0;H;2;0;H;22;2;9;1;8;11;15;0;2;1;1;0;1.65;3.8;5.25;;;;;;;
SP1;08/11/2020;Levante;Alaves;1;1;D;0;1;A;18;6;5;2;12;16;12;1;1;6;0;1;2.15;3.4;3.4;;;;;;;
SP1;08/11/2020;Valladolid;Ath Bilbao;2;1;H;1;0;H;7;17;4;2;23;11;2;11;4;2;0;0;3.3;2.9;2.37;;;;;;;
SP1;08/11/2020;Valencia;Real Madrid;4;1;H;2;1;H;7;16;4;6;13;14;1;8;3;2;0;0;6.0;4.75;1.45;;;;;;;
SP1;20/11/2020;Osasuna;Huesca;1;1;D;0;1;A;18;6;7;5;14;15;4;3;2;3;0;0;2.4;3.0;3.25;;;;;;;
SP1;21/11/2020;Levante;Elche;1;1;D;1;0;H;13;11;5;5;15;11;5;4;1;4;0;0;1.57;4.0;5.75;;;;;;;
SP1;21/11/2020;Villarreal;Real Madrid;1;1;D;0;1;A;13;6;1;1;16;14;4;2;1;2;0;0;2.87;3.8;2.25;;;;;;;
SP1;21/11/2020;Sevilla;Celta;4;2;H;2;2;D;15;10;10;7;14;20;3;2;2;2;0;0;1.72;3.6;5.25;;;;;;;
SP1;21/11/2020;Ath Madrid;Barcelona;1;0;H;1;0;H;9;13;2;4;12;6;8;8;4;0;0;0;2.9;3.5;2.37;;;;;;;
SP1;22/11/2020;Eibar;Getafe;0;0;D;0;0;D;15;8;5;3;16;22;3;4;3;4;1;0;3.4;3.0;2.35;;;;;;;
SP1;22/11/2020;Cadiz;Sociedad;0;1;A;0;0;D;2;14;0;4;14;14;1;6;2;1;0;0;4.0;3.8;1.85;;;;;;;
SP1;22/11/2020;Granada;Valladolid;1;3;A;0;1;A;16;9;6;3;16;14;5;3;4;3;0;0;2.1;3.2;3.8;;;;;;;
SP1;22/11/2020;Alaves;Valencia;2;2;D;2;0;H;13;13;3;5;21;16;4;5;1;1;0;0;2.7;3.2;2.8;;;;;;;
SP1;23/11/2020;Ath Bilbao;Betis;4;0;H;2;0;H;14;7;9;1;16;8;6;3;0;0;0;0;2.2;3.3;3.4;;;;;;;
SP1;27/11/2020;Valladolid;Levante;1;1;D;0;0;D;10;10;4;3;18;11;3;11;0;3;0;0;2.55;3.3;2.8;;;;;;;
SP1;28/11/2020;Elche;Cadiz;1;1;D;1;0;H;4;7;3;2;16;15;1;9;6;2;1;0;3.2;3.0;2.45;;;;;;;
SP1;28/11/2020;Valencia;Ath Madrid;0;1;A;0;0;D;5;14;2;6;12;15;2;7;2;5;0;0;4.75;3.8;1.72;;;;;;;
SP1;28/11/2020;Huesca;Sevilla;0;1;A;0;0;D;5;16;1;4;14;9;1;10;4;3;0;0;4.0;3.3;2.0;;;;;;;
SP1;28/11/2020;Real Madrid;Alaves;1;2;A;0;1;A;20;11;9;6;8;17;12;9;2;3;0;0;1.33;5.25;9.0;;;;;;;
SP1;29/11/2020;Barcelona;Osasuna;4;0;H;2;0;H;20;10;11;5;8;12;5;3;1;0;0;0;1.25;6.0;11.0;;;;;;;
SP1;29/11/2020;Getafe;Ath Bilbao;1;1;D;0;1;A;11;5;3;2;16;23;3;2;2;4;0;0;2.8;2.9;2.8;;;;;;;
SP1;29/11/2020;Celta;Granada;3;1;H;1;1;D;17;9;8;2;14;13;8;0;4;3;1;0;2.0;3.5;3.75;;;;;;;
SP1;29/11/2020;Sociedad;Villarreal;1;1;D;1;1;D;8;10;4;2;18;12;4;4;5;3;0;0;2.1;3.6;3.4;;;;;;;
SP1;30/11/2020;Betis;Eibar;0;2;A;0;0;D;7;11;3;6;13;14;6;2;2;1;0;0;1.75;3.75;4.5;;;;;;;
SP1;04/12/2020;Ath Bilbao;Celta;0;2;A;0;0;D;10;6;0;4;7;15;4;5;2;1;0;0;2.05;3.25;3.8;;;;;;;
SP1;05/12/2020;Levante;Getafe;3;0;H;2;0;H;12;9;8;0;12;13;5;5;2;7;0;2;2.9;3.1;2.55;;;;;;;
SP1;05/12/2020;Sevilla;Real Madrid;0;1;A;0;0;D;12;10;2;3;15;20;4;3;1;3;0;0;2.5;3.5;2.7;;;;;;;
SP1;05/12/2020;Ath Madrid;Valladolid;2;0;H;0;0;D;15;13;4;3;10;10;4;4;4;2;0;0;1.4;4.33;9.5;;;;;;;
SP1;05/12/2020;Cadiz;Barcelona;2;1;H;1;0;H;7;21;3;8;10;7;5;13;0;2;0;0;8.5;5.0;1.36;;;;;;;
SP1;06/12/2020;Granada;Huesca;3;3;D;1;1;D;15;16;6;7;12;16;4;2;2;0;0;0;2.3;3.1;3.4;;;;;;;
SP1;06/12/2020;Osasuna;Betis;0;2;A;0;0;D;10;12;0;5;16;12;2;5;3;2;0;0;2.62;3.3;2.7;;;;;;;
SP1;06/12/2020;Villarreal;Elche;0;0;D;0;0;D;12;3;3;0;16;13;4;0;3;2;0;0;1.3;5.5;9.5;;;;;;;
SP1;06/12/2020;Alaves;Sociedad;0;0;D;0;0;D;5;13;1;5;3;11;2;3;1;0;1;0;4.75;3.5;1.8;;;;;;;
SP1;07/12/2020;Eibar;Valencia;0;0;D;0;0;D;19;6;3;4;15;10;8;0;3;2;0;0;2.45;3.1;3.1;;;;;;;
SP1;11/12/2020;Valladolid;Osasuna;3;2;H;1;2;A;11;13;6;6;14;18;3;3;4;5;0;0;2.5;3.1;3.0;;;;;;;
SP1;12/12/2020;Valencia;Ath Bilbao;2;2;D;1;0;H;11;13;2;5;19;16;0;10;2;6;0;0;3.25;3.1;2.35;;;;;;;
SP1;12/12/2020;Getafe;Sevilla;0;1;A;0;0;D;8;8;2;0;14;13;5;3;2;3;0;0;3.75;3.2;2.1;;;;;;;
SP1;12/12/2020;Huesca;Alaves;1;0;H;0;0;D;11;3;3;1;14;20;5;2;1;4;0;0;2.2;3.2;3.5;;;;;;;
SP1;12/12/2020;Real Madrid;Ath Madrid;2;0;H;1;0;H;11;5;3;1;7;16;3;6;1;3;0;0;2.3;3.3;3.1;;;;;;;
SP1;13/12/2020;Sociedad;Eibar;1;1;D;1;0;H;8;16;2;4;14;11;5;4;4;3;0;0;1.6;3.75;6.0;;;;;;;
SP1;13/12/2020;Betis;Villarreal;1;1;D;0;1;A;11;7;5;2;13;14;4;8;2;3;0;0;3.1;3.5;2.25;;;;;;;
SP1;13/12/2020;Elche;Granada;0;1;A;0;1;A;9;13;1;5;16;15;6;5;4;2;0;0;3.4;3.1;2.3;;;;;;;
SP1;13/12/2020;Barcelona;Levante;1;0;H;0;0;D;24;7;13;3;4;15;12;4;2;1;0;0;1.22;7.0;11.0;;;;;;;
SP1;14/12/2020;Celta;Cadiz;4;0;H;4;0;H;8;12;5;2;24;9;1;5;2;1;0;0;1.72;3.6;5.25;;;;;;;
SP1;15/12/2020;Real Madrid;Ath Bilbao;3;1;H;1;0;H;18;10;5;4;8;9;6;6;1;3;0;1;1.53;4.33;5.75;;;;;;;
SP1;16/12/2020;Barcelona;Sociedad;2;1;H;2;1;H;14;12;4;5;18;14;2;3;3;3;0;0;1.6;4.5;5.0;;;;;;;
SP1;18/12/2020;Ath Bilbao;Huesca;2;0;H;0;0;D;10;6;3;1;9;16;5;5;0;3;0;1;1.9;3.3;4.33;;;;;;;
SP1;19/12/2020;Ath Madrid;Elche;3;1;H;1;0;H;12;8;6;3;13;14;2;5;1;2;0;0;1.2;6.0;19.0;;;;;;;
SP1;19/12/2020;Barcelona;Valencia;2;2;D;1;1;D;25;12;9;4;10;14;8;3;4;2;0;0;1.3;6.0;8.5;;;;;;;
SP1;19/12/2020;Levante;Sociedad;2;1;H;1;1;D;13;15;5;5;19;14;3;4;2;1;0;0;3.4;3.4;2.15;;;;;;;
SP1;19/12/2020;Osasuna;Villarreal;1;3;A;0;2;A;6;13;1;6;17;16;2;2;2;2;1;0;3.6;3.4;2.1;;;;;;;
SP1;19/12/2020;Sevilla;Valladolid;1;1;D;1;0;H;14;12;3;5;14;10;7;7;3;4;0;0;1.53;3.75;7.5;;;;;;;
SP1;20/12/2020;Celta;Alaves;2;0;H;1;0;H;11;8;3;2;18;12;3;5;2;2;0;0;1.7;4.0;4.75;;;;;;;
SP1;20/12/2020;Granada;Betis;2;0;H;2;0;H;8;14;3;1;21;16;1;10;3;4;0;0;2.45;3.4;2.87;;;;;;;
SP1;20/12/2020;Cadiz;Getafe;0;2;A;0;1;A;8;6;1;4;6;22;2;4;1;6;0;0;3.3;2.9;2.45;;;;;;;
SP1;20/12/2020;Eibar;Real Madrid;1;3;A;1;2;A;10;11;3;5;11;7;4;4;1;0;0;0;6.5;4.2;1.5;;;;;;;
SP1;22/12/2020;Elche;Osasuna;2;2;D;0;1;A;7;15;2;6;8;17;4;4;1;2;0;1;3.3;3.0;2.37;;;;;;;
SP1;22/12/2020;Valencia;Sevilla;0;1;A;0;0;D;10;19;4;3;11;17;3;5;3;2;0;0;3.75;3.4;2.0;;;;;;;
SP1;22/12/2020;Huesca;Levante;1;1;D;1;0;H;11;9;2;1;10;17;10;3;2;3;0;0;2.62;3.4;2.6;;;;;;;
SP1;22/12/2020;Sociedad;Ath Madrid;0;2;A;0;0;D;6;8;1;3;20;17;5;5;3;3;0;0;3.3;3.2;2.25;;;;;;;
SP1;22/12/2020;Valladolid;Barcelona;0;3;A;0;2;A;12;21;5;10;12;10;4;5;1;2;0;0;7.0;5.4;1.36;;;;;;;
SP1;22/12/2020;Villarreal;Ath Bilbao;1;1;D;0;1;A;17;9;6;3;10;18;6;4;1;1;0;0;2.0;3.4;3.8;;;;;;;
SP1;23/12/2020;Getafe;Celta;1;1;D;1;1;D;6;2;3;1;17;16;1;4;3;3;0;0;2.75;3.0;2.8;;;;;;;
SP1;23/12/2020;Real Madrid;Granada;2;0;H;0;0;D;23;10;6;1;13;11;8;1;2;1;0;0;1.33;5.25;9.0;;;;;;;
SP1;23/12/2020;Alaves;Eibar;2;1;H;2;1;H;13;8;3;4;10;14;2;7;4;2;0;0;2.75;2.87;2.9;;;;;;;
SP1;23/12/2020;Betis;Cadiz;1;0;H;0;0;D;6;6;1;3;18;9;5;5;1;1;0;0;1.9;3.5;4.1;;;;;;;
SP1;29/12/2020;Sevilla;Villarreal;2;0;H;1;0;H;10;6;3;2;13;14;4;7;1;4;0;0;2.25;3.3;3.25;;;;;;;
SP1;29/12/2020;Barcelona;Eibar;1;1;D;0;0;D;16;9;5;3;6;15;5;7;0;2;0;0;1.28;5.75;9.5;;;;;;;
SP1;29/12/2020;Cadiz;Valladolid;0;0;D;0;0;D;8;7;3;1;14;13;1;6;3;2;0;0;2.87;2.9;2.75;;;;;;;
SP1;29/12/2020;Levante;Betis;4;3;H;3;1;H;10;19;5;7;9;14;3;6;3;2;1;0;2.4;3.4;2.9;;;;;;;
SP1;30/12/2020;Granada;Valencia;2;1;H;1;1;D;24;16;5;6;16;15;6;6;4;4;1;2;2.2;3.3;3.4;;;;;;;
SP1;30/12/2020;Ath Madrid;Getafe;1;0;H;1;0;H;10;10;3;2;7;12;5;2;2;3;0;0;1.44;4.2;8.5;;;;;;;
SP1;30/12/2020;Celta;Huesca;2;1;H;1;0;H;15;17;6;6;19;8;0;5;2;0;0;0;1.75;3.75;4.6;;;;;;;
SP1;30/12/2020;Elche;Real Madrid;1;1;D;0;1;A;6;14;3;6;8;18;2;3;1;4;0;0;10.0;6.5;1.25;;;;;;;
SP1;31/12/2020;Ath Bilbao;Sociedad;0;1;A;0;1;A;4;13;0;3;23;18;2;4;5;4;0;0;3.0;3.2;2.5;;;;;;;
SP1;31/12/2020;Osasuna;Alaves;1;1;D;0;0;D;8;15;3;1;12;9;5;4;3;4;1;0;2.35;3.25;3.1;;;;;;;
SP1;02/01/2021;Villarreal;Levante;2;1;H;1;0;H;12;9;7;2;12;11;3;5;1;1;0;0;1.65;3.8;5.5;;;;;;;
SP1;02/01/2021;Betis;Sevilla;1;1;D;0;0;D;16;6;3;2;15;18;2;1;5;2;0;0;3.9;3.5;1.95;;;;;;;
SP1;02/01/2021;Getafe;Valladolid;0;1;A;0;1;A;11;8;4;2;13;13;5;9;3;2;0;0;1.95;3.1;4.5;;;;;;;
SP1;02/01/2021;Real Madrid;Celta;2;0;H;1;0;H;9;6;2;1;14;14;1;5;4;2;0;0;1.44;4.75;6.5;;;;;;;
SP1;03/01/2021;Ath Bilbao;Elche;1;0;H;1;0;H;13;5;2;2;15;13;5;4;2;1;0;0;1.5;3.8;8.0;;;;;;;
SP1;03/01/2021;Alaves;Ath Madrid;1;2;A;0;1;A;4;8;1;4;14;12;1;5;0;2;1;0;7.0;3.75;1.53;;;;;;;
SP1;03/01/2021;Eibar;Granada;2;0;H;0;0;D;15;6;7;3;10;9;4;2;2;1;0;0;2.37;3.0;3.3;;;;;;;
SP1;03/01/2021;Sociedad;Osasuna;1;1;D;0;1;A;8;6;2;2;15;8;7;2;1;1;0;0;1.53;4.0;6.5;;;;;;;
SP1;03/01/2021;Huesca;Barcelona;0;1;A;0;1;A;4;20;4;7;12;11;2;6;1;0;0;0;6.5;4.75;1.44;;;;;;;
SP1;04/01/2021;Valencia;Cadiz;1;1;D;0;0;D;11;9;4;2;11;17;9;7;2;2;0;0;2.0;3.4;3.75;;;;;;;
SP1;06/01/2021;Ath Bilbao;Barcelona;2;3;A;1;2;A;8;13;3;9;10;6;3;4;2;1;0;0;4.2;3.6;1.83;;;;;;;
SP1;08/01/2021;Celta;Villarreal;0;4;A;0;4;A;8;15;3;6;15;18;3;4;1;0;0;0;3.4;3.3;2.2;;;;;;;
SP1;09/01/2021;Sevilla;Sociedad;3;2;H;2;2;D;12;10;7;4;8;18;2;9;0;3;0;0;2.2;3.1;3.6;;;;;;;
SP1;09/01/2021;Granada;Barcelona;0;4;A;0;3;A;8;13;4;4;16;3;4;1;2;3;1;0;6.5;5.25;1.4;;;;;;;
SP1;09/01/2021;Osasuna;Real Madrid;0;0;D;0;0;D;8;9;2;1;9;3;2;4;0;0;0;0;6.5;4.75;1.45;;;;;;;
SP1;10/01/2021;Levante;Eibar;2;1;H;0;0;D;4;17;2;4;12;8;4;9;2;0;0;0;2.25;3.4;3.2;;;;;;;
SP1;10/01/2021;Cadiz;Alaves;3;1;H;1;1;D;10;5;7;2;17;10;4;1;1;4;0;1;2.7;2.9;3.0;;;;;;;
SP1;10/01/2021;Valladolid;Valencia;0;1;A;0;0;D;11;17;4;6;14;14;0;4;2;3;0;0;2.37;3.25;3.1;;;;;;;
SP1;11/01/2021;Elche;Getafe;1;3;A;1;1;D;7;14;4;7;14;16;1;7;4;2;1;0;4.33;2.9;2.1;;;;;;;
SP1;11/01/2021;Huesca;Betis;0;2;A;0;0;D;10;15;3;5;12;13;3;6;2;2;0;1;2.8;3.3;2.55;;;;;;;
SP1;12/01/2021;Granada;Osasuna;2;0;H;2;0;H;9;15;2;3;16;17;4;4;1;4;0;0;2.3;3.1;3.4;;;;;;;
SP1;12/01/2021;Ath Madrid;Sevilla;2;0;H;1;0;H;5;13;4;2;14;11;3;12;2;0;0;0;1.9;3.2;4.5;;;;;;;
SP1;19/01/2021;Cadiz;Levante;2;2;D;2;2;D;8;8;2;5;13;11;5;2;3;1;0;0;2.9;3.1;2.55;;;;;;;
SP1;19/01/2021;Valladolid;Elche;2;2;D;0;2;A;13;9;2;3;14;19;4;5;1;3;1;0;1.83;3.4;4.6;;;;;;;
SP1;19/01/2021;Alaves;Sevilla;1;2;A;1;2;A;12;7;3;3;15;14;3;2;3;3;0;0;5.5;3.6;1.66;;;;;;;
SP1;20/01/2021;Getafe;Huesca;1;0;H;0;0;D;12;15;5;3;15;14;3;8;2;4;0;0;1.9;3.25;4.5;;;;;;;
SP1;20/01/2021;Betis;Celta;2;1;H;2;1;H;12;10;4;3;13;15;5;6;2;3;0;0;2.1;3.5;3.4;;;;;;;
SP1;20/01/2021;Villarreal;Granada;2;2;D;1;1;D;9;3;3;2;11;11;3;0;2;4;0;1;1.5;4.0;7.0;;;;;;;
SP1;21/01/2021;Valencia;Osasuna;1;1;D;0;1;A;10;14;3;5;8;17;9;4;1;3;0;0;2.05;3.5;3.5;;;;;;;
SP1;21/01/2021;Eibar;Ath Madrid;1;2;A;1;1;D;12;9;2;4;24;9;3;3;2;2;0;0;6.5;3.4;1.66;;;;;;;
SP1;22/01/2021;Levante;Valladolid;2;2;D;0;0;D;11;7;3;3;16;12;8;2;0;1;0;0;1.95;3.4;4.0;;;;;;;
SP1;23/01/2021;Huesca;Villarreal;0;0;D;0;0;D;5;8;1;2;9;15;1;2;3;1;0;0;4.33;3.75;1.8;;;;;;;
SP1;23/01/2021;Sevilla;Cadiz;3;0;H;2;0;H;15;9;7;3;12;6;7;6;1;3;0;0;1.45;4.2;8.0;;;;;;;
SP1;23/01/2021;Sociedad;Betis;2;2;D;0;0;D;12;7;6;4;14;13;8;3;2;2;0;0;1.8;3.75;4.33;;;;;;;
SP1;23/01/2021;Alaves;Real Madrid;1;4;A;0;3;A;14;10;4;7;16;7;4;4;5;3;0;0;5.5;4.33;1.55;;;;;;;
SP1;24/01/2021;Osasuna;Granada;3;1;H;2;0;H;7;12;4;1;15;15;1;5;5;4;1;0;2.5;3.1;3.0;;;;;;;
SP1;24/01/2021;Elche;Barcelona;0;2;A;0;1;A;4;15;2;8;15;9;0;7;0;2;0;0;8.0;5.25;1.36;;;;;;;
SP1;24/01/2021;Celta;Eibar;1;1;D;1;0;H;7;9;4;2;10;16;0;6;4;3;0;0;2.05;3.4;3.75;;;;;;;
SP1;24/01/2021;Ath Madrid;Valencia;3;1;H;1;1;D;14;8;5;4;11;14;7;7;2;0;0;0;1.4;4.75;8.0;;;;;;;
SP1;25/01/2021;Ath Bilbao;Getafe;5;1;H;1;1;D;11;6;8;2;13;18;4;4;4;4;0;0;2.3;3.0;3.6;;;;;;;
SP1;29/01/2021;Valladolid;Huesca;1;3;A;0;1;A;14;11;4;5;12;12;6;7;2;2;0;0;2.2;3.1;3.6;;;;;;;
SP1;30/01/2021;Eibar;Sevilla;0;2;A;0;1;A;17;7;6;4;10;12;6;2;4;3;0;0;4.0;3.25;2.0;;;;;;;
SP1;30/01/2021;Real Madrid;Levante;1;2;A;1;1;D;8;14;2;8;9;20;3;7;1;2;1;0;1.33;5.5;8.0;;;;;;;
SP1;30/01/2021;Valencia;Elche;1;0;H;1;0;H;14;10;4;1;18;15;4;10;1;7;0;0;1.66;3.75;5.5;;;;;;;
SP1;30/01/2021;Villarreal;Sociedad;1;1;D;1;0;H;4;12;2;3;10;17;1;7;1;3;0;0;2.4;3.2;3.1;;;;;;;
SP1;31/01/2021;Getafe;Alaves;0;0;D;0;0;D;5;5;1;1;20;17;5;2;3;3;0;0;1.9;3.2;4.5;;;;;;;
SP1;31/01/2021;Cadiz;Ath Madrid;2;4;A;1;2;A;11;9;6;4;7;7;2;2;1;5;0;0;9.0;4.0;1.44;;;;;;;
SP1;31/01/2021;Granada;Celta;0;0;D;0;0;D;10;7;5;1;16;19;6;5;2;4;0;0;2.7;3.3;2.62;;;;;;;
SP1;31/01/2021;Barcelona;Ath Bilbao;2;1;H;1;0;H;12;7;6;2;12;20;7;3;2;3;0;0;1.36;5.25;7.5;;;;;;;
SP1;01/02/2021;Betis;Osasuna;1;0;H;0;0;D;8;15;4;5;12;6;3;4;1;1;0;0;1.8;3.6;4.33;;;;;;;
SP1;05/02/2021;Alaves;Valladolid;1;0;H;0;0;D;20;3;5;1;11;17;11;1;4;4;0;0;2.6;3.0;3.0;;;;;;;
SP1;06/02/2021;Levante;Granada;2;2;D;1;1;D;11;11;7;5;12;13;6;2;1;3;0;0;2.2;3.3;3.4;;;;;;;
SP1;06/02/2021;Huesca;Real Madrid;1;2;A;0;0;D;13;18;2;7;18;9;3;10;2;1;0;0;7.0;4.5;1.44;;;;;;;
SP1;06/02/2021;Elche;Villarreal;2;2;D;0;2;A;8;9;2;4;17;5;4;2;1;2;0;0;6.5;3.8;1.53;;;;;;;
SP1;06/02/2021;Sevilla;Getafe;3;0;H;0;0;D;17;5;5;1;10;11;3;1;1;4;0;1;1.72;3.6;4.75;;;;;;;
SP1;07/02/2021;Sociedad;Cadiz;4;1;H;2;0;H;17;2;6;1;7;7;5;1;0;2;0;1;1.45;4.2;8.0;;;;;;;
SP1;07/02/2021;Ath Bilbao;Valencia;1;1;D;1;0;H;11;15;2;2;10;8;6;6;2;1;0;0;2.15;3.2;3.6;;;;;;;
SP1;07/02/2021;Osasuna;Eibar;2;1;H;1;1;D;12;12;4;3;10;11;2;1;0;0;0;0;2.55;3.0;3.0;;;;;;;
SP1;07/02/2021;Betis;Barcelona;2;3;A;1;0;H;8;12;5;4;21;7;3;5;1;3;0;0;5.75;4.6;1.5;;;;;;;
SP1;08/02/2021;Ath Madrid;Celta;2;2;D;1;1;D;9;7;2;2;12;17;1;4;2;2;0;0;1.6;3.6;6.5;;;;;;;
SP1;09/02/2021;Real Madrid;Getafe;2;0;H;0;0;D;14;1;4;0;8;16;8;1;1;1;0;0;1.53;4.0;6.5;;;;;;;
SP1;12/02/2021;Celta;Elche;3;1;H;2;0;H;9;7;6;2;11;15;3;6;3;2;0;0;1.45;4.2;8.0;;;;;;;
SP1;13/02/2021;Granada;Ath Madrid;1;2;A;0;0;D;6;10;1;4;14;20;7;3;0;5;0;0;5.0;3.3;1.8;;;;;;;
SP1;13/02/2021;Sevilla;Huesca;1;0;H;0;0;D;14;9;4;5;14;15;6;6;3;4;0;0;1.5;3.9;7.5;;;;;;;
SP1;13/02/2021;Eibar;Valladolid;1;1;D;1;1;D;14;5;2;1;15;12;7;3;2;3;0;0;1.95;3.3;4.2;;;;;;;
SP1;13/02/2021;Barcelona;Alaves;5;1;H;2;0;H;17;6;9;2;10;14;5;4;0;2;0;0;1.28;6.0;9.0;;;;;;;
SP1;14/02/2021;Getafe;Sociedad;0;1;A;0;1;A;4;3;0;2;23;19;2;5;3;3;1;0;3.75;3.25;2.1;;;;;;;
SP1;14/02/2021;Real Madrid;Valencia;2;0;H;2;0;H;16;4;7;1;13;12;6;1;0;3;0;0;1.4;4.75;8.0;;;;;;;
SP1;14/02/2021;Levante;Osasuna;0;1;A;0;0;D;13;7;4;2;13;10;2;1;1;2;0;0;2.25;3.2;3.4;;;;;;;
SP1;14/02/2021;Villarreal;Betis;1;2;A;0;1;A;9;15;5;4;19;13;7;3;3;2;0;0;1.9;3.4;4.2;;;;;;;
SP1;15/02/2021;Cadiz;Ath Bilbao;0;4;A;0;3;A;11;13;2;8;15;13;5;8;3;2;0;0;4.0;3.1;2.05;;;;;;;
SP1;17/02/2021;Levante;Ath Madrid;1;1;D;1;1;D;7;14;4;6;10;10;1;8;1;3;0;0;4.75;3.4;1.8;;;;;;;
SP1;19/02/2021;Betis;Getafe;1;0;H;0;0;D;12;6;5;1;17;18;5;2;5;4;1;0;2.05;3.1;4.1;;;;;;;
SP1;20/02/2021;Elche;Eibar;1;0;H;1;0;H;6;13;2;3;16;9;1;4;2;1;0;0;3.6;3.25;2.15;;;;;;;
SP1;20/02/2021;Ath Madrid;Levante;0;2;A;0;1;A;28;6;11;1;10;15;12;2;2;3;0;0;1.53;4.0;7.0;;;;;;;
SP1;20/02/2021;Valencia;Celta;2;0;H;0;0;D;10;5;3;2;9;19;6;1;2;3;0;1;2.45;3.2;3.0;;;;;;;
SP1;20/02/2021;Valladolid;Real Madrid;0;1;A;0;0;D;9;10;5;2;13;11;4;5;4;2;0;0;5.5;4.2;1.57;;;;;;;
SP1;21/02/2021;Barcelona;Cadiz;1;1;D;1;0;H;20;3;4;1;13;12;8;0;0;2;0;0;1.16;8.0;13.0;;;;;;;
SP1;21/02/2021;Sociedad;Alaves;4;0;H;1;0;H;8;7;4;2;17;16;4;3;3;2;0;0;1.66;3.75;5.5;;;;;;;
SP1;21/02/2021;Huesca;Granada;3;2;H;3;1;H;15;8;6;5;13;14;5;2;3;3;0;1;2.15;3.3;3.5;;;;;;;
SP1;21/02/2021;Ath Bilbao;Villarreal;1;1;D;1;1;D;18;3;8;2;12;12;6;0;2;2;0;0;2.45;3.2;3.0;;;;;;;
SP1;22/02/2021;Osasuna;Sevilla;0;2;A;0;1;A;6;10;0;5;14;15;3;5;2;2;0;0;4.0;3.3;2.0;;;;;;;
SP1;24/02/2021;Barcelona;Elche;3;0;H;0;0;D;9;6;5;1;8;8;6;3;0;0;0;0;1.12;9.0;19.0;;;;;;;
SP1;26/02/2021;Levante;Ath Bilbao;1;1;D;1;0;H;10;11;4;5;11;13;2;10;3;1;0;1;3.3;3.25;2.25;;;;;;;
SP1;27/02/2021;Eibar;Huesca;1;1;D;0;0;D;17;4;3;1;19;11;6;2;2;2;0;0;2.15;3.3;3.5;;;;;;;
SP1;27/02/2021;Sevilla;Barcelona;0;2;A;0;1;A;4;9;2;5;20;9;3;3;5;2;0;0;3.2;3.5;2.2;;;;;;;
SP1;27/02/2021;Alaves;Osasuna;0;1;A;0;0;D;4;6;1;3;18;20;5;2;3;4;0;0;2.62;2.9;3.0;;;;;;;
SP1;27/02/2021;Getafe;Valencia;3;0;H;1;0;H;15;5;4;0;21;12;3;6;5;2;0;1;2.5;3.0;3.1;;;;;;;
SP1;28/02/2021;Celta;Valladolid;1;1;D;0;0;D;11;7;2;3;20;20;3;5;3;5;0;0;1.75;3.75;4.5;;;;;;;
SP1;28/02/2021;Cadiz;Betis;0;1;A;0;0;D;5;9;3;4;9;13;3;7;1;2;0;0;3.8;3.3;2.05;;;;;;;
SP1;28/02/2021;Granada;Elche;2;1;H;1;1;D;13;12;4;4;14;12;5;5;3;2;0;0;2.1;3.1;4.0;;;;;;;
SP1;28/02/2021;Villarreal;Ath Madrid;0;2;A;0;1;A;19;6;6;5;15;19;10;2;2;3;0;0;3.2;3.1;2.45;;;;;;;
SP1;01/03/2021;Real Madrid;Sociedad;1;1;D;0;0;D;21;6;2;2;5;10;13;4;0;1;0;0;1.83;4.0;4.0;;;;;;;
SP1;05/03/2021;Valencia;Villarreal;2;1;H;0;1;A;25;10;4;5;12;10;5;3;4;3;0;0;4.0;3.4;1.95;;;;;;;
SP1;06/03/2021;Valladolid;Getafe;2;1;H;2;1;H;4;9;3;2;16;19;1;6;2;2;0;1;3.0;2.8;2.7;;;;;;;
SP1;06/03/2021;Elche;Sevilla;2;1;H;0;0;D;6;11;3;3;16;11;6;3;4;0;0;0;6.5;3.6;1.6;;;;;;;
SP1;06/03/2021;Cadiz;Eibar;1;0;H;1;0;H;6;16;2;1;7;11;0;12;2;2;0;0;3.25;3.2;2.3;;;;;;;
SP1;06/03/2021;Osasuna;Barcelona;0;2;A;0;1;A;10;13;3;6;4;12;3;4;0;2;0;0;5.75;4.5;1.5;;;;;;;
SP1;07/03/2021;Huesca;Celta;3;4;A;2;2;D;19;10;7;7;12;21;6;3;0;2;0;0;3.0;3.3;2.4;;;;;;;
SP1;07/03/2021;Ath Madrid;Real Madrid;1;1;D;1;0;H;11;18;5;8;19;9;1;6;5;1;0;0;2.55;3.25;2.8;;;;;;;
SP1;07/03/2021;Sociedad;Levante;1;0;H;1;0;H;25;6;8;1;13;14;7;5;0;2;0;0;1.44;4.33;7.5;;;;;;;
SP1;07/03/2021;Ath Bilbao;Granada;2;1;H;1;0;H;7;13;5;3;10;10;6;9;2;2;0;0;1.57;4.0;5.75;;;;;;;
SP1;08/03/2021;Betis;Alaves;3;2;H;0;2;A;23;4;8;3;13;11;12;1;0;3;0;0;1.72;3.8;4.75;;;;;;;
SP1;10/03/2021;Ath Madrid;Ath Bilbao;2;1;H;1;1;D;11;4;5;2;12;13;5;4;2;2;0;0;1.8;3.3;5.25;;;;;;;
SP1;12/03/2021;Levante;Valencia;1;0;H;1;0;H;11;11;3;2;17;13;3;3;3;4;0;0;2.25;3.4;3.2;;;;;;;
SP1;13/03/2021;Alaves;Cadiz;1;1;D;1;0;H;9;9;3;1;22;6;2;5;3;3;1;0;2.15;3.1;3.8;;;;;;;
SP1;13/03/2021;Real Madrid;Elche;2;1;H;0;0;D;17;3;4;2;11;16;6;1;1;1;0;0;1.18;7.0;15.0;;;;;;;
SP1;13/03/2021;Osasuna;Valladolid;0;0;D;0;0;D;14;12;2;2;12;9;7;3;2;3;0;0;2.2;3.1;3.6;;;;;;;
SP1;13/03/2021;Getafe;Ath Madrid;0;0;D;0;0;D;11;15;2;7;9;17;3;11;1;4;1;0;4.75;3.1;1.9;;;;;;;
SP1;14/03/2021;Celta;Ath Bilbao;0;0;D;0;0;D;13;6;3;1;20;13;1;3;3;1;0;0;2.7;3.2;2.7;;;;;;;
SP1;14/03/2021;Granada;Sociedad;1;0;H;0;0;D;7;7;2;1;23;16;4;6;2;3;0;0;5.5;4.2;1.57;;;;;;;
SP1;14/03/2021;Eibar;Villarreal;1;3;A;0;2;A;16;13;7;8;12;9;7;2;2;2;0;1;2.9;3.4;2.4;;;;;;;
SP1;14/03/2021;Sevilla;Betis;1;0;H;1;0;H;9;13;3;3;12;14;3;6;3;5;0;0;2.0;3.4;3.75;;;;;;;
SP1;15/03/2021;Barcelona;Huesca;4;1;H;2;1;H;12;8;5;4;8;13;7;3;0;2;0;0;1.18;7.5;13.0;;;;;;;
SP1;17/03/2021;Sevilla;Elche;2;0;H;1;0;H;13;11;8;5;9;8;4;1;2;1;0;0;1.4;4.5;8.0;;;;;;;
SP1;19/03/2021;Betis;Levante;2;0;H;0;0;D;15;7;6;1;14;10;4;1;2;0;0;0;1.72;3.8;4.5;;;;;;;
SP1;20/03/2021;Ath Bilbao;Eibar;1;1;D;1;1;D;18;4;4;2;5;15;10;1;1;1;0;0;1.75;3.6;4.75;;;;;;;
SP1;20/03/2021;Celta;Real Madrid;1;3;A;1;2;A;8;16;3;4;23;13;1;7;3;4;0;0;4.33;4.0;1.72;;;;;;;
SP1;20/03/2021;Huesca;Osasuna;0;0;D;0;0;D;15;7;3;2;9;13;5;1;1;2;0;0;2.45;3.2;3.0;;;;;;;
SP1;20/03/2021;Valladolid;Sevilla;1;1;D;1;0;H;3;12;2;4;17;10;2;8;3;1;0;0;4.33;3.5;1.83;;;;;;;
SP1;21/03/2021;Getafe;Elche;1;1;D;0;1;A;12;6;5;2;17;21;4;8;3;7;0;0;1.83;3.25;4.75;;;;;;;
SP1;21/03/2021;Valencia;Granada;2;1;H;1;0;H;18;15;9;3;11;11;3;4;0;3;0;0;2.0;3.5;3.75;;;;;;;
SP1;21/03/2021;Villarreal;Cadiz;2;1;H;1;0;H;13;9;4;3;14;6;5;6;3;3;0;0;1.44;4.2;7.5;;;;;;;
SP1;21/03/2021;Ath Madrid;Alaves;1;0;H;0;0;D;8;9;4;3;17;12;5;5;3;3;0;0;1.36;4.5;10.0;;;;;;;
SP1;21/03/2021;Sociedad;Barcelona;1;6;A;0;2;A;10;14;5;10;11;12;1;1;3;2;0;0;3.6;3.8;1.95;;;;;;;
SP1;02/04/2021;Levante;Huesca;0;2;A;0;1;A;13;6;3;2;15;7;8;2;2;2;0;0;2.37;3.3;3.0;;;;;;;
SP1;03/04/2021;Granada;Villarreal;0;3;A;0;2;A;6;15;2;6;14;14;3;5;2;2;0;0;3.8;3.3;2.05;;;;;;;
SP1;03/04/2021;Real Madrid;Eibar;2;0;H;1;0;H;21;10;8;4;6;8;6;9;0;2;0;0;1.33;5.5;8.0;;;;;;;
SP1;03/04/2021;Osasuna;Getafe;0;0;D;0;0;D;4;6;1;2;23;18;2;4;2;3;0;0;2.55;2.8;3.2;;;;;;;
SP1;04/04/2021;Alaves;Celta;1;3;A;0;3;A;17;8;7;6;9;21;6;2;4;5;0;1;3.0;3.2;2.5;;;;;;;
SP1;04/04/2021;Elche;Betis;1;1;D;1;1;D;7;13;3;3;9;15;7;2;1;4;0;0;4.33;3.75;1.8;;;;;;;
SP1;04/04/2021;Cadiz;Valencia;2;1;H;1;1;D;6;12;2;6;10;7;4;13;2;2;0;0;3.1;3.1;2.45;;;;;;;
SP1;04/04/2021;Sevilla;Ath Madrid;1;0;H;0;0;D;18;9;5;4;13;11;3;2;2;4;0;0;2.9;3.0;2.7;;;;;;;
SP1;05/04/2021;Barcelona;Valladolid;1;0;H;0;0;D;25;7;10;2;12;13;4;1;3;3;0;1;1.12;9.0;19.0;;;;;;;
SP1;07/04/2021;Sociedad;Ath Bilbao;1;1;D;0;0;D;12;11;2;2;18;7;3;6;3;1;0;0;2.1;3.3;3.6;;;;;;;
SP1;09/04/2021;Huesca;Elche;3;1;H;2;1;H;8;8;5;2;17;13;6;6;2;2;0;0;2.0;3.2;4.1;;;;;;;
SP1;10/04/2021;Getafe;Cadiz;0;1;A;0;0;D;19;8;4;3;10;13;10;4;3;2;0;0;1.9;3.1;4.5;;;;;;;
SP1;10/04/2021;Ath Bilbao;Alaves;0;0;D;0;0;D;11;9;4;0;13;15;6;6;2;2;0;0;1.9;3.3;4.4;;;;;;;
SP1;10/04/2021;Eibar;Levante;0;1;A;0;1;A;10;6;4;1;9;7;6;3;3;2;0;0;2.2;3.5;3.1;;;;;;;
SP1;10/04/2021;Real Madrid;Barcelona;2;1;H;2;0;H;14;18;3;4;16;10;5;6;3;4;1;0;2.8;3.8;2.3;;;;;;;
SP1;11/04/2021;Villarreal;Osasuna;1;2;A;0;0;D;15;12;6;4;6;12;6;5;0;0;0;0;1.61;3.6;6.0;;;;;;;
SP1;11/04/2021;Valencia;Sociedad;2;2;D;0;2;A;9;16;2;5;11;17;4;5;6;4;1;0;3.5;3.3;2.1;;;;;;;
SP1;11/04/2021;Valladolid;Granada;1;2;A;1;0;H;7;12;3;6;14;15;2;4;4;2;0;0;2.05;3.4;3.6;;;;;;;
SP1;11/04/2021;Betis;Ath Madrid;1;1;D;1;1;D;8;10;4;4;12;13;5;5;0;0;0;0;3.25;3.2;2.3;;;;;;;
SP1;12/04/2021;Celta;Sevilla;3;4;A;3;2;H;12;13;5;6;18;15;5;2;3;2;0;0;3.5;3.3;2.15;;;;;;;
SP1;18/04/2021;Osasuna;Elche;2;0;H;1;0;H;9;8;3;2;14;15;4;5;2;1;0;0;1.9;3.3;4.33;;;;;;;
SP1;18/04/2021;Sociedad;Sevilla;1;2;A;1;2;A;5;15;2;7;20;15;7;3;3;2;0;0;2.9;3.25;2.45;;;;;;;
SP1;18/04/2021;Alaves;Huesca;1;0;H;0;0;D;10;9;2;1;15;13;7;3;1;2;0;0;2.37;3.1;3.25;;;;;;;
SP1;18/04/2021;Ath Madrid;Eibar;5;0;H;2;0;H;10;0;7;0;10;10;8;3;0;1;0;0;1.4;4.33;9.0;;;;;;;
SP1;18/04/2021;Betis;Valencia;2;2;D;2;1;H;9;9;5;3;12;10;6;3;3;1;0;0;1.85;3.6;4.2;;;;;;;
SP1;18/04/2021;Cadiz;Celta;0;0;D;0;0;D;5;11;2;4;6;13;4;7;0;1;0;0;3.6;3.5;2.05;;;;;;;
SP1;18/04/2021;Getafe;Real Madrid;0;0;D;0;0;D;19;10;6;2;17;8;6;6;3;1;0;0;6.0;3.75;1.61;;;;;;;
SP1;18/04/2021;Levante;Villarreal;1;5;A;1;2;A;12;14;3;7;9;7;4;5;2;1;0;0;3.75;3.4;2.05;;;;;;;
SP1;21/04/2021;Levante;Sevilla;0;1;A;0;0;D;6;10;1;3;15;13;2;3;4;1;0;0;5.0;4.2;1.61;;;;;;;
SP1;21/04/2021;Osasuna;Valencia;3;1;H;2;1;H;18;10;9;5;17;11;5;6;1;2;0;0;2.3;3.25;3.2;;;;;;;
SP1;21/04/2021;Betis;Ath Bilbao;0;0;D;0;0;D;6;16;2;4;10;16;5;4;3;2;1;0;2.37;3.3;3.0;;;;;;;
SP1;21/04/2021;Alaves;Villarreal;2;1;H;1;0;H;9;10;4;5;8;11;3;8;2;1;0;0;4.33;3.6;1.83;;;;;;;
SP1;21/04/2021;Elche;Valladolid;1;1;D;1;0;H;9;12;3;4;23;11;4;6;5;3;0;0;2.8;3.0;2.7;;;;;;;
SP1;21/04/2021;Cadiz;Real Madrid;0;3;A;0;3;A;14;14;3;4;13;21;7;3;4;3;0;0;9.0;4.75;1.36;;;;;;;
SP1;22/04/2021;Ath Madrid;Huesca;2;0;H;1;0;H;18;5;12;2;9;11;8;1;2;0;0;0;1.36;4.75;9.0;;;;;;;
SP1;22/04/2021;Granada;Eibar;4;1;H;2;0;H;8;16;4;3;13;10;4;7;1;1;0;0;2.37;3.1;3.2;;;;;;;
SP1;22/04/2021;Sociedad;Celta;2;1;H;2;1;H;7;10;3;3;17;17;2;4;4;5;0;0;1.9;3.5;4.1;;;;;;;
SP1;22/04/2021;Barcelona;Getafe;5;2;H;3;1;H;9;5;6;1;8;15;3;1;2;0;0;0;1.25;5.75;13.0;;;;;;;
SP1;24/04/2021;Elche;Levante;1;0;H;1;0;H;8;6;3;1;10;14;4;2;3;4;0;0;2.7;3.2;2.6;;;;;;;
SP1;24/04/2021;Valladolid;Cadiz;1;1;D;1;0;H;13;6;6;2;11;20;5;7;1;3;0;0;1.9;3.25;4.33;;;;;;;
SP1;24/04/2021;Valencia;Alaves;1;1;D;0;0;D;9;6;2;2;17;16;7;2;4;0;0;1;2.1;3.25;3.6;;;;;;;
SP1;24/04/2021;Real Madrid;Betis;0;0;D;0;0;D;17;6;5;2;17;13;8;2;1;2;0;0;1.45;4.75;6.5;;;;;;;
SP1;25/04/2021;Huesca;Getafe;0;2;A;0;1;A;8;6;1;4;16;22;1;0;2;4;0;0;2.75;2.9;2.8;;;;;;;
SP1;25/04/2021;Villarreal;Barcelona;1;2;A;1;2;A;10;15;4;5;16;10;6;1;2;3;1;0;4.5;4.2;1.66;;;;;;;
SP1;25/04/2021;Celta;Osasuna;2;1;H;1;0;H;7;12;2;3;13;12;2;8;1;4;0;0;2.2;3.3;3.25;;;;;;;
SP1;25/04/2021;Sevilla;Granada;2;1;H;1;0;H;10;4;4;2;11;14;5;5;2;3;0;0;1.4;4.75;7.5;;;;;;;
SP1;25/04/2021;Ath Bilbao;Ath Madrid;2;1;H;1;0;H;11;14;3;3;20;7;4;11;4;2;0;0;4.0;3.5;1.85;;;;;;;
SP1;26/04/2021;Eibar;Sociedad;0;1;A;0;1;A;14;5;5;2;8;20;2;3;5;1;0;0;4.0;3.6;1.85;;;;;;;
SP1;28/04/2021;Ath Bilbao;Valladolid;2;2;D;1;0;H;13;14;7;4;8;13;5;7;1;1;0;0;1.85;3.2;5.0;;;;;;;
SP1;29/04/2021;Barcelona;Granada;1;2;A;1;0;H;16;6;4;2;10;22;6;1;0;4;0;0;1.14;8.0;17.0;;;;;;;
SP1;30/04/2021;Celta;Levante;2;0;H;0;0;D;8;10;5;2;12;13;1;5;2;2;0;0;1.8;3.75;4.33;;;;;;;
SP1;01/05/2021;Eibar;Alaves;3;0;H;1;0;H;15;6;4;2;12;12;10;5;0;2;0;0;2.5;3.1;3.0;;;;;;;
SP1;01/05/2021;Elche;Ath Madrid;0;1;A;0;1;A;6;11;1;4;20;16;3;2;3;3;0;0;9.0;4.33;1.4;;;;;;;
SP1;01/05/2021;Huesca;Sociedad;1;0;H;0;0;D;10;7;3;3;14;11;2;7;2;2;0;0;3.75;3.5;2.0;;;;;;;
SP1;01/05/2021;Real Madrid;Osasuna;2;0;H;0;0;D;22;3;6;2;9;12;7;0;0;2;0;0;1.36;5.0;8.5;;;;;;;
SP1;02/05/2021;Valladolid;Betis;1;1;D;0;0;D;10;11;2;4;7;14;3;2;2;5;0;0;3.0;3.5;2.3;;;;;;;
SP1;02/05/2021;Villarreal;Getafe;1;0;H;0;0;D;4;15;3;3;13;17;4;4;1;2;0;0;2.1;2.9;4.1;;;;;;;
SP1;02/05/2021;Granada;Cadiz;0;1;A;0;1;A;9;8;2;4;12;10;6;5;7;2;1;0;1.85;3.3;4.75;;;;;;;
SP1;02/05/2021;Valencia;Barcelona;2;3;A;0;0;D;9;14;4;7;12;14;2;1;2;1;0;0;7.0;5.5;1.36;;;;;;;
SP1;03/05/2021;Sevilla;Ath Bilbao;0;1;A;0;0;D;18;8;3;2;13;15;6;2;1;0;0;0;1.57;4.0;5.75;;;;;;;
SP1;07/05/2021;Sociedad;Elche;2;0;H;0;0;D;16;1;3;0;8;10;7;0;1;3;0;1;1.45;4.1;8.0;;;;;;;
SP1;08/05/2021;Alaves;Levante;2;2;D;1;2;A;15;6;5;3;12;18;8;3;2;1;0;0;2.1;3.4;3.5;;;;;;;
SP1;08/05/2021;Barcelona;Ath Madrid;0;0;D;0;0;D;12;11;7;6;13;26;5;7;3;3;0;0;1.75;3.8;4.5;;;;;;;
SP1;08/05/2021;Cadiz;Huesca;2;1;H;2;1;H;11;13;1;5;14;13;3;3;4;0;0;0;3.6;3.2;2.15;;;;;;;
SP1;08/05/2021;Ath Bilbao;Osasuna;2;2;D;1;1;D;13;13;3;4;4;10;10;4;1;2;0;0;1.8;3.5;4.75;;;;;;;
SP1;09/05/2021;Getafe;Eibar;0;1;A;0;0;D;10;7;2;3;11;11;4;2;1;2;0;0;2.15;3.1;3.75;;;;;;;
SP1;09/05/2021;Valencia;Valladolid;3;0;H;1;0;H;6;19;3;2;17;6;1;9;0;0;0;0;2.05;3.3;3.8;;;;;;;
SP1;09/05/2021;Villarreal;Celta;2;4;A;1;3;A;16;11;7;6;11;16;5;3;3;3;2;1;1.95;3.6;3.8;;;;;;;
SP1;09/05/2021;Real Madrid;Sevilla;2;2;D;0;1;A;16;7;6;3;8;8;7;3;1;2;0;0;1.9;3.75;3.75;;;;;;;
SP1;10/05/2021;Betis;Granada;2;1;H;1;0;H;14;11;6;5;16;11;9;2;2;4;0;0;1.75;3.8;4.75;;;;;;;
SP1;11/05/2021;Osasuna;Cadiz;3;2;H;1;0;H;14;10;4;4;15;12;3;5;2;2;0;0;1.95;3.4;4.0;;;;;;;
SP1;11/05/2021;Elche;Alaves;0;2;A;0;1;A;11;9;4;2;21;15;7;5;2;4;0;0;2.9;3.0;2.6;;;;;;;
SP1;11/05/2021;Levante;Barcelona;3;3;D;0;2;A;16;17;6;5;12;4;8;6;2;2;0;0;12.0;8.0;1.18;;;;;;;
SP1;12/05/2021;Sevilla;Valencia;1;0;H;0;0;D;10;6;4;2;17;6;3;5;2;2;0;0;1.44;4.5;7.0;;;;;;;
SP1;12/05/2021;Celta;Getafe;1;0;H;1;0;H;4;13;1;4;16;18;1;5;1;3;0;0;2.35;3.25;3.0;;;;;;;
SP1;12/05/2021;Huesca;Ath Bilbao;1;0;H;0;0;D;18;4;6;3;9;14;5;0;0;1;0;0;2.5;3.2;2.9;;;;;;;
SP1;12/05/2021;Ath Madrid;Sociedad;2;1;H;2;0;H;12;14;4;7;11;15;1;7;0;0;0;0;1.6;4.0;5.5;;;;;;;
SP1;13/05/2021;Valladolid;Villarreal;0;2;A;0;0;D;11;9;2;3;15;14;3;6;3;1;0;0;3.8;3.5;1.95;;;;;;;
SP1;13/05/2021;Eibar;Betis;1;1;D;0;1;A;14;9;4;4;12;8;5;4;3;1;0;0;2.8;3.25;2.55;;;;;;;
SP1;13/05/2021;Granada;Real Madrid;1;4;A;0;2;A;10;16;5;7;15;9;2;3;3;3;0;0;8.0;4.5;1.4;;;;;;;
SP1;16/05/2021;Alaves;Granada;4;2;H;2;1;H;14;5;9;2;7;11;6;1;2;4;0;0;1.83;3.75;4.0;;;;;;;
SP1;16/05/2021;Ath Bilbao;Real Madrid;0;1;A;0;0;D;8;11;1;2;10;7;4;11;3;2;1;0;5.0;4.2;1.6;;;;;;;
SP1;16/05/2021;Ath Madrid;Osasuna;2;1;H;0;0;D;26;5;9;2;2;13;8;0;1;2;0;0;1.22;5.75;15.0;;;;;;;
SP1;16/05/2021;Barcelona;Celta;1;2;A;1;1;D;20;4;4;4;9;14;7;1;3;2;1;0;1.2;7.5;11.0;;;;;;;
SP1;16/05/2021;Betis;Huesca;1;0;H;0;0;D;10;7;2;0;15;19;2;5;1;5;0;1;1.75;3.8;4.33;;;;;;;
SP1;16/05/2021;Cadiz;Elche;1;3;A;1;0;H;7;20;3;5;13;15;1;8;3;4;0;0;3.2;3.1;2.35;;;;;;;
SP1;16/05/2021;Getafe;Levante;2;1;H;1;1;D;9;5;3;1;15;11;3;4;5;0;1;0;1.61;3.8;5.75;;;;;;;
SP1;16/05/2021;Sociedad;Valladolid;4;1;H;4;0;H;13;19;8;5;16;11;2;4;2;4;0;1;1.61;3.75;6.0;;;;;;;
SP1;16/05/2021;Valencia;Eibar;4;1;H;3;1;H;9;20;5;8;5;7;2;10;0;0;0;0;2.87;3.4;2.37;;;;;;;
SP1;16/05/2021;Villarreal;Sevilla;4;0;H;1;0;H;12;17;5;5;9;7;3;6;0;3;0;1;2.37;3.4;2.87;;;;;;;
SP1;21/05/2021;Levante;Cadiz;2;2;D;1;2;A;17;6;4;2;17;8;7;0;0;2;0;0;1.75;4.1;4.1;;;;;;;
SP1;22/05/2021;Celta;Betis;2;3;A;1;0;H;11;11;4;5;20;20;8;4;6;7;0;1;3.2;3.8;2.1;;;;;;;
SP1;22/05/2021;Eibar;Barcelona;0;1;A;0;0;D;17;7;3;3;11;15;6;3;0;3;0;0;4.33;4.75;1.65;;;;;;;
SP1;22/05/2021;Elche;Ath Bilbao;2;0;H;1;0;H;8;8;3;2;10;6;3;1;3;0;0;0;1.95;3.6;3.8;;;;;;;
SP1;22/05/2021;Huesca;Valencia;0;0;D;0;0;D;23;11;8;4;17;15;9;3;2;1;0;0;1.65;4.2;5.0;;;;;;;
SP1;22/05/2021;Osasuna;Sociedad;0;1;A;0;0;D;7;11;1;1;15;7;3;3;1;0;0;0;5.0;4.33;1.61;;;;;;;
SP1;22/05/2021;Real Madrid;Villarreal;2;1;H;0;1;A;14;6;4;2;8;13;6;1;0;0;0;0;1.4;5.0;6.5;;;;;;;
SP1;22/05/2021;Valladolid;Ath Madrid;1;2;A;1;0;H;10;14;4;3;11;11;4;6;4;6;0;0;9.0;5.25;1.33;;;;;;;
SP1;23/05/2021;Granada;Getafe;0;0;D;0;0;D;9;11;3;2;16;13;6;3;4;2;0;0;2.62;3.4;2.6;;;;;;;
SP1;23/05/2021;Sevilla;Alaves;1;0;H;0;0;D;11;11;2;2;11;8;6;4;1;0;0;0;1.5;4.33;6.5;;;;;;;
SP1;13/08/2021;Valencia;Getafe;1;0;H;1;0;H;4;22;2;4;24;15;1;9;6;3;1;1;2.55;3.0;3.1;;;;;;;
SP1;14/08/2021;Cadiz;Levante;1;1;D;0;1;A;7;12;2;3;10;16;2;4;1;5;0;0;2.8;3.25;2.6;;;;;;;
SP1;14/08/2021;Mallorca;Betis;1;1;D;1;0;H;6;10;2;1;12;18;4;3;1;3;0;0;3.3;3.4;2.2;;;;;;;
SP1;14/08/2021;Alaves;Real Madrid;1;4;A;0;0;D;11;19;4;7;14;10;0;4;1;2;0;0;7.0;4.75;1.44;;;;;;;
SP1;14/08/2021;Osasuna;Espanol;0;0;D;0;0;D;14;10;1;3;18;12;4;6;3;3;0;0;2.25;3.2;3.4;;;;;;;
SP1;15/08/2021;Celta;Ath Madrid;1;2;A;0;1;A;10;13;2;4;11;9;2;5;4;5;1;1;4.2;3.4;1.9;;;;;;;
SP1;15/08/2021;Barcelona;Sociedad;4;2;H;2;0;H;13;11;8;3;11;18;5;3;2;4;0;0;1.72;4.0;4.5;;;;;;;
SP1;15/08/2021;Sevilla;Vallecano;3;0;H;1;0;H;21;4;8;3;14;7;4;0;1;0;0;1;1.44;4.2;8.0;;;;;;;
SP1;16/08/2021;Villarreal;Granada;0;0;D;0;0;D;14;6;4;1;19;21;6;2;5;1;1;0;1.53;4.2;6.5;;;;;;;
SP1;16/08/2021;Elche;Ath Bilbao;0;0;D;0;0;D;8;9;2;3;13;19;6;8;2;2;0;0;3.8;3.3;2.05;;;;;;;
SP1;20/08/2021;Betis;Cadiz;1;1;D;1;1;D;16;8;7;3;12;10;4;5;4;0;0;0;1.5;4.2;7.0;;;;;;;
SP1;21/08/2021;Alaves;Mallorca;0;1;A;0;0;D;9;12;4;2;14;15;1;8;3;3;1;0;2.25;3.2;3.4;;;;;;;
SP1;21/08/2021;Espanol;Villarreal;0;0;D;0;0;D;14;12;3;2;10;10;9;7;3;4;0;0;3.1;3.4;2.3;;;;;;;
SP1;21/08/2021;Granada;Valencia;1;1;D;1;0;H;9;18;2;7;14;12;2;6;4;2;0;0;2.45;3.4;2.87;;;;;;;
SP1;21/08/2021;Ath Bilbao;Barcelona;1;1;D;0;0;D;16;9;7;3;15;10;13;2;1;2;0;1;4.0;3.75;1.85;;;;;;;
SP1;22/08/2021;Sociedad;Vallecano;1;0;H;0;0;D;13;9;8;1;19;15;5;4;3;4;0;0;1.44;4.33;7.5;;;;;;;
SP1;22/08/2021;Ath Madrid;Elche;1;0;H;1;0;H;8;4;4;2;16;10;2;1;2;2;0;0;1.22;5.75;17.0;;;;;;;
SP1;22/08/2021;Levante;Real Madrid;3;3;D;0;1;A;8;19;4;5;17;7;4;6;3;2;1;0;5.0;4.33;1.6;;;;;;;
SP1;23/08/2021;Getafe;Sevilla;0;1;A;0;0;D;12;9;0;3;18;10;5;4;2;2;0;0;3.5;3.2;2.2;;;;;;;
SP1;23/08/2021;Osasuna;Celta;0;0;D;0;0;D;15;4;7;0;19;8;1;2;4;3;0;0;2.62;3.25;2.75;;;;;;;
SP1;27/08/2021;Mallorca;Espanol;1;0;H;1;0;H;12;8;6;3;16;17;3;2;4;3;0;1;2.6;2.9;3.1;;;;;;;
SP1;27/08/2021;Valencia;Alaves;3;0;H;2;0;H;9;10;4;3;20;15;4;4;1;4;0;0;1.75;3.6;4.75;;;;;;;
SP1;28/08/2021;Celta;Ath Bilbao;0;1;A;0;1;A;13;6;0;2;12;11;5;4;2;1;0;0;2.4;3.2;3.1;;;;;;;
SP1;28/08/2021;Elche;Sevilla;1;1;D;1;1;D;7;18;4;5;6;9;5;3;2;0;0;0;5.0;3.6;1.72;;;;;;;
SP1;28/08/2021;Sociedad;Levante;1;0;H;1;0;H;7;6;2;0;17;13;2;2;1;1;0;0;1.53;4.2;6.0;;;;;;;
SP1;28/08/2021;Betis;Real Madrid;0;1;A;0;0;D;11;13;6;3;15;13;3;7;5;3;0;0;4.2;3.8;1.8;;;;;;;
SP1;29/08/2021;Barcelona;Getafe;2;1;H;2;1;H;7;8;3;3;16;22;3;2;3;1;0;0;1.4;4.75;7.5;;;;;;;
SP1;29/08/2021;Cadiz;Osasuna;2;3;A;1;0;H;7;14;3;4;9;6;4;11;4;0;0;0;3.2;3.0;2.45;;;;;;;
SP1;29/08/2021;Vallecano;Granada;4;0;H;3;0;H;19;9;6;3;19;14;5;6;1;4;0;0;2.55;3.2;2.87;;;;;;;
SP1;29/08/2021;Ath Madrid;Villarreal;2;2;D;0;0;D;24;2;5;2;11;6;16;0;4;2;0;0;1.75;3.4;5.25;;;;;;;
SP1;11/09/2021;Levante;Vallecano;1;1;D;1;0;H;7;22;2;6;14;16;2;5;3;4;0;0;2.1;3.4;3.5;;;;;;;
SP1;11/09/2021;Ath Bilbao;Mallorca;2;0;H;0;0;D;19;7;5;1;7;13;7;2;1;2;0;0;1.72;3.6;5.25;;;;;;;
SP1;12/09/2021;Espanol;Ath Madrid;1;2;A;1;0;H;9;13;3;3;10;11;6;3;1;4;0;0;4.33;3.3;1.9;;;;;;;
SP1;12/09/2021;Osasuna;Valencia;1;4;A;1;1;D;11;10;2;4;20;14;4;4;4;2;0;0;2.4;3.2;3.1;;;;;;;
SP1;12/09/2021;Cadiz;Sociedad;0;2;A;0;0;D;6;16;1;4;10;9;2;8;4;0;1;0;5.0;3.6;1.75;;;;;;;
SP1;12/09/2021;Real Madrid;Celta;5;2;H;1;2;A;15;11;11;4;8;16;7;3;2;3;0;0;1.36;5.25;8.0;;;;;;;
SP1;13/09/2021;Getafe;Elche;0;1;A;0;0;D;10;8;1;3;6;14;8;2;2;3;0;0;1.8;3.4;4.75;;;;;;;
SP1;13/09/2021;Granada;Betis;1;2;A;0;1;A;11;19;2;9;7;14;6;8;1;2;0;0;3.1;3.25;2.37;;;;;;;
SP1;17/09/2021;Celta;Cadiz;1;2;A;0;2;A;14;7;4;3;8;8;7;1;3;3;0;0;1.45;4.33;7.0;;;;;;;
SP1;18/09/2021;Vallecano;Getafe;3;0;H;1;0;H;11;13;5;3;20;16;5;3;6;7;0;0;2.37;2.9;3.4;;;;;;;
SP1;18/09/2021;Ath Madrid;Ath Bilbao;0;0;D;0;0;D;14;6;2;0;10;13;5;5;6;2;1;0;1.65;3.6;6.0;;;;;;;
SP1;18/09/2021;Elche;Levante;1;1;D;1;0;H;9;11;2;6;10;14;4;7;2;2;0;0;2.4;3.1;3.2;;;;;;;
SP1;18/09/2021;Alaves;Osasuna;0;2;A;0;2;A;8;13;3;5;11;14;2;8;4;3;0;0;3.1;3.0;2.55;;;;;;;
SP1;19/09/2021;Mallorca;Villarreal;0;0;D;0;0;D;10;11;1;3;11;16;3;1;2;3;0;0;3.5;3.0;2.3;;;;;;;
SP1;19/09/2021;Sociedad;Sevilla;0;0;D;0;0;D;11;11;4;4;16;11;5;6;2;3;0;0;2.55;3.2;2.87;;;;;;;
SP1;19/09/2021;Betis;Espanol;2;2;D;2;1;H;23;11;9;4;13;9;10;4;4;4;1;0;2.0;3.2;4.2;;;;;;;
SP1;19/09/2021;Valencia;Real Madrid;1;2;A;0;0;D;12;18;4;10;14;14;2;5;1;5;0;0;3.8;3.8;1.9;;;;;;;
SP1;20/09/2021;Barcelona;Granada;1;1;D;0;1;A;17;5;6;2;15;20;12;4;3;6;0;0;1.28;5.75;10.0;;;;;;;
SP1;21/09/2021;Getafe;Ath Madrid;1;2;A;1;0;H;7;12;2;4;15;11;2;5;4;5;1;0;6.0;3.5;1.66;;;;;;;
SP1;21/09/2021;Ath Bilbao;Vallecano;1;2;A;1;1;D;8;8;1;3;16;20;2;1;3;3;0;0;1.85;3.5;4.33;;;;;;;
SP1;21/09/2021;Levante;Celta;0;2;A;0;0;D;6;4;2;2;16;12;2;4;3;2;0;0;2.6;3.4;2.7;;;;;;;
SP1;22/09/2021;Espanol;Alaves;1;0;H;0;0;D;10;8;2;2;14;18;4;8;2;1;0;0;1.8;3.5;4.75;;;;;;;
SP1;22/09/2021;Sevilla;Valencia;3;1;H;3;1;H;11;8;5;3;25;21;1;4;5;3;0;0;1.61;3.8;6.0;;;;;;;
SP1;22/09/2021;Real Madrid;Mallorca;6;1;H;3;1;H;18;17;12;5;18;8;3;2;2;1;0;0;1.22;6.5;12.0;;;;;;;
SP1;22/09/2021;Villarreal;Elche;4;1;H;2;1;H;14;9;9;3;16;11;8;7;1;2;0;0;1.5;4.2;6.5;;;;;;;
SP1;23/09/2021;Granada;Sociedad;2;3;A;1;0;H;10;20;2;11;11;16;4;7;5;1;0;0;4.2;3.4;1.9;;;;;;;
SP1;23/09/2021;Osasuna;Betis;1;3;A;1;1;D;11;16;3;9;18;10;4;7;2;0;0;0;2.37;3.25;3.0;;;;;;;
SP1;23/09/2021;Cadiz;Barcelona;0;0;D;0;0;D;13;6;3;2;16;8;4;5;3;4;0;1;6.0;4.33;1.5;;;;;;;
SP1;25/09/2021;Alaves;Ath Madrid;1;0;H;1;0;H;7;13;1;1;18;11;3;8;2;3;0;0;7.5;4.0;1.5;;;;;;;
SP1;25/09/2021;Valencia;Ath Bilbao;1;1;D;0;0;D;13;12;6;4;14;17;4;5;5;2;1;0;2.6;3.2;2.8;;;;;;;
SP1;25/09/2021;Sevilla;Espanol;2;0;H;1;0;H;12;13;5;2;10;8;4;8;4;0;1;0;1.57;3.8;6.5;;;;;;;
SP1;25/09/2021;Real Madrid;Villarreal;0;0;D;0;0;D;15;6;2;2;10;12;6;3;1;2;0;0;1.5;4.75;5.75;;;;;;;
SP1;26/09/2021;Mallorca;Osasuna;2;3;A;2;1;H;17;12;8;6;8;17;5;5;2;3;0;0;2.7;3.2;2.75;;;;;;;
SP1;26/09/2021;Barcelona;Levante;3;0;H;2;0;H;20;6;12;2;11;16;11;1;1;3;0;0;1.4;5.5;6.5;;;;;;;
SP1;26/09/2021;Sociedad;Elche;1;0;H;0;0;D;17;5;5;2;12;16;6;1;1;3;0;0;1.4;4.5;9.0;;;;;;;
SP1;26/09/2021;Vallecano;Cadiz;3;1;H;2;1;H;13;6;6;1;11;11;4;3;2;4;0;0;1.6;3.8;6.0;;;;;;;
SP1;26/09/2021;Betis;Getafe;2;0;H;1;0;H;20;8;5;3;12;19;3;3;1;3;0;0;1.75;3.6;4.75;;;;;;;
SP1;27/09/2021;Celta;Granada;1;0;H;0;0;D;14;7;5;4;9;12;5;3;2;7;0;0;1.61;4.0;5.5;;;;;;;
SP1;01/10/2021;Ath Bilbao;Alaves;1;0;H;1;0;H;16;17;5;5;16;12;13;9;3;2;0;0;1.53;3.75;7.5;;;;;;;
SP1;02/10/2021;Osasuna;Vallecano;1;0;H;0;0;D;7;7;3;0;19;9;6;3;3;3;0;0;2.15;3.4;3.4;;;;;;;
SP1;02/10/2021;Mallorca;Levante;1;0;H;0;0;D;9;6;7;2;18;25;8;3;4;4;0;0;2.1;3.2;3.4;;;;;;;
SP1;02/10/2021;Cadiz;Valencia;0;0;D;0;0;D;2;16;1;4;16;11;1;3;3;4;0;0;3.4;3.0;2.3;;;;;;;
SP1;02/10/2021;Ath Madrid;Barcelona;2;0;H;2;0;H;6;9;3;2;13;10;2;6;2;1;0;0;1.9;3.5;4.0;;;;;;;
SP1;03/10/2021;Elche;Celta;1;0;H;0;0;D;12;10;5;1;14;19;7;4;4;3;0;0;3.3;3.2;2.3;;;;;;;
SP1;03/10/2021;Espanol;Real Madrid;2;1;H;1;0;H;8;18;4;4;12;13;2;8;2;1;0;0;5.0;4.0;1.66;;;;;;;
SP1;03/10/2021;Getafe;Sociedad;1;1;D;1;0;H;9;10;2;5;16;11;2;5;4;2;0;0;3.6;3.1;2.2;;;;;;;
SP1;03/10/2021;Villarreal;Betis;2;0;H;1;0;H;11;10;5;3;14;9;4;6;2;4;0;0;2.0;3.6;3.6;;;;;;;
SP1;03/10/2021;Granada;Sevilla;1;0;H;1;0;H;3;14;1;3;13;11;2;6;3;4;0;1;4.8;3.4;1.72;;;;;;;
SP1;16/10/2021;Levante;Getafe;0;0;D;0;0;D;6;14;2;4;14;10;3;11;3;3;0;0;2.5;2.9;3.25;;;;;;;
SP1;16/10/2021;Sociedad;Mallorca;1;0;H;0;0;D;10;7;2;1;11;21;2;6;3;3;1;0;1.4;4.5;8.5;;;;;;;
SP1;17/10/2021;Vallecano;Elche;2;1;H;1;1;D;10;7;4;3;16;11;6;2;2;2;0;0;1.8;3.5;4.75;;;;;;;
SP1;17/10/2021;Celta;Sevilla;0;1;A;0;0;D;14;8;3;2;13;9;5;4;2;3;0;0;3.4;3.25;2.2;;;;;;;
SP1;17/10/2021;Villarreal;Osasuna;1;2;A;0;1;A;11;6;6;2;6;14;4;4;1;5;0;0;1.66;3.75;5.25;;;;;;;
SP1;17/10/2021;Barcelona;Valencia;3;1;H;2;1;H;12;9;5;3;16;13;9;3;2;3;0;0;1.5;4.33;6.5;;;;;;;
SP1;18/10/2021;Alaves;Betis;0;1;A;0;0;D;14;19;2;4;8;11;7;7;1;1;0;0;3.5;3.3;2.15;;;;;;;
SP1;18/10/2021;Espanol;Cadiz;2;0;H;1;0;H;14;13;6;2;8;10;7;9;1;0;0;0;1.66;3.6;5.75;;;;;;;
SP1;22/10/2021;Osasuna;Granada;1;1;D;1;0;H;17;9;6;4;15;11;4;1;1;3;1;0;1.72;3.5;5.25;;;;;;;
SP1;23/10/2021;Valencia;Mallorca;2;2;D;0;2;A;20;9;6;4;15;19;5;0;4;5;0;2;1.66;3.8;5.25;;;;;;;
SP1;23/10/2021;Cadiz;Alaves;0;2;A;0;1;A;23;8;4;4;11;14;14;3;0;2;0;0;2.5;2.9;3.2;;;;;;;
SP1;23/10/2021;Elche;Espanol;2;2;D;1;0;H;12;20;7;7;15;9;3;7;3;1;0;0;2.7;3.0;2.87;;;;;;;
SP1;23/10/2021;Ath Bilbao;Villarreal;2;1;H;1;1;D;14;11;7;3;7;12;9;2;0;3;0;0;2.45;3.0;3.2;;;;;;;
SP1;24/10/2021;Sevilla;Levante;5;3;H;3;1;H;18;12;11;7;13;6;10;3;1;2;0;0;1.44;4.2;8.0;;;;;;;
SP1;24/10/2021;Barcelona;Real Madrid;1;2;A;0;1;A;12;10;2;5;17;13;7;4;1;1;0;0;2.75;3.6;2.45;;;;;;;
SP1;24/10/2021;Betis;Vallecano;3;2;H;2;1;H;11;14;5;3;12;12;4;4;1;2;0;0;1.83;3.75;4.2;;;;;;;
SP1;24/10/2021;Ath Madrid;Sociedad;2;2;D;0;1;A;17;8;4;4;14;14;4;3;1;3;0;0;1.61;3.7;6.0;;;;;;;
SP1;25/10/2021;Getafe;Celta;0;3;A;0;0;D;11;16;2;8;15;11;2;7;2;2;2;0;2.5;3.0;3.1;;;;;;;
SP1;26/10/2021;Alaves;Elche;1;0;H;0;0;D;16;4;5;1;13;9;4;7;1;1;0;0;2.3;3.0;3.5;;;;;;;
SP1;26/10/2021;Espanol;Ath Bilbao;1;1;D;1;0;H;14;23;3;7;7;12;8;12;1;2;1;0;2.9;3.0;2.62;;;;;;;
SP1;26/10/2021;Villarreal;Cadiz;3;3;D;1;2;A;14;9;5;4;13;9;8;2;3;6;0;0;1.3;5.5;9.5;;;;;;;
SP1;27/10/2021;Mallorca;Sevilla;1;1;D;1;0;H;11;10;4;3;16;14;4;2;3;6;1;0;5.5;3.3;1.75;;;;;;;
SP1;27/10/2021;Vallecano;Barcelona;1;0;H;1;0;H;13;16;3;1;17;12;3;7;2;2;0;0;4.33;3.75;1.8;;;;;;;
SP1;27/10/2021;Betis;Valencia;4;1;H;2;1;H;14;10;9;4;14;19;4;7;2;5;0;0;1.85;3.5;4.5;;;;;;;
SP1;27/10/2021;Real Madrid;Osasuna;0;0;D;0;0;D;17;7;3;0;12;10;11;3;1;1;0;0;1.3;5.5;9.0;;;;;;;
SP1;28/10/2021;Celta;Sociedad;0;2;A;0;0;D;14;11;6;4;12;11;7;6;1;0;0;0;2.87;3.4;2.45;;;;;;;
SP1;28/10/2021;Granada;Getafe;1;1;D;0;1;A;18;6;3;4;10;15;5;0;1;4;0;0;2.6;2.8;3.25;;;;;;;
SP1;28/10/2021;Levante;Ath Madrid;2;2;D;1;1;D;10;7;3;3;15;11;5;2;3;5;1;0;5.5;3.8;1.65;;;;;;;
SP1;30/10/2021;Elche;Real Madrid;1;2;A;0;1;A;13;17;4;5;11;13;5;4;2;0;1;0;7.5;4.5;1.44;;;;;;;
SP1;30/10/2021;Sevilla;Osasuna;2;0;H;1;0;H;16;10;4;3;17;10;4;5;2;2;0;0;1.53;4.0;7.0;;;;;;;
SP1;30/10/2021;Valencia;Villarreal;2;0;H;1;0;H;9;11;3;1;19;17;7;6;2;4;0;0;2.9;3.4;2.45;;;;;;;
SP1;30/10/2021;Barcelona;Alaves;1;1;D;0;0;D;16;3;5;2;11;11;9;0;0;2;0;0;1.28;5.5;11.0;;;;;;;
SP1;31/10/2021;Cadiz;Mallorca;1;1;D;0;1;A;13;11;2;5;14;16;6;5;3;7;0;2;2.5;3.0;3.2;;;;;;;
SP1;31/10/2021;Ath Madrid;Betis;3;0;H;1;0;H;18;8;9;1;11;12;13;0;0;0;0;0;1.6;3.8;6.0;;;;;;;
SP1;31/10/2021;Getafe;Espanol;2;1;H;1;1;D;12;10;7;3;18;11;6;11;7;4;0;0;2.45;3.0;3.2;;;;;;;
SP1;31/10/2021;Sociedad;Ath Bilbao;1;1;D;0;0;D;8;11;3;5;21;14;2;7;4;3;0;1;2.1;3.2;3.8;;;;;;;
SP1;01/11/2021;Vallecano;Celta;0;0;D;0;0;D;11;10;5;4;13;14;4;7;2;5;0;0;2.37;3.25;3.1;;;;;;;
SP1;01/11/2021;Levante;Granada;0;3;A;0;2;A;12;12;3;6;14;13;3;5;4;2;0;0;1.95;3.4;4.0;;;;;;;
SP1;05/11/2021;Ath Bilbao;Cadiz;0;1;A;0;1;A;15;8;5;4;14;19;5;1;2;1;0;0;1.36;4.75;9.0;;;;;;;
SP1;06/11/2021;Espanol;Granada;2;0;H;2;0;H;17;18;6;5;12;8;5;3;1;1;0;0;1.85;3.4;4.5;;;;;;;
SP1;06/11/2021;Celta;Barcelona;3;3;D;0;3;A;18;10;4;6;18;18;3;1;3;6;0;0;3.3;3.6;2.1;;;;;;;
SP1;06/11/2021;Alaves;Levante;2;1;H;0;1;A;10;12;3;7;21;17;1;3;3;3;0;0;2.5;3.0;3.2;;;;;;;
SP1;06/11/2021;Real Madrid;Vallecano;2;1;H;2;0;H;15;19;7;7;8;14;4;5;1;2;0;0;1.33;5.5;8.0;;;;;;;
SP1;07/11/2021;Villarreal;Getafe;1;0;H;1;0;H;10;5;4;2;12;13;6;4;1;1;0;0;1.5;4.0;7.0;;;;;;;
SP1;07/11/2021;Valencia;Ath Madrid;3;3;D;0;1;A;11;13;5;7;12;17;9;0;2;2;0;0;4.5;3.2;1.95;;;;;;;
SP1;07/11/2021;Mallorca;Elche;2;2;D;0;0;D;18;7;6;2;11;19;3;3;2;3;0;0;2.05;3.0;4.33;;;;;;;
SP1;07/11/2021;Osasuna;Sociedad;0;2;A;0;0;D;6;9;2;4;11;12;5;2;0;2;0;0;3.1;3.3;2.35;;;;;;;
SP1;07/11/2021;Betis;Sevilla;0;2;A;0;0;D;8;11;1;2;12;13;2;1;3;1;1;0;3.0;3.3;2.45;;;;;;;
SP1;19/11/2021;Levante;Ath Bilbao;0;0;D;0;0;D;15;7;2;2;16;7;6;3;2;1;0;0;3.5;3.3;2.15;;;;;;;
SP1;20/11/2021;Celta;Villarreal;1;1;D;0;1;A;12;18;3;6;14;17;3;5;1;1;0;0;2.75;3.3;2.55;;;;;;;
SP1;20/11/2021;Sevilla;Alaves;2;2;D;1;2;A;16;8;6;3;14;17;5;2;4;4;0;0;1.44;4.33;8.5;;;;;;;
SP1;20/11/2021;Ath Madrid;Osasuna;1;0;H;0;0;D;15;9;2;3;7;8;7;4;2;2;0;0;1.44;4.33;8.0;;;;;;;
SP1;20/11/2021;Barcelona;Espanol;1;0;H;0;0;D;16;12;6;2;17;9;4;4;4;2;0;0;1.36;5.25;7.5;;;;;;;
SP1;21/11/2021;Getafe;Cadiz;4;0;H;1;0;H;17;10;8;2;14;7;3;7;2;4;0;0;2.0;3.1;4.33;;;;;;;
SP1;21/11/2021;Granada;Real Madrid;1;4;A;1;2;A;11;21;3;10;10;7;9;6;1;1;1;0;7.0;4.5;1.45;;;;;;;
SP1;21/11/2021;Elche;Betis;0;3;A;0;3;A;14;9;4;4;12;14;10;1;1;2;0;1;3.6;3.4;2.1;;;;;;;
SP1;21/11/2021;Sociedad;Valencia;0;0;D;0;0;D;9;8;2;3;11;16;2;4;4;7;1;0;1.72;3.8;4.75;;;;;;;
SP1;22/11/2021;Vallecano;Mallorca;3;1;H;2;0;H;15;11;6;5;14;17;6;4;3;2;0;0;1.8;3.5;4.75;;;;;;;
SP1;26/11/2021;Ath Bilbao;Granada;2;2;D;1;2;A;17;8;5;4;12;9;8;3;1;1;1;0;1.36;4.75;9.5;;;;;;;
SP1;27/11/2021;Alaves;Celta;1;2;A;1;1;D;13;8;5;5;12;15;5;3;3;2;0;0;2.9;3.1;2.55;;;;;;;
SP1;27/11/2021;Valencia;Vallecano;1;1;D;1;0;H;8;12;4;6;18;15;3;9;6;5;0;0;2.0;3.4;3.9;;;;;;;
SP1;27/11/2021;Mallorca;Getafe;0;0;D;0;0;D;12;11;2;0;8;19;2;0;3;0;0;0;2.3;2.9;3.75;;;;;;;
SP1;27/11/2021;Villarreal;Barcelona;1;3;A;0;0;D;14;12;2;6;19;14;4;4;2;2;0;0;2.7;3.4;2.6;;;;;;;
SP1;28/11/2021;Betis;Levante;3;1;H;0;1;A;26;8;8;2;16;9;5;8;2;3;0;0;1.66;4.2;4.75;;;;;;;
SP1;28/11/2021;Espanol;Sociedad;1;0;H;0;0;D;8;10;2;4;15;7;2;9;1;1;0;0;3.2;3.2;2.3;;;;;;;
SP1;28/11/2021;Cadiz;Ath Madrid;1;4;A;0;0;D;8;17;0;7;13;11;4;8;2;0;0;0;8.0;3.8;1.5;;;;;;;
SP1;28/11/2021;Real Madrid;Sevilla;2;1;H;1;1;D;14;11;4;6;10;9;0;4;3;3;0;0;1.7;4.0;4.75;;;;;;;
SP1;29/11/2021;Osasuna;Elche;1;1;D;1;1;D;17;10;4;4;16;12;5;4;1;3;0;0;1.8;3.4;4.75;;;;;;;
SP1;01/12/2021;Real Madrid;Ath Bilbao;1;0;H;1;0;H;17;18;7;2;12;13;7;6;2;3;0;0;1.44;4.75;7.0;;;;;;;
SP1;03/12/2021;Granada;Alaves;2;1;H;1;0;H;9;14;2;2;17;15;3;5;2;2;0;0;2.37;3.1;3.25;;;;;;;
SP1;04/12/2021;Sevilla;Villarreal;1;0;H;1;0;H;8;16;3;2;9;10;5;8;2;2;0;0;2.0;3.3;4.0;;;;;;;
SP1;04/12/2021;Barcelona;Betis;0;1;A;0;0;D;12;8;3;2;17;12;6;1;1;2;0;0;1.5;4.5;6.5;;;;;;;
SP1;04/12/2021;Ath Madrid;Mallorca;1;2;A;0;0;D;14;10;6;3;13;16;8;5;2;5;0;0;1.3;5.25;11.0;;;;;;;
SP1;04/12/2021;Sociedad;Real Madrid;0;2;A;0;0;D;11;13;0;8;12;8;5;5;2;0;0;0;3.3;3.3;2.25;;;;;;;
SP1;05/12/2021;Vallecano;Espanol;1;0;H;0;0;D;7;10;0;3;18;11;6;3;3;3;0;1;2.15;3.1;3.8;;;;;;;
SP1;05/12/2021;Elche;Cadiz;3;1;H;1;0;H;8;15;3;6;16;15;3;3;7;3;0;0;2.05;3.1;4.2;;;;;;;
SP1;05/12/2021;Levante;Osasuna;0;0;D;0;0;D;11;11;3;1;12;16;7;2;2;3;0;0;2.4;3.2;3.1;;;;;;;
SP1;05/12/2021;Celta;Valencia;1;2;A;1;1;D;11;8;5;5;10;22;6;4;3;2;0;0;2.1;3.25;3.75;;;;;;;
SP1;06/12/2021;Getafe;Ath Bilbao;0;0;D;0;0;D;17;9;5;3;14;14;5;3;2;1;0;0;3.5;3.0;2.3;;;;;;;
SP1;10/12/2021;Mallorca;Celta;0;0;D;0;0;D;12;14;1;5;14;11;7;4;3;2;0;0;2.5;3.0;3.1;;;;;;;
SP1;11/12/2021;Espanol;Levante;4;3;H;1;2;A;17;14;8;5;9;15;4;2;4;4;0;1;2.05;3.3;3.8;;;;;;;
SP1;11/12/2021;Alaves;Getafe;1;1;D;0;1;A;9;11;1;2;18;15;1;1;4;4;1;0;2.45;2.9;3.2;;;;;;;
SP1;11/12/2021;Valencia;Elche;2;1;H;1;0;H;21;8;8;4;15;12;8;1;3;2;0;0;1.75;3.5;5.0;;;;;;;
SP1;11/12/2021;Ath Bilbao;Sevilla;0;1;A;0;1;A;13;6;2;1;17;10;9;2;4;3;0;0;2.5;3.0;3.1;;;;;;;
SP1;12/12/2021;Villarreal;Vallecano;2;0;H;2;0;H;13;19;5;7;16;14;5;6;1;3;0;0;1.72;3.8;4.75;;;;;;;
SP1;12/12/2021;Osasuna;Barcelona;2;2;D;1;1;D;8;10;3;2;16;16;6;5;5;4;0;0;4.0;3.5;1.9;;;;;;;
SP1;12/12/2021;Betis;Sociedad;4;0;H;1;0;H;11;15;5;5;12;10;4;7;3;1;0;0;2.25;3.3;3.3;;;;;;;
SP1;12/12/2021;Real Madrid;Ath Madrid;2;0;H;1;0;H;7;9;3;6;17;15;3;6;2;3;0;0;2.05;3.5;3.6;;;;;;;
SP1;13/12/2021;Cadiz;Granada;1;1;D;1;0;H;13;16;3;5;14;10;8;1;5;0;1;0;2.6;3.1;2.9;;;;;;;
SP1;17/12/2021;Celta;Espanol;3;1;H;1;0;H;12;6;5;3;13;5;3;3;2;1;0;0;1.95;3.4;4.0;;;;;;;
SP1;18/12/2021;Vallecano;Alaves;2;0;H;2;0;H;20;6;5;4;12;19;5;5;1;2;0;0;1.72;3.6;5.0;;;;;;;
SP1;18/12/2021;Sociedad;Villarreal;1;3;A;1;1;D;8;15;4;8;9;15;5;5;2;3;1;0;2.15;3.3;3.5;;;;;;;
SP1;18/12/2021;Barcelona;Elche;3;2;H;2;0;H;19;5;8;3;13;17;5;0;1;3;0;0;1.3;5.5;10.0;;;;;;;
SP1;18/12/2021;Sevilla;Ath Madrid;2;1;H;1;1;D;6;15;2;3;15;14;4;7;2;1;0;0;2.75;3.0;2.8;;;;;;;
SP1;19/12/2021;Granada;Mallorca;4;1;H;1;1;D;15;8;6;5;12;15;4;2;3;2;0;0;2.5;3.0;3.1;;;;;;;
SP1;19/12/2021;Ath Bilbao;Betis;3;2;H;1;1;D;9;16;6;8;7;12;5;6;1;3;0;0;2.15;3.25;3.5;;;;;;;
SP1;19/12/2021;Getafe;Osasuna;1;0;H;0;0;D;18;11;4;2;14;8;4;3;3;1;0;0;2.4;2.9;3.4;;;;;;;
SP1;19/12/2021;Real Madrid;Cadiz;0;0;D;0;0;D;36;4;9;0;9;10;13;2;1;1;0;0;1.2;7.5;11.0;;;;;;;
SP1;20/12/2021;Levante;Valencia;3;4;A;2;1;H;15;15;9;8;21;11;6;4;3;4;0;0;2.7;3.2;2.75;;;;;;;
SP1;21/12/2021;Villarreal;Alaves;5;2;H;2;1;H;24;4;10;2;16;14;6;2;0;2;0;0;1.33;5.0;9.5;;;;;;;
SP1;21/12/2021;Sevilla;Barcelona;1;1;D;1;1;D;5;23;1;7;15;13;4;9;2;3;1;0;2.5;3.2;2.9;;;;;;;
SP1;22/12/2021;Granada;Ath Madrid;2;1;H;1;1;D;6;15;4;3;17;7;2;7;4;1;0;0;6.0;3.7;1.61;;;;;;;
SP1;22/12/2021;Ath Bilbao;Real Madrid;1;2;A;1;2;A;15;12;2;7;17;7;7;0;2;2;0;0;3.4;3.5;2.1;;;;;;;
SP1;31/12/2021;Valencia;Espanol;1;2;A;0;0;D;12;15;2;4;19;14;7;5;7;3;1;0;1.8;3.8;4.2;;;;;;;
SP1;02/01/2022;Getafe;Real Madrid;1;0;H;1;0;H;6;14;3;4;20;8;2;9;3;2;0;0;5.5;3.75;1.65;;;;;;;
SP1;02/01/2022;Ath Madrid;Vallecano;2;0;H;1;0;H;15;5;5;0;14;12;8;2;3;0;0;0;1.36;4.5;9.5;;;;;;;
SP1;02/01/2022;Elche;Granada;0;0;D;0;0;D;18;10;2;5;18;15;6;3;3;3;1;0;2.5;3.1;3.0;;;;;;;
SP1;02/01/2022;Alaves;Sociedad;1;1;D;0;1;A;19;10;5;4;22;10;2;3;3;3;0;0;3.5;3.1;2.25;;;;;;;
SP1;02/01/2022;Betis;Celta;0;2;A;0;2;A;18;7;7;5;15;11;3;3;1;2;0;0;1.72;3.75;4.75;;;;;;;
SP1;02/01/2022;Mallorca;Barcelona;0;1;A;0;1;A;13;13;3;4;22;24;4;3;5;2;0;0;3.4;3.4;2.15;;;;;;;
SP1;03/01/2022;Villarreal;Levante;5;0;H;3;0;H;17;7;7;3;12;9;6;5;3;2;0;0;1.4;5.0;7.0;;;;;;;
SP1;03/01/2022;Osasuna;Ath Bilbao;1;3;A;1;2;A;15;17;4;5;12;7;4;5;5;2;1;0;3.1;3.0;2.5;;;;;;;
SP1;03/01/2022;Cadiz;Sevilla;0;1;A;0;0;D;9;14;2;4;5;9;2;8;0;1;0;0;4.75;3.3;1.85;;;;;;;
SP1;08/01/2022;Levante;Mallorca;2;0;H;0;0;D;16;15;8;8;20;11;5;5;3;1;1;0;2.2;3.25;3.4;;;;;;;
SP1;08/01/2022;Sociedad;Celta;1;0;H;1;0;H;12;4;3;0;10;18;6;4;3;3;0;0;1.83;3.3;4.75;;;;;;;
SP1;08/01/2022;Granada;Barcelona;1;1;D;0;0;D;14;13;4;1;9;21;3;2;2;5;0;1;4.5;3.8;1.75;;;;;;;
SP1;08/01/2022;Real Madrid;Valencia;4;1;H;1;0;H;23;12;8;7;15;24;3;8;3;3;0;0;1.37;5.0;8.0;;;;;;;
SP1;09/01/2022;Vallecano;Betis;1;1;D;0;1;A;17;9;7;5;18;13;6;4;1;3;0;1;2.5;3.4;2.8;;;;;;;
SP1;09/01/2022;Sevilla;Getafe;1;0;H;1;0;H;10;4;1;2;8;20;5;2;1;3;0;0;1.61;3.4;7.5;;;;;;;
SP1;09/01/2022;Alaves;Ath Bilbao;0;0;D;0;0;D;12;10;1;2;15;11;7;5;2;0;0;0;4.0;3.3;1.95;;;;;;;
SP1;09/01/2022;Osasuna;Cadiz;2;0;H;1;0;H;15;6;5;1;13;13;5;7;2;2;0;0;1.75;3.3;5.75;;;;;;;
SP1;09/01/2022;Villarreal;Ath Madrid;2;2;D;1;1;D;13;7;3;5;13;8;7;3;0;2;0;1;2.8;3.2;2.62;;;;;;;
SP1;10/01/2022;Espanol;Elche;1;2;A;1;2;A;8;3;3;2;13;18;13;0;4;6;0;0;1.9;3.25;4.5;;;;;;;
SP1;16/01/2022;Elche;Villarreal;1;0;H;0;0;D;5;9;2;4;12;15;3;8;4;3;0;0;4.5;3.6;1.8;;;;;;;
SP1;18/01/2022;Betis;Alaves;4;0;H;3;0;H;18;9;5;2;14;14;8;3;2;0;0;0;1.45;4.33;7.0;;;;;;;
SP1;18/01/2022;Cadiz;Espanol;2;2;D;0;1;A;10;14;4;7;14;9;3;2;5;1;0;0;3.25;3.1;2.37;;;;;;;
SP1;19/01/2022;Celta;Osasuna;2;0;H;2;0;H;5;9;3;0;14;11;0;5;1;2;0;0;1.85;3.5;4.33;;;;;;;
SP1;19/01/2022;Valencia;Sevilla;1;1;D;1;1;D;10;12;2;3;22;14;4;4;3;3;1;0;3.3;3.25;2.25;;;;;;;
SP1;20/01/2022;Getafe;Granada;4;2;H;1;1;D;12;7;4;4;15;10;4;8;3;4;0;0;2.1;3.2;3.8;;;;;;;
SP1;21/01/2022;Espanol;Betis;1;4;A;1;2;A;12;15;4;8;15;12;6;5;3;4;1;0;3.25;3.25;2.25;;;;;;;
SP1;22/01/2022;Levante;Cadiz;0;2;A;0;1;A;15;8;8;2;15;16;8;2;4;6;0;0;1.8;3.5;5.0;;;;;;;
SP1;22/01/2022;Villarreal;Mallorca;3;0;H;2;0;H;12;8;6;2;13;12;10;6;1;2;0;1;1.44;4.33;8.0;;;;;;;
SP1;22/01/2022;Sevilla;Celta;2;2;D;0;2;A;16;6;5;4;11;16;7;0;1;4;0;0;1.75;3.5;5.25;;;;;;;
SP1;22/01/2022;Ath Madrid;Valencia;3;2;H;0;2;A;16;7;6;3;13;22;5;4;5;6;0;0;1.44;4.2;8.5;;;;;;;
SP1;23/01/2022;Granada;Osasuna;0;2;A;0;0;D;6;16;2;7;12;15;4;3;0;2;0;0;2.5;3.2;3.0;;;;;;;
SP1;23/01/2022;Real Madrid;Elche;2;2;D;0;1;A;23;3;8;2;11;14;10;3;3;1;0;0;1.16;8.0;15.0;;;;;;;
SP1;23/01/2022;Sociedad;Getafe;0;0;D;0;0;D;9;9;3;2;17;13;7;2;1;1;0;0;1.66;3.5;6.0;;;;;;;
SP1;23/01/2022;Vallecano;Ath Bilbao;0;1;A;0;1;A;29;9;3;3;8;20;9;7;1;6;0;0;2.75;3.0;2.8;;;;;;;
SP1;23/01/2022;Alaves;Barcelona;0;1;A;0;0;D;6;10;2;4;16;8;1;10;0;0;0;0;6.0;4.0;1.57;;;;;;;
SP1;04/02/2022;Getafe;Levante;3;0;H;2;0;H;14;11;8;2;12;13;2;8;4;3;0;0;1.95;3.1;4.5;;;;;;;
SP1;05/02/2022;Elche;Alaves;3;1;H;0;1;A;14;6;4;2;15;11;7;3;1;1;0;0;2.37;3.1;3.3;;;;;;;
SP1;05/02/2022;Mallorca;Cadiz;2;1;H;1;1;D;17;12;5;5;14;15;6;4;2;4;0;0;1.83;3.4;4.6;;;;;;;
SP1;05/02/2022;Celta;Vallecano;2;0;H;1;0;H;13;11;3;0;17;17;7;2;0;2;0;0;1.9;3.4;4.33;;;;;;;
SP1;05/02/2022;Osasuna;Sevilla;0;0;D;0;0;D;9;9;3;4;13;7;1;1;1;1;0;0;3.6;3.2;2.15;;;;;;;
SP1;06/02/2022;Valencia;Sociedad;0;0;D;0;0;D;14;8;3;2;17;14;9;9;4;2;0;0;2.87;3.2;2.6;;;;;;;
SP1;06/02/2022;Barcelona;Ath Madrid;4;2;H;3;1;H;9;10;4;4;15;13;3;5;2;2;1;0;2.25;3.4;3.2;;;;;;;
SP1;06/02/2022;Betis;Villarreal;0;2;A;0;1;A;9;9;3;3;19;14;6;6;2;3;0;0;2.37;3.5;2.9;;;;;;;
SP1;06/02/2022;Real Madrid;Granada;1;0;H;0;0;D;24;7;11;3;9;11;9;2;2;1;0;0;1.25;6.0;11.0;;;;;;;
SP1;07/02/2022;Ath Bilbao;Espanol;2;1;H;2;1;H;7;7;4;3;17;11;5;3;3;3;0;0;1.6;3.8;6.0;;;;;;;
SP1;11/02/2022;Sevilla;Elche;2;0;H;0;0;D;14;7;6;1;13;14;5;4;1;5;0;0;1.45;4.33;7.5;;;;;;;
SP1;12/02/2022;Cadiz;Celta;0;0;D;0;0;D;8;6;2;1;12;19;3;3;3;2;0;0;3.8;3.4;2.05;;;;;;;
SP1;12/02/2022;Villarreal;Real Madrid;0;0;D;0;0;D;9;17;2;6;11;10;3;3;2;4;0;0;2.5;3.5;2.7;;;;;;;
SP1;12/02/2022;Vallecano;Osasuna;0;3;A;0;2;A;10;12;3;5;11;16;4;5;2;1;0;0;2.15;3.25;3.5;;;;;;;
SP1;12/02/2022;Ath Madrid;Getafe;4;3;H;3;3;D;11;10;7;4;18;17;5;4;3;4;1;0;1.45;4.2;8.0;;;;;;;
SP1;13/02/2022;Alaves;Valencia;2;1;H;1;0;H;9;9;5;4;15;17;5;9;4;3;0;0;2.8;3.2;2.6;;;;;;;
SP1;13/02/2022;Levante;Betis;2;4;A;1;3;A;12;19;4;11;13;8;5;7;1;2;1;0;3.4;3.6;2.1;;;;;;;
SP1;13/02/2022;Sociedad;Granada;2;0;H;1;0;H;18;15;8;2;13;13;6;5;0;2;0;0;1.4;4.5;9.0;;;;;;;
SP1;13/02/2022;Espanol;Barcelona;2;2;D;1;1;D;10;12;4;4;14;13;3;5;5;4;1;1;5.0;3.6;1.75;;;;;;;
SP1;14/02/2022;Mallorca;Ath Bilbao;3;2;H;2;0;H;16;7;5;2;22;15;6;6;6;4;0;0;3.4;3.1;2.3;;;;;;;
SP1;16/02/2022;Ath Madrid;Levante;0;1;A;0;0;D;10;8;1;5;9;19;5;3;3;4;0;0;1.33;5.25;9.0;;;;;;;
SP1;18/02/2022;Elche;Vallecano;2;1;H;0;0;D;9;13;5;2;18;15;2;3;2;4;0;0;3.0;3.0;2.62;;;;;;;
SP1;19/02/2022;Granada;Villarreal;1;4;A;0;2;A;20;15;5;7;15;10;9;2;3;6;0;0;4.0;3.4;1.95;;;;;;;
SP1;19/02/2022;Osasuna;Ath Madrid;0;3;A;0;1;A;14;5;4;4;12;19;4;2;1;2;0;0;3.9;3.25;2.05;;;;;;;
SP1;19/02/2022;Cadiz;Getafe;1;1;D;1;1;D;9;6;2;1;17;11;7;2;3;4;0;0;3.2;2.9;2.55;;;;;;;
SP1;19/02/2022;Real Madrid;Alaves;3;0;H;0;0;D;22;7;9;2;6;11;7;1;1;1;0;0;1.22;6.5;12.0;;;;;;;
SP1;20/02/2022;Espanol;Sevilla;1;1;D;0;1;A;11;7;4;2;14;14;3;7;4;5;0;1;3.4;3.3;2.2;;;;;;;
SP1;20/02/2022;Valencia;Barcelona;1;4;A;0;3;A;11;6;5;6;22;16;8;3;3;4;0;0;3.6;3.5;2.05;;;;;;;
SP1;20/02/2022;Betis;Mallorca;2;1;H;1;0;H;14;10;5;1;13;17;4;7;3;2;0;0;1.6;4.0;5.75;;;;;;;
SP1;20/02/2022;Ath Bilbao;Sociedad;4;0;H;0;0;D;18;9;8;2;9;9;6;4;4;1;0;0;2.37;3.0;3.4;;;;;;;
SP1;21/02/2022;Celta;Levante;1;1;D;0;0;D;8;13;4;3;15;16;2;5;3;5;0;0;1.6;3.8;6.0;;;;;;;
SP1;25/02/2022;Levante;Elche;3;0;H;1;0;H;11;8;4;3;17;8;3;3;1;2;0;1;2.05;3.4;3.75;;;;;;;
SP1;26/02/2022;Mallorca;Valencia;0;1;A;0;1;A;23;8;3;4;14;21;14;1;4;6;0;1;2.4;3.1;3.1;;;;;;;
SP1;26/02/2022;Getafe;Alaves;2;2;D;0;1;A;12;7;3;3;7;24;6;1;2;4;1;0;1.95;3.0;4.75;;;;;;;
SP1;26/02/2022;Vallecano;Real Madrid;0;1;A;0;0;D;19;13;5;6;20;5;5;9;5;3;0;0;5.0;3.8;1.66;;;;;;;
SP1;26/02/2022;Ath Madrid;Celta;2;0;H;1;0;H;13;16;6;2;10;7;5;9;4;3;0;0;1.61;3.8;6.0;;;;;;;
SP1;27/02/2022;Villarreal;Espanol;5;1;H;3;0;H;19;7;11;2;11;12;10;3;2;1;0;0;1.5;4.2;7.0;;;;;;;
SP1;27/02/2022;Sevilla;Betis;2;1;H;2;0;H;12;10;3;2;13;16;4;4;6;3;0;0;2.2;3.25;3.5;;;;;;;
SP1;27/02/2022;Sociedad;Osasuna;1;0;H;0;0;D;11;11;5;1;10;9;6;5;0;4;0;0;1.85;3.4;4.75;;;;;;;
SP1;27/02/2022;Barcelona;Ath Bilbao;4;0;H;1;0;H;17;6;7;3;8;10;5;0;2;1;0;0;1.6;4.2;5.25;;;;;;;
SP1;28/02/2022;Granada;Cadiz;0;0;D;0;0;D;6;12;1;4;12;17;0;4;3;3;1;0;2.0;3.3;4.0;;;;;;;
SP1;02/03/2022;Mallorca;Sociedad;0;2;A;0;1;A;13;13;1;3;12;9;3;4;0;2;0;0;3.4;3.2;2.25;;;;;;;
SP1;04/03/2022;Alaves;Sevilla;0;0;D;0;0;D;14;13;2;4;16;8;5;5;3;1;0;0;4.5;3.1;1.95;;;;;;;
SP1;05/03/2022;Osasuna;Villarreal;1;0;H;0;0;D;12;10;3;1;12;6;6;8;1;0;0;0;3.5;3.4;2.1;;;;;;;
SP1;05/03/2022;Espanol;Getafe;2;0;H;2;0;H;4;12;1;3;17;15;1;5;6;5;0;0;2.15;3.0;3.6;;;;;;;
SP1;05/03/2022;Valencia;Granada;3;1;H;0;0;D;12;7;4;0;14;13;3;6;3;3;0;0;1.75;3.6;4.5;;;;;;;
SP1;05/03/2022;Real Madrid;Sociedad;4;1;H;2;1;H;18;1;8;1;12;14;7;1;0;2;0;0;1.6;4.2;5.25;;;;;;;
SP1;06/03/2022;Cadiz;Vallecano;2;0;H;0;0;D;13;14;7;3;23;15;5;6;5;3;0;0;2.7;3.1;2.7;;;;;;;
SP1;06/03/2022;Elche;Barcelona;1;2;A;1;0;H;13;20;3;9;10;8;5;6;2;6;1;0;7.5;4.33;1.4;;;;;;;
SP1;06/03/2022;Celta;Mallorca;4;3;H;2;1;H;16;12;8;3;17;9;4;5;5;4;1;0;1.75;3.4;5.25;;;;;;;
SP1;06/03/2022;Betis;Ath Madrid;1;3;A;1;1;D;18;8;6;6;16;10;10;3;5;3;0;0;3.0;3.2;2.37;;;;;;;
SP1;07/03/2022;Ath Bilbao;Levante;3;1;H;0;0;D;17;5;9;2;6;14;4;3;1;2;0;0;1.57;4.0;5.5;;;;;;;
SP1;11/03/2022;Ath Madrid;Cadiz;2;1;H;1;1;D;6;14;5;3;23;14;0;4;4;1;1;0;1.36;4.6;9.5;;;;;;;
SP1;12/03/2022;Levante;Espanol;1;1;D;0;0;D;14;6;3;1;17;10;8;2;4;4;0;0;2.3;3.3;3.2;;;;;;;
SP1;12/03/2022;Granada;Elche;0;1;A;0;1;A;15;13;4;2;15;16;3;3;3;6;0;0;2.25;3.2;3.4;;;;;;;
SP1;12/03/2022;Villarreal;Celta;1;0;H;0;0;D;10;12;3;2;12;14;5;6;1;1;0;0;1.65;4.2;4.75;;;;;;;
SP1;12/03/2022;Getafe;Valencia;0;0;D;0;0;D;16;6;6;0;18;21;5;3;6;5;0;0;2.37;3.2;3.2;;;;;;;
SP1;13/03/2022;Vallecano;Sevilla;1;1;D;0;0;D;10;3;2;2;16;15;5;6;0;1;0;0;3.4;3.1;2.3;;;;;;;
SP1;13/03/2022;Betis;Ath Bilbao;1;0;H;1;0;H;8;11;5;2;17;12;5;6;4;5;1;0;2.3;3.3;3.2;;;;;;;
SP1;13/03/2022;Sociedad;Alaves;1;0;H;0;0;D;15;13;6;4;15;12;6;4;1;1;0;0;1.53;4.0;7.0;;;;;;;
SP1;13/03/2022;Barcelona;Osasuna;4;0;H;3;0;H;24;4;9;3;7;4;5;1;0;4;0;0;1.33;4.75;10.0;;;;;;;
SP1;14/03/2022;Mallorca;Real Madrid;0;3;A;0;0;D;14;11;3;5;13;15;1;6;3;3;0;0;6.0;4.0;1.57;;;;;;;
SP1;18/03/2022;Ath Bilbao;Getafe;1;1;D;1;1;D;22;7;11;2;15;13;8;2;4;5;0;2;1.72;3.2;6.0;;;;;;;
SP1;19/03/2022;Alaves;Granada;2;3;A;0;0;D;11;12;6;3;12;10;6;2;4;6;0;1;2.0;3.3;4.0;;;;;;;
SP1;19/03/2022;Elche;Valencia;0;1;A;0;0;D;8;8;2;3;19;14;4;2;3;3;1;0;2.62;3.25;2.7;;;;;;;
SP1;19/03/2022;Osasuna;Levante;3;1;H;1;0;H;20;13;7;4;9;17;6;1;0;1;0;0;1.9;3.5;4.2;;;;;;;
SP1;19/03/2022;Vallecano;Ath Madrid;0;1;A;0;0;D;15;11;3;3;15;12;3;6;0;0;0;1;4.0;3.25;2.0;;;;;;;
SP1;20/03/2022;Espanol;Mallorca;1;0;H;1;0;H;12;9;3;3;14;12;6;6;3;3;0;0;2.05;3.5;3.5;;;;;;;
SP1;20/03/2022;Cadiz;Villarreal;1;0;H;0;0;D;16;3;7;1;11;11;6;3;3;2;0;0;4.75;3.5;1.83;;;;;;;
SP1;20/03/2022;Celta;Betis;0;0;D;0;0;D;9;7;3;1;12;12;2;2;1;2;0;0;2.2;3.5;3.2;;;;;;;
SP1;20/03/2022;Sevilla;Sociedad;0;0;D;0;0;D;10;13;0;2;12;13;7;3;0;3;0;0;2.05;3.25;3.8;;;;;;;
SP1;20/03/2022;Real Madrid;Barcelona;0;4;A;0;2;A;14;18;4;10;9;12;4;3;4;4;0;0;2.15;3.6;3.25;;;;;;;
SP1;02/04/2022;Getafe;Mallorca;1;0;H;0;0;D;16;7;3;1;15;22;5;1;5;6;0;1;2.15;3.0;4.0;;;;;;;
SP1;02/04/2022;Levante;Villarreal;2;0;H;0;0;D;13;13;4;2;16;13;1;8;4;2;0;0;3.8;3.6;1.95;;;;;;;
SP1;02/04/2022;Celta;Real Madrid;1;2;A;0;1;A;10;12;4;6;16;12;9;3;3;0;0;0;4.0;3.6;1.9;;;;;;;
SP1;02/04/2022;Ath Madrid;Alaves;4;1;H;1;0;H;14;7;8;1;10;13;8;2;1;0;0;0;1.33;4.8;10.0;;;;;;;
SP1;03/04/2022;Ath Bilbao;Elche;2;1;H;1;0;H;16;6;6;2;14;16;7;4;2;4;0;0;1.45;4.2;7.5;;;;;;;
SP1;03/04/2022;Betis;Osasuna;4;1;H;2;0;H;24;10;8;3;11;5;11;7;1;3;0;0;1.9;3.5;4.0;;;;;;;
SP1;03/04/2022;Granada;Vallecano;2;2;D;0;2;A;17;10;9;4;14;14;5;4;4;5;0;1;2.6;3.1;2.9;;;;;;;
SP1;03/04/2022;Valencia;Cadiz;0;0;D;0;0;D;5;4;1;3;11;18;4;3;3;6;0;1;1.85;3.3;4.75;;;;;;;
SP1;03/04/2022;Barcelona;Sevilla;1;0;H;0;0;D;19;8;6;3;12;8;9;2;3;3;0;0;1.45;4.5;7.0;;;;;;;
SP1;04/04/2022;Sociedad;Espanol;1;0;H;0;0;D;17;8;6;2;17;13;6;0;2;4;0;0;1.6;4.0;5.75;;;;;;;
SP1;08/04/2022;Sevilla;Granada;4;2;H;1;1;D;16;15;8;5;7;7;14;3;2;2;0;0;1.5;4.33;7.0;;;;;;;
SP1;09/04/2022;Cadiz;Betis;1;2;A;0;0;D;10;10;4;3;18;10;8;4;1;2;0;0;3.4;3.2;2.25;;;;;;;
SP1;09/04/2022;Mallorca;Ath Madrid;1;0;H;0;0;D;10;9;3;1;14;11;1;6;1;4;0;0;4.0;3.4;1.95;;;;;;;
SP1;09/04/2022;Villarreal;Ath Bilbao;1;1;D;0;1;A;11;12;5;6;17;15;7;2;2;3;0;0;2.3;3.4;3.1;;;;;;;
SP1;09/04/2022;Real Madrid;Getafe;2;0;H;1;0;H;26;8;8;0;13;11;10;2;2;2;0;0;1.4;4.5;8.5;;;;;;;
SP1;10/04/2022;Osasuna;Alaves;1;0;H;0;0;D;15;8;4;2;12;6;7;3;3;1;0;0;1.95;3.3;4.33;;;;;;;
SP1;10/04/2022;Espanol;Celta;1;0;H;0;0;D;11;10;2;5;12;21;2;3;4;1;0;0;2.75;3.2;2.7;;;;;;;
SP1;10/04/2022;Elche;Sociedad;1;2;A;1;2;A;10;17;1;6;15;12;8;9;3;3;0;0;3.9;3.4;2.0;;;;;;;
SP1;10/04/2022;Levante;Barcelona;2;3;A;0;0;D;11;14;6;7;8;7;4;3;1;1;0;0;6.0;5.0;1.45;;;;;;;
SP1;11/04/2022;Vallecano;Valencia;1;1;D;0;0;D;11;6;4;2;13;17;5;4;3;4;0;0;2.2;3.3;3.3;;;;;;;
SP1;15/04/2022;Sociedad;Betis;0;0;D;0;0;D;9;9;2;2;17;7;8;1;4;4;1;0;2.1;3.5;3.4;;;;;;;
SP1;16/04/2022;Elche;Mallorca;3;0;H;1;0;H;6;13;2;2;17;13;2;1;2;3;0;0;2.7;3.0;2.9;;;;;;;
SP1;16/04/2022;Alaves;Vallecano;1;0;H;0;0;D;11;20;5;3;10;9;2;12;2;3;0;1;2.7;3.1;2.8;;;;;;;
SP1;16/04/2022;Valencia;Osasuna;1;2;A;0;0;D;11;9;4;3;11;22;9;5;1;2;0;0;2.15;3.2;3.7;;;;;;;
SP1;16/04/2022;Getafe;Villarreal;1;2;A;0;2;A;12;11;5;6;17;6;6;6;2;0;0;0;3.1;3.1;2.5;;;;;;;
SP1;17/04/2022;Granada;Levante;1;4;A;0;1;A;16;17;4;8;10;9;13;2;5;2;1;0;2.37;3.4;3.0;;;;;;;
SP1;17/04/2022;Ath Madrid;Espanol;2;1;H;0;0;D;10;11;3;5;18;12;6;3;5;5;1;0;1.4;4.5;8.5;;;;;;;
SP1;17/04/2022;Ath Bilbao;Celta;0;2;A;0;2;A;10;6;2;4;13;15;5;4;2;2;0;0;1.75;3.6;5.0;;;;;;;
SP1;17/04/2022;Sevilla;Real Madrid;2;3;A;2;0;H;7;15;2;6;11;9;0;3;3;4;0;0;3.0;3.4;2.4;;;;;;;
SP1;18/04/2022;Barcelona;Cadiz;0;1;A;0;0;D;18;6;6;4;16;9;8;1;4;1;0;0;1.2;6.5;15.0;;;;;;;
SP1;19/04/2022;Mallorca;Alaves;2;1;H;2;0;H;5;12;3;4;25;15;0;6;2;6;0;0;1.95;3.3;4.2;;;;;;;
SP1;19/04/2022;Betis;Elche;0;1;A;0;0;D;18;9;3;1;9;14;2;3;2;3;1;0;1.55;4.0;6.0;;;;;;;
SP1;19/04/2022;Villarreal;Valencia;2;0;H;2;0;H;12;5;5;1;14;12;3;2;2;3;0;0;1.44;4.75;6.5;;;;;;;
SP1;20/04/2022;Ath Madrid;Granada;0;0;D;0;0;D;22;7;1;2;9;12;11;1;4;5;0;0;1.3;5.25;10.0;;;;;;;
SP1;20/04/2022;Celta;Getafe;0;2;A;0;1;A;9;6;2;3;13;13;2;1;2;5;0;0;2.15;3.1;3.75;;;;;;;
SP1;20/04/2022;Osasuna;Real Madrid;1;3;A;1;2;A;12;23;3;11;13;7;3;4;1;3;0;0;5.0;3.75;1.66;;;;;;;
SP1;21/04/2022;Espanol;Vallecano;0;1;A;0;1;A;6;13;2;2;14;18;3;10;4;4;0;0;2.37;3.2;3.1;;;;;;;
SP1;21/04/2022;Levante;Sevilla;2;3;A;1;2;A;15;13;6;6;9;12;10;4;1;5;0;0;3.5;3.5;2.1;;;;;;;
SP1;21/04/2022;Cadiz;Ath Bilbao;2;3;A;0;3;A;27;9;8;7;9;15;4;1;3;5;0;1;3.4;3.0;2.3;;;;;;;
SP1;21/04/2022;Sociedad;Barcelona;0;1;A;0;1;A;8;11;5;1;12;9;5;3;1;2;0;0;3.5;3.5;2.1;;;;;;;
SP1;24/04/2022;Barcelona;Vallecano;0;1;A;0;1;A;18;3;5;1;10;1;9;1;4;6;0;0;1.3;5.5;10.0;;;;;;;
SP1;29/04/2022;Sevilla;Cadiz;1;1;D;1;0;H;11;10;6;4;15;11;5;6;2;2;0;0;1.65;3.5;6.0;;;;;;;
SP1;30/04/2022;Alaves;Villarreal;2;1;H;2;0;H;11;16;5;6;14;5;5;8;5;2;0;0;3.4;3.5;2.1;;;;;;;
SP1;30/04/2022;Real Madrid;Espanol;4;0;H;2;0;H;11;20;5;6;11;6;6;8;2;0;0;0;1.5;4.5;6.0;;;;;;;
SP1;30/04/2022;Valencia;Levante;1;1;D;1;0;H;6;24;1;6;11;21;1;7;4;3;1;0;2.2;3.5;3.2;;;;;;;
SP1;30/04/2022;Ath Bilbao;Ath Madrid;2;0;H;1;0;H;11;9;4;3;18;15;5;3;3;3;0;0;3.0;3.0;2.55;;;;;;;
SP1;01/05/2022;Elche;Osasuna;1;1;D;0;0;D;11;9;4;3;13;18;7;4;4;2;0;0;2.8;3.2;2.7;;;;;;;
SP1;01/05/2022;Granada;Celta;1;1;D;0;0;D;15;13;6;6;11;13;5;4;1;3;0;0;2.8;3.2;2.62;;;;;;;
SP1;01/05/2022;Vallecano;Sociedad;1;1;D;0;1;A;13;8;7;3;15;7;8;5;2;1;0;0;3.3;3.1;2.37;;;;;;;
SP1;01/05/2022;Barcelona;Mallorca;2;1;H;1;0;H;17;6;5;2;13;12;5;2;2;3;0;0;1.3;5.5;9.0;;;;;;;
SP1;02/05/2022;Getafe;Betis;0;0;D;0;0;D;13;9;2;4;13;13;2;4;1;1;0;0;2.75;3.1;2.7;;;;;;;
SP1;06/05/2022;Levante;Sociedad;2;1;H;0;0;D;16;21;7;6;10;11;7;6;2;3;0;0;3.3;3.6;2.1;;;;;;;
SP1;07/05/2022;Mallorca;Granada;2;6;A;1;1;D;18;14;8;7;11;13;5;5;3;2;0;0;1.95;3.5;4.0;;;;;;;
SP1;07/05/2022;Ath Bilbao;Valencia;0;0;D;0;0;D;10;4;5;1;13;22;4;2;4;4;0;1;1.55;4.0;6.5;;;;;;;
SP1;07/05/2022;Cadiz;Elche;3;0;H;0;0;D;17;4;7;2;18;13;8;1;1;0;0;1;1.7;3.75;5.0;;;;;;;
SP1;07/05/2022;Celta;Alaves;4;0;H;2;0;H;15;3;7;1;7;7;7;1;1;3;0;1;1.9;3.4;4.33;;;;;;;
SP1;07/05/2022;Betis;Barcelona;1;2;A;0;0;D;14;11;5;5;16;18;4;8;1;2;0;0;3.0;3.6;2.25;;;;;;;
SP1;08/05/2022;Getafe;Vallecano;0;0;D;0;0;D;12;12;6;1;20;14;4;5;3;4;0;0;2.05;3.1;4.2;;;;;;;
SP1;08/05/2022;Villarreal;Sevilla;1;1;D;0;0;D;14;7;6;2;14;15;4;2;3;0;0;0;2.3;3.3;3.1;;;;;;;
SP1;08/05/2022;Espanol;Osasuna;1;1;D;0;1;A;12;12;3;5;6;15;6;6;1;3;0;0;2.3;3.3;3.2;;;;;;;
SP1;08/05/2022;Ath Madrid;Real Madrid;1;0;H;1;0;H;16;15;2;6;17;7;4;6;2;4;0;0;2.1;3.5;3.5;;;;;;;
SP1;10/05/2022;Valencia;Betis;0;3;A;0;0;D;19;9;5;5;17;11;7;3;1;3;0;0;3.1;3.4;2.2;;;;;;;
SP1;10/05/2022;Granada;Ath Bilbao;1;0;H;1;0;H;12;8;2;1;20;11;2;7;4;2;0;1;3.2;3.3;2.25;;;;;;;
SP1;10/05/2022;Barcelona;Celta;3;1;H;2;0;H;10;13;4;5;18;6;2;8;3;0;0;1;1.44;5.0;6.0;;;;;;;
SP1;11/05/2022;Alaves;Espanol;2;1;H;1;1;D;27;5;9;3;11;15;12;3;3;3;0;1;2.1;3.4;3.5;;;;;;;
SP1;11/05/2022;Osasuna;Getafe;1;1;D;1;1;D;12;6;1;0;10;17;7;2;2;4;0;1;2.7;2.9;3.0;;;;;;;
SP1;11/05/2022;Sevilla;Mallorca;0;0;D;0;0;D;18;10;4;2;11;18;6;3;4;6;0;0;1.61;4.0;5.5;;;;;;;
SP1;11/05/2022;Elche;Ath Madrid;0;2;A;0;1;A;9;11;0;6;16;7;6;3;2;2;0;0;6.0;3.6;1.65;;;;;;;
SP1;12/05/2022;Sociedad;Cadiz;3;0;H;1;0;H;13;14;7;1;13;11;2;12;4;2;0;0;1.66;3.6;5.5;;;;;;;
SP1;12/05/2022;Vallecano;Villarreal;1;5;A;1;4;A;17;11;3;8;13;10;9;3;5;2;0;0;4.2;3.8;1.8;;;;;;;
SP1;12/05/2022;Real Madrid;Levante;6;0;H;4;0;H;27;16;16;1;8;6;6;6;2;1;0;0;1.45;5.25;5.5;;;;;;;
SP1;14/05/2022;Espanol;Valencia;1;1;D;1;1;D;5;18;3;5;18;15;2;3;4;1;0;0;2.5;3.4;2.8;;;;;;;
SP1;15/05/2022;Ath Bilbao;Osasuna;2;0;H;1;0;H;14;8;8;1;6;14;10;6;0;0;0;0;1.53;4.2;6.0;;;;;;;
SP1;15/05/2022;Ath Madrid;Sevilla;1;1;D;1;0;H;12;8;3;4;14;18;4;5;2;5;0;0;2.25;3.0;3.6;;;;;;;
SP1;15/05/2022;Betis;Granada;2;0;H;1;0;H;11;14;4;4;11;17;4;9;0;1;0;0;1.5;4.33;6.0;;;;;;;
SP1;15/05/2022;Cadiz;Real Madrid;1;1;D;1;1;D;21;16;7;7;13;11;10;2;7;2;0;0;3.3;3.3;2.2;;;;;;;
SP1;15/05/2022;Celta;Elche;1;0;H;1;0;H;14;10;5;1;11;12;7;5;2;2;0;0;1.65;3.8;5.5;;;;;;;
SP1;15/05/2022;Getafe;Barcelona;0;0;D;0;0;D;9;5;3;1;9;8;5;5;1;2;0;0;3.75;3.25;2.1;;;;;;;
SP1;15/05/2022;Levante;Alaves;3;1;H;0;1;A;15;6;5;2;19;10;3;4;8;6;0;0;2.8;3.8;2.25;;;;;;;
SP1;15/05/2022;Mallorca;Vallecano;2;1;H;1;0;H;12;11;5;4;13;8;5;3;1;0;0;0;1.57;3.8;6.5;;;;;;;
SP1;15/05/2022;Villarreal;Sociedad;1;2;A;1;0;H;10;11;4;6;12;16;4;3;4;2;0;0;2.1;3.6;3.3;;;;;;;
SP1;20/05/2022;Real Madrid;Betis;0;0;D;0;0;D;17;11;3;2;7;12;8;5;0;0;0;0;1.65;4.5;4.33;;;;;;;
SP1;20/05/2022;Vallecano;Levante;2;4;A;1;3;A;19;14;8;7;8;12;7;3;0;3;0;0;1.85;4.0;3.8;;;;;;;
SP1;21/05/2022;Valencia;Celta;2;0;H;1;0;H;10;9;3;3;22;19;3;3;3;3;0;0;2.75;3.3;2.62;;;;;;;
SP1;22/05/2022;Elche;Getafe;3;1;H;1;1;D;19;7;9;2;11;9;8;3;2;2;0;0;3.1;2.87;2.62;;;;;;;
SP1;22/05/2022;Alaves;Cadiz;0;1;A;0;0;D;9;13;2;6;11;13;4;4;0;1;0;0;4.2;3.7;1.83;;;;;;;
SP1;22/05/2022;Granada;Espanol;0;0;D;0;0;D;15;10;5;5;9;12;7;3;1;0;0;0;1.44;4.33;7.5;;;;;;;
SP1;22/05/2022;Osasuna;Mallorca;0;2;A;0;0;D;11;14;1;6;8;14;5;7;2;2;0;0;3.3;3.4;2.2;;;;;;;
SP1;22/05/2022;Barcelona;Villarreal;0;2;A;0;1;A;14;4;3;3;12;7;12;1;3;1;0;0;2.1;4.0;3.0;;;;;;;
SP1;22/05/2022;Sevilla;Ath Bilbao;1;0;H;0;0;D;13;9;3;1;13;12;5;0;3;3;0;0;2.5;3.3;2.87;;;;;;;
SP1;22/05/2022;Sociedad;Ath Madrid;1;2;A;0;0;D;12;6;3;5;16;11;3;2;4;2;0;0;2.62;3.3;2.7;;;;;;;
SP1;12/08/2022;Osasuna;Sevilla;2;1;H;1;1;D;12;10;5;3;16;9;5;2;5;3;0;0;3.2;3.1;2.4;;;;;;;
SP1;13/08/2022;Celta;Espanol;2;2;D;1;0;H;8;10;3;2;17;15;3;3;5;2;0;0;1.8;3.75;4.75;;;;;;;
SP1;13/08/2022;Valladolid;Villarreal;0;3;A;0;0;D;12;10;6;4;6;10;4;5;1;0;0;0;3.9;3.6;1.9;;;;;;;
SP1;13/08/2022;Barcelona;Vallecano;0;0;D;0;0;D;21;4;6;2;16;14;8;0;3;6;1;0;1.22;7.0;12.0;;;;;;;
SP1;14/08/2022;Cadiz;Sociedad;0;1;A;0;1;A;7;15;2;7;9;20;3;6;4;2;0;0;3.6;3.2;2.2;;;;;;;
SP1;14/08/2022;Valencia;Girona;1;0;H;1;0;H;17;5;2;1;18;14;4;4;2;3;1;0;1.85;3.4;4.5;;;;;;;
SP1;14/08/2022;Almeria;Real Madrid;1;2;A;1;0;H;10;29;6;15;11;4;2;15;3;1;0;0;7.5;5.0;1.4;;;;;;;
SP1;15/08/2022;Ath Bilbao;Mallorca;0;0;D;0;0;D;23;6;6;2;13;12;7;2;0;6;0;0;1.6;3.75;6.5;;;;;;;
SP1;15/08/2022;Getafe;Ath Madrid;0;3;A;0;1;A;10;12;0;5;14;19;3;6;2;1;0;0;5.0;3.1;1.9;;;;;;;
SP1;15/08/2022;Betis;Elche;3;0;H;2;0;H;17;4;8;2;10;18;8;4;3;6;0;1;1.44;4.5;7.0;;;;;;;
SP1;19/08/2022;Espanol;Vallecano;0;2;A;0;1;A;13;8;1;3;12;17;9;2;2;5;1;1;2.45;3.1;3.1;;;;;;;
SP1;19/08/2022;Sevilla;Valladolid;1;1;D;0;0;D;18;6;2;3;20;10;12;2;3;2;1;1;1.5;4.2;6.5;;;;;;;
SP1;20/08/2022;Osasuna;Cadiz;2;0;H;1;0;H;16;9;3;2;11;13;2;2;2;5;0;1;1.9;3.25;4.5;;;;;;;
SP1;20/08/2022;Mallorca;Betis;1;2;A;0;1;A;13;8;7;3;22;17;5;2;7;8;0;0;3.1;3.2;2.4;;;;;;;
SP1;20/08/2022;Celta;Real Madrid;1;4;A;1;2;A;15;16;2;7;12;8;2;2;2;2;0;0;4.5;4.2;1.66;;;;;;;
SP1;21/08/2022;Ath Bilbao;Valencia;1;0;H;1;0;H;12;10;2;0;11;15;6;3;5;2;0;0;1.8;3.75;4.5;;;;;;;
SP1;21/08/2022;Ath Madrid;Villarreal;0;2;A;0;0;D;13;19;5;5;8;11;5;6;2;3;1;0;1.85;3.5;4.33;;;;;;;
SP1;21/08/2022;Sociedad;Barcelona;1;4;A;1;1;D;10;15;5;7;16;9;3;6;2;1;0;0;3.3;3.6;2.1;;;;;;;
SP1;22/08/2022;Elche;Almeria;1;1;D;1;1;D;13;12;3;7;12;16;6;5;1;4;0;1;2.5;3.2;3.0;;;;;;;
SP1;22/08/2022;Girona;Getafe;3;1;H;1;0;H;12;7;6;3;16;18;5;2;3;6;0;1;2.8;2.9;2.9;;;;;;;
SP1;26/08/2022;Girona;Celta;0;1;A;0;0;D;11;11;3;6;16;13;2;4;2;1;0;0;2.8;3.1;2.75;;;;;;;
SP1;26/08/2022;Betis;Osasuna;1;0;H;1;0;H;7;12;1;2;9;21;2;4;0;3;1;0;1.8;3.6;4.75;;;;;;;
SP1;27/08/2022;Elche;Sociedad;0;1;A;0;1;A;12;9;5;5;13;18;4;6;3;3;0;0;3.6;3.2;2.15;;;;;;;
SP1;27/08/2022;Vallecano;Mallorca;0;2;A;0;1;A;15;9;0;4;11;18;7;3;1;3;0;0;2.05;3.25;4.0;;;;;;;
SP1;27/08/2022;Almeria;Sevilla;2;1;H;1;1;D;11;13;5;5;18;11;5;2;5;8;0;0;3.6;3.25;2.15;;;;;;;
SP1;28/08/2022;Getafe;Villarreal;0;0;D;0;0;D;8;11;2;6;11;19;1;4;1;5;0;0;4.33;3.4;1.85;;;;;;;
SP1;28/08/2022;Barcelona;Valladolid;4;0;H;2;0;H;24;8;9;3;9;8;14;4;0;3;0;0;1.14;8.5;15.0;;;;;;;
SP1;28/08/2022;Espanol;Real Madrid;1;3;A;1;1;D;15;19;4;6;15;12;7;7;0;0;1;0;6.5;4.75;1.45;;;;;;;
SP1;29/08/2022;Cadiz;Ath Bilbao;0;4;A;0;1;A;9;20;3;8;18;4;0;6;2;1;0;0;3.6;3.2;2.15;;;;;;;
SP1;29/08/2022;Valencia;Ath Madrid;0;1;A;0;0;D;12;13;2;7;15;17;6;2;4;3;0;0;4.0;3.3;2.0;;;;;;;
SP1;02/09/2022;Celta;Cadiz;3;0;H;0;0;D;9;7;5;0;13;23;2;2;1;2;0;0;1.66;3.6;5.5;;;;;;;
SP1;03/09/2022;Mallorca;Girona;1;1;D;0;0;D;10;10;4;4;23;9;6;3;4;2;0;0;2.15;3.2;3.6;;;;;;;
SP1;03/09/2022;Real Madrid;Betis;2;1;H;1;1;D;22;8;4;4;8;12;9;2;0;1;0;0;1.4;5.25;6.5;;;;;;;
SP1;03/09/2022;Sociedad;Ath Madrid;1;1;D;0;1;A;12;15;5;7;18;13;7;7;5;4;0;0;2.9;3.2;2.55;;;;;;;
SP1;03/09/2022;Sevilla;Barcelona;0;3;A;0;2;A;9;18;4;7;15;14;4;4;2;4;0;0;4.5;3.6;1.8;;;;;;;
SP1;04/09/2022;Osasuna;Vallecano;2;1;H;0;0;D;13;5;6;3;14;16;4;0;2;2;0;0;2.0;3.1;4.33;;;;;;;
SP1;04/09/2022;Ath Bilbao;Espanol;0;1;A;0;0;D;17;9;2;2;12;12;4;2;3;2;0;0;1.53;4.0;6.5;;;;;;;
SP1;04/09/2022;Villarreal;Elche;4;0;H;2;0;H;18;7;10;0;10;9;6;4;1;3;0;0;1.33;5.0;10.0;;;;;;;
SP1;04/09/2022;Valencia;Getafe;5;1;H;3;0;H;24;7;9;4;11;21;9;1;3;6;1;1;1.9;3.2;4.5;;;;;;;
SP1;05/09/2022;Valladolid;Almeria;1;0;H;0;0;D;14;12;6;1;11;20;2;8;1;6;0;0;2.3;3.3;3.1;;;;;;;
SP1;09/09/2022;Girona;Valladolid;2;1;H;1;1;D;14;14;5;4;11;15;3;12;0;2;0;0;2.25;3.25;3.4;;;;;;;
SP1;10/09/2022;Vallecano;Valencia;2;1;H;1;0;H;14;17;6;4;22;11;7;7;5;2;0;0;2.62;3.1;2.87;;;;;;;
SP1;10/09/2022;Espanol;Sevilla;2;3;A;1;3;A;19;11;5;7;11;14;9;3;3;5;0;1;2.87;3.25;2.5;;;;;;;
SP1;10/09/2022;Cadiz;Barcelona;0;4;A;0;0;D;6;16;0;8;12;13;5;6;1;2;0;0;13.0;6.5;1.22;;;;;;;
SP1;10/09/2022;Ath Madrid;Celta;4;1;H;1;0;H;10;14;4;3;11;6;4;7;2;3;0;0;1.61;3.8;6.0;;;;;;;
SP1;11/09/2022;Real Madrid;Mallorca;4;1;H;1;1;D;22;5;7;2;7;15;4;3;3;5;0;0;1.25;6.0;11.0;;;;;;;
SP1;11/09/2022;Elche;Ath Bilbao;1;4;A;0;4;A;9;16;2;8;15;9;5;5;3;0;0;0;4.0;3.6;1.9;;;;;;;
SP1;11/09/2022;Getafe;Sociedad;2;1;H;1;0;H;8;13;3;6;9;16;3;7;4;1;0;0;3.75;3.0;2.15;;;;;;;
SP1;11/09/2022;Betis;Villarreal;1;0;H;0;0;D;16;14;5;3;11;14;9;8;1;1;0;0;2.8;3.4;2.5;;;;;;;
SP1;12/09/2022;Almeria;Osasuna;0;1;A;0;1;A;7;15;2;4;4;9;5;10;0;2;0;0;2.6;3.25;2.75;;;;;;;
SP1;16/09/2022;Valladolid;Cadiz;0;1;A;0;0;D;18;7;6;1;12;19;8;2;1;4;0;0;2.0;3.25;4.0;;;;;;;
SP1;17/09/2022;Mallorca;Almeria;1;0;H;1;0;H;5;9;2;3;15;14;5;2;3;6;0;0;2.0;3.3;4.0;;;;;;;
SP1;17/09/2022;Barcelona;Elche;3;0;H;2;0;H;25;1;9;1;11;9;6;0;2;2;0;1;1.08;11.0;26.0;;;;;;;
SP1;17/09/2022;Valencia;Celta;3;0;H;1;0;H;14;6;7;2;18;23;5;4;3;2;0;1;2.3;3.2;3.3;;;;;;;
SP1;17/09/2022;Ath Bilbao;Vallecano;3;2;H;3;1;H;14;11;7;2;13;13;2;7;1;2;0;0;1.53;4.0;6.5;;;;;;;
SP1;18/09/2022;Osasuna;Getafe;0;2;A;0;1;A;12;10;4;4;15;15;8;1;7;3;1;1;1.8;3.4;5.0;;;;;;;
SP1;18/09/2022;Villarreal;Sevilla;1;1;D;0;1;A;17;12;7;1;15;12;6;4;1;5;0;0;1.7;3.8;5.0;;;;;;;
SP1;18/09/2022;Betis;Girona;2;1;H;1;1;D;9;8;3;3;9;8;2;4;0;3;0;0;1.75;3.6;5.0;;;;;;;
SP1;18/09/2022;Sociedad;Espanol;2;1;H;2;1;H;14;14;6;4;18;8;4;2;3;0;0;0;1.7;3.6;5.0;;;;;;;
SP1;18/09/2022;Ath Madrid;Real Madrid;1;2;A;0;2;A;12;6;5;3;15;16;8;1;4;2;1;0;3.1;3.4;2.3;;;;;;;
SP1;30/09/2022;Ath Bilbao;Almeria;4;0;H;2;0;H;17;8;4;2;17;8;11;2;1;3;0;0;1.33;5.0;9.5;;;;;;;
SP1;01/10/2022;Cadiz;Villarreal;0;0;D;0;0;D;10;14;2;6;13;8;6;5;2;3;1;0;6.0;4.0;1.57;;;;;;;
SP1;01/10/2022;Getafe;Valladolid;2;3;A;2;2;D;14;14;6;7;23;13;4;2;2;4;0;0;2.3;3.0;3.5;;;;;;;
SP1;01/10/2022;Sevilla;Ath Madrid;0;2;A;0;1;A;14;20;3;6;9;12;5;7;3;2;0;0;3.0;3.2;2.5;;;;;;;
SP1;01/10/2022;Mallorca;Barcelona;0;1;A;0;1;A;13;11;3;3;9;13;5;5;2;4;0;0;9.0;5.0;1.36;;;;;;;
SP1;02/10/2022;Espanol;Valencia;2;2;D;0;0;D;10;12;5;5;16;15;6;4;2;1;1;1;2.62;3.3;2.7;;;;;;;
SP1;02/10/2022;Celta;Betis;1;0;H;1;0;H;11;9;4;4;26;3;5;3;4;3;0;1;2.45;3.4;2.87;;;;;;;
SP1;02/10/2022;Girona;Sociedad;3;5;A;2;2;D;16;11;8;5;9;19;2;2;3;1;0;0;3.25;3.2;2.3;;;;;;;
SP1;02/10/2022;Real Madrid;Osasuna;1;1;D;1;0;H;22;8;4;2;9;13;10;2;1;2;0;1;1.3;5.5;9.5;;;;;;;
SP1;03/10/2022;Vallecano;Elche;2;1;H;1;1;D;15;5;6;2;5;19;13;3;1;8;0;0;1.72;3.6;5.25;;;;;;;
SP1;07/10/2022;Osasuna;Valencia;1;2;A;0;1;A;11;15;2;7;11;19;7;5;3;6;2;1;2.4;3.2;3.1;;;;;;;
SP1;08/10/2022;Almeria;Vallecano;3;1;H;3;0;H;10;12;4;4;22;12;7;6;4;2;1;0;2.9;3.3;2.55;;;;;;;
SP1;08/10/2022;Ath Madrid;Girona;2;1;H;1;0;H;13;11;7;4;12;13;8;3;3;1;0;0;1.45;4.33;7.5;;;;;;;
SP1;08/10/2022;Sevilla;Ath Bilbao;1;1;D;1;0;H;10;21;3;4;19;14;5;7;4;0;0;1;3.0;3.3;2.4;;;;;;;
SP1;08/10/2022;Getafe;Real Madrid;0;1;A;0;1;A;9;19;2;4;10;5;4;4;0;0;0;0;6.5;4.5;1.5;;;;;;;
SP1;09/10/2022;Valladolid;Betis;0;0;D;0;0;D;12;4;3;1;12;16;3;1;1;1;0;1;2.8;3.4;2.4;;;;;;;
SP1;09/10/2022;Cadiz;Espanol;2;2;D;1;0;H;8;9;3;6;13;12;8;3;4;4;0;0;2.87;3.2;2.55;;;;;;;
SP1;09/10/2022;Sociedad;Villarreal;1;0;H;1;0;H;17;5;5;1;21;18;9;3;5;3;0;0;2.5;3.4;2.75;;;;;;;
SP1;09/10/2022;Barcelona;Celta;1;0;H;1;0;H;13;14;5;3;16;9;6;3;2;4;0;0;1.28;6.0;9.0;;;;;;;
SP1;10/10/2022;Elche;Mallorca;1;1;D;1;0;H;7;11;2;4;12;17;5;7;4;5;1;1;3.0;3.1;2.5;;;;;;;
SP1;14/10/2022;Vallecano;Getafe;0;0;D;0;0;D;16;6;3;3;13;17;4;1;2;3;0;0;2.05;3.2;3.8;;;;;;;
SP1;15/10/2022;Girona;Cadiz;1;1;D;0;0;D;23;9;6;2;16;9;6;2;5;4;0;0;1.9;3.3;4.5;;;;;;;
SP1;15/10/2022;Valencia;Elche;2;2;D;2;1;H;20;8;8;6;14;19;6;1;3;6;0;0;1.4;4.75;7.5;;;;;;;
SP1;15/10/2022;Mallorca;Sevilla;0;1;A;0;0;D;9;4;5;1;17;15;1;3;2;3;0;0;2.9;3.0;2.7;;;;;;;
SP1;15/10/2022;Ath Bilbao;Ath Madrid;0;1;A;0;0;D;13;3;3;1;14;17;6;1;0;6;0;0;2.45;3.2;3.0;;;;;;;
SP1;16/10/2022;Celta;Sociedad;1;2;A;1;1;D;10;8;3;6;14;17;1;6;5;7;1;0;2.6;3.2;2.8;;;;;;;
SP1;16/10/2022;Real Madrid;Barcelona;3;1;H;2;0;H;8;18;4;5;11;14;2;3;2;2;0;0;2.2;3.6;3.1;;;;;;;
SP1;16/10/2022;Espanol;Valladolid;1;0;H;0;0;D;15;14;3;2;13;11;6;4;1;4;0;0;2.2;3.3;3.5;;;;;;;
SP1;16/10/2022;Betis;Almeria;3;1;H;1;0;H;15;12;6;5;6;7;9;3;1;1;0;0;1.57;4.1;5.75;;;;;;;
SP1;17/10/2022;Villarreal;Osasuna;2;0;H;1;0;H;12;14;9;3;14;23;8;4;2;6;0;0;1.57;4.2;6.0;;;;;;;
SP1;18/10/2022;Sevilla;Valencia;1;1;D;0;1;A;18;13;5;5;11;26;11;6;4;7;1;0;2.25;3.4;3.2;;;;;;;
SP1;18/10/2022;Getafe;Ath Bilbao;2;2;D;1;1;D;11;14;4;4;14;11;7;4;7;4;0;0;4.75;3.3;1.83;;;;;;;
SP1;18/10/2022;Ath Madrid;Vallecano;1;1;D;1;0;H;12;14;4;4;11;11;3;4;3;0;0;0;1.55;3.75;7.0;;;;;;;
SP1;19/10/2022;Cadiz;Betis;0;0;D;0;0;D;13;12;3;3;15;7;4;9;1;2;0;1;4.0;3.3;2.0;;;;;;;
SP1;19/10/2022;Valladolid;Celta;4;1;H;1;1;D;9;22;7;5;12;11;3;7;1;1;0;0;2.9;3.3;2.45;;;;;;;
SP1;19/10/2022;Sociedad;Mallorca;1;0;H;1;0;H;14;12;7;3;18;9;10;7;1;2;0;0;1.55;4.0;6.5;;;;;;;
SP1;19/10/2022;Elche;Real Madrid;0;3;A;0;1;A;10;10;3;7;14;10;8;2;1;1;0;0;8.5;5.75;1.3;;;;;;;
SP1;20/10/2022;Almeria;Girona;3;2;H;3;0;H;13;14;7;5;14;14;4;5;1;3;0;0;2.6;3.25;2.8;;;;;;;
SP1;20/10/2022;Osasuna;Espanol;1;0;H;0;0;D;17;5;5;3;17;15;9;2;1;2;0;0;2.05;3.6;3.5;;;;;;;
SP1;20/10/2022;Barcelona;Villarreal;3;0;H;3;0;H;16;5;5;1;18;11;8;0;0;1;0;0;1.5;4.5;6.0;;;;;;;
SP1;22/10/2022;Vallecano;Cadiz;5;1;H;2;0;H;28;3;11;0;13;12;10;1;1;4;1;2;1.72;3.5;5.25;;;;;;;
SP1;22/10/2022;Valladolid;Sociedad;1;0;H;1;0;H;9;20;2;2;19;14;4;10;2;3;0;0;3.6;3.4;2.05;;;;;;;
SP1;22/10/2022;Valencia;Mallorca;1;2;A;0;0;D;13;10;3;5;14;19;5;3;3;5;0;0;1.75;3.5;5.0;;;;;;;
SP1;22/10/2022;Real Madrid;Sevilla;3;1;H;1;0;H;18;9;6;2;9;12;4;3;1;4;0;0;1.36;4.75;8.5;;;;;;;
SP1;23/10/2022;Espanol;Elche;2;2;D;1;1;D;13;9;5;4;13;10;5;3;2;3;0;0;1.66;3.75;5.25;;;;;;;
SP1;23/10/2022;Betis;Ath Madrid;1;2;A;0;0;D;17;9;4;3;10;17;7;4;2;3;0;0;3.2;3.3;2.3;;;;;;;
SP1;23/10/2022;Girona;Osasuna;1;1;D;1;1;D;7;9;1;2;11;11;3;5;2;3;0;0;2.55;3.2;2.9;;;;;;;
SP1;23/10/2022;Villarreal;Almeria;2;1;H;0;1;A;11;15;5;4;7;8;10;4;4;1;1;0;1.36;4.75;9.0;;;;;;;
SP1;23/10/2022;Barcelona;Ath Bilbao;4;0;H;3;0;H;10;5;7;3;7;13;1;2;2;2;0;0;1.55;4.5;5.5;;;;;;;
SP1;24/10/2022;Celta;Getafe;1;1;D;0;1;A;17;4;5;1;10;13;10;0;1;1;0;0;1.75;3.5;5.0;;;;;;;
SP1;28/10/2022;Mallorca;Espanol;1;1;D;0;0;D;12;7;5;2;15;9;4;4;4;1;0;0;2.25;3.1;3.4;;;;;;;
SP1;29/10/2022;Almeria;Celta;3;1;H;0;1;A;19;8;5;3;10;7;6;4;4;0;0;1;3.3;3.3;2.25;;;;;;;
SP1;29/10/2022;Cadiz;Ath Madrid;3;2;H;1;0;H;10;15;7;7;15;12;5;3;2;4;0;0;7.0;3.6;1.6;;;;;;;
SP1;29/10/2022;Sevilla;Vallecano;0;1;A;0;0;D;10;15;4;5;9;20;6;6;6;1;0;0;2.0;3.3;4.0;;;;;;;
SP1;29/10/2022;Valencia;Barcelona;0;1;A;0;0;D;3;13;2;2;13;7;3;10;4;5;0;0;5.0;4.33;1.57;;;;;;;
SP1;30/10/2022;Osasuna;Valladolid;2;0;H;2;0;H;20;7;10;2;14;16;1;8;1;3;0;0;1.9;3.4;4.33;;;;;;;
SP1;30/10/2022;Real Madrid;Girona;1;1;D;0;0;D;19;8;6;2;16;8;7;1;3;3;1;0;1.2;6.5;13.0;;;;;;;
SP1;30/10/2022;Ath Bilbao;Villarreal;1;0;H;0;0;D;19;6;7;3;12;10;6;2;2;1;0;0;2.2;3.3;3.4;;;;;;;
SP1;30/10/2022;Sociedad;Betis;0;2;A;0;0;D;14;10;7;4;22;16;5;3;4;4;0;0;2.0;3.5;3.8;;;;;;;
SP1;31/10/2022;Elche;Getafe;0;1;A;0;0;D;12;8;5;3;12;11;6;2;0;3;0;1;2.7;3.0;2.87;;;;;;;
SP1;04/11/2022;Girona;Ath Bilbao;2;1;H;0;0;D;19;11;10;7;11;11;7;1;1;1;0;0;3.75;3.5;2.0;;;;;;;
SP1;05/11/2022;Getafe;Cadiz;0;0;D;0;0;D;13;15;2;4;15;16;5;5;5;2;2;1;2.2;3.1;3.75;;;;;;;
SP1;05/11/2022;Valladolid;Elche;2;1;H;1;0;H;16;4;11;2;9;10;8;4;2;0;0;0;1.83;3.6;4.33;;;;;;;
SP1;05/11/2022;Celta;Osasuna;1;2;A;1;2;A;13;8;5;4;12;20;2;3;1;5;0;0;2.1;3.3;3.75;;;;;;;
SP1;05/11/2022;Barcelona;Almeria;2;0;H;0;0;D;27;4;13;1;14;13;9;1;2;1;0;0;1.08;10.0;26.0;;;;;;;
SP1;06/11/2022;Ath Madrid;Espanol;1;1;D;0;0;D;27;6;7;2;13;10;12;2;3;5;0;1;1.44;4.5;8.0;;;;;;;
SP1;06/11/2022;Sociedad;Valencia;1;1;D;1;1;D;9;14;4;3;11;12;1;11;2;0;1;0;1.95;3.4;4.0;;;;;;;
SP1;06/11/2022;Villarreal;Mallorca;0;2;A;0;1;A;9;7;2;5;17;16;5;2;4;6;0;0;1.57;4.0;5.75;;;;;;;
SP1;06/11/2022;Betis;Sevilla;1;1;D;1;0;H;9;22;4;6;6;20;1;4;4;5;2;1;2.2;3.2;3.6;;;;;;;
SP1;07/11/2022;Vallecano;Real Madrid;3;2;H;2;2;D;15;16;7;2;22;11;4;5;4;5;0;0;4.75;4.2;1.65;;;;;;;
SP1;08/11/2022;Elche;Girona;1;2;A;1;1;D;11;21;2;3;16;9;2;5;3;2;0;0;3.25;3.3;2.2;;;;;;;
SP1;08/11/2022;Ath Bilbao;Valladolid;3;0;H;1;0;H;19;8;6;0;20;6;10;2;3;1;0;0;1.4;4.5;7.5;;;;;;;
SP1;08/11/2022;Osasuna;Barcelona;1;2;A;1;0;H;15;9;3;3;15;6;2;5;4;4;0;2;5.75;4.2;1.53;;;;;;;
SP1;09/11/2022;Almeria;Getafe;1;0;H;1;0;H;8;11;3;3;17;8;7;6;8;4;1;0;2.15;3.3;3.5;;;;;;;
SP1;09/11/2022;Sevilla;Sociedad;1;2;A;1;2;A;6;17;3;9;9;12;2;1;2;2;2;0;2.6;3.2;2.8;;;;;;;
SP1;09/11/2022;Espanol;Villarreal;0;1;A;0;0;D;14;10;6;3;11;6;4;7;1;3;0;0;3.2;3.2;2.37;;;;;;;
SP1;09/11/2022;Mallorca;Ath Madrid;1;0;H;1;0;H;9;17;3;5;14;17;2;5;5;3;0;0;3.8;3.1;2.1;;;;;;;
SP1;10/11/2022;Vallecano;Celta;0;0;D;0;0;D;10;11;3;3;19;16;5;3;7;1;0;0;2.2;3.2;3.5;;;;;;;
SP1;10/11/2022;Valencia;Betis;3;0;H;0;0;D;15;5;7;1;12;9;5;5;1;3;0;1;2.1;3.4;3.6;;;;;;;
SP1;10/11/2022;Real Madrid;Cadiz;2;1;H;1;0;H;18;10;5;5;12;16;7;1;3;3;0;0;1.14;8.5;15.0;;;;;;;
SP1;29/12/2022;Girona;Vallecano;2;2;D;1;1;D;16;12;7;4;14;14;2;4;3;2;0;0;2.3;3.2;3.3;;;;;;;
SP1;29/12/2022;Betis;Ath Bilbao;0;0;D;0;0;D;9;10;5;0;8;17;2;6;1;4;1;0;2.88;3.3;2.5;;;;;;;
SP1;29/12/2022;Ath Madrid;Elche;2;0;H;0;0;D;18;5;4;1;14;20;3;5;3;4;1;2;1.29;5.5;10.0;;;;;;;
SP1;30/12/2022;Getafe;Mallorca;2;0;H;0;0;D;14;3;6;0;10;19;4;2;0;1;0;0;2.75;2.75;3.1;;;;;;;
SP1;30/12/2022;Cadiz;Almeria;1;1;D;0;1;A;12;18;6;9;7;14;3;2;2;0;0;0;2.38;3.1;3.25;;;;;;;
SP1;30/12/2022;Celta;Sevilla;1;1;D;1;0;H;17;7;5;5;11;13;5;6;2;4;0;1;2.2;3.3;3.4;;;;;;;
SP1;30/12/2022;Valladolid;Real Madrid;0;2;A;0;0;D;14;19;4;8;7;9;5;9;2;0;1;0;6.5;4.75;1.45;;;;;;;
SP1;31/12/2022;Barcelona;Espanol;1;1;D;1;0;H;21;4;6;1;11;15;10;2;6;7;1;1;1.25;6.5;10.0;;;;;;;
SP1;31/12/2022;Sociedad;Osasuna;2;0;H;1;0;H;9;11;2;3;10;15;3;2;1;1;0;0;1.85;3.3;4.75;;;;;;;
SP1;31/12/2022;Villarreal;Valencia;2;1;H;1;1;D;14;13;8;4;12;16;5;2;1;3;0;0;1.95;3.4;4.2;;;;;;;
SP1;06/01/2023;Elche;Celta;0;1;A;0;1;A;13;14;5;7;15;15;8;4;3;1;1;0;4.0;3.25;1.95;;;;;;;
SP1;06/01/2023;Valencia;Cadiz;0;1;A;0;1;A;11;6;2;2;14;21;13;2;5;6;0;0;1.57;4.0;5.75;;;;;;;
SP1;07/01/2023;Villarreal;Real Madrid;2;1;H;0;0;D;17;13;5;3;13;6;6;5;4;1;0;0;3.25;3.8;2.05;;;;;;;
SP1;07/01/2023;Mallorca;Valladolid;1;0;H;0;0;D;13;9;4;1;14;17;6;2;2;3;0;0;1.95;3.3;4.2;;;;;;;
SP1;07/01/2023;Espanol;Girona;2;2;D;0;1;A;12;12;6;5;13;16;5;2;3;2;0;0;2.25;3.4;3.2;;;;;;;
SP1;08/01/2023;Almeria;Sociedad;0;2;A;0;0;D;6;9;1;6;13;14;4;2;1;0;0;0;4.2;3.3;1.95;;;;;;;
SP1;08/01/2023;Vallecano;Betis;1;2;A;1;2;A;15;14;3;3;10;16;5;7;3;2;0;0;2.3;3.3;3.2;;;;;;;
SP1;08/01/2023;Sevilla;Getafe;2;1;H;1;0;H;11;11;5;2;13;16;4;4;3;3;0;0;1.75;3.4;5.25;;;;;;;
SP1;08/01/2023;Ath Madrid;Barcelona;0;1;A;0;1;A;20;10;5;2;8;16;7;4;2;3;1;1;3.1;3.4;2.3;;;;;;;
SP1;09/01/2023;Ath Bilbao;Osasuna;0;0;D;0;0;D;17;3;3;1;8;13;14;1;0;1;0;0;1.67;3.6;5.75;;;;;;;
SP1;13/01/2023;Celta;Villarreal;1;1;D;0;1;A;21;3;8;1;11;8;14;3;0;2;0;0;2.88;3.3;2.5;;;;;;;
SP1;14/01/2023;Valladolid;Vallecano;0;1;A;0;0;D;9;13;2;6;17;18;4;8;2;2;0;0;2.75;3.25;2.63;;;;;;;
SP1;14/01/2023;Girona;Sevilla;2;1;H;0;1;A;19;10;7;2;11;7;5;2;3;1;0;0;2.38;3.4;3.0;;;;;;;
SP1;14/01/2023;Osasuna;Mallorca;1;0;H;0;0;D;15;6;4;2;15;19;3;1;2;3;0;0;2.0;3.1;4.33;;;;;;;
SP1;14/01/2023;Sociedad;Ath Bilbao;3;1;H;2;1;H;11;6;5;2;20;15;4;2;5;1;0;1;2.4;3.2;3.1;;;;;;;
SP1;15/01/2023;Getafe;Espanol;1;2;A;1;1;D;10;10;2;4;20;13;5;1;2;3;0;0;2.5;3.0;3.1;;;;;;;
SP1;15/01/2023;Almeria;Ath Madrid;1;1;D;1;1;D;14;12;3;6;14;12;3;4;4;4;0;1;5.0;3.75;1.7;;;;;;;
SP1;16/01/2023;Cadiz;Elche;1;1;D;1;0;H;16;12;3;5;11;21;3;6;3;2;0;0;1.91;3.4;4.33;;;;;;;
SP1;20/01/2023;Mallorca;Celta;1;0;H;0;0;D;8;10;3;3;15;11;4;6;2;3;0;0;2.8;2.75;3.0;;;;;;;
SP1;21/01/2023;Vallecano;Sociedad;0;2;A;0;2;A;14;12;2;7;11;11;3;4;0;0;0;0;3.1;3.2;2.38;;;;;;;
SP1;21/01/2023;Espanol;Betis;1;0;H;1;0;H;8;13;2;4;18;8;7;4;3;2;0;0;2.7;3.2;2.7;;;;;;;
SP1;21/01/2023;Ath Madrid;Valladolid;3;0;H;3;0;H;18;7;8;1;12;7;4;1;1;1;0;0;1.4;4.75;8.5;;;;;;;
SP1;21/01/2023;Sevilla;Cadiz;1;0;H;0;0;D;17;4;9;1;15;14;8;1;1;4;0;1;1.7;3.75;5.0;;;;;;;
SP1;22/01/2023;Villarreal;Girona;1;0;H;0;0;D;19;8;9;1;21;15;3;2;5;5;0;1;1.73;3.8;4.5;;;;;;;
SP1;22/01/2023;Elche;Osasuna;1;1;D;0;1;A;13;8;4;4;19;9;7;2;2;1;0;0;3.5;3.25;2.15;;;;;;;
SP1;22/01/2023;Barcelona;Getafe;1;0;H;1;0;H;8;7;4;3;11;6;4;2;1;2;0;0;1.18;8.0;15.0;;;;;;;
SP1;22/01/2023;Ath Bilbao;Real Madrid;0;2;A;0;1;A;18;10;3;4;17;10;12;2;3;2;0;0;2.9;3.4;2.38;;;;;;;
SP1;23/01/2023;Valencia;Almeria;2;2;D;0;0;D;16;14;6;3;8;8;6;2;2;1;0;0;1.6;4.2;5.25;;;;;;;
SP1;27/01/2023;Almeria;Espanol;3;1;H;1;0;H;19;6;7;3;16;6;2;2;3;3;0;0;2.38;3.1;3.2;;;;;;;
SP1;28/01/2023;Cadiz;Mallorca;2;0;H;2;0;H;11;9;4;2;13;12;6;2;2;2;0;0;2.88;2.8;2.9;;;;;;;
SP1;28/01/2023;Girona;Barcelona;0;1;A;0;0;D;8;8;2;3;10;15;4;2;2;3;1;0;5.0;4.33;1.57;;;;;;;
SP1;28/01/2023;Sevilla;Elche;3;0;H;3;0;H;22;6;8;1;7;8;5;2;1;3;0;1;1.53;4.0;7.0;;;;;;;
SP1;28/01/2023;Getafe;Betis;0;1;A;0;0;D;6;13;1;2;25;12;6;1;4;2;0;0;3.2;2.88;2.63;;;;;;;
SP1;29/01/2023;Valladolid;Valencia;1;0;H;0;0;D;13;15;6;2;14;15;4;7;3;1;0;0;3.25;3.1;2.4;;;;;;;
SP1;29/01/2023;Osasuna;Ath Madrid;0;1;A;0;0;D;14;13;4;5;13;7;5;4;1;0;0;0;3.6;3.1;2.2;;;;;;;
SP1;29/01/2023;Celta;Ath Bilbao;1;0;H;0;0;D;9;5;3;0;17;19;2;5;3;2;0;0;2.88;3.0;2.7;;;;;;;
SP1;29/01/2023;Real Madrid;Sociedad;0;0;D;0;0;D;20;8;7;3;8;19;10;3;1;4;0;0;1.67;3.8;5.0;;;;;;;
SP1;30/01/2023;Villarreal;Vallecano;0;1;A;0;0;D;12;11;3;3;11;18;5;4;2;3;0;0;1.67;3.8;5.25;;;;;;;
SP1;01/02/2023;Betis;Barcelona;1;2;A;0;0;D;5;13;1;3;17;9;1;6;3;0;1;0;5.0;3.8;1.67;;;;;;;
SP1;02/02/2023;Real Madrid;Valencia;2;0;H;0;0;D;19;4;7;0;12;17;6;6;3;1;0;1;1.44;4.75;6.5;;;;;;;
SP1;03/02/2023;Ath Bilbao;Cadiz;4;1;H;3;1;H;17;15;9;3;14;12;0;3;2;1;1;0;1.36;4.5;9.5;;;;;;;
SP1;04/02/2023;Espanol;Osasuna;1;1;D;0;1;A;9;9;4;3;9;17;4;3;3;5;1;1;2.55;3.0;3.0;;;;;;;
SP1;04/02/2023;Elche;Villarreal;3;1;H;2;1;H;18;14;7;2;19;8;6;10;4;2;0;0;5.0;3.8;1.67;;;;;;;
SP1;04/02/2023;Ath Madrid;Getafe;1;1;D;0;0;D;12;9;4;1;11;18;8;0;3;5;0;0;1.4;4.33;9.0;;;;;;;
SP1;04/02/2023;Betis;Celta;3;4;A;2;2;D;15;9;7;7;11;13;5;5;2;3;1;0;2.2;3.2;3.5;;;;;;;
SP1;05/02/2023;Mallorca;Real Madrid;1;0;H;1;0;H;4;20;1;1;29;14;1;12;5;5;0;0;5.0;3.5;1.73;;;;;;;
SP1;05/02/2023;Girona;Valencia;1;0;H;0;0;D;20;8;8;4;11;10;8;4;1;4;0;0;2.2;3.2;3.5;;;;;;;
SP1;05/02/2023;Sociedad;Valladolid;0;1;A;0;0;D;15;7;4;2;17;14;0;4;4;5;0;0;1.44;4.33;7.5;;;;;;;
SP1;05/02/2023;Barcelona;Sevilla;3;0;H;0;0;D;16;3;7;1;8;10;8;3;0;2;0;0;1.33;5.25;8.5;;;;;;;
SP1;06/02/2023;Vallecano;Almeria;2;0;H;0;0;D;15;14;11;5;16;9;3;7;3;3;0;0;1.73;3.6;5.0;;;;;;;
SP1;10/02/2023;Cadiz;Girona;2;0;H;2;0;H;12;7;3;1;17;11;5;6;4;4;0;0;3.0;3.2;2.45;;;;;;;
SP1;11/02/2023;Almeria;Betis;2;3;A;1;2;A;16;12;9;7;12;10;8;2;2;3;0;0;2.8;3.4;2.5;;;;;;;
SP1;11/02/2023;Sevilla;Mallorca;2;0;H;2;0;H;15;6;6;0;9;14;8;2;5;2;0;0;1.91;3.2;4.5;;;;;;;
SP1;11/02/2023;Valencia;Ath Bilbao;1;2;A;1;1;D;18;11;8;3;11;17;7;1;2;2;0;0;3.0;3.2;2.45;;;;;;;
SP1;12/02/2023;Getafe;Vallecano;1;1;D;0;1;A;13;19;4;4;21;19;5;6;4;4;1;0;2.8;2.9;2.88;;;;;;;
SP1;12/02/2023;Celta;Ath Madrid;0;1;A;0;0;D;14;10;3;2;10;13;7;5;2;2;0;1;3.6;3.1;2.2;;;;;;;
SP1;12/02/2023;Valladolid;Osasuna;0;0;D;0;0;D;18;15;5;4;13;16;10;4;1;3;0;0;2.75;3.1;2.7;;;;;;;
SP1;12/02/2023;Villarreal;Barcelona;0;1;A;0;1;A;11;7;2;4;22;18;6;2;4;4;0;0;3.75;4.0;1.85;;;;;;;
SP1;13/02/2023;Espanol;Sociedad;2;3;A;0;1;A;10;11;6;5;9;17;4;3;4;1;1;0;3.5;3.0;2.3;;;;;;;
SP1;15/02/2023;Real Madrid;Elche;4;0;H;3;0;H;26;7;13;0;5;13;6;4;1;3;0;0;1.18;7.5;15.0;;;;;;;
SP1;17/02/2023;Girona;Almeria;6;2;H;4;0;H;14;16;8;4;10;8;1;7;1;1;0;0;1.8;3.75;4.33;;;;;;;
SP1;18/02/2023;Sociedad;Celta;1;1;D;1;0;H;9;18;3;4;14;12;3;7;3;5;0;1;1.8;3.3;5.25;;;;;;;
SP1;18/02/2023;Betis;Valladolid;2;1;H;2;1;H;16;17;10;3;18;15;4;6;3;5;0;0;1.6;3.75;6.5;;;;;;;
SP1;18/02/2023;Mallorca;Villarreal;4;2;H;2;1;H;13;8;5;4;19;8;4;4;5;0;0;1;3.2;3.0;2.45;;;;;;;
SP1;18/02/2023;Osasuna;Real Madrid;0;2;A;0;0;D;11;11;4;6;17;7;5;5;3;2;0;0;4.33;3.6;1.8;;;;;;;
SP1;19/02/2023;Elche;Espanol;0;1;A;0;0;D;19;11;5;4;11;12;10;5;2;3;1;0;2.9;3.1;2.63;;;;;;;
SP1;19/02/2023;Vallecano;Sevilla;1;1;D;0;1;A;18;7;5;2;15;6;7;3;4;1;0;0;2.5;3.1;3.0;;;;;;;
SP1;19/02/2023;Ath Madrid;Ath Bilbao;1;0;H;0;0;D;17;8;5;2;7;13;6;5;2;3;0;0;2.0;3.3;4.0;;;;;;;
SP1;19/02/2023;Barcelona;Cadiz;2;0;H;2;0;H;16;14;5;4;15;18;5;6;2;3;0;0;1.18;7.0;13.0;;;;;;;
SP1;20/02/2023;Getafe;Valencia;1;0;H;0;0;D;15;8;6;3;11;8;4;5;6;1;0;0;2.75;3.0;2.8;;;;;;;
SP1;24/02/2023;Elche;Betis;2;3;A;2;0;H;4;21;2;9;16;9;3;3;4;1;2;0;3.5;3.3;2.1;;;;;;;
SP1;25/02/2023;Espanol;Mallorca;2;1;H;1;1;D;9;15;3;4;15;18;0;4;2;2;0;0;2.5;2.9;3.2;;;;;;;
SP1;25/02/2023;Cadiz;Vallecano;1;0;H;0;0;D;5;11;3;2;19;19;4;6;3;4;0;1;2.9;3.0;2.7;;;;;;;
SP1;25/02/2023;Real Madrid;Ath Madrid;1;1;D;0;0;D;18;7;7;2;10;8;7;4;3;3;0;1;1.8;3.5;5.0;;;;;;;
SP1;25/02/2023;Valencia;Sociedad;1;0;H;1;0;H;8;11;3;3;13;12;7;8;6;3;0;0;3.1;3.1;2.5;;;;;;;
SP1;26/02/2023;Ath Bilbao;Girona;2;3;A;1;3;A;17;8;3;4;17;8;11;3;5;5;0;0;1.67;3.8;5.25;;;;;;;
SP1;26/02/2023;Celta;Valladolid;3;0;H;2;0;H;18;6;4;3;6;5;5;4;1;3;0;1;1.7;3.75;5.25;;;;;;;
SP1;26/02/2023;Almeria;Barcelona;1;0;H;1;0;H;7;14;4;1;13;11;4;7;3;3;0;0;7.0;4.75;1.44;;;;;;;
SP1;26/02/2023;Sevilla;Osasuna;2;3;A;0;1;A;22;11;8;4;10;15;10;2;4;2;1;0;1.85;3.25;4.5;;;;;;;
SP1;27/02/2023;Villarreal;Getafe;2;1;H;1;1;D;11;8;5;3;9;13;6;6;0;1;0;0;1.67;3.6;5.75;;;;;;;
SP1;03/03/2023;Sociedad;Cadiz;0;0;D;0;0;D;15;6;3;2;18;18;4;0;0;1;0;0;1.5;3.9;7.5;;;;;;;
SP1;04/03/2023;Getafe;Girona;3;2;H;3;0;H;10;9;6;7;24;11;3;3;5;4;0;0;2.75;3.0;2.8;;;;;;;
SP1;04/03/2023;Almeria;Villarreal;0;2;A;0;0;D;6;16;0;6;11;10;2;10;2;4;0;0;3.5;3.6;2.05;;;;;;;
SP1;04/03/2023;Mallorca;Elche;0;1;A;0;0;D;14;15;3;6;17;14;6;7;3;3;0;0;1.7;3.4;5.75;;;;;;;
SP1;04/03/2023;Ath Madrid;Sevilla;6;1;H;2;1;H;18;8;8;1;12;11;7;3;1;4;0;1;1.67;3.6;5.25;;;;;;;
SP1;05/03/2023;Valladolid;Espanol;2;1;H;1;0;H;15;12;5;2;4;11;9;6;3;2;0;0;2.5;3.2;2.88;;;;;;;
SP1;05/03/2023;Barcelona;Valencia;1;0;H;1;0;H;13;13;4;1;11;13;5;2;0;0;1;0;1.53;4.5;5.75;;;;;;;
SP1;05/03/2023;Vallecano;Ath Bilbao;0;0;D;0;0;D;18;16;2;3;9;17;7;9;1;0;0;1;2.9;3.1;2.6;;;;;;;
SP1;05/03/2023;Betis;Real Madrid;0;0;D;0;0;D;8;15;4;5;12;13;5;3;3;4;0;0;4.75;3.75;1.73;;;;;;;
SP1;06/03/2023;Osasuna;Celta;0;0;D;0;0;D;10;6;5;0;12;12;6;4;0;2;0;0;2.8;3.0;2.8;;;;;;;
SP1;10/03/2023;Cadiz;Getafe;2;2;D;1;0;H;11;16;4;10;13;16;2;6;4;5;1;1;2.5;2.88;3.3;;;;;;;
SP1;11/03/2023;Real Madrid;Espanol;3;1;H;2;1;H;22;10;7;3;12;17;7;4;3;2;0;0;1.25;6.5;9.5;;;;;;;
SP1;11/03/2023;Elche;Valladolid;1;1;D;0;1;A;24;5;10;1;19;11;10;3;4;6;0;2;2.7;3.3;2.7;;;;;;;
SP1;11/03/2023;Celta;Vallecano;3;0;H;0;0;D;15;12;6;3;13;12;3;7;2;3;0;0;2.1;3.2;4.0;;;;;;;
SP1;11/03/2023;Valencia;Osasuna;1;0;H;0;0;D;8;7;4;0;8;19;12;3;2;5;0;0;2.1;3.2;3.8;;;;;;;
SP1;12/03/2023;Mallorca;Sociedad;1;1;D;0;1;A;8;8;2;2;19;20;3;2;2;2;0;1;3.5;2.9;2.38;;;;;;;
SP1;12/03/2023;Sevilla;Almeria;2;1;H;1;1;D;27;13;5;5;8;11;6;4;4;4;0;0;1.73;3.6;5.25;;;;;;;
SP1;12/03/2023;Villarreal;Betis;1;1;D;0;1;A;15;6;4;3;8;11;2;4;3;2;0;0;1.95;3.6;3.8;;;;;;;
SP1;12/03/2023;Ath Bilbao;Barcelona;0;1;A;0;1;A;15;10;5;2;13;7;5;3;2;1;0;0;3.5;3.3;2.15;;;;;;;
SP1;13/03/2023;Girona;Ath Madrid;0;1;A;0;0;D;6;14;4;4;6;12;1;3;2;3;0;0;3.75;3.4;2.05;;;;;;;
SP1;17/03/2023;Valladolid;Ath Bilbao;1;3;A;0;1;A;15;15;3;6;9;14;2;9;2;2;0;0;4.2;3.6;1.83;;;;;;;
SP1;18/03/2023;Almeria;Cadiz;1;1;D;0;0;D;17;10;5;4;12;12;5;2;1;4;0;0;2.0;3.5;3.6;;;;;;;
SP1;18/03/2023;Vallecano;Girona;2;2;D;2;1;H;15;12;3;4;15;16;3;5;2;2;0;0;2.0;3.4;3.8;;;;;;;
SP1;18/03/2023;Espanol;Celta;1;3;A;0;2;A;11;8;3;4;11;12;4;1;2;2;0;0;2.75;3.25;2.55;;;;;;;
SP1;18/03/2023;Ath Madrid;Valencia;3;0;H;1;0;H;14;9;6;1;12;9;4;2;2;0;0;0;1.55;4.2;5.75;;;;;;;
SP1;19/03/2023;Betis;Mallorca;1;0;H;0;0;D;10;5;3;1;8;15;4;4;1;2;0;0;1.8;3.2;5.25;;;;;;;
SP1;19/03/2023;Osasuna;Villarreal;0;3;A;0;1;A;10;12;2;6;15;7;7;1;3;2;0;0;3.0;3.1;2.45;;;;;;;
SP1;19/03/2023;Sociedad;Elche;2;0;H;0;0;D;17;4;4;3;16;16;5;3;2;1;0;0;1.4;4.75;8.5;;;;;;;
SP1;19/03/2023;Getafe;Sevilla;2;0;H;0;0;D;15;11;4;4;22;10;4;1;4;2;0;0;2.9;3.1;2.5;;;;;;;
SP1;19/03/2023;Barcelona;Real Madrid;2;1;H;1;1;D;17;11;7;3;12;13;8;1;4;3;0;0;2.15;3.5;3.25;;;;;;;
SP1;31/03/2023;Mallorca;Osasuna;0;0;D;0;0;D;10;11;1;2;19;17;2;3;7;3;1;0;2.2;2.9;3.9;;;;;;;
SP1;01/04/2023;Girona;Espanol;2;1;H;0;0;D;14;5;4;1;12;16;5;2;4;2;0;1;1.91;3.3;4.33;;;;;;;
SP1;01/04/2023;Ath Bilbao;Getafe;0;0;D;0;0;D;17;9;3;1;8;9;13;3;0;0;0;0;1.57;3.8;6.5;;;;;;;
SP1;01/04/2023;Cadiz;Sevilla;0;2;A;0;0;D;14;11;3;5;9;14;8;4;3;4;0;0;3.4;3.1;2.3;;;;;;;
SP1;01/04/2023;Elche;Barcelona;0;4;A;0;1;A;15;12;2;6;11;11;11;3;0;3;0;0;9.5;5.0;1.33;;;;;;;
SP1;02/04/2023;Celta;Almeria;2;2;D;2;2;D;21;8;5;3;13;12;4;1;3;5;0;0;1.55;4.0;6.0;;;;;;;
SP1;02/04/2023;Real Madrid;Valladolid;6;0;H;4;0;H;30;12;17;2;17;11;9;1;0;1;0;0;1.2;7.5;11.0;;;;;;;
SP1;02/04/2023;Villarreal;Sociedad;2;0;H;0;0;D;16;16;4;3;12;19;4;4;5;3;1;0;2.4;3.1;3.2;;;;;;;
SP1;02/04/2023;Ath Madrid;Betis;1;0;H;0;0;D;13;6;7;2;20;11;5;1;1;2;0;0;1.53;4.0;6.5;;;;;;;
SP1;03/04/2023;Valencia;Vallecano;1;1;D;0;1;A;18;7;4;2;15;16;13;3;2;3;0;0;2.05;3.2;3.8;;;;;;;
SP1;07/04/2023;Sevilla;Celta;2;2;D;1;0;H;7;9;2;4;11;9;8;3;6;2;2;0;2.1;3.4;3.5;;;;;;;
SP1;08/04/2023;Osasuna;Elche;2;1;H;0;1;A;22;7;6;1;15;7;9;2;1;3;0;0;1.73;3.6;5.0;;;;;;;
SP1;08/04/2023;Espanol;Ath Bilbao;1;2;A;0;1;A;9;12;2;7;14;18;8;7;6;4;1;0;3.5;3.2;2.2;;;;;;;
SP1;08/04/2023;Sociedad;Getafe;2;0;H;1;0;H;11;6;6;4;11;9;3;2;2;1;0;0;1.7;3.3;6.0;;;;;;;
SP1;08/04/2023;Real Madrid;Villarreal;2;3;A;1;1;D;18;17;4;8;8;19;6;7;0;3;0;0;1.53;4.33;5.75;;;;;;;
SP1;09/04/2023;Valladolid;Mallorca;3;3;D;1;0;H;10;14;6;6;13;20;1;2;3;5;0;0;2.5;2.9;3.2;;;;;;;
SP1;09/04/2023;Betis;Cadiz;0;2;A;0;0;D;9;15;3;4;18;16;5;6;3;3;2;0;1.62;3.75;5.75;;;;;;;
SP1;09/04/2023;Almeria;Valencia;2;1;H;0;0;D;10;11;4;4;11;11;3;7;3;2;0;0;3.0;3.3;2.4;;;;;;;
SP1;09/04/2023;Vallecano;Ath Madrid;1;2;A;0;2;A;15;14;3;4;8;7;8;2;0;0;1;0;4.33;3.5;1.85;;;;;;;
SP1;10/04/2023;Barcelona;Girona;0;0;D;0;0;D;18;5;3;0;14;14;12;2;0;2;0;0;1.3;5.5;10.0;;;;;;;
SP1;14/04/2023;Vallecano;Osasuna;2;1;H;2;0;H;12;8;3;4;18;16;2;3;2;3;0;0;2.2;3.1;3.6;;;;;;;
SP1;15/04/2023;Villarreal;Valladolid;1;2;A;0;2;A;22;14;7;7;9;18;8;5;1;6;0;0;1.44;4.75;6.5;;;;;;;
SP1;15/04/2023;Ath Bilbao;Sociedad;2;0;H;1;0;H;13;13;5;4;16;14;5;2;5;2;0;0;2.25;3.1;3.5;;;;;;;
SP1;15/04/2023;Betis;Espanol;3;1;H;2;0;H;15;13;8;4;9;13;4;13;2;2;0;0;1.83;3.5;4.5;;;;;;;
SP1;15/04/2023;Cadiz;Real Madrid;0;2;A;0;0;D;12;35;3;11;12;7;2;9;1;0;0;0;5.75;4.2;1.55;;;;;;;
SP1;16/04/2023;Girona;Elche;2;0;H;1;0;H;14;13;4;5;9;14;3;4;3;3;0;1;1.53;4.33;6.0;;;;;;;
SP1;16/04/2023;Getafe;Barcelona;0;0;D;0;0;D;5;15;1;3;13;12;1;5;2;1;0;0;6.0;3.8;1.6;;;;;;;
SP1;16/04/2023;Ath Madrid;Almeria;2;1;H;2;1;H;19;2;7;0;7;8;9;2;3;3;0;0;1.22;7.0;11.0;;;;;;;
SP1;16/04/2023;Valencia;Sevilla;0;2;A;0;0;D;13;6;3;3;10;17;6;2;1;4;1;0;2.2;3.2;3.6;;;;;;;
SP1;17/04/2023;Celta;Mallorca;0;1;A;0;1;A;12;8;3;2;10;19;7;5;2;1;1;0;1.8;3.3;5.25;;;;;;;
SP1;21/04/2023;Espanol;Cadiz;0;0;D;0;0;D;14;11;5;2;8;22;6;3;4;2;0;0;2.05;3.25;3.8;;;;;;;
SP1;22/04/2023;Osasuna;Betis;3;2;H;3;1;H;10;21;5;6;20;13;5;13;2;0;0;0;2.55;3.2;2.88;;;;;;;
SP1;22/04/2023;Almeria;Ath Bilbao;1;2;A;0;1;A;12;14;4;3;8;20;3;4;2;4;0;0;3.8;3.75;1.85;;;;;;;
SP1;22/04/2023;Sociedad;Vallecano;2;1;H;0;0;D;7;7;1;2;18;19;3;3;1;2;0;0;1.67;3.5;6.0;;;;;;;
SP1;22/04/2023;Valladolid;Girona;1;0;H;1;0;H;15;12;6;6;14;9;5;7;1;1;0;0;2.5;3.4;2.8;;;;;;;
SP1;22/04/2023;Real Madrid;Celta;2;0;H;1;0;H;17;12;5;2;10;10;8;3;1;2;0;0;1.36;5.0;9.0;;;;;;;
SP1;23/04/2023;Elche;Valencia;0;2;A;0;2;A;7;5;1;3;12;6;11;6;3;1;0;0;4.33;3.5;1.85;;;;;;;
SP1;23/04/2023;Barcelona;Ath Madrid;1;0;H;1;0;H;13;13;4;3;15;16;3;3;4;7;0;0;1.95;3.3;4.2;;;;;;;
SP1;23/04/2023;Mallorca;Getafe;3;1;H;0;1;A;8;3;4;1;15;18;2;2;2;3;0;0;2.3;2.88;3.75;;;;;;;
SP1;23/04/2023;Sevilla;Villarreal;2;1;H;1;0;H;17;17;4;5;12;10;5;3;1;2;0;0;2.75;3.4;2.55;;;;;;;
SP1;25/04/2023;Cadiz;Osasuna;0;1;A;0;0;D;20;6;4;4;8;15;11;2;0;1;0;1;2.3;3.1;3.4;;;;;;;
SP1;25/04/2023;Girona;Real Madrid;4;2;H;2;1;H;13;18;5;3;7;6;3;8;1;2;0;0;5.25;4.33;1.57;;;;;;;
SP1;25/04/2023;Betis;Sociedad;0;0;D;0;0;D;10;10;1;3;13;23;2;4;1;3;0;0;2.75;3.25;2.63;;;;;;;
SP1;26/04/2023;Ath Madrid;Mallorca;3;1;H;1;1;D;24;6;9;2;10;9;5;8;0;0;0;0;1.4;4.33;8.5;;;;;;;
SP1;26/04/2023;Getafe;Almeria;1;2;A;0;1;A;21;23;9;11;15;9;4;6;2;2;1;0;1.91;3.3;4.5;;;;;;;
SP1;26/04/2023;Celta;Elche;1;0;H;0;0;D;17;16;9;1;9;12;10;6;0;0;0;0;1.3;5.25;10.0;;;;;;;
SP1;26/04/2023;Vallecano;Barcelona;2;1;H;1;0;H;9;10;6;5;10;14;3;9;1;4;0;0;4.75;3.75;1.73;;;;;;;
SP1;27/04/2023;Valencia;Valladolid;2;1;H;0;1;A;18;8;5;2;16;17;6;2;0;4;0;0;1.75;3.75;4.75;;;;;;;
SP1;27/04/2023;Villarreal;Espanol;4;2;H;0;1;A;31;13;13;4;14;10;9;2;2;4;0;1;1.57;4.0;6.0;;;;;;;
SP1;27/04/2023;Ath Bilbao;Sevilla;0;1;A;0;0;D;7;4;2;1;7;11;8;2;3;3;0;0;1.75;3.6;4.5;;;;;;;
SP1;28/04/2023;Osasuna;Sociedad;0;2;A;0;1;A;13;12;1;8;12;15;4;2;3;1;0;0;3.75;3.0;2.2;;;;;;;
SP1;29/04/2023;Elche;Vallecano;4;0;H;1;0;H;18;14;9;3;13;16;3;8;1;2;0;1;4.75;3.5;1.8;;;;;;;
SP1;29/04/2023;Real Madrid;Almeria;4;2;H;3;1;H;15;9;12;3;12;16;7;0;2;2;0;0;1.14;8.5;15.0;;;;;;;
SP1;29/04/2023;Barcelona;Betis;4;0;H;3;0;H;15;4;8;1;10;9;10;0;0;2;0;1;1.33;5.0;9.0;;;;;;;
SP1;30/04/2023;Cadiz;Valencia;2;1;H;1;0;H;8;16;4;4;14;10;5;6;6;2;0;0;3.1;3.1;2.45;;;;;;;
SP1;30/04/2023;Villarreal;Celta;3;1;H;2;1;H;9;14;3;5;12;11;4;9;1;4;0;0;1.8;3.6;4.5;;;;;;;
SP1;30/04/2023;Espanol;Getafe;1;0;H;1;0;H;17;7;8;2;12;23;6;3;3;5;0;0;2.38;3.0;3.3;;;;;;;
SP1;30/04/2023;Valladolid;Ath Madrid;2;5;A;1;3;A;19;9;6;6;14;8;9;1;2;1;0;0;5.5;3.8;1.65;;;;;;;
SP1;01/05/2023;Mallorca;Ath Bilbao;1;1;D;0;0;D;9;16;2;6;17;9;5;7;4;2;0;0;3.6;3.0;2.25;;;;;;;
SP1;01/05/2023;Sevilla;Girona;0;2;A;0;1;A;23;9;5;3;14;11;6;1;1;1;0;0;1.95;3.5;3.8;;;;;;;
SP1;02/05/2023;Almeria;Elche;2;1;H;1;0;H;10;14;4;1;8;9;7;13;2;2;0;0;1.62;4.33;5.0;;;;;;;
SP1;02/05/2023;Barcelona;Osasuna;1;0;H;0;0;D;21;7;4;2;7;10;11;0;0;0;0;1;1.14;7.5;19.0;;;;;;;
SP1;02/05/2023;Sociedad;Real Madrid;2;0;H;0;0;D;9;10;4;5;17;9;2;6;1;5;0;1;2.55;3.4;2.8;;;;;;;
SP1;03/05/2023;Valencia;Villarreal;1;1;D;0;0;D;8;11;1;4;14;13;6;6;4;2;0;0;2.75;3.3;2.55;;;;;;;
SP1;03/05/2023;Ath Madrid;Cadiz;5;1;H;2;0;H;18;2;8;1;12;9;5;2;3;2;0;0;1.29;5.5;12.0;;;;;;;
SP1;03/05/2023;Getafe;Celta;1;0;H;1;0;H;14;7;4;1;21;14;1;5;7;5;0;1;2.55;3.0;3.1;;;;;;;
SP1;04/05/2023;Girona;Mallorca;2;1;H;1;0;H;17;8;7;2;9;13;9;5;4;0;0;0;2.1;3.2;3.75;;;;;;;
SP1;04/05/2023;Sevilla;Espanol;3;2;H;1;2;A;18;7;6;3;15;11;9;0;1;2;0;0;1.83;3.6;4.2;;;;;;;
SP1;04/05/2023;Ath Bilbao;Betis;0;1;A;0;1;A;21;12;6;2;13;7;13;2;1;3;1;0;1.7;4.0;4.75;;;;;;;
SP1;04/05/2023;Vallecano;Valladolid;2;1;H;0;0;D;16;7;6;4;18;15;3;4;0;0;0;0;1.73;3.8;4.75;;;;;;;
SP1;12/05/2023;Mallorca;Cadiz;1;0;H;1;0;H;8;14;3;4;16;14;3;7;5;3;0;0;2.15;2.9;4.0;;;;;;;
SP1;13/05/2023;Sociedad;Girona;2;2;D;2;2;D;18;13;6;6;22;13;7;4;5;3;0;1;1.62;4.0;5.5;;;;;;;
SP1;13/05/2023;Osasuna;Almeria;3;1;H;0;0;D;18;8;7;3;7;7;4;1;0;0;0;0;2.05;3.5;3.6;;;;;;;
SP1;13/05/2023;Villarreal;Ath Bilbao;5;1;H;2;1;H;17;11;11;5;11;13;7;5;4;3;0;0;2.1;3.5;3.4;;;;;;;
SP1;13/05/2023;Real Madrid;Getafe;1;0;H;0;0;D;16;9;3;2;5;23;1;3;1;4;0;0;1.55;4.0;6.5;;;;;;;
SP1;14/05/2023;Celta;Valencia;1;2;A;0;1;A;10;12;6;5;13;19;5;4;3;5;0;1;2.2;3.3;3.4;;;;;;;
SP1;14/05/2023;Elche;Ath Madrid;1;0;H;1;0;H;15;13;4;4;16;3;3;5;2;0;0;0;8.0;5.0;1.36;;;;;;;
SP1;14/05/2023;Valladolid;Sevilla;0;3;A;0;0;D;28;17;6;5;9;16;8;3;2;1;0;0;2.25;3.5;3.1;;;;;;;
SP1;14/05/2023;Espanol;Barcelona;2;4;A;0;3;A;15;15;7;5;12;9;4;3;1;3;0;0;5.25;4.0;1.65;;;;;;;
SP1;15/05/2023;Betis;Vallecano;3;1;H;2;0;H;11;16;5;4;11;9;6;5;3;2;0;1;1.91;3.5;4.0;;;;;;;
SP1;19/05/2023;Cadiz;Valladolid;2;0;H;0;0;D;11;6;4;2;18;18;4;3;4;4;0;1;2.2;3.4;3.3;;;;;;;
SP1;20/05/2023;Girona;Villarreal;1;2;A;1;1;D;9;10;3;5;16;11;3;1;2;1;0;0;2.8;3.75;2.3;;;;;;;
SP1;20/05/2023;Ath Bilbao;Celta;2;1;H;1;0;H;10;8;3;3;17;12;8;5;4;1;0;0;1.62;3.8;5.5;;;;;;;
SP1;20/05/2023;Almeria;Mallorca;3;0;H;2;0;H;12;7;3;3;11;15;4;6;1;2;0;0;2.25;3.25;3.3;;;;;;;
SP1;20/05/2023;Getafe;Elche;1;1;D;1;1;D;9;13;5;4;19;11;5;6;3;1;0;0;1.5;4.0;7.0;;;;;;;
SP1;20/05/2023;Barcelona;Sociedad;1;2;A;0;1;A;13;13;4;6;8;16;8;2;4;4;0;0;1.8;3.75;4.33;;;;;;;
SP1;21/05/2023;Vallecano;Espanol;1;2;A;1;1;D;15;10;5;6;8;11;4;4;2;2;0;0;2.15;3.4;3.4;;;;;;;
SP1;21/05/2023;Ath Madrid;Osasuna;3;0;H;1;0;H;15;12;5;2;6;11;8;10;0;2;0;0;1.36;4.75;8.0;;;;;;;
SP1;21/05/2023;Valencia;Real Madrid;1;0;H;1;0;H;12;13;6;5;13;4;2;9;4;2;0;1;3.2;3.5;2.2;;;;;;;
SP1;21/05/2023;Sevilla;Betis;0;0;D;0;0;D;10;5;4;0;14;11;4;3;2;2;0;1;2.3;3.3;3.1;;;;;;;
SP1;23/05/2023;Celta;Girona;1;1;D;1;0;H;16;11;7;4;13;13;9;3;0;0;0;0;2.0;3.5;3.75;;;;;;;
SP1;23/05/2023;Sociedad;Almeria;1;0;H;1;0;H;15;2;2;2;20;8;10;2;0;1;0;1;1.36;5.0;8.0;;;;;;;
SP1;23/05/2023;Valladolid;Barcelona;3;1;H;2;0;H;8;16;4;6;13;9;2;6;1;0;0;0;3.6;3.8;1.91;;;;;;;
SP1;24/05/2023;Elche;Sevilla;1;1;D;1;1;D;20;9;7;3;12;10;9;5;1;4;0;1;4.0;3.75;1.91;;;;;;;
SP1;24/05/2023;Real Madrid;Vallecano;2;1;H;1;0;H;12;15;3;6;11;14;5;2;1;3;0;0;1.62;4.0;5.25;;;;;;;
SP1;24/05/2023;Villarreal;Cadiz;2;0;H;2;0;H;13;16;7;8;14;8;7;6;1;2;0;0;1.44;4.5;7.0;;;;;;;
SP1;24/05/2023;Betis;Getafe;0;1;A;0;0;D;11;9;4;2;8;12;2;5;2;5;1;0;2.0;3.2;4.2;;;;;;;
SP1;24/05/2023;Espanol;Ath Madrid;3;3;D;0;2;A;26;16;13;7;6;9;16;1;2;3;0;0;2.88;3.5;2.38;;;;;;;
SP1;25/05/2023;Mallorca;Valencia;1;0;H;0;0;D;4;15;3;5;15;12;2;4;4;2;0;0;3.3;3.0;2.4;;;;;;;
SP1;25/05/2023;Osasuna;Ath Bilbao;2;0;H;0;0;D;9;10;3;5;17;13;3;6;3;3;0;0;3.0;3.25;2.45;;;;;;;
SP1;27/05/2023;Sevilla;Real Madrid;1;2;A;1;1;D;11;6;1;3;23;10;1;1;2;4;1;0;2.88;3.5;2.4;;;;;;;
SP1;28/05/2023;Almeria;Valladolid;0;0;D;0;0;D;23;8;7;2;11;16;2;4;0;4;0;0;2.25;3.4;3.1;;;;;;;
SP1;28/05/2023;Ath Bilbao;Elche;0;1;A;0;0;D;27;6;8;2;7;10;19;3;1;1;0;0;1.3;5.0;11.0;;;;;;;
SP1;28/05/2023;Ath Madrid;Sociedad;2;1;H;1;0;H;11;10;5;5;8;10;6;4;2;2;0;0;2.0;3.5;3.6;;;;;;;
SP1;28/05/2023;Barcelona;Mallorca;3;0;H;2;0;H;28;3;9;1;4;9;14;3;0;0;0;1;1.33;5.0;9.5;;;;;;;
SP1;28/05/2023;Cadiz;Celta;1;0;H;0;0;D;13;9;3;4;16;10;3;3;9;5;0;0;2.6;3.1;2.75;;;;;;;
SP1;28/05/2023;Getafe;Osasuna;2;1;H;1;1;D;16;10;6;2;11;6;1;1;3;1;0;0;2.2;3.1;3.5;;;;;;;
SP1;28/05/2023;Girona;Betis;1;2;A;1;0;H;9;18;3;7;14;12;8;5;0;1;0;0;1.95;3.6;3.6;;;;;;;
SP1;28/05/2023;Valencia;Espanol;2;2;D;1;1;D;19;9;4;5;12;12;10;3;0;4;0;0;2.0;3.75;3.4;;;;;;;
SP1;28/05/2023;Vallecano;Villarreal;2;1;H;0;0;D;15;7;4;2;9;9;4;6;3;5;0;0;3.0;3.6;2.2;;;;;;;
SP1;04/06/2023;Mallorca;Vallecano;3;0;H;0;0;D;8;20;4;4;14;15;2;6;0;0;0;0;3.0;3.3;2.38;;;;;;;
SP1;04/06/2023;Osasuna;Girona;2;1;H;0;0;D;14;11;7;6;12;9;5;2;1;5;0;0;2.05;3.6;3.4;;;;;;;
SP1;04/06/2023;Real Madrid;Ath Bilbao;1;1;D;0;0;D;9;15;2;9;11;14;5;6;2;2;0;0;1.91;3.75;3.75;;;;;;;
SP1;04/06/2023;Sociedad;Sevilla;2;1;H;1;0;H;17;9;6;4;10;13;5;2;0;1;0;0;1.73;3.9;4.6;;;;;;;
SP1;04/06/2023;Villarreal;Ath Madrid;2;2;D;1;1;D;22;9;7;3;9;12;12;1;3;2;0;1;2.7;3.5;2.5;;;;;;;
SP1;04/06/2023;Betis;Valencia;1;1;D;1;0;H;8;10;3;3;11;11;5;4;3;0;0;1;2.63;3.6;2.5;;;;;;;
SP1;04/06/2023;Celta;Barcelona;2;1;H;1;0;H;12;9;9;2;13;9;2;4;2;2;0;0;2.6;3.8;2.5;;;;;;;
SP1;04/06/2023;Elche;Cadiz;1;1;D;0;1;A;12;14;5;3;18;8;7;4;4;3;0;0;2.63;3.4;2.63;;;;;;;
SP1;04/06/2023;Espanol;Almeria;3;3;D;1;1;D;12;11;8;4;11;12;7;6;2;3;0;0;2.75;3.8;2.38;;;;;;;
SP1;04/06/2023;Valladolid;Getafe;0;0;D;0;0;D;15;4;0;1;9;25;6;1;1;3;0;0;2.2;3.3;3.4;;;;;;;
SP1;11/08/2023;Almeria;Vallecano;0;2;A;0;2;A;19;10;5;4;16;25;8;3;1;3;0;0;2.45;3.3;2.9;;;;;;;
SP1;11/08/2023;Sevilla;Valencia;1;2;A;0;0;D;9;10;3;3;15;17;8;1;3;2;1;0;1.91;3.5;4.2;;;;;;;
SP1;12/08/2023;Sociedad;Girona;1;1;D;1;0;H;15;6;2;1;22;9;4;1;2;5;0;0;1.62;4.0;5.25;;;;;;;
SP1;12/08/2023;Las Palmas;Mallorca;1;1;D;1;0;H;5;12;2;2;11;21;3;6;3;2;0;0;2.4;3.0;3.3;;;;;;;
SP1;12/08/2023;Ath Bilbao;Real Madrid;0;2;A;0;2;A;7;14;1;8;18;6;7;5;3;1;0;0;3.3;3.5;2.15;;;;;;;
SP1;13/08/2023;Celta;Osasuna;0;2;A;0;1;A;11;11;1;5;11;15;7;2;1;1;0;0;2.05;3.2;3.9;;;;;;;
SP1;13/08/2023;Villarreal;Betis;1;2;A;0;1;A;18;12;5;5;13;17;9;4;1;3;0;0;1.75;4.0;4.2;;;;;;;
SP1;13/08/2023;Getafe;Barcelona;0;0;D;0;0;D;5;14;2;4;20;11;3;4;8;2;1;1;6.5;3.8;1.57;;;;;;;
SP1;14/08/2023;Cadiz;Alaves;1;0;H;1;0;H;12;10;3;2;19;15;2;4;3;2;1;0;2.2;3.0;3.75;;;;;;;
SP1;14/08/2023;Ath Madrid;Granada;3;1;H;1;0;H;14;7;6;4;15;9;3;3;3;1;0;0;1.3;5.5;9.5;;;;;;;
SP1;18/08/2023;Mallorca;Villarreal;0;1;A;0;0;D;8;15;1;3;12;11;6;5;2;4;0;0;2.8;3.2;2.6;;;;;;;
SP1;18/08/2023;Valencia;Las Palmas;1;0;H;0;0;D;9;7;4;1;12;6;6;4;0;0;0;0;1.57;3.9;6.0;;;;;;;
SP1;19/08/2023;Sociedad;Celta;1;1;D;1;0;H;11;17;2;6;12;12;9;7;2;1;0;0;1.73;3.4;5.5;;;;;;;
SP1;19/08/2023;Almeria;Real Madrid;1;3;A;1;1;D;20;24;8;9;10;13;4;5;1;0;0;0;8.0;4.75;1.4;;;;;;;
SP1;19/08/2023;Osasuna;Ath Bilbao;0;2;A;0;2;A;18;8;7;2;9;14;5;3;1;5;1;1;2.9;3.0;2.63;;;;;;;
SP1;20/08/2023;Girona;Getafe;3;0;H;1;0;H;7;9;6;2;11;20;3;2;2;5;0;0;2.05;3.1;4.0;;;;;;;
SP1;20/08/2023;Barcelona;Cadiz;2;0;H;0;0;D;23;10;10;1;9;22;10;2;4;3;0;0;1.2;7.0;13.0;;;;;;;
SP1;20/08/2023;Betis;Ath Madrid;0;0;D;0;0;D;14;5;0;1;10;8;2;7;2;1;0;0;3.8;3.4;2.0;;;;;;;
SP1;21/08/2023;Alaves;Sevilla;4;3;H;2;2;D;14;12;7;2;14;13;4;4;1;2;0;0;3.3;3.1;2.35;;;;;;;
SP1;21/08/2023;Granada;Vallecano;0;2;A;0;0;D;14;17;7;9;14;11;5;6;2;1;1;0;2.75;3.0;2.8;;;;;;;
SP1;25/08/2023;Las Palmas;Sociedad;0;0;D;0;0;D;11;8;5;1;7;29;5;7;1;4;0;0;4.33;3.1;2.0;;;;;;;
SP1;25/08/2023;Celta;Real Madrid;0;1;A;0;0;D;13;10;4;3;19;14;3;5;2;3;0;0;4.75;3.9;1.7;;;;;;;
SP1;26/08/2023;Cadiz;Almeria;1;1;D;0;0;D;11;5;3;2;16;22;7;3;0;5;1;1;2.25;3.2;3.3;;;;;;;
SP1;26/08/2023;Granada;Mallorca;3;2;H;1;1;D;10;10;4;5;11;27;5;3;2;7;0;0;2.6;3.0;3.0;;;;;;;
SP1;26/08/2023;Sevilla;Girona;1;2;A;1;1;D;21;8;4;3;11;18;6;6;2;1;0;0;2.05;3.4;3.6;;;;;;;
SP1;27/08/2023;Villarreal;Barcelona;3;4;A;2;2;D;13;21;6;11;12;14;2;6;3;3;0;0;3.6;3.5;2.0;;;;;;;
SP1;27/08/2023;Valencia;Osasuna;1;2;A;0;1;A;16;7;4;2;13;12;6;3;3;4;0;0;1.91;3.4;4.0;;;;;;;
SP1;27/08/2023;Ath Bilbao;Betis;4;2;H;3;2;H;14;7;6;3;23;11;5;3;4;2;0;0;1.85;3.5;4.2;;;;;;;
SP1;28/08/2023;Getafe;Alaves;1;0;H;0;0;D;15;16;4;2;13;15;4;5;1;2;0;0;2.2;2.88;3.8;;;;;;;
SP1;28/08/2023;Vallecano;Ath Madrid;0;7;A;0;3;A;12;17;3;10;19;17;8;3;4;3;0;0;4.2;3.3;1.95;;;;;;;
SP1;01/09/2023;Cadiz;Villarreal;3;1;H;2;1;H;18;7;4;3;21;15;7;3;5;4;0;1;3.4;3.4;2.15;;;;;;;
SP1;01/09/2023;Almeria;Celta;2;3;A;0;2;A;16;14;5;8;9;9;6;5;1;1;0;0;2.8;3.4;2.5;;;;;;;
SP1;02/09/2023;Sociedad;Granada;5;3;H;2;1;H;15;8;6;5;15;14;2;5;1;5;0;0;1.44;4.5;7.0;;;;;;;
SP1;02/09/2023;Real Madrid;Getafe;2;1;H;0;1;A;26;6;12;2;12;16;11;1;2;6;0;0;1.33;5.25;9.5;;;;;;;
SP1;02/09/2023;Alaves;Valencia;1;0;H;1;0;H;7;9;1;4;18;9;1;2;4;2;0;0;2.9;2.88;2.75;;;;;;;
SP1;02/09/2023;Betis;Vallecano;1;0;H;0;0;D;14;15;5;6;22;20;2;3;3;5;0;0;1.95;3.4;4.0;;;;;;;
SP1;03/09/2023;Girona;Las Palmas;1;0;H;0;0;D;11;10;6;5;15;10;3;5;3;3;0;0;1.67;3.8;5.25;;;;;;;
SP1;03/09/2023;Mallorca;Ath Bilbao;0;0;D;0;0;D;8;11;2;3;12;17;3;5;0;1;0;0;3.3;3.0;2.38;;;;;;;
SP1;03/09/2023;Osasuna;Barcelona;1;2;A;0;1;A;11;9;3;4;6;16;8;5;1;3;1;0;5.25;4.0;1.65;;;;;;;
SP1;15/09/2023;Vallecano;Alaves;2;0;H;1;0;H;20;9;11;1;15;14;5;3;2;3;0;0;2.0;3.25;4.0;;;;;;;
SP1;16/09/2023;Ath Bilbao;Cadiz;3;0;H;0;0;D;20;5;9;4;10;20;5;4;1;4;0;0;1.53;4.0;7.0;;;;;;;
SP1;16/09/2023;Valencia;Ath Madrid;3;0;H;2;0;H;12;11;8;3;13;17;5;8;1;5;0;0;3.8;3.3;2.05;;;;;;;
SP1;16/09/2023;Celta;Mallorca;0;1;A;0;0;D;16;7;4;4;9;15;10;1;1;3;0;0;2.0;3.1;4.33;;;;;;;
SP1;16/09/2023;Barcelona;Betis;5;0;H;2;0;H;17;11;9;2;9;10;9;5;1;2;0;0;1.36;5.25;7.5;;;;;;;
SP1;17/09/2023;Getafe;Osasuna;3;2;H;1;1;D;11;8;6;3;15;11;6;3;6;2;0;0;2.63;3.0;3.0;;;;;;;
SP1;17/09/2023;Villarreal;Almeria;2;1;H;1;1;D;10;17;4;7;16;6;7;6;2;3;0;0;1.44;4.5;7.0;;;;;;;
SP1;17/09/2023;Sevilla;Las Palmas;1;0;H;0;0;D;26;12;9;2;13;12;7;3;3;5;0;0;1.62;4.0;5.5;;;;;;;
SP1;17/09/2023;Real Madrid;Sociedad;2;1;H;0;1;A;17;15;8;5;11;14;4;3;3;2;0;0;1.65;4.0;5.0;;;;;;;
SP1;18/09/2023;Granada;Girona;2;4;A;0;3;A;12;13;5;7;13;21;4;5;3;3;0;0;2.63;3.5;2.6;;;;;;;
SP1;22/09/2023;Alaves;Ath Bilbao;0;2;A;0;1;A;15;11;5;3;13;9;3;4;2;2;0;0;4.2;3.0;2.05;;;;;;;
SP1;23/09/2023;Girona;Mallorca;5;3;H;4;1;H;23;15;10;5;10;12;6;5;1;5;0;0;1.85;3.5;4.2;;;;;;;
SP1;23/09/2023;Osasuna;Sevilla;0;0;D;0;0;D;16;15;2;3;11;7;7;4;2;3;0;0;2.6;3.1;2.88;;;;;;;
SP1;23/09/2023;Barcelona;Celta;3;2;H;0;1;A;15;13;6;7;10;11;2;3;2;1;0;0;1.29;6.0;9.0;;;;;;;
SP1;23/09/2023;Almeria;Valencia;2;2;D;0;1;A;17;7;10;5;12;10;8;3;4;2;0;0;3.0;3.6;2.3;;;;;;;
SP1;24/09/2023;Sociedad;Getafe;4;3;H;1;2;A;10;10;6;7;13;24;2;1;3;2;0;0;1.53;3.8;7.0;;;;;;;
SP1;24/09/2023;Vallecano;Villarreal;1;1;D;1;1;D;11;13;6;6;20;18;2;8;2;3;0;1;2.5;3.5;2.63;;;;;;;
SP1;24/09/2023;Betis;Cadiz;1;1;D;0;1;A;21;5;7;1;10;14;11;8;2;3;0;0;1.8;3.5;4.5;;;;;;;
SP1;24/09/2023;Las Palmas;Granada;1;0;H;0;0;D;10;2;3;1;13;19;6;7;6;4;1;0;1.95;3.5;3.6;;;;;;;
SP1;24/09/2023;Ath Madrid;Real Madrid;3;1;H;2;1;H;10;20;4;5;13;10;6;11;1;3;0;0;2.7;3.4;2.55;;;;;;;
SP1;26/09/2023;Sevilla;Almeria;5;1;H;3;0;H;18;10;9;1;15;16;9;4;3;2;0;0;1.67;3.8;5.0;;;;;;;
SP1;26/09/2023;Mallorca;Barcelona;2;2;D;2;1;H;10;10;5;4;19;7;7;2;4;1;1;0;7.5;4.2;1.5;;;;;;;
SP1;27/09/2023;Ath Bilbao;Getafe;2;2;D;1;0;H;9;13;4;5;9;19;5;4;5;6;1;0;1.62;3.6;6.5;;;;;;;
SP1;27/09/2023;Real Madrid;Las Palmas;2;0;H;1;0;H;21;16;9;2;7;9;7;2;0;1;0;0;1.2;7.0;11.0;;;;;;;
SP1;27/09/2023;Villarreal;Girona;1;2;A;0;0;D;14;17;3;5;9;11;5;6;3;2;0;0;2.25;3.5;3.1;;;;;;;
SP1;27/09/2023;Cadiz;Vallecano;0;0;D;0;0;D;9;9;2;4;16;13;1;2;5;6;0;1;2.5;3.2;2.88;;;;;;;
SP1;27/09/2023;Valencia;Sociedad;0;1;A;0;1;A;9;2;2;1;14;17;0;2;4;7;1;0;2.63;3.1;2.8;;;;;;;
SP1;28/09/2023;Celta;Alaves;1;1;D;1;0;H;8;21;0;11;9;11;2;8;5;3;1;0;1.7;3.6;5.25;;;;;;;
SP1;28/09/2023;Granada;Betis;1;1;D;0;0;D;19;13;7;3;14;10;5;7;2;1;0;0;3.0;3.3;2.38;;;;;;;
SP1;28/09/2023;Osasuna;Ath Madrid;0;2;A;0;1;A;13;4;2;3;14;4;7;2;3;3;1;1;3.4;3.4;2.15;;;;;;;
SP1;29/09/2023;Barcelona;Sevilla;1;0;H;0;0;D;18;12;5;3;11;15;13;3;2;3;0;0;1.36;5.25;8.0;;;;;;;
SP1;30/09/2023;Getafe;Villarreal;0;0;D;0;0;D;22;3;9;0;19;11;6;4;2;4;0;1;2.9;3.1;2.6;;;;;;;
SP1;30/09/2023;Vallecano;Mallorca;2;2;D;1;1;D;19;9;5;4;12;20;5;0;2;5;0;0;2.1;3.1;4.0;;;;;;;
SP1;30/09/2023;Girona;Real Madrid;0;3;A;0;2;A;13;14;3;7;13;14;1;4;2;2;0;1;3.5;4.0;1.95;;;;;;;
SP1;30/09/2023;Sociedad;Ath Bilbao;3;0;H;1;0;H;8;18;5;3;20;9;5;7;2;2;0;0;2.2;3.2;3.5;;;;;;;
SP1;01/10/2023;Almeria;Granada;3;3;D;3;0;H;17;19;5;4;18;14;1;5;2;1;0;0;1.95;3.6;3.75;;;;;;;
SP1;01/10/2023;Alaves;Osasuna;0;2;A;0;1;A;17;10;3;3;13;13;4;2;2;3;1;0;2.75;3.0;2.8;;;;;;;
SP1;01/10/2023;Ath Madrid;Cadiz;3;2;H;1;2;A;18;8;9;4;5;10;5;3;1;3;0;0;1.33;5.0;10.0;;;;;;;
SP1;01/10/2023;Betis;Valencia;3;0;H;1;0;H;15;9;7;2;11;10;5;3;2;2;0;0;2.3;3.25;3.3;;;;;;;
SP1;02/10/2023;Las Palmas;Celta;2;1;H;0;0;D;16;11;5;3;13;14;4;5;2;1;0;0;2.5;3.2;3.0;;;;;;;
SP1;06/10/2023;Ath Bilbao;Almeria;3;0;H;1;0;H;23;4;9;1;11;7;6;2;2;0;0;0;1.36;5.0;8.0;;;;;;;
SP1;07/10/2023;Cadiz;Girona;0;1;A;0;0;D;8;20;2;5;12;13;5;5;1;3;1;0;3.25;3.4;2.25;;;;;;;
SP1;07/10/2023;Real Madrid;Osasuna;4;0;H;1;0;H;19;7;9;1;9;6;5;4;2;2;0;0;1.29;6.0;9.5;;;;;;;
SP1;07/10/2023;Mallorca;Valencia;1;1;D;1;1;D;9;11;5;3;17;11;3;6;2;1;0;0;2.5;3.0;3.2;;;;;;;
SP1;07/10/2023;Sevilla;Vallecano;2;2;D;0;2;A;22;7;6;4;16;19;12;2;5;2;0;0;1.85;3.6;4.2;;;;;;;
SP1;08/10/2023;Villarreal;Las Palmas;1;2;A;0;1;A;9;8;4;5;17;7;7;2;4;4;0;0;1.6;4.0;5.75;;;;;;;
SP1;08/10/2023;Ath Madrid;Sociedad;2;1;H;1;0;H;14;13;5;4;9;12;1;4;3;3;0;0;1.83;3.4;4.5;;;;;;;
SP1;08/10/2023;Alaves;Betis;1;1;D;1;1;D;15;6;5;2;13;9;5;3;3;3;0;1;2.8;3.25;2.6;;;;;;;
SP1;08/10/2023;Celta;Getafe;2;2;D;2;2;D;26;3;11;2;14;20;13;1;1;8;0;1;2.05;3.1;4.2;;;;;;;
SP1;08/10/2023;Granada;Barcelona;2;2;D;2;1;H;7;22;2;10;12;7;1;11;4;1;0;0;6.5;5.25;1.4;;;;;;;
SP1;20/10/2023;Osasuna;Granada;2;0;H;1;0;H;12;13;6;3;19;13;1;7;3;4;0;1;1.73;3.8;4.75;;;;;;;
SP1;21/10/2023;Sociedad;Mallorca;1;0;H;0;0;D;14;18;6;7;14;16;2;5;3;3;0;0;1.55;3.8;7.0;;;;;;;
SP1;21/10/2023;Getafe;Betis;1;1;D;1;1;D;14;13;4;3;17;11;4;8;5;2;0;0;2.5;3.0;3.1;;;;;;;
SP1;21/10/2023;Sevilla;Real Madrid;1;1;D;0;0;D;17;14;7;5;13;6;4;6;5;2;0;0;4.2;3.6;1.85;;;;;;;
SP1;21/10/2023;Celta;Ath Madrid;0;3;A;0;1;A;16;12;3;7;10;10;7;5;3;2;1;0;3.5;3.5;2.1;;;;;;;
SP1;22/10/2023;Las Palmas;Vallecano;0;1;A;0;0;D;12;12;6;4;13;11;10;5;4;3;0;1;2.63;3.1;2.8;;;;;;;
SP1;22/10/2023;Girona;Almeria;5;2;H;3;2;H;19;9;8;5;11;14;9;6;1;2;0;0;1.45;4.5;7.0;;;;;;;
SP1;22/10/2023;Villarreal;Alaves;1;1;D;0;0;D;12;16;3;7;15;10;9;3;4;3;0;0;1.7;3.75;5.0;;;;;;;
SP1;22/10/2023;Barcelona;Ath Bilbao;1;0;H;0;0;D;12;10;7;3;11;18;4;7;3;3;0;0;1.62;4.0;5.5;;;;;;;
SP1;23/10/2023;Valencia;Cadiz;2;0;H;2;0;H;12;5;4;4;16;16;4;6;0;3;0;1;1.75;3.6;5.0;;;;;;;
SP1;27/10/2023;Girona;Celta;1;0;H;0;0;D;12;4;2;2;15;12;10;1;3;2;0;0;1.7;4.2;4.5;;;;;;;
SP1;28/10/2023;Almeria;Las Palmas;1;2;A;0;1;A;10;10;4;3;13;19;3;2;3;1;0;0;2.25;3.5;3.1;;;;;;;
SP1;28/10/2023;Barcelona;Real Madrid;1;2;A;1;0;H;15;13;3;4;15;15;6;3;2;1;0;0;2.55;3.6;2.6;;;;;;;
SP1;28/10/2023;Mallorca;Getafe;0;0;D;0;0;D;15;8;4;0;10;25;8;3;0;1;0;0;2.25;3.0;3.5;;;;;;;
SP1;28/10/2023;Cadiz;Sevilla;2;2;D;2;1;H;10;20;5;10;17;12;2;4;6;4;0;0;3.3;3.25;2.25;;;;;;;
SP1;29/10/2023;Betis;Osasuna;2;1;H;1;0;H;9;7;2;1;10;25;6;3;3;4;0;0;2.05;3.5;3.6;;;;;;;
SP1;29/10/2023;Vallecano;Sociedad;2;2;D;1;1;D;16;15;7;3;17;16;4;5;3;2;0;0;3.1;3.2;2.38;;;;;;;
SP1;29/10/2023;Ath Bilbao;Valencia;2;2;D;1;0;H;12;11;7;5;11;10;10;4;3;1;0;0;1.62;3.8;5.75;;;;;;;
SP1;29/10/2023;Ath Madrid;Alaves;2;1;H;2;0;H;11;8;7;1;10;11;4;4;3;2;0;0;1.4;4.75;8.5;;;;;;;
SP1;30/10/2023;Granada;Villarreal;2;3;A;2;3;A;18;6;8;5;14;15;4;1;0;4;0;0;3.1;3.5;2.25;;;;;;;
SP1;03/11/2023;Las Palmas;Ath Madrid;2;1;H;0;0;D;9;13;3;5;12;9;3;4;0;3;0;0;5.75;3.6;1.65;;;;;;;
SP1;04/11/2023;Osasuna;Girona;2;4;A;1;1;D;15;11;3;4;14;10;2;7;5;3;0;0;2.9;3.4;2.4;;;;;;;
SP1;04/11/2023;Betis;Mallorca;2;0;H;1;0;H;22;8;3;1;13;16;6;1;1;4;0;1;1.91;3.3;4.5;;;;;;;
SP1;04/11/2023;Celta;Sevilla;1;1;D;1;0;H;15;13;3;5;14;10;4;6;2;5;1;0;2.6;3.4;2.7;;;;;;;
SP1;04/11/2023;Sociedad;Barcelona;0;1;A;0;0;D;13;12;6;4;16;8;8;3;3;3;0;0;3.1;3.5;2.25;;;;;;;
SP1;05/11/2023;Alaves;Almeria;1;0;H;0;0;D;23;9;3;3;13;14;12;6;2;3;0;0;1.75;3.75;4.75;;;;;;;
SP1;05/11/2023;Valencia;Granada;1;0;H;1;0;H;11;6;2;1;20;15;0;4;3;5;0;0;1.65;4.0;5.0;;;;;;;
SP1;05/11/2023;Villarreal;Ath Bilbao;2;3;A;0;3;A;17;17;6;7;11;18;9;3;4;4;0;0;2.8;3.6;2.4;;;;;;;
SP1;05/11/2023;Real Madrid;Vallecano;0;0;D;0;0;D;22;4;5;0;12;15;11;1;3;5;0;0;1.29;5.5;12.0;;;;;;;
SP1;06/11/2023;Getafe;Cadiz;1;0;H;0;0;D;13;6;3;2;18;12;6;3;7;1;1;0;1.91;3.1;4.75;;;;;;;
SP1;10/11/2023;Ath Bilbao;Celta;4;3;H;2;2;D;21;13;12;5;15;13;7;2;2;2;0;0;1.67;3.8;5.0;;;;;;;
SP1;11/11/2023;Vallecano;Girona;1;2;A;1;1;D;22;19;9;7;15;13;8;3;1;2;0;0;2.88;3.5;2.4;;;;;;;
SP1;11/11/2023;Almeria;Sociedad;1;3;A;0;0;D;7;18;2;6;18;19;5;5;2;2;0;0;4.75;3.8;1.73;;;;;;;
SP1;11/11/2023;Granada;Getafe;1;1;D;1;1;D;12;10;6;6;14;9;3;5;4;2;0;0;2.5;3.1;3.0;;;;;;;
SP1;11/11/2023;Osasuna;Las Palmas;1;1;D;0;0;D;11;6;3;1;25;10;8;3;1;1;0;0;1.95;3.4;4.0;;;;;;;
SP1;11/11/2023;Real Madrid;Valencia;5;1;H;2;0;H;16;10;7;4;7;26;4;4;1;3;0;0;1.33;5.5;8.5;;;;;;;
SP1;12/11/2023;Barcelona;Alaves;2;1;H;0;1;A;11;8;6;1;11;10;2;1;2;1;0;0;1.25;6.0;11.0;;;;;;;
SP1;12/11/2023;Sevilla;Betis;1;1;D;0;0;D;13;14;4;6;18;14;9;5;1;1;0;0;2.05;3.5;3.6;;;;;;;
SP1;12/11/2023;Ath Madrid;Villarreal;3;1;H;1;1;D;25;11;10;7;8;8;6;3;0;2;0;0;1.36;5.5;7.5;;;;;;;
SP1;24/11/2023;Alaves;Granada;3;1;H;2;0;H;8;11;5;4;10;13;6;2;1;3;0;0;1.7;3.6;5.0;;;;;;;
SP1;25/11/2023;Vallecano;Barcelona;1;1;D;1;0;H;10;15;4;4;23;13;1;4;3;4;0;0;5.25;4.0;1.65;;;;;;;
SP1;25/11/2023;Valencia;Celta;0;0;D;0;0;D;8;13;0;1;13;7;5;7;3;2;0;0;2.2;3.25;3.5;;;;;;;
SP1;25/11/2023;Getafe;Almeria;2;1;H;2;1;H;18;13;5;4;12;8;3;6;2;4;0;0;1.65;3.75;5.5;;;;;;;
SP1;25/11/2023;Ath Madrid;Mallorca;1;0;H;0;0;D;20;8;3;1;8;19;7;3;0;0;0;0;1.33;5.0;9.5;;;;;;;
SP1;26/11/2023;Villarreal;Osasuna;3;1;H;0;0;D;10;15;3;7;9;14;2;4;0;0;0;0;2.15;3.5;3.3;;;;;;;
SP1;26/11/2023;Sociedad;Sevilla;2;1;H;2;0;H;11;8;8;2;22;8;4;4;2;1;0;2;1.75;3.6;4.75;;;;;;;
SP1;26/11/2023;Cadiz;Real Madrid;0;3;A;0;1;A;13;14;4;5;16;16;4;4;3;3;0;0;6.0;4.5;1.5;;;;;;;
SP1;26/11/2023;Betis;Las Palmas;1;0;H;1;0;H;12;15;6;4;7;12;7;6;1;2;0;0;1.7;3.75;5.25;;;;;;;
SP1;27/11/2023;Girona;Ath Bilbao;1;1;D;0;0;D;12;13;2;6;8;16;2;6;1;1;0;0;2.25;3.5;3.1;;;;;;;
SP1;29/11/2023;Mallorca;Cadiz;1;1;D;1;1;D;16;6;3;3;14;18;7;0;2;3;0;0;1.95;3.2;4.33;;;;;;;
SP1;01/12/2023;Las Palmas;Getafe;2;0;H;1;0;H;11;12;6;4;11;9;4;4;0;5;0;1;2.38;2.9;3.4;;;;;;;
SP1;02/12/2023;Girona;Valencia;2;1;H;0;0;D;9;9;5;3;6;7;3;2;2;3;0;0;1.7;4.0;4.75;;;;;;;
SP1;02/12/2023;Ath Bilbao;Vallecano;4;0;H;1;0;H;9;11;4;3;15;11;7;2;1;2;0;0;1.57;4.2;5.75;;;;;;;
SP1;02/12/2023;Real Madrid;Granada;2;0;H;1;0;H;11;1;4;0;10;12;6;0;2;1;0;0;1.17;8.0;15.0;;;;;;;
SP1;02/12/2023;Osasuna;Sociedad;1;1;D;1;1;D;9;17;3;5;12;10;1;8;3;3;0;0;3.4;3.25;2.2;;;;;;;
SP1;03/12/2023;Mallorca;Alaves;0;0;D;0;0;D;7;7;3;4;16;15;5;4;4;2;0;0;2.45;3.0;3.25;;;;;;;
SP1;03/12/2023;Almeria;Betis;0;0;D;0;0;D;20;6;8;2;12;8;4;6;0;3;0;1;3.2;3.6;2.2;;;;;;;
SP1;03/12/2023;Sevilla;Villarreal;1;1;D;0;0;D;18;5;4;4;6;16;8;4;3;2;0;0;2.0;3.6;3.6;;;;;;;
SP1;03/12/2023;Barcelona;Ath Madrid;1;0;H;1;0;H;13;9;2;4;17;12;7;2;5;4;0;0;2.0;3.75;3.5;;;;;;;
SP1;04/12/2023;Celta;Cadiz;1;1;D;0;1;A;26;2;7;1;14;18;12;1;1;6;0;1;1.57;3.8;6.5;;;;;;;
SP1;08/12/2023;Getafe;Valencia;1;0;H;0;0;D;8;3;6;0;15;14;7;0;2;4;1;2;2.6;2.9;3.1;;;;;;;
SP1;09/12/2023;Alaves;Las Palmas;0;1;A;0;1;A;19;9;5;2;13;13;12;3;3;4;0;0;2.1;3.0;4.2;;;;;;;
SP1;09/12/2023;Betis;Real Madrid;1;1;D;0;0;D;14;12;6;2;14;7;8;6;2;1;0;0;4.2;3.8;1.8;;;;;;;
SP1;09/12/2023;Villarreal;Sociedad;0;3;A;0;3;A;20;16;4;5;10;22;5;3;2;1;0;0;3.4;3.4;2.1;;;;;;;
SP1;09/12/2023;Mallorca;Sevilla;1;0;H;1;0;H;6;19;3;5;15;6;4;12;2;2;0;0;2.75;3.1;2.75;;;;;;;
SP1;10/12/2023;Ath Madrid;Almeria;2;1;H;2;0;H;13;19;4;5;13;11;3;15;1;0;0;0;1.22;6.5;12.0;;;;;;;
SP1;10/12/2023;Cadiz;Osasuna;1;1;D;1;0;H;12;13;5;5;15;16;2;4;1;2;0;0;2.9;3.1;2.55;;;;;;;
SP1;10/12/2023;Barcelona;Girona;2;4;A;1;2;A;31;15;11;7;7;10;8;3;1;2;0;0;1.53;5.0;5.5;;;;;;;
SP1;11/12/2023;Granada;Ath Bilbao;1;1;D;0;1;A;7;19;4;4;9;11;1;8;0;2;0;0;5.0;4.0;1.67;;;;;;;
SP1;11/12/2023;Vallecano;Celta;0;0;D;0;0;D;17;4;4;2;15;10;8;1;3;0;0;0;2.45;3.1;3.1;;;;;;;
SP1;15/12/2023;Osasuna;Vallecano;1;0;H;0;0;D;10;9;4;3;20;13;9;1;2;3;0;0;2.2;3.2;3.5;;;;;;;
SP1;16/12/2023;Celta;Granada;1;0;H;1;0;H;11;7;4;2;20;18;7;1;6;2;1;0;1.67;4.0;5.0;;;;;;;
SP1;16/12/2023;Ath Bilbao;Ath Madrid;2;0;H;0;0;D;16;7;7;3;7;10;3;7;0;1;0;0;2.45;3.3;2.9;;;;;;;
SP1;16/12/2023;Sevilla;Getafe;0;3;A;0;2;A;12;14;4;7;18;18;4;2;3;3;0;0;1.95;3.4;4.2;;;;;;;
SP1;16/12/2023;Valencia;Barcelona;1;1;D;0;0;D;11;16;4;8;9;11;4;6;1;2;0;0;5.0;3.8;1.67;;;;;;;
SP1;17/12/2023;Almeria;Mallorca;0;0;D;0;0;D;7;20;1;2;12;9;4;4;2;1;0;0;2.7;3.2;2.7;;;;;;;
SP1;17/12/2023;Sociedad;Betis;0;0;D;0;0;D;12;12;4;3;12;12;3;7;3;4;0;0;1.7;4.0;5.0;;;;;;;
SP1;17/12/2023;Las Palmas;Cadiz;1;1;D;1;0;H;7;13;2;5;9;12;4;6;1;3;0;0;1.91;3.3;4.33;;;;;;;
SP1;17/12/2023;Real Madrid;Villarreal;4;1;H;2;0;H;22;3;9;1;14;12;11;0;2;3;0;0;1.29;6.0;9.0;;;;;;;
SP1;18/12/2023;Girona;Alaves;3;0;H;2;0;H;9;12;4;2;9;7;3;2;0;1;0;0;1.53;4.0;6.5;;;;;;;
SP1;19/12/2023;Vallecano;Valencia;0;1;A;0;0;D;7;8;1;3;16;18;8;1;1;5;0;1;2.2;3.2;3.5;;;;;;;
SP1;19/12/2023;Ath Madrid;Getafe;3;3;D;1;0;H;8;29;4;9;7;14;1;12;3;3;1;0;1.45;4.33;7.5;;;;;;;
SP1;19/12/2023;Granada;Sevilla;0;3;A;0;2;A;12;12;3;5;10;18;6;4;2;1;0;0;2.8;3.4;2.5;;;;;;;
SP1;20/12/2023;Barcelona;Almeria;3;2;H;1;1;D;30;10;11;5;16;9;12;0;3;3;0;0;1.14;8.5;15.0;;;;;;;
SP1;20/12/2023;Ath Bilbao;Las Palmas;1;0;H;0;0;D;19;5;10;1;12;11;5;2;1;3;0;0;1.36;5.0;7.0;;;;;;;
SP1;20/12/2023;Villarreal;Celta;3;2;H;2;0;H;12;15;8;5;16;15;4;7;2;4;0;0;2.4;3.6;2.88;;;;;;;
SP1;21/12/2023;Betis;Girona;1;1;D;0;1;A;21;12;4;4;6;9;7;6;2;2;0;0;2.8;3.5;2.38;;;;;;;
SP1;21/12/2023;Cadiz;Sociedad;0;0;D;0;0;D;10;8;2;1;16;15;7;5;3;1;0;0;4.75;3.1;1.75;;;;;;;
SP1;21/12/2023;Alaves;Real Madrid;0;1;A;0;0;D;8;9;2;4;18;13;3;3;3;1;0;1;5.75;4.0;1.53;;;;;;;
SP1;21/12/2023;Mallorca;Osasuna;3;2;H;1;1;D;15;12;8;7;11;12;6;0;3;1;0;0;2.3;2.9;3.3;;;;;;;
SP1;23/12/2023;Ath Madrid;Sevilla;1;0;H;0;0;D;12;8;4;2;12;19;6;5;7;3;1;0;1.53;4.33;5.75;;;;;;;
SP1;02/01/2024;Getafe;Vallecano;0;2;A;0;1;A;5;12;0;8;16;16;2;3;6;3;2;0;2.38;3.0;3.3;;;;;;;
SP1;02/01/2024;Sociedad;Alaves;1;1;D;0;0;D;16;7;6;2;9;17;6;4;4;4;1;0;1.6;3.75;6.5;;;;;;;
SP1;02/01/2024;Valencia;Villarreal;3;1;H;2;0;H;11;8;8;4;12;15;4;3;2;5;0;0;2.05;3.5;3.6;;;;;;;
SP1;03/01/2024;Granada;Cadiz;2;0;H;1;0;H;15;15;8;2;17;16;5;6;3;4;0;1;2.25;3.1;3.5;;;;;;;
SP1;03/01/2024;Celta;Betis;2;1;H;1;1;D;19;14;6;3;10;12;8;7;0;2;0;0;2.4;3.3;3.0;;;;;;;
SP1;03/01/2024;Real Madrid;Mallorca;1;0;H;0;0;D;17;7;5;0;5;15;5;4;2;3;0;0;1.2;6.5;15.0;;;;;;;
SP1;03/01/2024;Girona;Ath Madrid;4;3;H;3;2;H;17;18;9;12;8;10;7;8;0;1;0;0;2.55;3.6;2.63;;;;;;;
SP1;04/01/2024;Osasuna;Almeria;1;0;H;1;0;H;14;4;2;0;14;5;5;4;1;2;0;0;1.7;4.0;4.75;;;;;;;
SP1;04/01/2024;Sevilla;Ath Bilbao;0;2;A;0;1;A;11;15;2;6;9;19;5;4;3;1;0;0;3.0;3.3;2.38;;;;;;;
SP1;04/01/2024;Las Palmas;Barcelona;1;2;A;1;0;H;12;15;3;5;14;5;5;10;5;2;1;0;5.5;4.33;1.57;;;;;;;
SP1;12/01/2024;Sevilla;Alaves;2;3;A;0;2;A;19;16;4;8;12;13;5;4;4;3;0;0;1.91;3.4;4.2;;;;;;;
SP1;13/01/2024;Las Palmas;Villarreal;3;0;H;1;0;H;8;17;3;3;13;11;4;6;4;3;0;0;2.5;3.3;2.8;;;;;;;
SP1;13/01/2024;Mallorca;Celta;1;1;D;1;1;D;17;6;6;2;18;18;10;1;4;1;0;0;2.5;3.1;3.0;;;;;;;
SP1;13/01/2024;Ath Bilbao;Sociedad;2;1;H;2;0;H;10;9;3;1;16;21;5;5;1;4;0;0;2.0;3.4;3.8;;;;;;;
SP1;13/01/2024;Betis;Granada;1;0;H;0;0;D;25;6;6;2;11;17;13;1;3;4;0;0;1.62;4.2;4.75;;;;;;;
SP1;14/01/2024;Almeria;Girona;0;0;D;0;0;D;20;5;3;1;13;8;4;3;4;4;0;1;4.5;4.0;1.7;;;;;;;
SP1;14/01/2024;Cadiz;Valencia;1;4;A;1;1;D;10;9;2;5;15;15;3;1;4;2;0;0;2.88;3.0;2.7;;;;;;;
SP1;19/01/2024;Alaves;Cadiz;1;0;H;0;0;D;13;9;3;1;15;18;4;4;0;4;0;0;1.7;3.5;5.75;;;;;;;
SP1;20/01/2024;Vallecano;Las Palmas;0;2;A;0;1;A;16;10;3;5;19;8;12;0;3;1;1;0;1.85;3.3;4.5;;;;;;;
SP1;20/01/2024;Villarreal;Mallorca;1;1;D;1;0;H;18;8;5;2;13;11;4;6;2;2;1;0;2.05;3.5;3.6;;;;;;;
SP1;20/01/2024;Valencia;Ath Bilbao;1;0;H;0;0;D;6;6;1;3;11;14;4;2;0;3;0;0;3.3;3.3;2.25;;;;;;;
SP1;20/01/2024;Celta;Sociedad;0;1;A;0;1;A;6;6;2;2;12;18;6;3;1;2;0;0;3.25;3.0;2.4;;;;;;;
SP1;21/01/2024;Osasuna;Getafe;3;2;H;2;0;H;13;10;7;7;14;16;1;4;4;4;0;0;2.15;3.0;4.0;;;;;;;
SP1;21/01/2024;Real Madrid;Almeria;3;2;H;0;2;A;18;10;6;2;9;17;6;3;3;5;0;0;1.13;10.0;17.0;;;;;;;
SP1;21/01/2024;Betis;Barcelona;2;4;A;0;1;A;14;11;5;4;12;9;3;4;1;2;0;0;4.33;3.8;1.8;;;;;;;
SP1;21/01/2024;Girona;Sevilla;5;1;H;3;1;H;12;9;8;3;9;11;4;5;0;2;0;0;1.73;4.0;4.5;;;;;;;
SP1;22/01/2024;Granada;Ath Madrid;0;1;A;0;0;D;17;10;2;5;11;16;6;2;2;2;1;0;4.75;3.8;1.7;;;;;;;
SP1;26/01/2024;Almeria;Alaves;0;3;A;0;1;A;19;11;7;3;17;12;11;3;1;2;0;0;2.6;3.2;2.8;;;;;;;
SP1;27/01/2024;Sociedad;Vallecano;0;0;D;0;0;D;6;5;3;0;16;14;2;2;2;4;0;0;1.67;3.75;5.5;;;;;;;
SP1;27/01/2024;Las Palmas;Real Madrid;1;2;A;0;0;D;7;13;2;5;17;14;1;6;3;3;0;0;6.5;4.75;1.45;;;;;;;
SP1;27/01/2024;Barcelona;Villarreal;3;5;A;0;1;A;22;9;10;6;8;13;10;0;3;4;0;0;1.36;5.5;8.0;;;;;;;
SP1;27/01/2024;Mallorca;Betis;0;1;A;0;1;A;14;8;1;2;14;6;5;4;2;1;0;0;2.3;3.2;3.2;;;;;;;
SP1;28/01/2024;Celta;Girona;0;1;A;0;1;A;10;15;5;6;13;11;5;7;1;1;0;0;2.8;3.4;2.5;;;;;;;
SP1;28/01/2024;Cadiz;Ath Bilbao;0;0;D;0;0;D;9;8;2;0;13;14;6;8;4;2;0;0;5.5;3.4;1.73;;;;;;;
SP1;28/01/2024;Sevilla;Osasuna;1;1;D;1;0;H;10;11;5;4;19;13;2;4;3;0;1;0;2.0;3.4;3.75;;;;;;;
SP1;28/01/2024;Ath Madrid;Valencia;2;0;H;1;0;H;12;10;8;3;9;9;3;6;2;0;0;0;1.45;4.33;7.0;;;;;;;
SP1;29/01/2024;Getafe;Granada;2;0;H;2;0;H;7;16;4;3;17;11;4;3;2;1;0;0;1.8;3.4;4.75;;;;;;;
SP1;31/01/2024;Barcelona;Osasuna;1;0;H;0;0;D;16;9;4;1;9;12;6;6;1;2;0;1;1.33;5.0;10.0;;;;;;;
SP1;31/01/2024;Ath Madrid;Vallecano;2;1;H;1;1;D;8;10;3;2;11;13;5;6;0;3;0;0;1.5;4.2;6.5;;;;;;;
SP1;01/02/2024;Getafe;Real Madrid;0;2;A;0;1;A;10;16;2;9;16;5;2;6;1;2;0;0;6.0;4.2;1.55;;;;;;;
SP1;02/02/2024;Ath Bilbao;Mallorca;4;0;H;2;0;H;13;6;6;2;17;15;6;2;0;1;0;0;1.53;3.9;7.0;;;;;;;
SP1;03/02/2024;Valencia;Almeria;2;1;H;2;0;H;7;15;2;5;17;16;0;6;4;5;0;0;1.65;3.75;5.5;;;;;;;
SP1;03/02/2024;Granada;Las Palmas;1;1;D;1;0;H;3;16;1;6;6;16;2;9;4;3;1;1;2.3;3.2;3.3;;;;;;;
SP1;03/02/2024;Alaves;Barcelona;1;3;A;0;1;A;13;8;2;5;15;10;14;5;2;2;0;1;4.33;3.6;1.85;;;;;;;
SP1;03/02/2024;Girona;Sociedad;0;0;D;0;0;D;11;11;3;2;8;19;3;4;2;3;0;0;2.1;3.4;3.5;;;;;;;
SP1;04/02/2024;Villarreal;Cadiz;0;0;D;0;0;D;19;8;4;2;14;14;13;2;3;1;0;0;1.62;4.0;5.5;;;;;;;
SP1;04/02/2024;Osasuna;Celta;0;3;A;0;2;A;18;6;1;5;10;10;9;1;2;0;0;0;2.38;3.1;3.3;;;;;;;
SP1;04/02/2024;Betis;Getafe;1;1;D;1;1;D;9;11;3;2;9;19;3;5;7;4;0;0;1.91;3.4;4.2;;;;;;;
SP1;04/02/2024;Real Madrid;Ath Madrid;1;1;D;1;0;H;17;10;4;5;6;15;2;8;0;5;0;0;1.73;4.0;4.5;;;;;;;
SP1;05/02/2024;Vallecano;Sevilla;1;2;A;1;2;A;22;10;5;6;8;10;6;0;2;2;0;0;2.15;3.3;3.5;;;;;;;
SP1;09/02/2024;Cadiz;Betis;0;2;A;0;1;A;14;13;5;5;12;10;5;3;1;1;0;0;3.0;3.0;2.6;;;;;;;
SP1;10/02/2024;Alaves;Villarreal;1;1;D;1;1;D;17;12;4;4;7;11;10;9;0;2;0;0;2.2;3.4;3.3;;;;;;;
SP1;10/02/2024;Sociedad;Osasuna;0;1;A;0;0;D;21;9;3;2;11;11;7;4;0;0;0;0;1.85;3.2;5.0;;;;;;;
SP1;10/02/2024;Real Madrid;Girona;4;0;H;2;0;H;16;5;6;0;9;12;0;2;1;2;0;0;1.45;5.0;6.0;;;;;;;
SP1;10/02/2024;Las Palmas;Valencia;2;0;H;0;0;D;8;7;3;1;9;9;5;0;2;0;0;0;2.75;3.0;2.9;;;;;;;
SP1;11/02/2024;Getafe;Celta;3;2;H;2;0;H;11;9;4;4;16;13;0;4;1;2;0;0;2.2;3.1;3.6;;;;;;;
SP1;11/02/2024;Mallorca;Vallecano;2;1;H;0;0;D;8;11;5;4;17;11;5;1;4;0;0;0;2.3;3.0;3.4;;;;;;;
SP1;11/02/2024;Sevilla;Ath Madrid;1;0;H;1;0;H;10;16;6;5;8;5;2;7;2;1;0;0;3.5;3.5;2.05;;;;;;;
SP1;11/02/2024;Barcelona;Granada;3;3;D;1;1;D;11;11;6;5;13;9;6;2;1;2;0;0;1.22;7.5;10.0;;;;;;;
SP1;12/02/2024;Almeria;Ath Bilbao;0;0;D;0;0;D;10;12;4;4;17;15;4;10;4;1;1;0;4.33;4.0;1.73;;;;;;;
SP1;16/02/2024;Villarreal;Getafe;1;1;D;0;1;A;20;11;7;2;13;13;8;3;0;1;0;0;1.95;3.5;3.8;;;;;;;
SP1;17/02/2024;Ath Madrid;Las Palmas;5;0;H;2;0;H;13;11;7;2;19;9;3;5;2;2;0;0;1.5;4.75;6.5;;;;;;;
SP1;17/02/2024;Osasuna;Cadiz;2;0;H;0;0;D;11;5;4;1;20;12;5;4;4;2;0;0;1.75;3.3;5.5;;;;;;;
SP1;17/02/2024;Celta;Barcelona;1;2;A;0;1;A;13;14;4;4;11;13;2;5;2;4;0;0;3.8;3.8;1.85;;;;;;;
SP1;17/02/2024;Valencia;Sevilla;0;0;D;0;0;D;14;1;4;1;5;8;7;2;0;1;0;0;2.25;3.3;3.3;;;;;;;
SP1;18/02/2024;Vallecano;Real Madrid;1;1;D;1;1;D;8;11;3;4;17;7;4;10;4;3;0;1;6.0;3.75;1.62;;;;;;;
SP1;18/02/2024;Granada;Almeria;1;1;D;0;1;A;19;13;7;3;13;22;10;4;2;3;0;0;2.1;3.5;3.4;;;;;;;
SP1;18/02/2024;Mallorca;Sociedad;1;2;A;1;1;D;4;19;1;5;12;18;3;9;7;5;1;0;3.4;2.8;2.5;;;;;;;
SP1;18/02/2024;Betis;Alaves;0;0;D;0;0;D;13;13;2;4;13;9;6;8;5;2;0;0;2.1;3.3;3.75;;;;;;;
SP1;19/02/2024;Ath Bilbao;Girona;3;2;H;1;0;H;14;12;7;6;16;13;3;4;1;2;0;0;1.91;3.6;4.0;;;;;;;
SP1;23/02/2024;Sociedad;Villarreal;1;3;A;0;1;A;21;6;8;4;15;14;13;2;3;4;0;0;1.73;3.6;5.0;;;;;;;
SP1;24/02/2024;Barcelona;Getafe;4;0;H;1;0;H;17;10;9;4;12;18;5;8;1;4;0;0;1.4;5.0;7.0;;;;;;;
SP1;24/02/2024;Alaves;Mallorca;1;1;D;0;0;D;9;15;1;8;7;15;3;3;0;2;0;0;1.91;3.0;5.0;;;;;;;
SP1;24/02/2024;Almeria;Ath Madrid;2;2;D;1;1;D;9;18;4;9;13;12;2;7;1;1;0;0;4.75;4.0;1.7;;;;;;;
SP1;25/02/2024;Cadiz;Celta;2;2;D;0;1;A;19;7;6;3;13;20;9;1;2;3;0;0;3.1;3.0;2.5;;;;;;;
SP1;25/02/2024;Betis;Ath Bilbao;3;1;H;2;1;H;13;3;5;1;14;12;5;3;1;6;0;1;3.6;3.1;2.2;;;;;;;
SP1;25/02/2024;Las Palmas;Osasuna;1;1;D;0;0;D;9;6;3;2;6;15;6;7;2;1;0;0;2.38;2.9;3.5;;;;;;;
SP1;25/02/2024;Real Madrid;Sevilla;1;0;H;0;0;D;16;4;6;1;10;13;7;2;1;3;0;0;1.29;6.0;9.0;;;;;;;
SP1;26/02/2024;Girona;Vallecano;3;0;H;0;0;D;14;7;8;1;13;16;2;2;3;5;0;1;1.65;4.2;4.75;;;;;;;
SP1;01/03/2024;Celta;Almeria;1;0;H;0;0;D;15;3;6;0;8;14;7;0;1;2;0;1;1.85;3.6;4.2;;;;;;;
SP1;02/03/2024;Sevilla;Sociedad;3;2;H;2;1;H;12;13;5;4;12;15;2;5;1;2;0;0;2.6;3.0;3.0;;;;;;;
SP1;02/03/2024;Vallecano;Cadiz;1;1;D;0;0;D;9;16;5;5;14;17;4;9;1;1;0;0;1.8;3.3;5.25;;;;;;;
SP1;02/03/2024;Getafe;Las Palmas;3;3;D;3;1;H;16;14;5;5;28;9;4;4;4;1;0;0;2.0;3.1;4.33;;;;;;;
SP1;02/03/2024;Valencia;Real Madrid;2;2;D;2;1;H;12;10;5;5;18;11;2;2;2;3;0;1;5.25;3.8;1.67;;;;;;;
SP1;03/03/2024;Villarreal;Granada;5;1;H;3;0;H;16;9;10;3;12;15;6;4;1;2;0;0;1.65;4.0;5.0;;;;;;;
SP1;03/03/2024;Ath Madrid;Betis;2;1;H;2;0;H;17;12;12;6;9;12;4;6;1;2;0;0;1.57;4.2;5.75;;;;;;;
SP1;03/03/2024;Mallorca;Girona;1;0;H;1;0;H;16;15;2;4;19;9;8;5;5;0;0;0;3.25;3.2;2.3;;;;;;;
SP1;03/03/2024;Ath Bilbao;Barcelona;0;0;D;0;0;D;8;8;2;2;14;11;4;4;3;3;0;0;2.88;3.5;2.4;;;;;;;
SP1;04/03/2024;Osasuna;Alaves;1;0;H;0;0;D;15;10;4;4;15;11;5;5;2;1;0;0;2.38;3.1;3.25;;;;;;;
SP1;08/03/2024;Barcelona;Mallorca;1;0;H;0;0;D;20;9;6;3;9;14;4;1;1;1;0;0;1.44;4.75;6.5;;;;;;;
SP1;09/03/2024;Valencia;Getafe;1;0;H;1;0;H;10;15;3;5;10;19;5;5;2;3;0;0;2.0;3.2;4.2;;;;;;;
SP1;09/03/2024;Cadiz;Ath Madrid;2;0;H;1;0;H;7;8;3;4;20;15;3;1;4;5;0;0;4.75;3.6;1.73;;;;;;;
SP1;09/03/2024;Granada;Sociedad;2;3;A;2;1;H;13;11;6;8;17;11;4;6;1;2;0;0;4.5;3.3;1.85;;;;;;;
SP1;09/03/2024;Girona;Osasuna;2;0;H;1;0;H;11;7;6;1;10;16;5;7;3;3;0;0;1.62;4.2;5.25;;;;;;;
SP1;10/03/2024;Alaves;Vallecano;1;0;H;1;0;H;12;9;4;3;13;10;7;5;2;2;0;0;2.15;3.1;3.75;;;;;;;
SP1;10/03/2024;Las Palmas;Ath Bilbao;0;2;A;0;1;A;14;7;2;2;8;14;10;3;3;3;0;0;4.0;3.3;2.0;;;;;;;
SP1;10/03/2024;Real Madrid;Celta;4;0;H;1;0;H;24;11;13;1;8;13;12;1;2;3;0;0;1.3;6.0;8.0;;;;;;;
SP1;10/03/2024;Betis;Villarreal;2;3;A;2;1;H;13;6;4;4;12;17;11;4;3;4;1;1;2.05;3.5;3.4;;;;;;;
SP1;11/03/2024;Almeria;Sevilla;2;2;D;1;0;H;14;19;4;6;6;11;1;8;2;2;0;0;3.1;3.3;2.38;;;;;;;
SP1;15/03/2024;Sociedad;Cadiz;2;0;H;1;0;H;14;13;6;2;15;6;8;2;3;1;0;0;1.5;4.0;8.5;;;;;;;
SP1;16/03/2024;Mallorca;Granada;1;0;H;0;0;D;18;8;8;3;17;9;10;2;2;0;0;0;1.83;3.3;5.0;;;;;;;
SP1;16/03/2024;Osasuna;Real Madrid;2;4;A;1;2;A;9;17;4;9;18;9;5;7;3;2;0;0;5.75;4.2;1.55;;;;;;;
SP1;16/03/2024;Getafe;Girona;1;0;H;1;0;H;11;13;3;3;16;13;2;5;4;4;0;0;3.1;3.5;2.25;;;;;;;
SP1;16/03/2024;Ath Bilbao;Alaves;2;0;H;2;0;H;16;7;4;3;7;13;5;4;1;3;0;0;1.55;3.75;7.0;;;;;;;
SP1;17/03/2024;Sevilla;Celta;1;2;A;1;0;H;11;18;4;5;13;6;3;8;4;0;0;0;2.0;3.4;3.75;;;;;;;
SP1;17/03/2024;Las Palmas;Almeria;0;1;A;0;1;A;21;3;6;2;8;17;11;3;2;2;0;0;1.95;3.5;4.0;;;;;;;
SP1;17/03/2024;Villarreal;Valencia;1;0;H;0;0;D;13;14;7;7;12;12;6;2;5;1;0;0;2.05;3.5;3.6;;;;;;;
SP1;17/03/2024;Vallecano;Betis;2;0;H;1;0;H;8;11;4;1;22;16;4;8;4;4;0;0;2.5;3.25;3.0;;;;;;;
SP1;17/03/2024;Ath Madrid;Barcelona;0;3;A;0;1;A;12;9;3;5;15;9;7;3;3;1;1;0;2.38;3.6;2.8;;;;;;;
SP1;29/03/2024;Cadiz;Granada;1;0;H;0;0;D;13;10;5;2;17;14;5;2;2;4;0;0;2.0;3.3;4.2;;;;;;;
SP1;30/03/2024;Getafe;Sevilla;0;1;A;0;1;A;18;10;5;3;11;15;7;3;4;5;0;0;2.55;3.1;3.0;;;;;;;
SP1;30/03/2024;Almeria;Osasuna;0;3;A;0;2;A;12;6;5;4;12;14;6;1;3;2;0;0;2.63;3.2;2.8;;;;;;;
SP1;30/03/2024;Valencia;Mallorca;0;0;D;0;0;D;14;11;5;3;8;11;3;3;0;2;0;0;2.05;3.0;4.2;;;;;;;
SP1;30/03/2024;Barcelona;Las Palmas;1;0;H;0;0;D;14;8;2;0;11;9;6;1;5;1;0;1;1.25;6.5;10.0;;;;;;;
SP1;31/03/2024;Celta;Vallecano;0;0;D;0;0;D;13;8;0;2;12;16;3;2;3;3;0;0;1.95;3.3;4.0;;;;;;;
SP1;31/03/2024;Girona;Betis;3;2;H;1;1;D;9;7;5;4;13;14;5;4;3;4;0;0;1.75;3.8;4.75;;;;;;;
SP1;31/03/2024;Alaves;Sociedad;0;1;A;0;0;D;3;12;0;3;10;15;3;8;2;2;0;0;3.5;2.9;2.38;;;;;;;
SP1;31/03/2024;Real Madrid;Ath Bilbao;2;0;H;1;0;H;9;7;4;3;9;13;4;7;2;1;0;0;1.53;4.33;6.0;;;;;;;
SP1;01/04/2024;Villarreal;Ath Madrid;1;2;A;0;1;A;11;14;2;8;14;22;3;3;3;3;0;0;2.9;3.75;2.25;;;;;;;
SP1;04/04/2024;Granada;Valencia;0;1;A;0;0;D;13;6;3;2;20;15;5;4;3;1;0;0;3.4;3.1;2.3;;;;;;;
SP1;12/04/2024;Betis;Celta;2;1;H;0;0;D;15;12;3;5;7;10;6;5;1;0;0;0;2.1;3.4;3.5;;;;;;;
SP1;13/04/2024;Ath Madrid;Girona;3;1;H;2;1;H;17;12;4;5;18;12;2;0;3;2;0;0;1.91;3.6;3.8;;;;;;;
SP1;13/04/2024;Vallecano;Getafe;0;0;D;0;0;D;11;7;2;0;17;19;3;0;4;6;0;0;2.2;3.0;3.7;;;;;;;
SP1;13/04/2024;Mallorca;Real Madrid;0;1;A;0;0;D;6;16;2;9;18;7;4;2;2;1;0;0;5.0;3.6;1.75;;;;;;;
SP1;13/04/2024;Cadiz;Barcelona;0;1;A;0;1;A;14;12;3;2;17;15;8;4;3;3;0;0;4.33;3.6;1.83;;;;;;;
SP1;14/04/2024;Las Palmas;Sevilla;0;2;A;0;1;A;5;10;2;3;8;13;6;2;3;3;1;0;2.7;3.2;2.7;;;;;;;
SP1;14/04/2024;Granada;Alaves;2;0;H;2;0;H;9;8;3;3;16;11;1;5;3;2;0;0;3.0;3.0;2.55;;;;;;;
SP1;14/04/2024;Ath Bilbao;Villarreal;1;1;D;0;0;D;13;10;6;2;13;12;3;1;3;3;0;1;1.75;4.0;4.33;;;;;;;
SP1;14/04/2024;Sociedad;Almeria;2;2;D;1;1;D;17;7;4;3;16;8;5;1;2;2;1;0;1.33;5.0;10.0;;;;;;;
SP1;15/04/2024;Osasuna;Valencia;0;1;A;0;1;A;13;4;2;3;10;10;4;1;0;2;0;0;2.2;3.1;3.75;;;;;;;
SP1;19/04/2024;Ath Bilbao;Granada;1;1;D;1;1;D;17;5;6;0;11;15;11;4;4;2;0;0;1.25;6.0;11.0;;;;;;;
SP1;20/04/2024;Celta;Las Palmas;4;1;H;2;1;H;21;9;13;4;10;9;8;4;1;0;0;0;1.73;3.75;5.0;;;;;;;
SP1;20/04/2024;Vallecano;Osasuna;2;1;H;0;1;A;17;6;6;2;9;15;5;1;4;1;0;0;2.2;3.1;3.6;;;;;;;
SP1;20/04/2024;Valencia;Betis;1;2;A;0;1;A;8;12;5;6;18;10;7;6;2;3;0;0;2.2;3.2;3.5;;;;;;;
SP1;20/04/2024;Girona;Cadiz;4;1;H;2;0;H;10;12;5;5;11;14;2;4;1;2;0;0;1.4;4.75;8.0;;;;;;;
SP1;21/04/2024;Getafe;Sociedad;1;1;D;1;1;D;6;7;4;3;12;18;0;4;0;2;0;0;3.8;3.1;2.15;;;;;;;
SP1;21/04/2024;Almeria;Villarreal;1;2;A;1;1;D;24;11;5;3;10;16;5;2;3;4;1;0;3.4;3.8;2.05;;;;;;;
SP1;21/04/2024;Alaves;Ath Madrid;2;0;H;1;0;H;8;15;3;4;20;12;1;11;5;3;0;0;4.0;3.5;1.95;;;;;;;
SP1;21/04/2024;Real Madrid;Barcelona;3;2;H;1;1;D;14;14;8;6;11;12;2;8;3;2;0;0;1.85;3.8;4.0;;;;;;;
SP1;22/04/2024;Sevilla;Mallorca;2;1;H;0;0;D;11;8;4;6;10;8;4;4;0;2;0;0;1.95;3.1;4.5;;;;;;;
SP1;26/04/2024;Sociedad;Real Madrid;0;1;A;0;1;A;9;5;3;3;13;11;11;3;3;4;0;0;2.45;3.25;2.9;;;;;;;
SP1;27/04/2024;Las Palmas;Girona;0;2;A;0;1;A;10;6;5;3;12;10;4;2;1;3;0;0;4.5;3.8;1.75;;;;;;;
SP1;27/04/2024;Almeria;Getafe;1;3;A;1;1;D;21;8;11;5;15;31;9;2;5;4;1;0;2.7;3.4;2.63;;;;;;;
SP1;27/04/2024;Alaves;Celta;3;0;H;0;0;D;16;4;8;0;10;9;8;3;3;3;0;0;2.75;3.1;2.7;;;;;;;
SP1;27/04/2024;Ath Madrid;Ath Bilbao;3;1;H;1;1;D;8;7;3;1;16;15;3;5;3;2;0;0;1.95;3.5;4.0;;;;;;;
SP1;28/04/2024;Cadiz;Mallorca;1;1;D;0;1;A;10;9;2;2;14;21;3;1;3;2;0;0;2.5;2.9;3.2;;;;;;;
SP1;28/04/2024;Granada;Osasuna;3;0;H;1;0;H;12;11;4;2;17;5;0;6;4;0;0;0;2.55;3.1;3.0;;;;;;;
SP1;28/04/2024;Villarreal;Vallecano;3;0;H;1;0;H;15;20;7;4;15;8;3;6;2;1;0;0;1.65;4.0;5.0;;;;;;;
SP1;28/04/2024;Betis;Sevilla;1;1;D;1;0;H;15;10;5;1;9;20;4;6;3;5;0;0;2.05;3.4;3.6;;;;;;;
SP1;29/04/2024;Barcelona;Valencia;4;2;H;1;2;A;27;5;13;3;12;5;15;1;1;0;0;1;1.36;5.0;7.5;;;;;;;
SP1;03/05/2024;Getafe;Ath Bilbao;0;2;A;0;1;A;34;7;9;2;6;9;10;6;0;2;0;2;4.0;3.2;2.05;;;;;;;
SP1;04/05/2024;Sociedad;Las Palmas;2;0;H;2;0;H;9;7;4;1;12;11;7;2;2;1;0;0;1.33;5.0;10.0;;;;;;;
SP1;04/05/2024;Real Madrid;Cadiz;3;0;H;0;0;D;19;7;9;2;6;12;7;4;0;1;0;0;1.33;5.25;8.5;;;;;;;
SP1;04/05/2024;Girona;Barcelona;4;2;H;1;2;A;9;16;7;7;11;8;5;4;0;3;0;0;2.7;3.75;2.4;;;;;;;
SP1;04/05/2024;Mallorca;Ath Madrid;0;1;A;0;1;A;7;9;4;4;12;7;6;2;2;0;0;0;3.75;3.2;2.15;;;;;;;
SP1;05/05/2024;Osasuna;Betis;0;2;A;0;2;A;12;10;2;4;13;13;8;5;2;2;1;0;3.2;3.25;2.38;;;;;;;
SP1;05/05/2024;Celta;Villarreal;3;2;H;2;1;H;23;11;7;3;11;5;2;1;4;0;0;1;2.3;3.6;2.88;;;;;;;
SP1;05/05/2024;Valencia;Alaves;0;1;A;0;0;D;13;14;1;4;9;17;5;7;1;3;0;0;2.1;3.0;4.0;;;;;;;
SP1;05/05/2024;Sevilla;Granada;3;0;H;1;0;H;11;8;5;3;15;13;5;4;2;2;0;0;1.65;4.0;5.25;;;;;;;
SP1;05/05/2024;Vallecano;Almeria;0;1;A;0;1;A;27;7;10;2;17;15;9;2;3;2;0;0;1.57;4.0;5.75;;;;;;;
SP1;10/05/2024;Alaves;Girona;2;2;D;1;2;A;14;15;8;5;13;6;5;3;3;2;0;0;3.5;3.6;2.05;;;;;;;
SP1;11/05/2024;Mallorca;Las Palmas;1;0;H;1;0;H;7;7;2;1;18;10;2;2;6;2;0;0;1.65;3.5;6.5;;;;;;;
SP1;11/05/2024;Villarreal;Sevilla;3;2;H;1;2;A;25;8;7;4;12;14;10;1;3;5;0;0;1.83;4.0;3.8;;;;;;;
SP1;11/05/2024;Granada;Real Madrid;0;4;A;0;2;A;12;13;1;7;11;10;8;5;2;0;0;0;5.5;4.6;1.53;;;;;;;
SP1;11/05/2024;Ath Bilbao;Osasuna;2;2;D;0;1;A;15;13;6;3;9;14;8;6;2;4;0;0;1.44;4.33;7.5;;;;;;;
SP1;12/05/2024;Cadiz;Getafe;1;0;H;1;0;H;13;10;6;4;23;16;6;2;5;2;0;0;2.1;3.2;3.8;;;;;;;
SP1;12/05/2024;Ath Madrid;Celta;1;0;H;0;0;D;21;6;8;2;7;9;4;7;1;1;0;0;1.42;4.75;7.0;;;;;;;
SP1;12/05/2024;Valencia;Vallecano;0;0;D;0;0;D;13;12;5;1;14;21;6;3;1;2;0;0;2.25;3.1;3.5;;;;;;;
SP1;12/05/2024;Betis;Almeria;3;2;H;2;1;H;14;14;7;7;9;10;3;5;0;2;0;0;1.33;5.5;8.5;;;;;;;
SP1;13/05/2024;Barcelona;Sociedad;2;0;H;1;0;H;14;10;5;3;12;14;6;2;2;3;0;0;1.8;3.6;4.5;;;;;;;
SP1;14/05/2024;Osasuna;Mallorca;1;1;D;1;0;H;10;10;4;4;12;11;2;4;0;1;0;0;2.8;2.9;2.88;;;;;;;
SP1;14/05/2024;Real Madrid;Alaves;5;0;H;3;0;H;22;18;11;10;6;12;4;1;1;1;0;0;1.22;7.5;11.0;;;;;;;
SP1;14/05/2024;Girona;Villarreal;0;1;A;0;0;D;22;11;5;3;3;14;5;1;1;5;0;1;1.7;4.5;4.2;;;;;;;
SP1;15/05/2024;Sevilla;Cadiz;0;1;A;0;0;D;14;19;3;7;13;11;1;9;6;2;0;0;1.9;3.6;4.0;;;;;;;
SP1;15/05/2024;Vallecano;Granada;2;1;H;1;0;H;18;10;9;1;12;17;6;6;4;3;1;0;1.65;3.8;5.5;;;;;;;
SP1;15/05/2024;Celta;Ath Bilbao;2;1;H;0;1;A;10;7;4;2;15;14;2;3;2;0;0;0;2.63;3.3;2.7;;;;;;;
SP1;15/05/2024;Getafe;Ath Madrid;0;3;A;0;2;A;8;7;3;3;17;7;6;3;4;3;0;0;4.75;3.4;1.83;;;;;;;
SP1;16/05/2024;Las Palmas;Betis;2;2;D;1;1;D;16;6;9;4;9;12;4;8;2;1;0;0;4.0;3.5;1.91;;;;;;;
SP1;16/05/2024;Almeria;Barcelona;0;2;A;0;1;A;12;16;3;7;9;11;4;7;0;1;0;0;6.5;5.0;1.44;;;;;;;
SP1;16/05/2024;Sociedad;Valencia;1;0;H;1;0;H;10;7;5;3;11;13;3;3;0;2;0;0;1.6;3.9;5.75;;;;;;;
SP1;18/05/2024;Alaves;Getafe;1;0;H;1;0;H;9;10;2;4;13;27;2;1;5;7;0;1;2.0;3.2;4.1;;;;;;;
SP1;19/05/2024;Ath Bilbao;Sevilla;2;0;H;2;0;H;15;9;6;4;12;5;8;3;1;1;0;0;1.7;3.9;4.75;;;;;;;
SP1;19/05/2024;Ath Madrid;Osasuna;1;4;A;0;1;A;15;15;2;6;12;9;7;5;2;2;0;0;1.4;4.5;8.0;;;;;;;
SP1;19/05/2024;Barcelona;Vallecano;3;0;H;1;0;H;14;15;6;4;10;7;7;5;4;2;0;0;1.25;6.0;12.0;;;;;;;
SP1;19/05/2024;Betis;Sociedad;0;2;A;0;2;A;18;5;9;2;12;18;6;2;3;4;0;0;2.55;3.2;2.88;;;;;;;
SP1;19/05/2024;Cadiz;Las Palmas;0;0;D;0;0;D;10;9;3;1;13;12;5;3;3;1;1;0;1.8;3.5;4.75;;;;;;;
SP1;19/05/2024;Granada;Celta;1;2;A;0;0;D;11;8;3;5;15;12;10;2;2;1;0;0;3.7;3.6;2.0;;;;;;;
SP1;19/05/2024;Mallorca;Almeria;2;2;D;1;1;D;29;7;8;3;9;9;12;2;2;3;0;0;1.5;4.1;7.0;;;;;;;
SP1;19/05/2024;Valencia;Girona;1;3;A;0;1;A;20;18;6;5;10;8;5;4;2;0;0;0;3.0;3.5;2.3;;;;;;;
SP1;19/05/2024;Villarreal;Real Madrid;4;4;D;1;4;A;21;12;7;6;15;12;3;3;3;2;0;0;3.2;3.75;2.05;;;;;;;
SP1;24/05/2024;Girona;Granada;7;0;H;3;0;H;16;10;9;2;6;13;4;2;3;5;0;1;1.22;6.5;12.0;;;;;;;
SP1;25/05/2024;Osasuna;Villarreal;1;1;D;1;0;H;12;11;6;3;13;6;6;4;4;3;0;0;2.9;3.6;2.3;;;;;;;
SP1;25/05/2024;Sociedad;Ath Madrid;0;2;A;0;1;A;14;10;4;4;19;15;8;4;3;5;0;1;2.4;3.3;3.0;;;;;;;
SP1;25/05/2024;Almeria;Cadiz;6;1;H;0;1;A;27;12;12;4;4;9;1;4;2;2;0;0;2.05;3.6;3.5;;;;;;;
SP1;25/05/2024;Vallecano;Ath Bilbao;0;1;A;0;0;D;17;7;4;1;6;13;8;2;1;1;0;0;2.88;3.5;2.38;;;;;;;
SP1;25/05/2024;Real Madrid;Betis;0;0;D;0;0;D;13;11;5;3;8;11;4;5;2;1;0;0;1.33;6.0;7.5;;;;;;;
SP1;26/05/2024;Getafe;Mallorca;1;2;A;0;0;D;16;9;6;4;12;10;3;4;0;2;0;0;2.3;3.25;3.2;;;;;;;
SP1;26/05/2024;Celta;Valencia;2;2;D;0;1;A;9;12;4;1;17;18;2;2;0;0;0;0;1.95;3.5;3.8;;;;;;;
SP1;26/05/2024;Las Palmas;Alaves;1;1;D;0;0;D;10;14;4;4;16;10;2;6;2;1;0;0;2.4;3.3;3.0;;;;;;;
SP1;26/05/2024;Sevilla;Barcelona;1;2;A;1;1;D;15;11;6;6;11;9;6;5;2;1;0;0;4.0;4.0;1.8;;;;;;;
SP1;15/08/2024;Ath Bilbao;Getafe;1;1;D;1;0;H;7;9;4;2;15;12;5;6;4;1;0;0;1.48;4.0;8.0;;;;;;;
SP1;15/08/2024;Betis;Girona;1;1;D;1;0;H;19;13;4;2;11;7;4;4;2;0;0;0;2.35;3.4;3.0;;;;;;;
SP1;16/08/2024;Celta;Alaves;2;1;H;0;1;A;6;10;4;2;8;23;3;3;3;2;0;0;2.0;3.2;4.1;;;;;;;
SP1;16/08/2024;Las Palmas;Sevilla;2;2;D;1;1;D;13;16;5;5;12;13;6;3;0;0;0;0;2.8;3.25;2.63;;;;;;;
SP1;17/08/2024;Osasuna;Leganes;1;1;D;0;1;A;16;10;5;4;14;12;6;4;3;2;0;0;1.85;3.3;4.5;;;;;;;
SP1;17/08/2024;Valencia;Barcelona;1;2;A;1;1;D;6;18;1;8;11;13;3;8;2;3;0;0;4.75;3.8;1.73;;;;;;;
SP1;18/08/2024;Sociedad;Vallecano;1;2;A;0;0;D;11;12;5;5;14;21;10;5;2;4;0;0;1.57;3.75;7.0;;;;;;;
SP1;18/08/2024;Mallorca;Real Madrid;1;1;D;0;1;A;12;13;5;4;11;6;8;7;1;0;0;1;8.0;4.2;1.45;;;;;;;
SP1;19/08/2024;Valladolid;Espanol;1;0;H;1;0;H;12;10;3;2;15;8;3;2;2;2;0;0;2.38;3.0;3.4;;;;;;;
SP1;19/08/2024;Villarreal;Ath Madrid;2;2;D;2;2;D;8;10;3;5;6;10;2;3;1;3;0;0;3.3;3.7;2.1;;;;;;;
SP1;23/08/2024;Celta;Valencia;3;1;H;2;1;H;7;13;5;5;9;11;4;7;3;0;0;0;2.1;3.4;3.6;;;;;;;
SP1;23/08/2024;Sevilla;Villarreal;1;2;A;1;1;D;15;6;9;5;15;7;7;2;3;5;0;0;2.4;3.6;2.8;;;;;;;
SP1;24/08/2024;Osasuna;Mallorca;1;0;H;0;0;D;15;11;5;2;10;8;5;4;2;1;0;0;2.45;3.1;3.1;;;;;;;
SP1;24/08/2024;Barcelona;Ath Bilbao;2;1;H;1;1;D;13;9;5;2;11;16;5;6;4;5;0;0;1.62;4.2;5.0;;;;;;;
SP1;24/08/2024;Espanol;Sociedad;0;1;A;0;0;D;13;8;3;4;14;18;7;4;2;2;0;0;3.9;3.2;2.05;;;;;;;
SP1;24/08/2024;Getafe;Vallecano;0;0;D;0;0;D;12;3;0;1;16;18;3;2;1;2;0;0;2.45;3.0;3.2;;;;;;;
SP1;25/08/2024;Real Madrid;Valladolid;3;0;H;0;0;D;17;8;9;2;10;15;5;5;1;1;0;0;1.18;7.5;15.0;;;;;;;
SP1;25/08/2024;Leganes;Las Palmas;2;1;H;0;0;D;10;10;5;5;11;10;3;7;1;1;0;0;2.25;3.0;3.6;;;;;;;
SP1;25/08/2024;Alaves;Betis;0;0;D;0;0;D;3;13;1;3;16;13;3;8;1;4;1;0;2.38;3.1;3.25;;;;;;;
SP1;25/08/2024;Ath Madrid;Girona;3;0;H;1;0;H;11;13;6;5;11;10;1;9;1;3;0;0;1.6;4.1;5.5;;;;;;;
SP1;26/08/2024;Villarreal;Celta;4;3;H;1;2;A;22;18;9;8;8;6;7;4;4;3;0;0;1.91;3.4;3.8;;;;;;;
SP1;27/08/2024;Mallorca;Sevilla;0;0;D;0;0;D;12;16;4;7;15;10;5;9;0;1;0;1;2.38;3.1;3.25;;;;;;;
SP1;27/08/2024;Vallecano;Barcelona;1;2;A;1;0;H;8;22;4;5;17;11;6;6;3;1;0;0;5.25;3.8;1.62;;;;;;;
SP1;28/08/2024;Ath Bilbao;Valencia;1;0;H;1;0;H;13;2;4;0;14;9;5;3;1;3;0;0;1.62;3.9;5.75;;;;;;;
SP1;28/08/2024;Valladolid;Leganes;0;0;D;0;0;D;12;8;2;1;13;19;4;4;1;5;0;0;2.3;3.0;3.6;;;;;;;
SP1;28/08/2024;Ath Madrid;Espanol;0;0;D;0;0;D;24;8;7;1;6;9;9;3;0;2;0;0;1.3;5.25;11.0;;;;;;;
SP1;28/08/2024;Sociedad;Alaves;1;2;A;1;1;D;8;12;1;5;16;12;8;6;4;4;1;0;1.7;3.5;5.75;;;;;;;
SP1;29/08/2024;Girona;Osasuna;4;0;H;1;0;H;10;1;5;0;10;9;5;0;0;0;0;0;1.7;4.0;4.33;;;;;;;
SP1;29/08/2024;Las Palmas;Real Madrid;1;1;D;1;0;H;7;25;3;8;16;13;2;6;0;2;0;0;8.0;5.0;1.38;;;;;;;
SP1;31/08/2024;Barcelona;Valladolid;7;0;H;3;0;H;23;5;10;2;6;12;10;1;0;3;0;0;1.25;6.25;10.0;;;;;;;
SP1;31/08/2024;Ath Bilbao;Ath Madrid;0;1;A;0;0;D;8;9;1;2;13;9;2;2;3;1;0;0;3.0;3.3;2.38;;;;;;;
SP1;31/08/2024;Espanol;Vallecano;2;1;H;1;1;D;10;17;5;5;14;16;3;7;3;2;0;0;2.8;3.0;2.8;;;;;;;
SP1;31/08/2024;Leganes;Mallorca;0;1;A;0;1;A;4;12;2;3;11;17;1;3;1;3;0;0;2.5;3.0;3.2;;;;;;;
SP1;31/08/2024;Valencia;Villarreal;1;1;D;1;1;D;22;9;6;3;15;11;14;3;3;5;0;1;2.8;3.4;2.45;;;;;;;
SP1;01/09/2024;Alaves;Las Palmas;2;0;H;1;0;H;15;12;5;7;13;9;6;5;3;0;0;0;1.95;3.4;4.0;;;;;;;
SP1;01/09/2024;Osasuna;Celta;3;2;H;2;1;H;10;12;4;3;19;10;6;3;2;0;0;1;2.45;3.25;3.0;;;;;;;
SP1;01/09/2024;Sevilla;Girona;0;2;A;0;1;A;16;11;5;4;6;14;7;5;3;2;0;0;2.35;3.8;2.75;;;;;;;
SP1;01/09/2024;Getafe;Sociedad;0;0;D;0;0;D;16;1;1;0;14;16;4;1;1;1;0;0;3.5;2.9;2.38;;;;;;;
SP1;01/09/2024;Real Madrid;Betis;2;0;H;0;0;D;20;12;8;2;8;16;7;3;2;0;0;0;1.29;5.75;9.5;;;;;;;
SP1;13/09/2024;Betis;Leganes;2;0;H;0;0;D;14;3;5;0;11;18;11;1;1;2;0;0;1.62;3.7;6.25;;;;;;;
SP1;14/09/2024;Mallorca;Villarreal;1;2;A;0;1;A;10;21;5;4;11;10;7;6;3;3;1;0;2.45;3.4;2.88;;;;;;;
SP1;14/09/2024;Espanol;Alaves;3;2;H;1;1;D;9;19;4;6;17;14;0;5;2;3;0;0;2.63;3.2;2.8;;;;;;;
SP1;14/09/2024;Sevilla;Getafe;1;0;H;1;0;H;10;15;4;4;19;15;3;4;3;4;1;0;2.2;3.0;3.7;;;;;;;
SP1;14/09/2024;Sociedad;Real Madrid;0;2;A;0;0;D;11;16;2;7;12;9;6;6;4;1;0;0;4.75;3.9;1.67;;;;;;;
SP1;15/09/2024;Celta;Valladolid;3;1;H;2;0;H;14;6;7;1;14;15;5;3;3;5;0;1;1.67;3.75;5.5;;;;;;;
SP1;15/09/2024;Girona;Barcelona;1;4;A;0;2;A;9;20;4;9;13;4;1;6;3;2;0;1;4.2;3.8;1.8;;;;;;;
SP1;15/09/2024;Las Palmas;Ath Bilbao;2;3;A;0;2;A;15;9;6;4;8;12;9;3;1;2;0;1;3.8;3.4;2.0;;;;;;;
SP1;15/09/2024;Ath Madrid;Valencia;3;0;H;1;0;H;14;5;5;1;10;8;7;3;1;2;0;0;1.33;4.5;11.0;;;;;;;
SP1;16/09/2024;Vallecano;Osasuna;3;1;H;0;1;A;17;5;6;2;12;15;7;4;3;2;0;0;2.05;3.1;4.0;;;;;;;
SP1;17/09/2024;Mallorca;Sociedad;1;0;H;1;0;H;10;13;4;4;5;10;5;5;1;1;0;0;2.9;2.75;3.0;;;;;;;
SP1;18/09/2024;Betis;Getafe;2;1;H;0;0;D;18;15;8;5;10;20;8;4;3;5;0;0;1.91;3.0;5.0;;;;;;;
SP1;19/09/2024;Leganes;Ath Bilbao;0;2;A;0;0;D;14;10;3;4;12;11;4;7;3;0;0;0;3.75;3.2;2.05;;;;;;;
SP1;20/09/2024;Alaves;Sevilla;2;1;H;1;0;H;10;8;4;2;11;16;3;5;1;4;0;0;2.15;3.1;3.7;;;;;;;
SP1;21/09/2024;Valladolid;Sociedad;0;0;D;0;0;D;15;14;2;4;15;12;5;7;4;4;0;0;3.9;3.0;2.2;;;;;;;
SP1;21/09/2024;Osasuna;Las Palmas;2;1;H;1;1;D;13;11;2;4;14;11;2;4;2;5;0;0;1.9;3.4;4.2;;;;;;;
SP1;21/09/2024;Valencia;Girona;2;0;H;0;0;D;7;8;2;3;13;10;5;4;3;2;0;0;2.88;3.3;2.5;;;;;;;
SP1;21/09/2024;Real Madrid;Espanol;4;1;H;0;0;D;31;10;14;2;7;5;9;4;4;3;0;0;1.17;7.0;19.0;;;;;;;
SP1;22/09/2024;Getafe;Leganes;1;1;D;0;0;D;12;6;3;3;16;17;6;2;3;2;0;0;2.05;2.8;4.75;;;;;;;
SP1;22/09/2024;Ath Bilbao;Celta;3;1;H;2;1;H;10;11;7;4;16;11;3;6;3;2;0;0;1.7;3.7;5.25;;;;;;;
SP1;22/09/2024;Villarreal;Barcelona;1;5;A;1;2;A;13;17;4;10;12;12;7;3;6;1;0;0;3.9;3.9;1.85;;;;;;;
SP1;22/09/2024;Vallecano;Ath Madrid;1;1;D;1;0;H;15;10;3;5;9;12;3;4;0;0;0;0;5.0;3.4;1.8;;;;;;;
SP1;23/09/2024;Betis;Mallorca;1;2;A;1;1;D;14;6;6;6;12;12;6;3;3;2;0;0;1.85;3.3;4.75;;;;;;;
SP1;24/09/2024;Sevilla;Valladolid;2;1;H;1;0;H;22;8;5;2;14;12;6;4;5;4;1;0;1.65;3.8;5.5;;;;;;;
SP1;24/09/2024;Valencia;Osasuna;0;0;D;0;0;D;10;9;2;2;6;11;10;5;2;3;0;0;2.0;3.1;4.0;;;;;;;
SP1;24/09/2024;Real Madrid;Alaves;3;2;H;2;0;H;10;12;4;3;7;10;4;4;4;0;0;0;1.2;6.5;13.0;;;;;;;
SP1;25/09/2024;Girona;Vallecano;0;0;D;0;0;D;11;2;0;0;8;16;4;3;3;4;0;0;1.73;3.7;4.5;;;;;;;
SP1;25/09/2024;Barcelona;Getafe;1;0;H;1;0;H;16;7;4;1;4;14;7;5;1;1;0;0;1.25;6.25;10.0;;;;;;;
SP1;26/09/2024;Espanol;Villarreal;1;2;A;1;1;D;11;15;2;4;12;14;4;1;5;3;0;0;3.25;3.5;2.15;;;;;;;
SP1;26/09/2024;Las Palmas;Betis;1;1;D;1;1;D;8;14;2;5;21;10;1;4;4;2;0;0;3.1;3.1;2.38;;;;;;;
SP1;26/09/2024;Celta;Ath Madrid;0;1;A;0;0;D;9;7;4;2;10;7;2;3;2;2;0;0;3.8;3.7;1.91;;;;;;;
SP1;27/09/2024;Valladolid;Mallorca;1;2;A;0;0;D;11;14;1;6;15;9;7;4;3;2;0;0;3.0;2.9;2.63;;;;;;;
SP1;28/09/2024;Getafe;Alaves;2;0;H;1;0;H;14;9;8;1;17;24;2;2;3;6;0;0;2.55;2.88;3.1;;;;;;;
SP1;28/09/2024;Vallecano;Leganes;1;1;D;1;0;H;15;13;6;3;12;7;5;5;2;1;0;0;1.9;3.0;5.0;;;;;;;
SP1;28/09/2024;Sociedad;Valencia;3;0;H;1;0;H;11;9;6;4;7;12;6;4;0;0;0;0;1.85;3.25;4.75;;;;;;;
SP1;28/09/2024;Osasuna;Barcelona;4;2;H;2;0;H;11;12;6;5;13;3;5;8;2;2;0;0;7.0;4.5;1.45;;;;;;;
SP1;29/09/2024;Celta;Girona;1;1;D;0;1;A;12;9;2;4;9;14;4;4;1;0;0;0;2.1;3.6;3.25;;;;;;;
SP1;29/09/2024;Ath Bilbao;Sevilla;1;1;D;1;0;H;13;13;3;4;6;7;4;7;0;3;1;0;1.7;3.7;5.0;;;;;;;
SP1;29/09/2024;Betis;Espanol;1;0;H;0;0;D;20;8;12;1;14;20;8;4;2;4;0;0;1.65;3.4;5.75;;;;;;;
SP1;29/09/2024;Ath Madrid;Real Madrid;1;1;D;0;0;D;12;12;4;4;11;11;5;5;3;1;1;0;2.8;3.3;2.5;;;;;;;
SP1;30/09/2024;Villarreal;Las Palmas;3;1;H;1;0;H;17;7;7;3;14;10;3;2;0;3;0;0;1.45;4.33;6.5;;;;;;;
SP1;04/10/2024;Leganes;Valencia;0;0;D;0;0;D;8;6;0;1;15;14;1;2;2;2;0;0;2.9;2.88;2.8;;;;;;;
SP1;05/10/2024;Espanol;Mallorca;2;1;H;1;0;H;8;11;3;4;14;19;4;6;1;5;0;0;3.1;3.0;2.55;;;;;;;
SP1;05/10/2024;Getafe;Osasuna;1;1;D;1;0;H;11;6;3;2;17;10;4;2;2;4;0;0;2.2;2.9;3.9;;;;;;;
SP1;05/10/2024;Las Palmas;Celta;0;1;A;0;1;A;24;8;5;1;9;13;11;2;3;8;0;2;3.1;3.5;2.25;;;;;;;
SP1;05/10/2024;Valladolid;Vallecano;1;2;A;0;0;D;13;17;5;3;13;18;5;13;4;2;0;0;3.1;3.0;2.5;;;;;;;
SP1;05/10/2024;Real Madrid;Villarreal;2;0;H;1;0;H;11;10;2;1;7;11;2;5;0;1;0;0;1.27;6.25;8.5;;;;;;;
SP1;06/10/2024;Girona;Ath Bilbao;2;1;H;1;1;D;14;13;6;4;12;13;6;1;4;3;0;1;2.35;3.3;3.1;;;;;;;
SP1;06/10/2024;Alaves;Barcelona;0;3;A;0;3;A;11;14;2;8;13;8;11;3;2;2;0;0;5.25;4.5;1.57;;;;;;;
SP1;06/10/2024;Sevilla;Betis;1;0;H;0;0;D;14;11;5;3;15;15;4;1;6;3;1;0;2.45;3.2;3.0;;;;;;;
SP1;06/10/2024;Sociedad;Ath Madrid;1;1;D;0;1;A;16;4;8;1;10;9;5;1;0;2;0;0;3.3;3.2;2.3;;;;;;;
SP1;18/10/2024;Alaves;Valladolid;2;3;A;1;1;D;10;12;4;4;15;14;5;6;6;2;1;0;1.62;3.9;5.75;;;;;;;
SP1;19/10/2024;Ath Bilbao;Espanol;4;1;H;3;0;H;10;5;6;2;15;22;5;5;2;3;0;0;1.45;4.2;7.5;;;;;;;
SP1;19/10/2024;Osasuna;Betis;1;2;A;0;1;A;19;11;6;7;12;8;10;2;2;1;0;1;2.5;3.4;2.7;;;;;;;
SP1;19/10/2024;Girona;Sociedad;0;1;A;0;1;A;8;14;3;4;10;12;6;6;2;1;0;0;2.4;3.4;2.88;;;;;;;
SP1;19/10/2024;Celta;Real Madrid;1;2;A;0;1;A;13;10;5;3;16;13;6;2;2;1;0;0;4.75;4.5;1.6;;;;;;;
SP1;20/10/2024;Mallorca;Vallecano;1;0;H;0;0;D;19;10;5;2;9;13;9;2;1;1;0;0;2.05;3.1;4.0;;;;;;;
SP1;20/10/2024;Ath Madrid;Leganes;3;1;H;0;1;A;24;5;9;2;14;8;8;2;5;1;0;0;1.33;4.75;10.0;;;;;;;
SP1;20/10/2024;Villarreal;Getafe;1;1;D;1;0;H;10;21;4;4;18;21;5;5;4;3;0;0;1.67;3.8;5.0;;;;;;;
SP1;20/10/2024;Barcelona;Sevilla;5;1;H;3;0;H;21;7;9;1;6;14;5;5;1;2;0;0;1.3;5.75;8.0;;;;;;;
SP1;21/10/2024;Valencia;Las Palmas;2;3;A;1;1;D;14;11;7;6;12;12;11;2;4;9;1;0;1.62;3.8;5.5;;;;;;;
SP1;25/10/2024;Espanol;Sevilla;0;2;A;0;2;A;16;6;1;3;14;9;13;2;2;0;0;0;3.0;3.25;2.4;;;;;;;
SP1;26/10/2024;Valladolid;Villarreal;1;2;A;0;1;A;7;21;3;9;16;13;4;6;4;3;0;0;3.5;3.75;2.0;;;;;;;
SP1;26/10/2024;Vallecano;Alaves;1;0;H;0;0;D;16;15;4;7;8;14;6;2;2;4;1;0;2.25;3.1;3.5;;;;;;;
SP1;26/10/2024;Las Palmas;Girona;1;0;H;1;0;H;12;8;3;3;12;14;3;5;4;5;0;1;2.88;3.4;2.45;;;;;;;
SP1;26/10/2024;Real Madrid;Barcelona;0;4;A;0;0;D;9;15;4;7;15;17;10;3;2;5;0;0;2.0;4.1;3.25;;;;;;;
SP1;27/10/2024;Leganes;Celta;3;0;H;0;0;D;7;18;4;5;15;17;4;2;2;2;0;0;3.25;3.25;2.3;;;;;;;
SP1;27/10/2024;Getafe;Valencia;1;1;D;0;1;A;15;2;4;1;20;20;8;2;3;7;0;0;2.1;3.1;3.8;;;;;;;
SP1;27/10/2024;Betis;Ath Madrid;1;0;H;1;0;H;24;10;3;3;8;4;3;10;3;2;0;0;3.1;3.4;2.3;;;;;;;
SP1;27/10/2024;Sociedad;Osasuna;0;2;A;0;2;A;19;10;9;4;7;14;14;4;3;4;0;0;1.75;3.6;5.0;;;;;;;
SP1;28/10/2024;Mallorca;Ath Bilbao;0;0;D;0;0;D;4;20;1;1;9;12;1;14;5;1;1;0;2.9;3.1;2.55;;;;;;;
SP1;01/11/2024;Alaves;Mallorca;1;0;H;0;0;D;13;7;3;2;19;12;7;2;3;2;0;0;2.25;3.0;3.4;;;;;;;
SP1;02/11/2024;Osasuna;Valladolid;1;0;H;1;0;H;20;7;4;4;21;12;7;2;1;5;0;0;1.6;3.7;6.25;;;;;;;
SP1;02/11/2024;Girona;Leganes;4;3;H;2;2;D;15;8;6;5;17;15;6;1;2;4;0;0;1.7;3.5;5.5;;;;;;;
SP1;03/11/2024;Ath Madrid;Las Palmas;2;0;H;1;0;H;15;1;3;1;13;13;9;1;1;1;0;0;1.27;6.0;9.5;;;;;;;
SP1;03/11/2024;Barcelona;Espanol;3;1;H;3;0;H;14;10;9;3;13;14;9;5;0;3;0;0;1.13;9.0;19.0;;;;;;;
SP1;03/11/2024;Sevilla;Sociedad;0;2;A;0;1;A;8;9;0;3;6;17;5;9;2;1;0;0;2.9;3.0;2.63;;;;;;;
SP1;03/11/2024;Ath Bilbao;Betis;1;1;D;0;0;D;17;7;8;4;9;8;6;2;0;0;0;0;1.91;3.5;4.0;;;;;;;
SP1;04/11/2024;Celta;Getafe;1;0;H;1;0;H;10;10;3;2;12;11;0;2;1;4;0;1;1.95;3.2;4.5;;;;;;;
SP1;08/11/2024;Vallecano;Las Palmas;1;3;A;0;1;A;35;11;7;3;9;13;12;4;1;3;0;0;1.83;3.4;4.5;;;;;;;
SP1;09/11/2024;Real Madrid;Osasuna;4;0;H;2;0;H;18;2;8;0;9;16;11;3;0;2;0;0;1.2;7.0;13.0;;;;;;;
SP1;09/11/2024;Villarreal;Alaves;3;0;H;1;0;H;13;9;3;3;17;21;7;2;1;3;0;0;1.62;4.0;5.5;;;;;;;
SP1;09/11/2024;Leganes;Sevilla;1;0;H;0;0;D;8;13;4;2;7;10;0;6;2;1;0;1;2.88;3.2;2.55;;;;;;;
SP1;10/11/2024;Betis;Celta;2;2;D;1;1;D;19;3;6;2;12;8;2;0;3;0;0;0;1.95;3.4;4.0;;;;;;;
SP1;10/11/2024;Mallorca;Ath Madrid;0;1;A;0;0;D;12;9;6;2;10;16;7;2;1;3;0;0;3.6;3.1;2.2;;;;;;;
SP1;10/11/2024;Getafe;Girona;0;1;A;0;1;A;8;3;0;2;25;16;5;2;3;3;0;0;2.45;3.2;3.0;;;;;;;
SP1;10/11/2024;Valladolid;Ath Bilbao;1;1;D;0;0;D;6;17;3;1;12;12;5;5;4;4;0;0;4.5;3.4;1.85;;;;;;;
SP1;10/11/2024;Sociedad;Barcelona;1;0;H;1;0;H;14;11;6;0;17;6;7;6;3;1;0;0;4.75;4.1;1.65;;;;;;;
SP1;22/11/2024;Getafe;Valladolid;2;0;H;0;0;D;12;6;5;3;15;15;3;2;3;2;0;0;1.65;3.4;6.5;;;;;;;
SP1;23/11/2024;Valencia;Betis;4;2;H;1;1;D;11;7;5;3;10;16;2;4;4;2;0;0;3.0;3.0;2.6;;;;;;;
SP1;23/11/2024;Ath Madrid;Alaves;2;1;H;0;1;A;11;4;8;1;18;19;5;0;3;3;0;0;1.36;4.75;9.0;;;;;;;
SP1;23/11/2024;Girona;Espanol;4;1;H;4;0;H;12;9;5;1;4;19;6;3;0;3;0;0;1.67;3.9;5.25;;;;;;;
SP1;23/11/2024;Las Palmas;Mallorca;2;3;A;0;0;D;14;10;3;3;10;18;4;3;4;2;0;1;2.8;3.0;2.7;;;;;;;
SP1;23/11/2024;Celta;Barcelona;2;2;D;0;1;A;15;9;8;4;13;9;5;1;5;5;0;1;4.75;4.33;1.65;;;;;;;
SP1;24/11/2024;Osasuna;Villarreal;2;2;D;2;0;H;4;17;3;7;12;13;0;8;6;5;0;0;2.55;3.4;2.75;;;;;;;
SP1;24/11/2024;Sevilla;Vallecano;1;0;H;1;0;H;11;9;3;1;14;14;8;3;2;5;0;1;2.3;3.2;3.3;;;;;;;
SP1;24/11/2024;Leganes;Real Madrid;0;3;A;0;1;A;4;16;0;9;17;11;2;4;2;0;0;0;7.5;4.5;1.42;;;;;;;
SP1;24/11/2024;Ath Bilbao;Sociedad;1;0;H;1;0;H;12;6;4;1;18;9;4;4;3;4;0;0;2.25;3.0;3.6;;;;;;;
SP1;29/11/2024;Mallorca;Valencia;2;1;H;1;1;D;9;7;3;1;9;14;3;6;0;0;0;0;2.0;3.0;4.5;;;;;;;
SP1;30/11/2024;Barcelona;Las Palmas;1;2;A;0;0;D;27;5;8;3;7;11;7;0;0;0;0;0;1.17;8.5;13.0;;;;;;;
SP1;30/11/2024;Alaves;Leganes;1;1;D;0;0;D;18;6;7;3;15;15;13;8;1;4;0;0;1.8;3.4;5.0;;;;;;;
SP1;30/11/2024;Espanol;Celta;3;1;H;1;0;H;9;16;5;2;13;7;2;5;2;2;0;0;3.3;3.4;2.2;;;;;;;
SP1;30/11/2024;Valladolid;Ath Madrid;0;5;A;0;3;A;9;13;1;9;6;11;3;5;1;2;0;0;6.0;4.2;1.53;;;;;;;
SP1;01/12/2024;Villarreal;Girona;2;2;D;1;0;H;13;13;4;6;8;13;1;5;2;6;0;0;1.83;3.7;4.2;;;;;;;
SP1;01/12/2024;Real Madrid;Getafe;2;0;H;2;0;H;13;8;4;3;7;26;5;3;2;6;0;0;1.36;4.5;10.0;;;;;;;
SP1;01/12/2024;Vallecano;Ath Bilbao;1;2;A;1;0;H;7;12;4;7;14;8;1;7;3;0;0;0;2.8;3.1;2.7;;;;;;;
SP1;01/12/2024;Sociedad;Betis;2;0;H;2;0;H;2;7;1;2;28;10;0;4;3;2;0;0;1.8;3.6;4.5;;;;;;;
SP1;02/12/2024;Sevilla;Osasuna;1;1;D;0;0;D;12;7;5;3;11;15;5;1;1;1;0;0;2.1;3.4;3.5;;;;;;;
SP1;03/12/2024;Mallorca;Barcelona;1;5;A;1;1;D;6;20;1;9;13;13;2;5;4;3;0;0;5.75;4.33;1.53;;;;;;;
SP1;04/12/2024;Ath Bilbao;Real Madrid;2;1;H;0;0;D;9;10;3;5;21;9;5;2;3;3;0;0;3.2;3.3;2.25;;;;;;;
SP1;06/12/2024;Celta;Mallorca;2;0;H;1;0;H;12;9;5;4;9;12;3;3;1;0;0;1;1.85;3.4;4.5;;;;;;;
SP1;07/12/2024;Las Palmas;Valladolid;2;1;H;1;1;D;11;9;5;2;17;13;3;3;4;3;0;0;1.8;3.6;4.5;;;;;;;
SP1;07/12/2024;Betis;Barcelona;2;2;D;0;1;A;12;9;6;3;15;14;6;4;1;2;0;0;5.0;4.5;1.57;;;;;;;
SP1;07/12/2024;Valencia;Vallecano;0;1;A;0;1;A;14;6;6;1;5;12;9;4;2;2;0;0;2.25;2.9;3.75;;;;;;;
SP1;07/12/2024;Girona;Real Madrid;0;3;A;0;1;A;10;10;4;7;6;7;6;3;3;2;0;0;4.5;3.9;1.73;;;;;;;
SP1;08/12/2024;Leganes;Sociedad;0;3;A;0;1;A;11;15;2;5;12;15;5;3;2;2;0;0;4.75;3.1;1.91;;;;;;;
SP1;08/12/2024;Ath Bilbao;Villarreal;2;0;H;1;0;H;12;11;4;1;15;10;3;3;2;1;0;0;1.95;3.6;3.8;;;;;;;
SP1;08/12/2024;Osasuna;Alaves;2;2;D;0;1;A;16;6;8;3;13;14;8;3;4;3;0;0;2.05;3.3;3.75;;;;;;;
SP1;08/12/2024;Ath Madrid;Sevilla;4;3;H;1;2;A;14;4;9;3;11;8;5;3;4;3;0;0;1.38;4.75;8.5;;;;;;;
SP1;09/12/2024;Getafe;Espanol;1;0;H;1;0;H;15;9;6;1;14;15;3;3;3;6;0;0;1.8;3.1;5.75;;;;;;;
SP1;13/12/2024;Valladolid;Valencia;1;0;H;1;0;H;2;14;1;2;10;10;1;7;4;3;1;0;3.1;3.1;2.38;;;;;;;
SP1;14/12/2024;Espanol;Osasuna;0;0;D;0;0;D;9;6;3;0;13;13;5;4;3;1;0;0;2.75;3.2;2.6;;;;;;;
SP1;14/12/2024;Mallorca;Girona;2;1;H;1;1;D;8;13;2;1;10;14;2;4;5;2;1;0;2.3;3.1;3.25;;;;;;;
SP1;14/12/2024;Sevilla;Celta;1;0;H;0;0;D;8;10;3;2;12;9;3;4;7;3;0;0;2.2;3.25;3.3;;;;;;;
SP1;14/12/2024;Vallecano;Real Madrid;3;3;D;2;2;D;14;13;5;6;18;8;4;3;4;2;0;0;6.0;3.8;1.57;;;;;;;
SP1;15/12/2024;Ath Madrid;Getafe;1;0;H;0;0;D;11;7;3;1;13;15;8;3;3;1;0;0;1.4;4.33;9.0;;;;;;;
SP1;15/12/2024;Alaves;Ath Bilbao;1;1;D;0;1;A;6;9;3;2;14;17;2;4;2;2;0;0;3.6;3.1;2.15;;;;;;;
SP1;15/12/2024;Sociedad;Las Palmas;0;0;D;0;0;D;15;9;4;3;17;12;8;6;2;3;0;0;1.4;4.33;8.0;;;;;;;
SP1;15/12/2024;Villarreal;Betis;1;2;A;0;1;A;17;10;4;4;19;10;5;5;5;2;0;1;1.75;3.8;4.33;;;;;;;
SP1;15/12/2024;Barcelona;Leganes;0;1;A;0;1;A;20;6;4;4;5;13;8;2;0;2;0;0;1.13;8.0;19.0;;;;;;;
SP1;18/12/2024;Espanol;Valencia;1;1;D;1;0;H;10;14;3;4;13;11;4;7;1;0;0;0;2.6;3.0;3.0;;;;;;;
SP1;18/12/2024;Villarreal;Vallecano;1;1;D;1;1;D;14;18;5;3;10;15;7;7;4;3;1;0;1.8;3.6;4.5;;;;;;;
SP1;20/12/2024;Girona;Valladolid;3;0;H;2;0;H;23;1;7;1;13;7;9;1;3;1;0;0;1.38;5.0;8.0;;;;;;;
SP1;21/12/2024;Getafe;Mallorca;0;1;A;0;0;D;18;9;5;2;19;13;3;0;4;3;0;0;2.3;2.75;3.9;;;;;;;
SP1;21/12/2024;Celta;Sociedad;2;0;H;2;0;H;11;7;7;1;19;13;5;7;3;5;0;0;2.9;3.1;2.6;;;;;;;
SP1;21/12/2024;Osasuna;Ath Bilbao;1;2;A;1;1;D;6;13;3;8;10;13;4;4;0;1;0;0;3.9;3.1;2.1;;;;;;;
SP1;21/12/2024;Barcelona;Ath Madrid;1;2;A;1;0;H;19;5;7;4;11;8;11;3;0;3;0;0;1.9;3.8;3.9;;;;;;;
SP1;22/12/2024;Valencia;Alaves;2;2;D;0;1;A;8;11;3;3;20;15;5;4;2;1;0;0;2.25;3.1;3.5;;;;;;;
SP1;22/12/2024;Real Madrid;Sevilla;4;2;H;3;1;H;16;10;8;5;5;14;6;6;1;2;0;0;1.33;5.5;9.0;;;;;;;
SP1;22/12/2024;Las Palmas;Espanol;1;0;H;0;0;D;10;9;4;2;9;16;2;2;4;2;0;0;1.85;3.6;4.33;;;;;;;
SP1;22/12/2024;Leganes;Villarreal;2;5;A;2;2;D;5;18;3;9;17;15;1;5;1;2;2;0;4.2;3.4;1.91;;;;;;;
SP1;22/12/2024;Betis;Vallecano;1;1;D;1;0;H;14;10;5;4;9;14;5;5;0;4;0;0;1.8;3.5;4.75;;;;;;;
SP1;03/01/2025;Valencia;Real Madrid;1;2;A;1;0;H;8;17;5;5;16;9;2;5;2;3;0;1;7.0;4.5;1.42;;;;;;;
SP1;10/01/2025;Vallecano;Celta;2;1;H;1;1;D;8;23;5;7;18;9;3;3;2;3;0;1;2.75;3.1;2.7;;;;;;;
SP1;11/01/2025;Alaves;Girona;0;1;A;0;0;D;11;3;2;1;16;11;6;3;1;4;0;0;2.75;3.1;2.75;;;;;;;
SP1;11/01/2025;Valladolid;Betis;1;0;H;0;0;D;12;14;1;3;21;10;1;8;2;4;0;0;4.5;3.5;1.83;;;;;;;
SP1;11/01/2025;Espanol;Leganes;1;1;D;1;1;D;15;14;5;6;15;19;8;4;2;2;0;1;2.1;3.0;4.0;;;;;;;
SP1;11/01/2025;Sevilla;Valencia;1;1;D;0;0;D;15;5;5;1;16;8;10;1;1;2;0;0;2.0;3.3;4.0;;;;;;;
SP1;12/01/2025;Las Palmas;Getafe;1;2;A;0;0;D;15;12;7;3;14;17;4;5;2;3;0;0;2.45;2.9;3.3;;;;;;;
SP1;12/01/2025;Ath Madrid;Osasuna;1;0;H;0;0;D;9;6;5;1;8;14;4;0;2;0;0;0;1.33;5.0;10.0;;;;;;;
SP1;13/01/2025;Sociedad;Villarreal;1;0;H;0;0;D;6;15;3;5;17;6;3;7;4;2;0;0;2.0;3.3;4.0;;;;;;;
SP1;17/01/2025;Espanol;Valladolid;2;1;H;1;0;H;12;11;4;4;13;16;1;7;2;2;0;0;1.75;3.4;5.25;;;;;;;
SP1;18/01/2025;Girona;Sevilla;1;2;A;1;0;H;7;14;4;6;6;15;7;4;0;4;0;0;1.91;3.5;4.0;;;;;;;
SP1;18/01/2025;Leganes;Ath Madrid;1;0;H;0;0;D;9;19;3;4;16;6;2;9;1;3;0;0;7.0;4.0;1.5;;;;;;;
SP1;18/01/2025;Betis;Alaves;1;3;A;1;1;D;7;9;2;5;12;24;2;3;4;5;1;0;1.75;3.6;4.75;;;;;;;
SP1;18/01/2025;Getafe;Barcelona;1;1;D;1;1;D;10;21;4;5;9;9;2;10;3;2;0;0;6.5;4.2;1.5;;;;;;;
SP1;19/01/2025;Celta;Ath Bilbao;1;2;A;0;0;D;3;14;1;6;14;6;3;4;0;0;0;0;2.8;3.2;2.6;;;;;;;
SP1;19/01/2025;Real Madrid;Las Palmas;4;1;H;3;1;H;26;6;13;2;11;13;8;2;0;1;0;1;1.14;7.5;17.0;;;;;;;
SP1;19/01/2025;Osasuna;Vallecano;1;1;D;0;1;A;12;8;3;3;9;13;6;3;3;2;0;0;2.15;3.0;3.8;;;;;;;
SP1;19/01/2025;Valencia;Sociedad;1;0;H;1;0;H;7;9;2;3;10;12;4;7;3;4;0;0;3.1;3.0;2.55;;;;;;;
SP1;20/01/2025;Villarreal;Mallorca;4;0;H;4;0;H;14;9;7;2;9;12;6;5;1;3;0;0;1.73;3.5;5.25;;;;;;;
SP1;24/01/2025;Las Palmas;Osasuna;1;1;D;0;0;D;16;16;7;4;14;17;4;2;7;8;1;0;2.5;3.1;3.0;;;;;;;
SP1;25/01/2025;Mallorca;Betis;0;1;A;0;0;D;16;8;3;3;12;18;4;4;2;2;1;0;2.25;3.0;3.5;;;;;;;
SP1;25/01/2025;Ath Madrid;Villarreal;1;1;D;0;1;A;20;11;8;1;10;14;5;6;4;2;0;0;1.7;4.0;4.75;;;;;;;
SP1;25/01/2025;Sevilla;Espanol;1;1;D;0;1;A;25;6;4;1;13;14;5;1;1;4;0;0;1.7;3.8;4.75;;;;;;;
SP1;25/01/2025;Valladolid;Real Madrid;0;3;A;0;1;A;6;20;2;4;11;12;1;7;3;3;1;0;10.0;6.0;1.27;;;;;;;
SP1;26/01/2025;Vallecano;Girona;2;1;H;0;0;D;17;12;7;5;19;9;4;1;3;1;0;0;2.75;2.9;2.88;;;;;;;
SP1;26/01/2025;Sociedad;Getafe;0;3;A;0;0;D;13;13;4;4;11;15;5;2;3;6;0;0;1.75;3.4;5.5;;;;;;;
SP1;26/01/2025;Ath Bilbao;Leganes;0;0;D;0;0;D;29;5;3;2;10;8;16;1;1;1;0;0;1.38;5.0;7.5;;;;;;;
SP1;26/01/2025;Barcelona;Valencia;7;1;H;5;0;H;22;7;11;2;10;12;14;4;0;1;0;0;1.22;7.5;10.0;;;;;;;
SP1;27/01/2025;Alaves;Celta;1;1;D;1;0;H;3;5;1;2;15;14;3;4;2;3;0;0;2.63;3.0;3.0;;;;;;;
SP1;31/01/2025;Leganes;Vallecano;0;1;A;0;0;D;5;19;1;3;7;19;2;9;2;4;1;0;3.3;3.0;2.38;;;;;;;
SP1;01/02/2025;Getafe;Sevilla;0;0;D;0;0;D;7;13;1;1;15;12;6;5;4;6;0;0;2.45;2.9;3.25;;;;;;;
SP1;01/02/2025;Villarreal;Valladolid;5;1;H;1;0;H;22;8;8;2;9;14;3;6;1;2;0;0;1.22;7.0;10.0;;;;;;;
SP1;01/02/2025;Ath Madrid;Mallorca;2;0;H;1;0;H;17;10;5;1;9;14;10;4;2;3;0;0;1.4;4.33;8.5;;;;;;;
SP1;01/02/2025;Espanol;Real Madrid;1;0;H;0;0;D;5;21;2;7;14;3;1;8;2;0;0;0;9.0;5.75;1.3;;;;;;;
SP1;02/02/2025;Barcelona;Alaves;1;0;H;0;0;D;11;3;4;0;8;20;5;2;5;2;0;0;1.2;7.5;13.0;;;;;;;
SP1;02/02/2025;Valencia;Celta;2;1;H;1;0;H;8;3;5;2;9;17;5;2;1;2;0;0;2.3;3.1;3.25;;;;;;;
SP1;02/02/2025;Osasuna;Sociedad;2;1;H;1;0;H;11;13;4;3;10;8;3;5;3;3;0;0;3.0;3.0;2.55;;;;;;;
SP1;02/02/2025;Betis;Ath Bilbao;2;2;D;2;1;H;10;12;6;4;10;20;3;7;3;1;0;0;2.9;3.3;2.45;;;;;;;
SP1;03/02/2025;Girona;Las Palmas;2;1;H;1;0;H;12;10;4;2;12;12;11;3;2;2;0;0;1.6;4.2;5.0;;;;;;;
SP1;07/02/2025;Vallecano;Valladolid;1;0;H;0;0;D;20;8;6;3;11;15;4;2;2;2;0;0;1.5;4.1;7.0;;;;;;;
SP1;08/02/2025;Celta;Betis;3;2;H;0;2;A;14;12;6;5;11;11;4;7;3;5;0;0;2.25;3.4;3.2;;;;;;;
SP1;08/02/2025;Ath Bilbao;Girona;3;0;H;2;0;H;23;3;8;1;7;12;11;2;0;4;0;0;1.65;4.0;5.0;;;;;;;
SP1;08/02/2025;Las Palmas;Villarreal;1;2;A;0;0;D;20;9;4;4;12;12;6;5;6;3;0;0;4.75;3.9;1.7;;;;;;;
SP1;08/02/2025;Real Madrid;Ath Madrid;1;1;D;0;1;A;23;10;9;1;14;13;6;1;1;3;0;0;1.85;3.6;4.2;;;;;;;
SP1;09/02/2025;Alaves;Getafe;0;1;A;0;1;A;12;4;4;3;16;16;8;3;2;6;0;0;2.3;2.9;3.6;;;;;;;
SP1;09/02/2025;Valencia;Leganes;2;0;H;2;0;H;18;12;4;4;14;9;9;3;1;1;0;0;1.73;3.4;5.5;;;;;;;
SP1;09/02/2025;Sociedad;Espanol;2;1;H;1;0;H;13;4;3;1;11;17;6;0;1;2;0;0;1.6;3.9;5.75;;;;;;;
SP1;09/02/2025;Sevilla;Barcelona;1;4;A;1;1;D;8;10;4;6;14;6;5;6;5;2;0;1;5.25;4.5;1.55;;;;;;;
SP1;10/02/2025;Mallorca;Osasuna;1;1;D;0;0;D;10;19;2;4;7;11;7;11;1;4;0;0;2.0;3.0;4.33;;;;;;;
SP1;14/02/2025;Girona;Getafe;1;2;A;0;1;A;14;10;4;6;11;23;3;3;2;3;1;0;1.95;3.25;4.33;;;;;;;
SP1;15/02/2025;Leganes;Alaves;3;3;D;2;1;H;8;16;3;7;18;15;3;2;4;5;1;0;3.1;2.9;2.6;;;;;;;
SP1;15/02/2025;Osasuna;Real Madrid;1;1;D;0;1;A;11;17;4;6;16;7;6;2;3;1;0;1;5.75;4.1;1.57;;;;;;;
SP1;15/02/2025;Ath Madrid;Celta;1;1;D;0;0;D;9;11;3;4;8;18;2;7;3;5;1;0;1.39;4.5;8.0;;;;;;;
SP1;15/02/2025;Villarreal;Valencia;1;1;D;1;0;H;13;12;4;3;6;17;4;5;0;5;0;0;1.5;4.5;5.5;;;;;;;
SP1;16/02/2025;Espanol;Ath Bilbao;1;1;D;0;0;D;12;14;4;4;12;8;2;7;1;1;0;0;5.5;3.4;1.73;;;;;;;
SP1;16/02/2025;Valladolid;Sevilla;0;4;A;0;2;A;7;11;2;6;11;10;3;2;4;2;0;0;4.0;3.4;1.95;;;;;;;
SP1;16/02/2025;Mallorca;Las Palmas;3;1;H;3;0;H;14;9;5;4;7;13;3;5;1;4;0;0;1.73;3.5;5.25;;;;;;;
SP1;16/02/2025;Betis;Sociedad;3;0;H;0;0;D;24;5;8;1;9;15;5;5;0;2;0;2;2.55;3.1;2.9;;;;;;;
SP1;17/02/2025;Barcelona;Vallecano;1;0;H;1;0;H;14;9;5;4;11;9;4;5;2;3;0;0;1.22;7.0;11.0;;;;;;;
SP1;21/02/2025;Celta;Osasuna;1;0;H;0;0;D;12;18;5;1;11;13;5;4;1;0;0;0;1.67;3.75;5.25;;;;;;;
SP1;22/02/2025;Alaves;Espanol;0;1;A;0;0;D;15;9;5;2;13;17;7;0;2;2;0;0;1.8;3.25;5.25;;;;;;;
SP1;22/02/2025;Vallecano;Villarreal;0;1;A;0;0;D;10;10;5;5;15;12;3;5;1;4;1;0;2.88;3.5;2.38;;;;;;;
SP1;22/02/2025;Valencia;Ath Madrid;0;3;A;0;2;A;18;11;2;3;18;16;7;0;1;3;0;0;4.2;3.4;1.91;;;;;;;
SP1;22/02/2025;Las Palmas;Barcelona;0;2;A;0;0;D;10;15;2;5;13;4;5;3;1;1;0;0;8.5;7.0;1.25;;;;;;;
SP1;23/02/2025;Ath Bilbao;Valladolid;7;1;H;4;0;H;29;5;16;3;10;5;4;4;2;3;0;1;1.17;7.0;19.0;;;;;;;
SP1;23/02/2025;Real Madrid;Girona;2;0;H;1;0;H;22;6;5;2;1;7;11;5;0;2;0;0;1.29;6.25;8.5;;;;;;;
SP1;23/02/2025;Getafe;Betis;1;2;A;0;1;A;10;13;4;6;17;20;2;5;3;0;1;1;2.6;3.1;2.9;;;;;;;
SP1;23/02/2025;Sociedad;Leganes;3;0;H;1;0;H;12;8;5;2;13;13;3;3;3;3;0;0;1.55;3.75;7.0;;;;;;;
SP1;24/02/2025;Sevilla;Mallorca;1;1;D;1;0;H;19;13;4;2;11;12;4;4;1;3;0;0;2.05;3.2;3.9;;;;;;;
SP1;28/02/2025;Valladolid;Las Palmas;1;1;D;0;1;A;23;4;7;3;11;8;13;4;2;1;0;1;3.1;3.2;2.4;;;;;;;
SP1;01/03/2025;Girona;Celta;2;2;D;1;1;D;9;10;6;6;8;17;4;2;0;0;0;0;2.2;3.5;3.25;;;;;;;
SP1;01/03/2025;Vallecano;Sevilla;1;1;D;0;0;D;20;10;8;5;14;9;6;6;1;0;0;0;2.3;3.2;3.3;;;;;;;
SP1;01/03/2025;Betis;Real Madrid;2;1;H;1;1;D;18;9;3;2;17;12;9;2;3;4;0;0;4.33;4.0;1.73;;;;;;;
SP1;01/03/2025;Ath Madrid;Ath Bilbao;1;0;H;0;0;D;12;15;4;3;7;8;6;2;2;3;0;0;2.05;3.5;3.6;;;;;;;
SP1;02/03/2025;Leganes;Getafe;1;0;H;0;0;D;5;9;1;0;15;15;2;6;1;1;0;0;3.1;2.88;2.6;;;;;;;
SP1;02/03/2025;Barcelona;Sociedad;4;0;H;2;0;H;33;0;10;0;15;6;12;0;0;0;0;1;1.25;5.75;12.0;;;;;;;
SP1;02/03/2025;Mallorca;Alaves;1;1;D;1;0;H;15;19;4;7;20;14;3;9;0;2;0;0;2.25;3.1;3.5;;;;;;;
SP1;02/03/2025;Osasuna;Valencia;3;3;D;3;2;H;12;12;5;5;10;7;3;3;2;1;0;0;2.3;3.2;3.3;;;;;;;
SP1;08/03/2025;Celta;Leganes;2;1;H;2;1;H;7;12;4;6;10;9;2;5;3;2;0;0;1.55;3.8;7.0;;;;;;;
SP1;08/03/2025;Alaves;Villarreal;1;0;H;1;0;H;5;24;3;2;11;13;1;6;3;1;2;0;3.1;3.25;2.38;;;;;;;
SP1;08/03/2025;Valencia;Valladolid;2;1;H;1;1;D;17;11;4;4;11;10;5;4;1;3;0;0;1.38;4.5;9.0;;;;;;;
SP1;09/03/2025;Getafe;Ath Madrid;2;1;H;0;0;D;11;4;3;2;10;14;4;4;6;2;0;1;4.5;3.1;1.95;;;;;;;
SP1;09/03/2025;Real Madrid;Vallecano;2;1;H;2;1;H;10;20;5;6;12;17;4;6;3;1;0;0;1.29;5.75;9.5;;;;;;;
SP1;09/03/2025;Ath Bilbao;Mallorca;1;1;D;0;0;D;8;9;2;2;6;13;3;3;1;3;0;0;1.62;3.7;6.0;;;;;;;
SP1;09/03/2025;Betis;Las Palmas;1;0;H;0;0;D;14;8;6;1;12;14;11;1;2;8;0;1;1.42;4.5;7.5;;;;;;;
SP1;09/03/2025;Sociedad;Sevilla;0;1;A;0;0;D;7;9;2;4;14;12;6;3;2;1;0;0;2.2;3.2;3.5;;;;;;;
SP1;10/03/2025;Espanol;Girona;1;1;D;0;0;D;7;18;4;4;11;13;4;9;3;3;0;0;3.1;3.2;2.4;;;;;;;
SP1;14/03/2025;Las Palmas;Alaves;2;2;D;0;1;A;14;9;7;3;10;22;4;5;5;5;0;0;2.88;3.0;2.75;;;;;;;
SP1;15/03/2025;Valladolid;Celta;0;1;A;0;0;D;5;10;2;1;9;15;3;4;3;3;0;0;5.0;3.8;1.63;;;;;;;
SP1;15/03/2025;Mallorca;Espanol;2;1;H;0;0;D;20;2;7;0;10;12;6;2;0;2;0;0;1.77;3.3;5.0;;;;;;;
SP1;15/03/2025;Villarreal;Real Madrid;1;2;A;1;2;A;23;9;10;5;17;3;11;4;2;1;0;0;3.1;3.75;2.15;;;;;;;
SP1;15/03/2025;Girona;Valencia;1;1;D;0;0;D;14;12;4;2;12;5;9;4;2;1;0;0;1.92;3.5;3.9;;;;;;;
SP1;16/03/2025;Leganes;Betis;2;3;A;2;0;H;10;21;4;6;16;5;3;7;2;1;0;0;3.8;3.3;2.05;;;;;;;
SP1;16/03/2025;Sevilla;Ath Bilbao;0;1;A;0;0;D;11;9;4;4;13;12;4;6;4;2;0;0;2.9;3.2;2.5;;;;;;;
SP1;16/03/2025;Osasuna;Getafe;1;2;A;1;0;H;12;7;4;4;19;15;3;2;2;3;0;1;2.25;2.88;3.8;;;;;;;
SP1;16/03/2025;Vallecano;Sociedad;2;2;D;0;1;A;10;8;5;4;16;9;4;4;3;2;0;0;2.5;3.0;3.1;;;;;;;
SP1;16/03/2025;Ath Madrid;Barcelona;2;4;A;1;0;H;7;13;2;6;10;11;6;6;1;3;0;0;3.1;3.6;2.2;;;;;;;
SP1;27/03/2025;Barcelona;Osasuna;3;0;H;2;0;H;19;4;5;0;7;14;8;4;1;3;0;0;1.29;7.0;7.0;;;;;;;
SP1;29/03/2025;Sociedad;Valladolid;2;1;H;1;0;H;12;12;2;5;20;10;3;6;2;3;0;0;1.33;4.75;11.0;;;;;;;
SP1;29/03/2025;Espanol;Ath Madrid;1;1;D;0;1;A;8;13;1;2;12;14;4;3;2;1;0;0;5.5;3.75;1.62;;;;;;;
SP1;29/03/2025;Alaves;Vallecano;0;2;A;0;1;A;12;11;4;5;14;12;8;5;3;5;0;0;2.15;2.9;4.1;;;;;;;
SP1;29/03/2025;Real Madrid;Leganes;3;2;H;1;2;A;24;10;10;4;9;13;8;3;1;4;0;0;1.14;8.0;17.0;;;;;;;
SP1;30/03/2025;Getafe;Villarreal;1;2;A;1;2;A;11;9;4;3;16;21;3;1;1;4;0;0;3.25;3.1;2.35;;;;;;;
SP1;30/03/2025;Barcelona;Girona;4;1;H;1;0;H;21;4;9;2;8;11;10;2;0;1;0;0;1.25;6.5;10.0;;;;;;;
SP1;30/03/2025;Ath Bilbao;Osasuna;0;0;D;0;0;D;11;5;5;2;12;12;3;4;1;1;0;0;1.45;4.1;7.0;;;;;;;
SP1;30/03/2025;Valencia;Mallorca;1;0;H;0;0;D;8;8;2;2;16;15;4;5;5;5;0;0;2.15;3.1;3.75;;;;;;;
SP1;30/03/2025;Betis;Sevilla;2;1;H;2;1;H;11;6;3;2;10;22;2;2;4;4;0;0;1.83;3.5;4.33;;;;;;;
SP1;31/03/2025;Celta;Las Palmas;1;1;D;1;0;H;19;4;7;2;17;5;4;2;3;0;0;0;1.57;4.1;5.5;;;;;;;
SP1;04/04/2025;Vallecano;Espanol;0;4;A;0;2;A;16;15;5;7;8;10;8;4;2;2;0;0;1.65;3.5;6.0;;;;;;;
SP1;05/04/2025;Girona;Alaves;0;1;A;0;0;D;11;14;6;3;9;16;1;5;1;4;0;0;2.05;3.4;3.6;;;;;;;
SP1;05/04/2025;Real Madrid;Valencia;1;2;A;0;1;A;21;10;9;2;10;13;9;4;0;4;0;0;1.3;5.75;8.5;;;;;;;
SP1;05/04/2025;Mallorca;Celta;1;2;A;1;0;H;7;10;2;4;9;11;4;2;3;0;0;0;2.63;3.2;2.8;;;;;;;
SP1;05/04/2025;Barcelona;Betis;1;1;D;1;1;D;13;6;5;2;16;12;9;3;2;1;0;0;1.36;5.5;7.0;;;;;;;
SP1;06/04/2025;Las Palmas;Sociedad;1;3;A;0;1;A;13;13;5;8;7;10;5;4;0;2;0;0;3.2;3.2;2.35;;;;;;;
SP1;06/04/2025;Sevilla;Ath Madrid;1;2;A;1;1;D;11;13;6;5;14;12;7;7;1;4;0;0;3.5;3.2;2.2;;;;;;;
SP1;06/04/2025;Valladolid;Getafe;0;4;A;0;3;A;5;16;0;9;11;17;3;4;3;1;1;0;4.75;3.1;1.9;;;;;;;
SP1;06/04/2025;Villarreal;Ath Bilbao;0;0;D;0;0;D;12;11;4;2;9;13;6;5;0;1;1;0;2.2;3.3;3.25;;;;;;;
SP1;07/04/2025;Leganes;Osasuna;1;1;D;0;0;D;13;14;7;6;18;14;4;8;3;3;0;0;2.7;3.1;2.75;;;;;;;
SP1;11/04/2025;Valencia;Sevilla;1;0;H;1;0;H;8;12;6;5;10;18;3;3;3;2;0;0;2.3;3.1;3.4;;;;;;;
SP1;12/04/2025;Sociedad;Mallorca;0;2;A;0;1;A;15;7;4;3;11;12;8;2;3;1;0;0;1.75;3.4;5.5;;;;;;;
SP1;12/04/2025;Getafe;Las Palmas;1;3;A;1;0;H;11;10;6;5;14;15;3;2;0;2;1;0;1.75;3.3;5.5;;;;;;;
SP1;12/04/2025;Celta;Espanol;0;2;A;0;1;A;16;5;6;3;14;10;13;5;2;2;0;0;1.62;3.7;6.0;;;;;;;
SP1;12/04/2025;Leganes;Barcelona;0;1;A;0;0;D;6;12;1;3;10;4;4;8;2;1;0;0;8.5;6.0;1.3;;;;;;;
SP1;13/04/2025;Osasuna;Girona;2;1;H;1;0;H;13;18;6;8;17;15;4;4;2;0;0;0;2.45;3.2;3.1;;;;;;;
SP1;13/04/2025;Alaves;Real Madrid;0;1;A;0;1;A;13;11;6;4;21;12;4;4;4;4;1;1;5.25;4.1;1.62;;;;;;;
SP1;13/04/2025;Betis;Villarreal;1;2;A;1;1;D;24;8;5;2;4;13;5;5;0;4;0;0;2.35;3.3;3.1;;;;;;;
SP1;13/04/2025;Ath Bilbao;Vallecano;3;1;H;0;1;A;13;11;4;3;12;7;7;1;4;3;0;0;1.75;3.4;5.5;;;;;;;
SP1;14/04/2025;Ath Madrid;Valladolid;4;2;H;2;1;H;24;6;9;3;11;8;5;1;1;1;0;0;1.14;8.0;19.0;;;;;;;
SP1;18/04/2025;Espanol;Getafe;1;0;H;1;0;H;9;9;3;4;12;15;6;8;0;2;0;1;2.88;2.63;3.0;;;;;;;
SP1;19/04/2025;Vallecano;Valencia;1;1;D;1;0;H;11;10;4;3;18;13;5;2;3;1;0;0;2.25;3.0;3.4;;;;;;;
SP1;19/04/2025;Barcelona;Celta;4;3;H;1;1;D;18;11;6;8;10;13;4;1;2;2;0;0;1.3;5.75;8.0;;;;;;;
SP1;19/04/2025;Mallorca;Leganes;0;0;D;0;0;D;11;15;1;1;17;15;4;4;2;1;0;0;1.85;3.1;5.0;;;;;;;
SP1;19/04/2025;Las Palmas;Ath Madrid;1;0;H;0;0;D;8;7;2;2;13;13;4;4;3;1;0;0;5.75;4.2;1.55;;;;;;;
SP1;20/04/2025;Valladolid;Osasuna;2;3;A;0;2;A;12;11;5;6;12;17;5;2;2;0;0;0;4.5;3.4;1.83;;;;;;;
SP1;20/04/2025;Villarreal;Sociedad;2;2;D;1;1;D;20;4;5;4;12;12;10;4;5;1;0;0;1.7;3.7;5.0;;;;;;;
SP1;20/04/2025;Sevilla;Alaves;1;1;D;1;1;D;10;11;2;3;10;11;3;6;2;2;0;0;2.0;3.1;4.2;;;;;;;
SP1;20/04/2025;Real Madrid;Ath Bilbao;1;0;H;0;0;D;22;3;7;1;7;15;14;1;1;2;0;0;1.65;3.9;5.25;;;;;;;
SP1;21/04/2025;Girona;Betis;1;3;A;0;3;A;11;17;5;9;13;11;8;9;3;2;0;0;2.88;3.3;2.45;;;;;;;
SP1;22/04/2025;Valencia;Espanol;1;1;D;0;1;A;16;8;7;3;7;7;6;4;2;1;0;0;1.95;3.3;4.1;;;;;;;
SP1;22/04/2025;Barcelona;Mallorca;1;0;H;0;0;D;40;4;13;0;10;7;13;2;0;1;0;0;1.2;7.0;13.0;;;;;;;
SP1;23/04/2025;Ath Bilbao;Las Palmas;1;0;H;1;0;H;13;10;4;2;13;9;3;3;1;3;0;0;1.36;5.25;7.0;;;;;;;
SP1;23/04/2025;Celta;Villarreal;3;0;H;1;0;H;21;4;9;1;16;10;6;3;2;1;0;1;2.5;3.4;2.8;;;;;;;
SP1;23/04/2025;Alaves;Sociedad;1;0;H;0;0;D;10;6;1;0;17;17;6;6;4;5;0;0;2.35;3.0;3.4;;;;;;;
SP1;23/04/2025;Getafe;Real Madrid;0;1;A;0;1;A;20;14;6;7;15;7;4;4;3;1;0;0;4.75;3.6;1.75;;;;;;;
SP1;24/04/2025;Leganes;Girona;1;1;D;0;0;D;7;8;1;3;16;18;4;5;4;2;1;0;2.75;3.1;2.75;;;;;;;
SP1;24/04/2025;Osasuna;Sevilla;1;0;H;1;0;H;9;12;2;3;14;13;4;4;4;2;0;1;2.5;3.0;3.2;;;;;;;
SP1;24/04/2025;Ath Madrid;Vallecano;3;0;H;2;0;H;10;12;5;5;8;15;6;3;0;2;0;0;1.53;4.0;6.5;;;;;;;
SP1;24/04/2025;Betis;Valladolid;5;1;H;1;1;D;16;10;6;5;7;7;4;4;1;0;0;0;1.2;7.0;13.0;;;;;;;
SP1;27/04/2025;Villarreal;Espanol;1;0;H;0;0;D;14;12;5;1;19;11;8;6;4;0;0;0;1.44;5.0;6.25;;;;;;;
SP1;02/05/2025;Vallecano;Getafe;1;0;H;1;0;H;13;12;8;1;12;13;7;3;3;2;0;1;2.38;3.0;3.4;;;;;;;
SP1;03/05/2025;Alaves;Ath Madrid;0;0;D;0;0;D;8;9;2;2;18;13;3;5;3;2;0;0;3.7;3.1;2.15;;;;;;;
SP1;03/05/2025;Villarreal;Osasuna;4;2;H;3;0;H;15;11;5;4;10;18;2;8;4;1;0;0;1.53;4.2;6.0;;;;;;;
SP1;03/05/2025;Las Palmas;Valencia;2;3;A;1;1;D;15;10;3;5;12;6;9;5;1;1;0;0;2.63;3.3;2.7;;;;;;;
SP1;03/05/2025;Valladolid;Barcelona;1;2;A;1;0;H;5;24;4;7;12;15;4;8;3;2;0;0;15.0;8.0;1.14;;;;;;;
SP1;04/05/2025;Real Madrid;Celta;3;2;H;2;0;H;17;14;6;7;5;11;4;6;2;1;0;0;1.33;5.75;7.0;;;;;;;
SP1;04/05/2025;Sevilla;Leganes;2;2;D;1;1;D;25;9;7;3;17;12;8;2;4;5;0;0;1.77;3.5;4.75;;;;;;;
SP1;04/05/2025;Espanol;Betis;1;2;A;1;0;H;11;20;5;10;16;10;3;7;2;0;0;0;3.3;3.0;2.38;;;;;;;
SP1;04/05/2025;Sociedad;Ath Bilbao;0;0;D;0;0;D;12;3;3;1;18;13;7;3;1;2;0;0;2.55;3.0;3.0;;;;;;;
SP1;05/05/2025;Girona;Mallorca;1;0;H;1;0;H;13;9;6;1;11;14;5;2;0;2;0;0;2.0;3.1;4.2;;;;;;;
SP1;09/05/2025;Las Palmas;Vallecano;0;1;A;0;0;D;11;16;2;5;8;9;8;8;2;3;0;0;2.45;3.25;3.0;;;;;;;
SP1;10/05/2025;Valencia;Getafe;3;0;H;3;0;H;10;10;6;3;17;20;2;6;3;5;0;0;2.0;3.0;4.33;;;;;;;
SP1;10/05/2025;Celta;Sevilla;3;2;H;1;1;D;8;19;4;10;11;16;3;6;0;2;1;0;1.8;3.6;4.5;;;;;;;
SP1;10/05/2025;Girona;Villarreal;0;1;A;0;0;D;7;14;0;5;13;10;5;3;2;3;0;0;3.1;3.8;2.1;;;;;;;
SP1;10/05/2025;Mallorca;Valladolid;2;1;H;1;1;D;12;16;4;7;16;12;5;10;2;1;0;0;1.33;5.25;9.0;;;;;;;
SP1;10/05/2025;Ath Madrid;Sociedad;4;0;H;4;0;H;13;6;7;1;7;12;3;3;0;1;0;0;1.67;3.7;5.0;;;;;;;
SP1;11/05/2025;Leganes;Espanol;3;2;H;2;0;H;13;12;5;6;14;18;3;8;2;2;0;0;2.4;3.0;3.2;;;;;;;
SP1;11/05/2025;Barcelona;Real Madrid;4;3;H;4;2;H;23;9;9;5;17;15;10;2;4;3;0;0;1.9;3.7;3.2;;;;;;;
SP1;11/05/2025;Ath Bilbao;Alaves;1;0;H;0;0;D;11;4;3;1;17;12;9;2;1;1;0;0;1.8;2.9;4.5;;;;;;;
SP1;11/05/2025;Betis;Osasuna;1;1;D;0;0;D;10;16;5;5;8;12;6;7;3;2;0;0;1.62;3.75;5.75;;;;;;;
SP1;13/05/2025;Valladolid;Girona;0;1;A;0;0;D;11;13;4;5;5;19;6;4;0;0;0;0;4.75;3.9;1.73;;;;;;;
SP1;13/05/2025;Sociedad;Celta;0;1;A;0;1;A;15;6;5;2;18;11;14;1;3;1;0;0;2.3;3.3;3.1;;;;;;;
SP1;13/05/2025;Sevilla;Las Palmas;1;0;H;0;0;D;10;14;3;3;22;15;4;2;6;6;0;0;1.67;3.7;5.25;;;;;;;
SP1;14/05/2025;Alaves;Valencia;1;0;H;0;0;D;11;10;5;3;16;10;9;4;4;3;0;0;2.1;3.1;3.7;;;;;;;
SP1;14/05/2025;Villarreal;Leganes;3;0;H;3;0;H;17;23;7;6;5;11;3;6;1;1;0;0;1.33;5.75;8.0;;;;;;;
SP1;14/05/2025;Real Madrid;Mallorca;2;1;H;0;1;A;39;4;13;2;6;15;26;0;0;3;0;0;1.38;5.25;7.0;;;;;;;
SP1;15/05/2025;Vallecano;Betis;2;2;D;2;0;H;20;10;6;3;8;18;10;7;1;3;0;0;3.0;3.2;2.4;;;;;;;
SP1;15/05/2025;Osasuna;Ath Madrid;2;0;H;1;0;H;9;9;3;5;12;11;3;5;1;1;0;0;3.6;3.3;2.1;;;;;;;
SP1;15/05/2025;Espanol;Barcelona;0;2;A;0;0;D;9;12;1;4;8;10;3;3;2;2;1;0;9.0;5.75;1.3;;;;;;;
SP1;15/05/2025;Getafe;Ath Bilbao;0;2;A;0;0;D;11;9;1;2;10;7;2;5;1;0;0;0;3.2;2.75;2.63;;;;;;;
SP1;18/05/2025;Ath Madrid;Betis;4;1;H;2;0;H;20;12;11;7;12;9;7;4;1;1;0;0;1.91;3.6;3.8;;;;;;;
SP1;18/05/2025;Barcelona;Villarreal;2;3;A;2;1;H;24;7;9;3;14;9;11;3;2;0;0;0;1.83;4.1;3.75;;;;;;;
SP1;18/05/2025;Celta;Vallecano;1;2;A;1;2;A;24;7;7;2;10;17;9;2;2;3;0;0;1.75;3.9;4.33;;;;;;;
SP1;18/05/2025;Las Palmas;Leganes;0;1;A;0;1;A;12;11;3;4;15;12;9;2;2;2;0;0;2.9;3.5;2.35;;;;;;;
SP1;18/05/2025;Mallorca;Getafe;1;2;A;0;0;D;7;10;1;4;14;9;3;4;2;2;0;0;2.0;3.2;4.2;;;;;;;
SP1;18/05/2025;Osasuna;Espanol;2;0;H;1;0;H;16;16;3;6;11;5;8;6;1;1;0;0;1.8;3.3;4.75;;;;;;;
SP1;18/05/2025;Sevilla;Real Madrid;0;2;A;0;0;D;6;16;1;6;7;9;1;7;0;1;2;0;4.2;4.0;1.75;;;;;;;
SP1;18/05/2025;Sociedad;Girona;3;2;H;2;1;H;15;9;9;5;10;9;9;2;1;3;0;0;2.05;3.1;4.1;;;;;;;
SP1;18/05/2025;Valencia;Ath Bilbao;0;1;A;0;0;D;6;10;2;4;10;16;5;3;3;1;0;0;2.2;3.0;3.8;;;;;;;
SP1;18/05/2025;Valladolid;Alaves;0;1;A;0;1;A;7;14;1;4;12;24;5;9;0;2;0;0;6.0;3.75;1.6;;;;;;;
SP1;23/05/2025;Betis;Valencia;1;1;D;1;0;H;14;9;4;2;8;12;3;2;1;2;0;0;1.91;3.75;3.75;;;;;;;
SP1;24/05/2025;Real Madrid;Sociedad;2;0;H;1;0;H;16;9;8;1;5;7;11;4;0;0;0;0;1.42;5.0;6.5;;;;;;;
SP1;24/05/2025;Espanol;Las Palmas;2;0;H;0;0;D;8;10;3;4;12;11;3;6;3;2;0;0;1.38;4.75;8.0;;;;;;;
SP1;24/05/2025;Leganes;Valladolid;3;0;H;3;0;H;16;6;6;2;11;16;3;4;0;1;0;0;1.3;5.5;9.5;;;;;;;
SP1;24/05/2025;Alaves;Osasuna;1;1;D;0;0;D;14;19;5;5;15;6;5;9;2;2;0;0;3.2;3.2;2.35;;;;;;;
SP1;24/05/2025;Getafe;Celta;1;2;A;1;1;D;6;15;1;8;13;10;2;6;3;4;1;0;4.1;3.75;1.85;;;;;;;
SP1;24/05/2025;Vallecano;Mallorca;0;0;D;0;0;D;27;9;8;2;9;14;11;2;2;2;0;0;1.53;4.2;6.25;;;;;;;
SP1;25/05/2025;Girona;Ath Madrid;0;4;A;0;0;D;2;19;1;11;13;11;1;8;0;1;0;0;3.8;3.75;1.91;;;;;;;
SP1;25/05/2025;Villarreal;Sevilla;4;2;H;3;1;H;12;17;7;6;8;14;3;5;0;1;0;0;1.48;5.0;6.0;;;;;;;
SP1;25/05/2025;Ath Bilbao;Barcelona;0;3;A;0;2;A;10;13;1;4;21;10;2;6;1;0;0;0;3.2;3.75;2.1;;;;;;;
;15/08/2025;Girona;Vallecano;1;3;A;0;3;A;7;16;2;5;8;17;2;4;0;1;1;0;2.25;3.25;3.3;;;;;;;
;15/08/2025;Villarreal;Oviedo;2;0;H;2;0;H;25;5;10;4;10;8;10;1;1;2;0;1;1.4;4.75;8.0;;;;;;;
;16/08/2025;Mallorca;Barcelona;0;3;A;0;2;A;4;24;1;8;8;17;3;6;4;1;2;0;7.0;5.0;1.4;;;;;;;
;16/08/2025;Alaves;Levante;2;1;H;1;0;H;15;7;4;3;15;13;10;1;0;1;0;0;2.15;3.0;3.8;;;;;;;
;16/08/2025;Valencia;Sociedad;1;1;D;0;0;D;18;13;2;3;5;11;8;7;1;2;0;0;2.6;2.9;3.1;;;;;;;
;17/08/2025;Celta;Getafe;0;2;A;0;0;D;11;10;3;3;15;17;9;3;3;2;0;0;1.73;3.5;5.25;;;;;;;
;17/08/2025;Ath Bilbao;Sevilla;3;2;H;2;0;H;14;12;3;6;8;12;10;1;0;2;0;0;1.57;3.9;6.0;;;;;;;
;17/08/2025;Espanol;Ath Madrid;2;1;H;0;1;A;10;15;5;4;14;11;1;3;3;3;0;0;6.0;3.9;1.57;;;;;;;
;18/08/2025;Elche;Betis;1;1;D;0;1;A;6;12;2;4;14;13;1;3;0;1;0;0;3.4;3.3;2.2;;;;;;;
;19/08/2025;Real Madrid;Osasuna;1;0;H;0;0;D;18;2;5;0;10;12;7;0;1;0;0;1;1.22;6.25;13.0;;;;;;;
;22/08/2025;Betis;Alaves;1;0;H;1;0;H;16;11;5;5;10;17;5;2;2;3;0;0;1.91;3.4;4.2;;;;;;;
;23/08/2025;Mallorca;Celta;1;1;D;0;1;A;12;8;4;2;12;12;3;4;3;3;0;0;3.0;3.1;2.55;;;;;;;
;23/08/2025;Ath Madrid;Elche;1;1;D;1;1;D;13;6;6;2;14;7;10;2;0;3;0;0;1.25;5.25;15.0;;;;;;;
;23/08/2025;Levante;Barcelona;2;3;A;2;0;H;8;26;5;10;10;8;0;11;3;1;0;0;11.0;6.0;1.25;;;;;;;
;24/08/2025;Osasuna;Valencia;1;0;H;1;0;H;16;4;4;1;14;13;3;4;2;1;0;1;2.4;3.2;3.1;;;;;;;
;24/08/2025;Sociedad;Espanol;2;2;D;0;2;A;15;14;7;3;16;18;5;2;2;2;0;0;1.8;3.4;5.0;;;;;;;
;24/08/2025;Villarreal;Girona;5;0;H;4;0;H;19;5;7;2;8;9;8;1;1;2;0;0;1.53;4.33;6.0;;;;;;;
;24/08/2025;Oviedo;Real Madrid;0;3;A;0;1;A;6;26;3;10;8;7;1;9;2;1;0;0;9.5;5.5;1.3;;;;;;;
;25/08/2025;Ath Bilbao;Vallecano;1;0;H;0;0;D;11;6;4;1;13;13;3;6;0;4;0;0;1.7;3.5;5.5;;;;;;;
;25/08/2025;Sevilla;Getafe;1;2;A;1;1;D;12;9;3;6;10;24;5;3;2;2;0;0;2.25;3.0;3.6;;;;;;;
;27/08/2025;Celta;Betis;1;1;D;0;1;A;14;7;5;2;13;11;10;4;1;2;0;0;2.2;3.4;3.25;;;;;;;
;29/08/2025;Elche;Levante;2;0;H;0;0;D;16;11;5;1;14;17;4;2;1;2;0;0;2.15;3.25;3.5;;;;;;;
;29/08/2025;Valencia;Getafe;3;0;H;1;0;H;7;11;4;1;18;7;8;6;2;0;0;0;2.3;2.9;3.6;;;;;;;
;30/08/2025;Alaves;Ath Madrid;1;1;D;1;1;D;5;15;2;6;10;17;1;6;2;3;0;0;4.75;3.5;1.8;;;;;;;
;30/08/2025;Oviedo;Sociedad;1;0;H;1;0;H;8;18;1;6;7;18;1;10;2;1;0;0;3.5;3.1;2.25;;;;;;;
;30/08/2025;Girona;Sevilla;0;2;A;0;1;A;20;13;5;4;5;14;11;3;0;2;0;0;2.4;3.3;3.0;;;;;;;
;30/08/2025;Real Madrid;Mallorca;2;1;H;2;1;H;17;9;7;5;12;7;4;5;2;0;0;0;1.18;7.0;15.0;;;;;;;
;31/08/2025;Celta;Villarreal;1;1;D;0;0;D;10;8;2;3;11;8;1;5;1;1;0;0;2.75;3.5;2.5;;;;;;;
;31/08/2025;Betis;Ath Bilbao;1;2;A;0;0;D;9;15;2;6;9;16;4;10;1;4;0;1;3.0;3.1;2.55;;;;;;;
;31/08/2025;Espanol;Osasuna;1;0;H;0;0;D;10;10;4;3;13;14;2;3;2;3;0;0;2.38;3.2;3.1;;;;;;;
;31/08/2025;Vallecano;Barcelona;1;1;D;0;1;A;12;12;6;3;16;8;9;4;4;1;0;0;6.25;5.5;1.4;;;;;;;
;12/09/2025;Sevilla;Elche;2;2;D;1;0;H;7;5;3;2;23;19;2;2;4;3;0;0;1.85;3.4;4.5;;;;;;;
;13/09/2025;Getafe;Oviedo;2;0;H;2;0;H;10;5;3;1;12;18;4;3;2;5;0;1;1.95;3.1;4.5;;;;;;;
;13/09/2025;Sociedad;Real Madrid;1;2;A;0;2;A;23;16;4;6;17;7;12;4;2;1;0;1;5.0;4.33;1.6;;;;;;;
;13/09/2025;Ath Bilbao;Alaves;0;1;A;0;0;D;12;4;3;2;17;21;6;6;4;3;0;0;1.6;3.9;5.75;;;;;;;
;13/09/2025;Ath Madrid;Villarreal;2;0;H;1;0;H;8;8;3;1;12;15;8;3;2;4;0;0;1.8;3.7;4.33;;;;;;;
;14/09/2025;Celta;Girona;1;1;D;0;1;A;21;13;7;8;7;9;10;3;0;3;0;0;1.73;3.9;4.75;;;;;;;
;14/09/2025;Levante;Betis;2;2;D;2;1;H;5;28;2;9;16;11;4;12;3;2;0;0;3.25;3.25;2.3;;;;;;;
;14/09/2025;Osasuna;Vallecano;2;0;H;1;0;H;9;19;7;6;13;7;3;6;3;2;0;0;2.55;3.2;2.9;;;;;;;
;14/09/2025;Barcelona;Valencia;6;0;H;1;0;H;24;2;10;1;9;8;5;4;0;1;0;0;1.22;7.0;11.0;;;;;;;
;15/09/2025;Espanol;Mallorca;3;2;H;2;1;H;9;24;3;10;9;16;3;9;2;1;1;0;2.1;3.4;3.5;;;;;;;
;19/09/2025;Betis;Sociedad;3;1;H;1;1;D;21;11;6;5;7;20;3;5;3;7;0;0;1.91;3.6;3.75;;;;;;;
;20/09/2025;Girona;Levante;0;4;A;0;1;A;7;14;1;7;11;17;5;4;4;3;2;0;1.91;3.6;4.0;;;;;;;
;20/09/2025;Real Madrid;Espanol;2;0;H;1;0;H;16;8;5;1;10;20;5;3;2;0;0;0;1.2;7.0;13.0;;;;;;;
;20/09/2025;Alaves;Sevilla;1;2;A;1;1;D;8;9;5;3;20;19;4;4;1;7;0;0;2.25;3.1;3.5;;;;;;;
;20/09/2025;Villarreal;Osasuna;2;1;H;0;1;A;26;6;8;3;10;11;7;0;2;3;0;1;1.55;4.33;5.5;;;;;;;
;20/09/2025;Valencia;Ath Bilbao;2;0;H;0;0;D;13;11;5;5;13;6;5;6;1;1;0;1;3.0;3.0;2.55;;;;;;;
;21/09/2025;Vallecano;Celta;1;1;D;0;0;D;15;9;5;5;8;10;5;7;1;1;0;0;2.3;3.3;3.2;;;;;;;
;21/09/2025;Mallorca;Ath Madrid;1;1;D;0;0;D;8;12;3;7;14;6;3;6;0;0;0;1;5.0;3.6;1.75;;;;;;;
;21/09/2025;Elche;Oviedo;1;0;H;1;0;H;15;12;5;4;9;18;3;3;2;2;0;0;1.91;3.2;4.5;;;;;;;
;21/09/2025;Barcelona;Getafe;3;0;H;2;0;H;16;3;7;2;9;15;3;2;2;4;0;0;1.22;6.5;12.0;;;;;;;
;23/09/2025;Ath Bilbao;Girona;1;1;D;0;1;A;17;6;5;3;19;15;8;1;0;2;0;0;1.45;4.33;7.0;;;;;;;
;23/09/2025;Espanol;Valencia;2;2;D;0;1;A;21;5;10;2;9;9;8;3;1;4;0;0;2.25;3.1;3.4;;;;;;;
;23/09/2025;Levante;Real Madrid;1;4;A;0;2;A;11;24;2;10;17;9;1;7;1;1;0;0;7.5;5.75;1.33;;;;;;;
;23/09/2025;Sevilla;Villarreal;1;2;A;0;1;A;16;12;2;5;17;14;3;3;2;3;0;0;3.1;3.4;2.3;;;;;;;
;24/09/2025;Getafe;Alaves;1;1;D;0;0;D;7;10;1;4;14;20;2;7;2;3;0;0;2.3;2.9;3.6;;;;;;;
;24/09/2025;Ath Madrid;Vallecano;3;2;H;1;1;D;20;9;8;3;6;12;8;6;3;4;0;0;1.5;4.5;6.0;;;;;;;
;24/09/2025;Sociedad;Mallorca;1;0;H;0;0;D;17;7;4;3;13;15;11;2;2;2;0;0;1.8;3.4;4.75;;;;;;;
;25/09/2025;Osasuna;Elche;1;1;D;1;0;H;9;12;2;4;19;13;2;3;2;2;0;0;1.95;3.25;4.33;;;;;;;
;25/09/2025;Oviedo;Barcelona;1;3;A;1;0;H;7;22;3;10;10;6;6;9;1;0;0;0;10.0;5.75;1.25;;;;;;;
;26/09/2025;Girona;Espanol;0;0;D;0;0;D;12;20;3;5;9;11;8;4;0;1;0;0;2.45;3.3;2.88;;;;;;;
;27/09/2025;Getafe;Levante;1;1;D;0;1;A;11;11;4;3;15;16;6;2;4;3;0;0;2.05;3.1;4.1;;;;;;;
;27/09/2025;Ath Madrid;Real Madrid;5;2;H;2;2;D;13;6;7;2;17;14;7;2;5;4;0;0;3.0;3.6;2.3;;;;;;;
;27/09/2025;Mallorca;Alaves;1;0;H;1;0;H;12;12;3;3;14;18;4;8;2;3;0;0;2.35;3.0;3.4;;;;;;;
;27/09/2025;Villarreal;Ath Bilbao;1;0;H;0;0;D;14;16;5;4;13;11;6;5;2;0;0;0;2.1;3.25;3.7;;;;;;;
;28/09/2025;Vallecano;Sevilla;0;1;A;0;0;D;18;4;6;1;12;15;12;4;3;2;1;0;2.0;3.3;4.0;;;;;;;
;28/09/2025;Elche;Celta;2;1;H;1;1;D;17;8;8;2;12;20;7;2;3;3;0;0;2.88;3.1;2.6;;;;;;;
;28/09/2025;Barcelona;Sociedad;2;1;H;1;1;D;22;7;12;2;6;12;12;1;1;2;0;0;1.27;5.75;10.0;;;;;;;
;28/09/2025;Betis;Osasuna;2;0;H;2;0;H;12;12;6;1;6;7;5;5;0;1;0;0;1.75;3.8;4.5;;;;;;;
;30/09/2025;Valencia;Oviedo;1;2;A;1;0;H;16;10;5;4;14;12;5;4;1;4;0;1;1.7;3.5;5.5;;;;;;;
;03/10/2025;Osasuna;Getafe;2;1;H;1;1;D;7;6;3;2;11;14;1;6;1;4;0;0;2.15;2.9;4.1;;;;;;;
;04/10/2025;Oviedo;Levante;0;2;A;0;1;A;13;14;2;5;10;10;9;3;2;2;0;0;2.5;3.3;2.88;;;;;;;
;04/10/2025;Girona;Valencia;2;1;H;1;0;H;4;19;4;6;13;12;0;7;5;1;2;0;2.45;3.5;2.8;;;;;;;
;04/10/2025;Ath Bilbao;Mallorca;2;1;H;1;0;H;18;7;5;2;16;13;7;2;5;6;0;1;1.53;3.8;7.0;;;;;;;
;04/10/2025;Real Madrid;Villarreal;3;1;H;0;0;D;26;9;7;2;9;14;4;0;2;4;0;1;1.45;5.0;6.0;;;;;;;
;05/10/2025;Alaves;Elche;3;1;H;0;0;D;25;6;5;3;13;9;14;4;3;1;0;1;2.3;3.1;3.3;;;;;;;
;05/10/2025;Sevilla;Barcelona;4;1;H;2;1;H;13;17;5;8;18;9;7;6;7;5;0;0;5.75;5.25;1.45;;;;;;;
;05/10/2025;Espanol;Betis;1;2;A;1;0;H;14;12;5;3;16;4;10;5;2;6;0;0;2.63;3.4;2.63;;;;;;;
;05/10/2025;Sociedad;Vallecano;0;1;A;0;0;D;10;7;3;2;13;21;7;5;1;2;0;0;2.05;3.6;3.5;;;;;;;
;05/10/2025;Celta;Ath Madrid;1;1;D;0;1;A;18;6;4;1;7;10;6;3;1;3;0;1;4.5;3.8;1.75;;;;;;;
;17/10/2025;Oviedo;Espanol;0;2;A;0;0;D;13;19;4;10;9;8;3;5;2;1;0;0;3.0;3.1;2.5;;;;;;;
;18/10/2025;Sevilla;Mallorca;1;3;A;1;0;H;13;7;4;6;16;13;9;2;2;1;0;0;1.85;3.3;4.75;;;;;;;
;18/10/2025;Barcelona;Girona;2;1;H;1;1;D;27;11;9;4;10;7;11;5;1;2;0;0;1.2;7.0;12.0;;;;;;;
;18/10/2025;Villarreal;Betis;2;2;D;1;0;H;7;16;3;3;13;10;5;6;1;1;0;0;1.91;3.6;4.0;;;;;;;
;18/10/2025;Ath Madrid;Osasuna;1;0;H;0;0;D;18;9;9;2;10;11;4;2;1;3;0;0;1.38;4.75;8.5;;;;;;;
;19/10/2025;Elche;Ath Bilbao;0;0;D;0;0;D;15;4;5;1;14;20;6;2;2;3;0;0;3.75;3.25;2.1;;;;;;;
;19/10/2025;Celta;Sociedad;1;1;D;1;0;H;4;17;1;7;10;20;1;10;4;3;1;0;2.1;3.4;3.5;;;;;;;
;19/10/2025;Levante;Vallecano;0;3;A;0;2;A;17;10;4;5;6;18;11;4;0;1;0;0;2.88;3.25;2.5;;;;;;;
;19/10/2025;Getafe;Real Madrid;0;1;A;0;0;D;7;23;1;10;27;11;1;4;4;1;2;0;8.0;4.33;1.42;;;;;;;
;20/10/2025;Alaves;Valencia;0;0;D;0;0;D;13;5;3;2;13;20;7;0;1;2;0;0;2.25;3.0;3.6;;;;;;;
;24/10/2025;Sociedad;Sevilla;2;1;H;2;1;H;5;6;3;1;19;14;1;9;1;3;0;0;1.95;3.5;3.8;;;;;;;
;25/10/2025;Girona;Oviedo;3;3;D;0;1;A;8;10;6;5;13;16;11;4;4;3;0;0;1.8;3.5;4.75;;;;;;;
;25/10/2025;Espanol;Elche;1;0;H;0;0;D;16;13;7;4;14;15;4;2;4;2;0;0;1.95;3.25;4.1;;;;;;;
;25/10/2025;Ath Bilbao;Getafe;0;1;A;0;0;D;7;8;4;3;15;14;1;5;1;3;0;0;1.67;3.5;6.0;;;;;;;
;25/10/2025;Valencia;Villarreal;0;2;A;0;1;A;15;12;3;5;13;14;7;5;2;4;0;0;3.1;3.6;2.2;;;;;;;
;26/10/2025;Mallorca;Levante;1;1;D;0;1;A;20;13;4;5;8;13;5;4;3;2;0;0;2.1;3.3;3.6;;;;;;;
;26/10/2025;Real Madrid;Barcelona;2;1;H;2;1;H;23;15;10;6;12;9;12;4;5;5;1;1;1.95;4.1;3.3;;;;;;;
;26/10/2025;Osasuna;Celta;2;3;A;2;1;H;17;11;7;5;10;13;6;2;3;4;0;0;2.35;3.2;3.2;;;;;;;
;26/10/2025;Vallecano;Alaves;1;0;H;0;0;D;15;12;5;2;13;11;7;5;1;3;0;0;2.1;3.1;3.9;;;;;;;
;27/10/2025;Betis;Ath Madrid;0;2;A;0;2;A;17;9;5;4;9;18;2;5;2;1;0;0;3.1;3.6;2.2;;;;;;;
;31/10/2025;Getafe;Girona;2;1;H;0;0;D;12;8;4;4;17;15;8;3;1;1;0;0;2.15;3.0;3.8;;;;;;;
;01/11/2025;Villarreal;Vallecano;4;0;H;1;0;H;16;13;7;3;7;11;3;5;1;1;0;0;1.7;3.8;5.0;;;;;;;
;01/11/2025;Ath Madrid;Sevilla;3;0;H;0;0;D;15;10;6;2;9;12;9;4;0;3;0;0;1.33;5.0;9.0;;;;;;;
;01/11/2025;Sociedad;Ath Bilbao;3;2;H;1;1;D;9;11;5;4;20;8;6;2;2;3;0;0;2.7;3.0;2.8;;;;;;;
;01/11/2025;Real Madrid;Valencia;4;0;H;3;0;H;21;4;11;1;14;7;7;1;1;1;0;0;1.17;8.0;15.0;;;;;;;
;02/11/2025;Levante;Celta;1;2;A;0;1;A;9;20;3;6;10;12;4;4;2;3;1;0;2.88;3.4;2.45;;;;;;;
;02/11/2025;Alaves;Espanol;2;1;H;2;0;H;13;18;4;2;14;12;1;6;4;2;1;0;2.38;3.0;3.3;;;;;;;
;02/11/2025;Barcelona;Elche;3;1;H;2;1;H;17;9;5;3;12;16;6;3;0;1;0;0;1.22;6.25;12.0;;;;;;;
;02/11/2025;Betis;Mallorca;3;0;H;3;0;H;15;14;8;1;9;8;4;5;0;3;0;0;1.57;4.2;5.25;;;;;;;
;03/11/2025;Oviedo;Osasuna;0;0;D;0;0;D;8;11;2;5;17;17;4;2;3;1;0;0;3.0;3.1;2.5;;;;;;;
;07/11/2025;Elche;Sociedad;1;1;D;0;0;D;12;13;3;5;14;15;1;3;1;3;0;0;2.7;3.2;2.7;;;;;;;
;08/11/2025;Girona;Alaves;1;0;H;1;0;H;10;14;2;5;9;15;6;1;0;3;0;0;2.4;3.25;3.0;;;;;;;
;08/11/2025;Sevilla;Osasuna;1;0;H;0;0;D;10;9;4;3;21;13;5;6;5;3;0;0;2.15;3.3;3.5;;;;;;;
;08/11/2025;Ath Madrid;Levante;3;1;H;1;1;D;25;6;10;3;5;6;21;4;3;1;0;0;1.22;6.5;12.0;;;;;;;
;08/11/2025;Espanol;Villarreal;0;2;A;0;1;A;14;9;3;3;9;9;4;2;0;2;0;0;2.8;3.5;2.38;;;;;;;
;09/11/2025;Ath Bilbao;Oviedo;1;0;H;1;0;H;21;5;7;2;12;8;7;4;1;1;0;0;1.5;3.8;8.0;;;;;;;
;09/11/2025;Vallecano;Real Madrid;0;0;D;0;0;D;13;21;2;5;17;7;5;8;3;2;0;0;5.25;5.0;1.5;;;;;;;
;09/11/2025;Mallorca;Getafe;1;0;H;1;0;H;6;14;4;3;15;8;1;14;0;2;0;0;2.5;2.9;3.2;;;;;;;
;09/11/2025;Valencia;Betis;1;1;D;0;0;D;17;9;4;2;13;10;7;2;3;3;0;0;3.3;3.4;2.2;;;;;;;
;09/11/2025;Celta;Barcelona;2;4;A;2;3;A;5;21;3;9;13;10;2;5;1;5;0;1;4.5;4.2;1.65;;;;;;;
;21/11/2025;Valencia;Levante;1;0;H;0;0;D;14;8;3;1;16;15;7;0;4;3;0;0;2.0;3.5;3.7;;;;;;;
;22/11/2025;Alaves;Celta;0;1;A;0;0;D;5;7;2;4;21;15;4;2;2;2;0;0;2.6;3.0;2.9;;;;;;;
;22/11/2025;Barcelona;Ath Bilbao;4;0;H;2;0;H;19;13;7;2;9;9;5;7;0;2;0;1;1.36;5.5;7.0;;;;;;;
;22/11/2025;Osasuna;Sociedad;1;3;A;1;0;H;14;19;4;9;13;7;3;3;3;2;1;0;2.8;3.1;2.7;;;;;;;
;22/11/2025;Villarreal;Mallorca;2;1;H;1;1;D;14;9;7;3;17;8;3;1;2;2;0;0;1.44;4.75;7.0;;;;;;;
;23/11/2025;Oviedo;Vallecano;0;0;D;0;0;D;8;11;3;3;11;13;5;6;1;2;1;1;3.5;3.2;2.2;;;;;;;
;23/11/2025;Betis;Girona;1;1;D;0;1;A;23;11;7;4;10;16;8;0;3;4;1;0;1.53;4.33;5.75;;;;;;;
;23/11/2025;Getafe;Ath Madrid;0;1;A;0;0;D;9;13;1;6;9;17;6;7;2;3;0;0;5.25;3.5;1.73;;;;;;;
;23/11/2025;Elche;Real Madrid;2;2;D;0;0;D;15;20;6;7;10;8;2;8;4;0;1;0;7.0;5.25;1.38;;;;;;;
;24/11/2025;Espanol;Sevilla;2;1;H;0;0;D;8;22;5;6;18;7;4;13;4;1;0;0;2.05;3.3;3.8;;;;;;;
;28/11/2025;Getafe;Elche;1;0;H;0;0;D;15;9;6;4;18;11;3;5;2;2;0;0;2.25;2.88;3.8;;;;;;;
;29/11/2025;Mallorca;Osasuna;2;2;D;0;0;D;7;14;4;2;10;15;2;8;3;4;0;0;2.35;3.0;3.4;;;;;;;
;29/11/2025;Barcelona;Alaves;3;1;H;2;1;H;18;9;6;2;10;17;5;4;2;3;0;0;1.2;7.0;13.0;;;;;;;
;29/11/2025;Levante;Ath Bilbao;0;2;A;0;2;A;11;14;4;4;11;19;4;2;3;2;0;0;3.5;3.3;2.15;;;;;;;
;29/11/2025;Ath Madrid;Oviedo;2;0;H;2;0;H;14;12;8;1;5;8;7;2;0;1;0;0;1.2;6.25;17.0;;;;;;;
;30/11/2025;Sociedad;Villarreal;2;3;A;0;1;A;18;10;7;5;15;18;8;2;3;7;0;0;2.8;3.4;2.45;;;;;;;
;30/11/2025;Sevilla;Betis;0;2;A;0;0;D;9;9;3;4;14;22;6;4;2;3;1;0;3.0;3.3;2.38;;;;;;;
;30/11/2025;Celta;Espanol;0;1;A;0;0;D;11;9;4;2;12;15;4;3;1;2;0;0;2.05;3.5;3.5;;;;;;;
;30/11/2025;Girona;Real Madrid;1;1;D;1;0;H;10;25;4;4;9;13;2;5;3;0;0;0;6.5;5.25;1.4;;;;;;;
;01/12/2025;Vallecano;Valencia;1;1;D;1;0;H;19;10;7;2;11;9;10;5;1;1;0;0;1.95;3.4;4.1;;;;;;;
;02/12/2025;Barcelona;Ath Madrid;3;1;H;1;1;D;19;7;6;2;12;9;5;4;1;1;0;0;1.73;4.2;4.1;;;;;;;
;03/12/2025;Ath Bilbao;Real Madrid;0;3;A;0;2;A;9;13;4;8;15;4;5;7;2;0;0;0;4.1;3.9;1.8;;;;;;;
;05/12/2025;Oviedo;Mallorca;0;0;D;0;0;D;15;13;3;6;14;12;8;5;2;1;2;0;2.55;3.0;3.0;;;;;;;
;06/12/2025;Villarreal;Getafe;2;0;H;1;0;H;10;6;5;0;19;15;5;3;2;4;0;1;1.62;3.8;5.75;;;;;;;
;06/12/2025;Alaves;Sociedad;1;0;H;1;0;H;14;10;3;1;20;16;5;8;2;2;0;0;2.8;2.9;2.8;;;;;;;
;06/12/2025;Betis;Barcelona;3;5;A;1;4;A;17;16;5;8;14;9;7;7;5;2;0;0;4.0;4.5;1.73;;;;;;;
;06/12/2025;Ath Bilbao;Ath Madrid;1;0;H;0;0;D;14;7;3;3;9;12;5;6;3;2;0;0;3.25;3.25;2.25;;;;;;;
;07/12/2025;Elche;Girona;3;0;H;1;0;H;11;8;6;4;18;13;2;2;0;3;0;0;2.15;3.3;3.5;;;;;;;
;07/12/2025;Valencia;Sevilla;1;1;D;0;0;D;11;4;3;1;12;18;2;2;3;6;0;0;2.15;3.4;3.4;;;;;;;
;07/12/2025;Espanol;Vallecano;1;0;H;1;0;H;9;6;2;2;19;22;6;2;4;8;1;1;2.25;3.4;3.2;;;;;;;
;07/12/2025;Real Madrid;Celta;0;2;A;0;0;D;23;7;7;5;6;12;8;1;6;1;3;0;1.3;5.5;9.5;;;;;;;
;08/12/2025;Osasuna;Levante;2;0;H;2;0;H;14;11;6;5;15;7;3;3;2;2;0;0;1.73;3.8;4.5;;;;;;;
;12/12/2025;Sociedad;Girona;1;2;A;1;0;H;9;14;4;3;20;5;4;3;1;2;0;0;1.75;3.9;4.5;;;;;;;
;13/12/2025;Ath Madrid;Valencia;2;1;H;1;0;H;10;13;6;2;13;11;5;7;3;1;0;0;1.3;5.0;11.0;;;;;;;
;13/12/2025;Mallorca;Elche;3;1;H;1;1;D;15;9;8;0;13;13;1;1;3;0;0;0;2.45;3.1;3.1;;;;;;;
;13/12/2025;Barcelona;Osasuna;2;0;H;0;0;D;24;3;7;2;5;8;14;1;0;3;0;0;1.2;7.0;12.0;;;;;;;
;13/12/2025;Getafe;Espanol;0;1;A;0;0;D;11;6;1;4;18;17;6;4;5;1;0;0;2.5;2.8;3.25;;;;;;;
;14/12/2025;Sevilla;Oviedo;4;0;H;2;0;H;13;5;7;1;11;12;5;3;1;2;0;1;1.91;3.4;4.2;;;;;;;
;14/12/2025;Celta;Ath Bilbao;2;0;H;0;0;D;5;14;2;2;11;13;1;4;3;2;0;0;2.63;3.25;2.75;;;;;;;
;14/12/2025;Alaves;Real Madrid;1;2;A;0;1;A;6;13;2;6;12;13;5;7;3;1;0;0;5.5;4.0;1.6;;;;;;;
;15/12/2025;Vallecano;Betis;0;0;D;0;0;D;23;13;7;6;10;7;8;3;4;1;0;0;2.55;3.4;2.75;;;;;;;
;19/12/2025;Valencia;Mallorca;1;1;D;0;1;A;17;4;2;2;10;12;12;3;2;3;0;0;1.9;3.0;4.0;;;;;;;
;20/12/2025;Oviedo;Celta;0;0;D;0;0;D;10;6;3;2;14;7;4;3;2;1;0;0;3.6;3.4;2.05;;;;;;;
;20/12/2025;Levante;Sociedad;1;1;D;0;1;A;13;18;3;6;16;13;7;10;6;2;0;0;3.4;3.4;2.15;;;;;;;
;20/12/2025;Osasuna;Alaves;3;0;H;0;0;D;16;7;7;3;16;11;9;0;2;2;0;0;2.2;3.0;3.7;;;;;;;
;20/12/2025;Real Madrid;Sevilla;2;0;H;1;0;H;18;14;8;5;13;19;6;5;2;5;0;1;1.2;7.0;12.0;;;;;;;
;21/12/2025;Girona;Ath Madrid;0;3;A;0;2;A;9;14;2;6;7;14;3;4;2;0;0;0;5.0;4.0;1.67;;;;;;;
;21/12/2025;Villarreal;Barcelona;0;2;A;0;1;A;14;19;5;5;10;8;5;10;1;1;1;0;3.4;4.75;1.83;;;;;;;
;21/12/2025;Elche;Vallecano;4;0;H;1;0;H;18;18;6;8;15;11;4;5;2;3;0;0;2.4;3.1;3.2;;;;;;;
;21/12/2025;Betis;Getafe;4;0;H;1;0;H;19;15;8;3;13;12;7;5;0;1;0;0;1.7;3.5;5.5;;;;;;;
;22/12/2025;Ath Bilbao;Espanol;1;2;A;1;1;D;17;10;7;5;10;9;8;4;5;2;0;0;1.75;3.6;5.0;;;;;;;
;02/01/2026;Vallecano;Getafe;1;1;D;1;0;H;13;12;4;4;13;10;3;2;3;4;0;0;2.05;2.9;4.5;;;;;;;
;03/01/2026;Celta;Valencia;4;1;H;1;0;H;12;16;6;5;10;9;2;4;1;3;0;0;2.0;3.3;4.0;;;;;;;
;03/01/2026;Osasuna;Ath Bilbao;1;1;D;1;0;H;11;16;4;6;12;19;1;9;3;3;0;0;3.0;2.9;2.63;;;;;;;
;03/01/2026;Elche;Villarreal;1;3;A;1;2;A;15;12;2;4;8;11;6;2;3;3;0;0;3.2;3.5;2.2;;;;;;;
;03/01/2026;Espanol;Barcelona;0;2;A;0;0;D;14;15;7;6;10;14;5;7;1;0;0;0;5.25;4.75;1.5;;;;;;;
;04/01/2026;Sevilla;Levante;0;3;A;0;1;A;15;6;7;4;16;10;5;1;3;4;0;0;1.75;3.6;4.75;;;;;;;
;04/01/2026;Real Madrid;Betis;5;1;H;1;0;H;19;13;9;5;10;12;5;8;1;1;0;0;1.45;4.75;6.25;;;;;;;
;04/01/2026;Alaves;Oviedo;1;1;D;0;0;D;18;18;7;6;11;20;6;7;3;3;1;1;1.9;3.0;5.25;;;;;;;
;04/01/2026;Mallorca;Girona;1;2;A;0;1;A;9;9;2;4;10;14;3;6;2;1;0;0;2.25;3.2;3.4;;;;;;;
;04/01/2026;Sociedad;Ath Madrid;1;1;D;0;0;D;18;10;8;2;11;13;6;6;3;2;0;0;3.9;3.6;1.91;;;;;;;
;09/01/2026;Getafe;Sociedad;1;2;A;0;1;A;6;12;3;5;17;17;2;4;2;1;0;0;3.3;2.9;2.45;;;;;;;
;10/01/2026;Oviedo;Betis;1;1;D;0;0;D;13;15;3;6;15;8;5;2;3;1;0;0;4.2;3.5;1.91;;;;;;;
;10/01/2026;Villarreal;Alaves;3;1;H;0;0;D;11;16;4;5;10;14;1;6;0;2;0;0;1.45;4.33;7.0;;;;;;;
;10/01/2026;Girona;Osasuna;1;0;H;1;0;H;8;13;4;1;14;13;2;1;2;6;1;0;2.35;3.25;3.1;;;;;;;
;10/01/2026;Valencia;Elche;1;1;D;0;0;D;16;5;4;1;14;14;8;6;2;3;0;0;2.2;3.2;3.5;;;;;;;
;11/01/2026;Vallecano;Mallorca;2;1;H;2;1;H;14;9;5;2;14;14;6;5;1;5;1;0;1.91;3.3;4.33;;;;;;;
;11/01/2026;Levante;Espanol;1;1;D;0;0;D;8;19;2;3;10;9;4;3;0;1;0;0;3.1;3.3;2.35;;;;;;;
;12/01/2026;Sevilla;Celta;0;1;A;0;0;D;7;9;2;7;16;16;6;1;3;3;0;0;2.6;3.3;2.75;;;;;;;
;16/01/2026;Espanol;Girona;0;2;A;0;1;A;14;7;2;4;17;17;5;4;5;5;0;0;1.85;3.4;4.5;;;;;;;
;17/01/2026;Real Madrid;Levante;2;0;H;0;0;D;26;10;11;0;12;14;8;0;2;1;0;0;1.17;8.0;15.0;;;;;;;
;17/01/2026;Mallorca;Ath Bilbao;3;2;H;2;2;D;18;21;9;11;10;10;3;7;1;5;0;2;3.8;2.9;2.25;;;;;;;
;17/01/2026;Osasuna;Oviedo;3;2;H;1;1;D;16;13;5;5;14;15;3;6;1;4;1;0;1.75;3.4;5.25;;;;;;;
;17/01/2026;Betis;Villarreal;2;0;H;0;0;D;15;9;6;3;14;13;2;3;3;2;0;1;2.6;3.5;2.63;;;;;;;
;18/01/2026;Getafe;Valencia;0;1;A;0;0;D;14;7;3;1;8;18;9;3;2;3;0;1;2.55;2.75;3.4;;;;;;;
;18/01/2026;Ath Madrid;Alaves;1;0;H;0;0;D;23;8;6;0;13;5;6;6;1;1;0;0;1.3;5.25;10.0;;;;;;;
;18/01/2026;Celta;Vallecano;3;0;H;1;0;H;11;14;7;3;7;14;5;7;4;3;0;1;2.05;3.2;4.0;;;;;;;
;18/01/2026;Sociedad;Barcelona;2;1;H;1;0;H;8;25;6;9;13;8;6;8;3;3;1;0;5.0;4.5;1.55;;;;;;;
;19/01/2026;Elche;Sevilla;2;2;D;1;0;H;10;25;5;8;11;12;9;7;3;1;0;0;2.25;3.3;3.25;;;;;;;
;23/01/2026;Levante;Elche;3;2;H;0;1;A;26;6;6;3;13;13;9;1;2;3;0;0;2.2;3.3;3.2;;;;;;;
;24/01/2026;Vallecano;Osasuna;1;3;A;0;1;A;11;14;4;5;12;15;4;3;2;2;0;0;2.15;3.25;3.6;;;;;;;
;24/01/2026;Valencia;Espanol;3;2;H;1;0;H;10;16;5;6;13;10;2;7;1;5;0;0;2.45;3.1;3.1;;;;;;;
;24/01/2026;Sevilla;Ath Bilbao;2;1;H;1;1;D;10;15;7;3;16;12;5;5;2;1;0;0;2.88;3.0;2.63;;;;;;;
;24/01/2026;Villarreal;Real Madrid;0;2;A;0;0;D;8;14;1;4;19;10;6;6;3;1;0;0;3.4;3.9;2.0;;;;;;;
;25/01/2026;Ath Madrid;Mallorca;3;0;H;1;0;H;17;6;8;1;10;7;10;3;2;1;0;0;1.3;5.25;10.0;;;;;;;
;25/01/2026;Barcelona;Oviedo;3;0;H;0;0;D;15;12;7;3;8;21;10;1;1;2;0;0;1.11;10.0;19.0;;;;;;;
;25/01/2026;Sociedad;Celta;3;1;H;1;0;H;10;17;4;4;7;13;2;9;1;1;1;0;2.0;3.4;3.9;;;;;;;
;25/01/2026;Alaves;Betis;2;1;H;1;0;H;17;18;9;4;17;11;6;4;1;1;0;0;2.75;3.0;2.7;;;;;;;
;26/01/2026;Girona;Getafe;1;1;D;0;0;D;12;8;4;2;13;15;3;4;5;3;0;0;2.1;3.0;4.1;;;;;;;
;30/01/2026;Espanol;Alaves;1;2;A;1;1;D;10;11;3;7;15;15;4;2;0;1;0;0;1.95;3.0;4.5;;;;;;;
;31/01/2026;Oviedo;Girona;1;0;H;0;0;D;8;9;4;1;12;16;4;4;1;1;0;0;2.75;3.0;2.75;;;;;;;
;31/01/2026;Osasuna;Villarreal;2;2;D;2;1;H;15;5;5;4;15;7;6;2;2;2;0;0;2.75;3.3;2.55;;;;;;;
;31/01/2026;Levante;Ath Madrid;0;0;D;0;0;D;10;10;2;4;11;12;4;7;2;1;0;0;5.25;4.0;1.62;;;;;;;
;31/01/2026;Elche;Barcelona;1;3;A;1;2;A;9;30;3;8;15;9;2;8;2;1;0;0;7.5;5.75;1.33;;;;;;;
;01/02/2026;Real Madrid;Vallecano;2;1;H;1;0;H;16;11;6;4;6;18;9;4;2;8;0;2;1.25;6.0;12.0;;;;;;;
;01/02/2026;Betis;Valencia;2;1;H;1;1;D;14;15;2;4;15;13;3;5;0;4;0;0;1.83;3.5;4.5;;;;;;;
;01/02/2026;Getafe;Celta;0;0;D;0;0;D;9;5;2;1;16;14;5;3;1;2;0;0;2.8;2.9;2.8;;;;;;;
;01/02/2026;Ath Bilbao;Sociedad;1;1;D;0;1;A;19;9;4;6;14;14;6;3;4;2;0;1;2.3;3.1;3.4;;;;;;;
;02/02/2026;Mallorca;Sevilla;4;1;H;1;1;D;11;15;7;5;16;8;4;8;1;1;0;0;2.4;3.2;3.1;;;;;;;
;06/02/2026;Celta;Osasuna;1;2;A;0;1;A;18;8;4;2;9;14;7;3;2;2;0;0;1.95;3.3;4.1;;;;;;;
;07/02/2026;Barcelona;Mallorca;3;0;H;1;0;H;24;9;7;4;7;9;12;3;0;0;0;0;1.14;9.0;15.0;;;;;;;
;07/02/2026;Sociedad;Elche;3;1;H;2;1;H;11;11;3;5;14;8;2;4;0;4;0;0;1.67;4.0;5.0;;;;;;;
;08/02/2026;Alaves;Getafe;0;2;A;0;0;D;13;17;5;5;20;20;6;3;2;5;0;0;2.3;2.8;3.9;;;;;;;
;08/02/2026;Ath Bilbao;Levante;4;2;H;2;0;H;22;6;7;3;17;10;4;3;2;1;0;1;1.62;3.9;6.0;;;;;;;
;08/02/2026;Sevilla;Girona;1;1;D;0;1;A;11;15;3;6;16;13;5;7;3;3;0;0;2.15;3.3;3.5;;;;;;;
;08/02/2026;Ath Madrid;Betis;0;1;A;0;1;A;10;8;5;4;12;3;7;3;3;1;0;0;1.48;4.75;6.25;;;;;;;
;08/02/2026;Valencia;Real Madrid;0;2;A;0;0;D;7;11;0;6;10;13;5;8;1;1;0;0;5.25;4.75;1.55;;;;;;;
;09/02/2026;Villarreal;Espanol;4;1;H;2;0;H;10;9;3;2;18;11;5;8;3;3;0;0;1.7;4.33;4.33;;;;;;;
;13/02/2026;Elche;Osasuna;0;0;D;0;0;D;17;6;5;2;13;18;10;3;2;4;0;0;2.7;3.3;2.55;;;;;;;
;14/02/2026;Espanol;Celta;2;2;D;0;1;A;9;14;3;5;9;11;2;2;1;0;0;0;2.35;3.2;3.0;;;;;;;
;14/02/2026;Getafe;Villarreal;2;1;H;1;0;H;5;8;2;2;21;17;3;4;2;3;0;0;3.25;3.1;2.25;;;;;;;
;14/02/2026;Sevilla;Alaves;1;1;D;1;0;H;4;12;2;1;16;13;0;3;5;0;2;0;2.1;3.1;3.6;;;;;;;
;14/02/2026;Real Madrid;Sociedad;4;1;H;3;1;H;11;13;5;3;10;9;4;6;1;1;0;0;1.33;5.25;8.0;;;;;;;
;15/02/2026;Oviedo;Ath Bilbao;1;2;A;1;0;H;7;13;1;4;8;20;2;3;2;3;0;0;3.6;3.1;2.15;;;;;;;
;15/02/2026;Vallecano;Ath Madrid;3;0;H;2;0;H;13;9;9;3;10;13;4;8;1;3;0;0;4.2;3.3;1.83;;;;;;;
;15/02/2026;Levante;Valencia;0;2;A;0;0;D;9;5;1;2;11;10;3;2;3;2;1;0;2.63;3.25;2.6;;;;;;;
;15/02/2026;Mallorca;Betis;1;2;A;0;2;A;14;17;3;8;16;10;7;3;4;3;0;0;2.88;3.2;2.45;;;;;;;
;16/02/2026;Girona;Barcelona;2;1;H;0;0;D;13;27;9;4;10;6;3;7;1;2;1;0;7.0;5.0;1.36;;;;;;;
;18/02/2026;Levante;Villarreal;0;1;A;0;0;D;16;15;4;6;13;20;3;2;3;4;0;0;4.0;4.0;1.8;;;;;;;
;20/02/2026;Ath Bilbao;Elche;2;1;H;0;0;D;18;2;8;2;18;9;4;1;3;3;0;0;1.67;3.8;5.25;;;;;;;
;21/02/2026;Sociedad;Oviedo;3;3;D;0;0;D;15;14;8;6;13;16;7;6;2;1;0;0;1.48;3.9;7.5;;;;;;;
;21/02/2026;Betis;Vallecano;1;1;D;1;1;D;14;12;3;3;14;13;3;5;4;3;0;0;1.9;3.4;4.33;;;;;;;
;21/02/2026;Osasuna;Real Madrid;2;1;H;1;0;H;13;15;2;5;19;10;3;7;2;4;0;0;4.75;4.0;1.7;;;;;;;
;21/02/2026;Ath Madrid;Espanol;4;2;H;1;1;D;18;8;9;2;8;10;5;3;0;1;0;0;1.5;4.1;7.0;;;;;;;
;22/02/2026;Getafe;Sevilla;0;1;A;0;0;D;6;6;3;1;5;18;2;2;1;1;1;0;2.35;2.9;3.5;;;;;;;
;22/02/2026;Barcelona;Levante;3;0;H;2;0;H;22;5;9;2;12;10;13;6;2;1;0;0;1.11;11.0;15.0;;;;;;;
;22/02/2026;Celta;Mallorca;2;0;H;0;0;D;20;1;7;0;11;10;7;2;1;5;0;0;1.83;3.5;4.5;;;;;;;
;22/02/2026;Villarreal;Valencia;2;1;H;2;1;H;12;8;5;3;7;16;5;4;2;4;0;0;1.7;4.0;4.5;;;;;;;
;23/02/2026;Alaves;Girona;2;2;D;1;1;D;17;10;6;5;18;6;7;6;2;2;0;0;2.3;3.0;3.5;;;;;;;
;27/02/2026;Levante;Alaves;2;0;H;0;0;D;22;17;5;7;14;16;10;6;1;6;0;1;2.63;3.1;2.8;;;;;;;
;28/02/2026;Vallecano;Ath Bilbao;1;1;D;1;0;H;15;8;7;2;8;17;5;4;2;3;0;0;2.4;3.1;3.2;;;;;;;
;28/02/2026;Barcelona;Villarreal;4;1;H;2;0;H;19;6;8;1;11;9;3;2;2;1;0;0;1.3;6.5;7.0;;;;;;;
;28/02/2026;Mallorca;Sociedad;0;1;A;0;1;A;6;12;1;2;6;22;3;7;0;2;0;0;3.0;3.3;2.4;;;;;;;
;28/02/2026;Oviedo;Ath Madrid;0;1;A;0;0;D;16;12;6;1;12;6;8;3;2;2;0;0;5.75;3.6;1.67;;;;;;;
;01/03/2026;Elche;Espanol;2;2;D;1;1;D;17;9;9;4;14;23;3;1;1;6;0;1;2.38;3.3;3.0;;;;;;;
;01/03/2026;Valencia;Osasuna;1;0;H;0;0;D;14;8;1;0;14;13;5;4;3;3;0;0;2.35;3.2;3.25;;;;;;;
;01/03/2026;Betis;Sevilla;2;2;D;2;0;H;9;14;2;6;12;15;4;3;3;3;0;0;1.75;3.8;4.5;;;;;;;
;01/03/2026;Girona;Celta;1;2;A;1;0;H;15;7;7;5;9;8;10;6;2;2;0;0;2.38;3.3;3.0;;;;;;;
;02/03/2026;Real Madrid;Getafe;0;1;A;0;1;A;18;9;7;3;11;17;10;2;4;6;1;1;1.3;5.5;10.0;;;;;;;
;04/03/2026;Vallecano;Oviedo;3;0;H;1;0;H;19;8;7;2;10;10;12;2;0;2;0;0;1.67;3.75;5.25;;;;;;;
;06/03/2026;Celta;Real Madrid;1;2;A;1;1;D;8;14;4;3;4;12;1;6;1;2;0;0;3.1;3.3;2.3;;;;;;;
;07/03/2026;Osasuna;Mallorca;2;2;D;0;1;A;22;8;5;4;11;12;8;0;2;5;1;1;1.73;3.6;5.0;;;;;;;
;07/03/2026;Levante;Girona;1;1;D;0;0;D;14;22;4;5;15;9;2;3;2;2;1;0;2.8;3.4;2.45;;;;;;;
;07/03/2026;Ath Madrid;Sociedad;3;2;H;1;1;D;24;7;9;3;6;10;8;1;1;1;0;0;1.62;3.9;5.25;;;;;;;
;07/03/2026;Ath Bilbao;Barcelona;0;1;A;0;0;D;10;7;3;2;11;9;2;4;2;1;0;0;4.75;4.5;1.62;;;;;;;
;08/03/2026;Villarreal;Elche;2;1;H;2;0;H;16;13;7;6;11;16;4;6;1;2;0;0;1.5;4.5;6.0;;;;;;;
;08/03/2026;Getafe;Betis;2;0;H;2;0;H;9;14;5;5;19;8;3;8;3;2;0;0;2.8;2.9;2.8;;;;;;;
;08/03/2026;Sevilla;Vallecano;1;1;D;1;0;H;11;9;2;2;13;15;6;2;1;3;0;0;2.55;3.1;3.0;;;;;;;
;08/03/2026;Valencia;Alaves;3;2;H;0;1;A;19;10;8;4;9;17;10;2;1;6;0;2;2.05;3.1;4.1;;;;;;;
;09/03/2026;Espanol;Oviedo;1;1;D;1;1;D;28;6;9;3;19;13;8;0;3;2;0;0;1.85;3.4;4.33;;;;;;;
;13/03/2026;Alaves;Villarreal;1;1;D;1;0;H;8;10;0;4;19;11;5;2;4;1;0;0;3.25;3.4;2.2;;;;;;;
;14/03/2026;Girona;Ath Bilbao;3;0;H;1;0;H;14;20;6;9;8;16;2;9;0;2;0;0;2.75;3.4;2.5;;;;;;;
;14/03/2026;Ath Madrid;Getafe;1;0;H;1;0;H;16;7;5;3;11;11;10;3;3;3;0;1;1.57;3.8;6.5;;;;;;;
;14/03/2026;Oviedo;Valencia;1;0;H;1;0;H;11;13;6;2;12;11;4;7;3;2;0;0;2.88;3.2;2.55;;;;;;;
;14/03/2026;Real Madrid;Elche;4;1;H;2;0;H;14;11;6;1;11;21;5;4;1;3;0;0;1.33;5.5;7.5;;;;;;;
;15/03/2026;Mallorca;Espanol;2;1;H;0;1;A;26;10;12;2;11;14;5;6;3;3;0;1;2.3;3.2;3.3;;;;;;;
;15/03/2026;Barcelona;Sevilla;5;2;H;3;1;H;13;8;8;4;5;14;3;4;0;1;0;0;1.25;6.5;10.0;;;;;;;
;15/03/2026;Betis;Celta;1;1;D;0;1;A;19;7;6;3;11;16;3;4;2;3;0;0;2.2;3.3;3.4;;;;;;;
;15/03/2026;Sociedad;Osasuna;3;1;H;2;0;H;14;13;6;5;16;11;3;5;3;0;0;0;1.83;3.5;4.33;;;;;;;
;16/03/2026;Vallecano;Levante;1;1;D;0;1;A;18;19;4;5;10;13;5;6;3;5;1;0;1.7;3.75;5.0;;;;;;;
;20/03/2026;Villarreal;Sociedad;3;1;H;3;0;H;21;11;10;4;10;11;4;5;0;2;0;0;1.91;3.7;3.9;;;;;;;
;21/03/2026;Elche;Mallorca;2;1;H;0;0;D;13;11;4;4;12;11;2;2;2;2;0;0;2.1;3.3;3.6;;;;;;;
;21/03/2026;Espanol;Getafe;1;2;A;0;2;A;15;10;5;5;14;20;12;9;2;7;0;0;2.35;3.0;3.4;;;;;;;
;21/03/2026;Levante;Oviedo;4;2;H;2;2;D;20;10;8;2;17;18;3;1;2;3;0;0;2.2;3.3;3.4;;;;;;;
;21/03/2026;Osasuna;Girona;1;0;H;0;0;D;19;5;11;0;18;7;6;2;2;1;0;0;2.15;3.4;3.4;;;;;;;
;21/03/2026;Sevilla;Valencia;0;2;A;0;2;A;13;9;2;4;13;6;1;3;2;1;0;0;2.3;3.2;3.3;;;;;;;
;22/03/2026;Barcelona;Vallecano;1;0;H;1;0;H;15;8;4;4;12;11;6;9;3;4;0;0;1.25;7.0;9.5;;;;;;;
;22/03/2026;Celta;Alaves;3;4;A;3;1;H;12;14;5;6;13;16;4;1;2;2;0;0;1.83;3.3;5.0;;;;;;;
;22/03/2026;Ath Bilbao;Betis;2;1;H;2;0;H;11;11;6;3;10;6;6;5;1;1;0;0;2.2;3.4;3.25;;;;;;;
;22/03/2026;Real Madrid;Ath Madrid;3;2;H;0;1;A;17;13;10;7;2;15;4;1;1;4;1;0;1.95;4.0;3.5;;;;;;;
;03/04/2026;Vallecano;Elche;1;0;H;0;0;D;21;9;5;4;17;9;9;4;0;4;0;1;1.75;3.9;4.75;;;;;;;
;04/04/2026;Sociedad;Levante;2;0;H;1;0;H;18;8;5;4;11;15;11;5;2;3;0;0;1.57;4.2;5.5;;;;;;;
;04/04/2026;Mallorca;Real Madrid;2;1;H;1;0;H;6;15;2;6;16;13;6;4;3;2;0;0;5.5;4.33;1.57;;;;;;;
;04/04/2026;Betis;Espanol;0;0;D;0;0;D;19;8;6;1;12;18;4;3;1;3;0;0;1.73;4.0;4.75;;;;;;;
;04/04/2026;Ath Madrid;Barcelona;1;2;A;1;1;D;6;22;2;8;15;11;1;9;6;2;1;0;3.1;3.8;2.15;;;;;;;
;05/04/2026;Getafe;Ath Bilbao;2;0;H;1;0;H;10;5;6;0;11;11;4;3;3;1;0;0;3.0;2.88;2.7;;;;;;;
;05/04/2026;Valencia;Celta;2;3;A;1;0;H;13;9;4;5;14;21;6;0;1;3;0;0;2.3;3.3;3.2;;;;;;;
;05/04/2026;Oviedo;Sevilla;1;0;H;1;0;H;7;9;4;0;11;12;5;9;5;3;0;1;2.8;3.1;2.7;;;;;;;
;05/04/2026;Alaves;Osasuna;2;2;D;1;1;D;18;8;6;5;7;17;7;1;2;5;0;0;2.5;3.2;2.9;;;;;;;
;06/04/2026;Girona;Villarreal;1;0;H;1;0;H;10;9;2;0;8;9;7;4;2;2;0;0;3.2;3.6;2.2;;;;;;;
;10/04/2026;Real Madrid;Girona;1;1;D;0;0;D;22;10;9;2;9;13;10;1;2;1;0;0;1.3;6.0;8.5;;;;;;;
;11/04/2026;Sociedad;Alaves;3;3;D;2;2;D;12;12;4;2;11;18;9;5;2;4;1;0;1.73;3.7;4.75;;;;;;;
;11/04/2026;Elche;Valencia;1;0;H;0;0;D;8;22;2;8;15;18;5;9;1;1;0;0;2.5;3.3;2.88;;;;;;;
;11/04/2026;Barcelona;Espanol;4;1;H;2;0;H;20;10;10;2;10;18;7;5;3;6;0;0;1.29;6.0;9.0;;;;;;;
;11/04/2026;Sevilla;Ath Madrid;2;1;H;2;1;H;11;13;2;2;7;12;6;6;4;4;0;0;2.7;3.1;2.8;;;;;;;
;12/04/2026;Osasuna;Betis;1;1;D;1;1;D;12;8;4;3;14;12;6;3;3;4;0;0;2.2;3.4;3.3;;;;;;;
;12/04/2026;Mallorca;Vallecano;3;0;H;2;0;H;12;17;4;3;13;11;6;7;1;4;0;0;2.38;3.25;3.0;;;;;;;
;12/04/2026;Celta;Oviedo;0;3;A;0;2;A;9;8;6;5;9;13;4;1;1;2;0;0;1.7;3.7;5.25;;;;;;;
;12/04/2026;Ath Bilbao;Villarreal;1;2;A;0;2;A;18;12;6;6;15;8;15;3;2;3;0;0;2.3;3.5;3.1;;;;;;;
;13/04/2026;Levante;Getafe;1;0;H;0;0;D;22;5;4;1;12;24;8;2;2;7;0;1;2.75;3.0;2.88;;;;;;;
;21/04/2026;Ath Bilbao;Osasuna;1;0;H;1;0;H;7;8;2;3;12;11;5;4;3;2;1;0;1.8;3.4;4.5;;;;;;;
;21/04/2026;Mallorca;Valencia;1;1;D;0;0;D;20;10;8;3;9;12;7;4;0;2;0;0;2.6;3.1;2.88;;;;;;;
;21/04/2026;Girona;Betis;2;3;A;1;1;D;9;7;2;3;11;18;3;1;1;3;0;0;2.38;3.3;3.0;;;;;;;
;21/04/2026;Real Madrid;Alaves;2;1;H;1;0;H;24;19;8;5;14;12;9;6;1;1;0;0;1.22;6.5;12.0;;;;;;;
;22/04/2026;Elche;Ath Madrid;3;2;H;2;2;D;14;6;6;3;11;12;13;3;2;2;0;1;2.55;3.8;2.45;;;;;;;
;22/04/2026;Sociedad;Getafe;0;1;A;0;1;A;13;5;4;0;13;22;6;3;4;5;0;0;2.3;3.0;3.5;;;;;;;
;22/04/2026;Barcelona;Celta;1;0;H;1;0;H;10;6;3;3;13;10;5;3;1;1;0;0;1.22;6.5;11.0;;;;;;;
;23/04/2026;Levante;Sevilla;2;0;H;1;0;H;8;7;3;0;17;16;3;6;3;4;0;0;2.4;3.25;3.0;;;;;;;
;23/04/2026;Vallecano;Espanol;1;0;H;0;0;D;17;15;6;4;12;15;6;5;2;4;0;0;2.1;3.25;3.75;;;;;;;
;23/04/2026;Oviedo;Villarreal;1;1;D;0;1;A;16;7;4;3;9;11;7;0;1;1;0;0;3.6;3.4;2.05;;;;;;;
;24/04/2026;Betis;Real Madrid;1;1;D;0;1;A;19;12;4;8;10;8;7;6;1;2;0;0;3.7;4.2;1.85;;;;;;;
;25/04/2026;Alaves;Mallorca;2;1;H;0;1;A;15;4;4;2;15;14;9;4;2;1;0;0;2.2;3.0;3.8;;;;;;;
;25/04/2026;Getafe;Barcelona;0;2;A;0;1;A;4;13;0;4;15;8;6;3;2;2;0;0;5.25;3.8;1.67;;;;;;;
;25/04/2026;Valencia;Girona;2;1;H;0;0;D;12;7;3;4;22;8;4;4;2;2;0;0;2.1;3.4;3.5;;;;;;;
;25/04/2026;Ath Madrid;Ath Bilbao;3;2;H;0;1;A;6;12;4;4;8;12;3;4;0;0;0;0;2.2;3.6;3.1;;;;;;;
;26/04/2026;Vallecano;Sociedad;3;3;D;1;1;D;24;13;9;8;14;12;6;4;6;4;1;0;2.7;3.1;2.7;;;;;;;
;26/04/2026;Oviedo;Elche;1;2;A;0;2;A;12;4;3;4;21;14;6;1;2;0;0;1;2.4;3.25;3.1;;;;;;;
;26/04/2026;Osasuna;Sevilla;2;1;H;0;0;D;15;8;7;2;11;13;4;4;2;2;0;0;2.05;3.25;4.0;;;;;;;
;26/04/2026;Villarreal;Celta;2;1;H;2;0;H;13;9;4;3;13;16;7;5;3;6;0;0;2.05;3.4;3.7;;;;;;;
;27/04/2026;Espanol;Levante;0;0;D;0;0;D;9;8;3;4;12;15;4;4;3;3;1;0;2.0;3.4;3.8;;;;;;;
;01/05/2026;Girona;Mallorca;0;1;A;0;1;A;14;8;4;4;8;25;5;2;4;2;0;0;2.05;3.4;3.75;;;;;;;
;02/05/2026;Villarreal;Levante;5;1;H;1;0;H;20;12;8;3;14;7;7;3;3;1;0;0;1.7;4.33;4.33;;;;;;;
;02/05/2026;Valencia;Ath Madrid;0;2;A;0;0;D;12;20;0;5;9;12;1;7;1;3;0;0;1.8;3.9;4.0;;;;;;;
;02/05/2026;Alaves;Ath Bilbao;2;4;A;1;0;H;7;9;4;4;8;13;4;7;4;4;0;0;2.7;3.4;2.55;;;;;;;
;02/05/2026;Osasuna;Barcelona;1;2;A;0;0;D;9;13;4;4;9;10;3;7;2;2;0;0;4.5;4.0;1.7;;;;;;;
;03/05/2026;Celta;Elche;3;1;H;2;0;H;6;15;4;4;14;15;4;2;2;1;0;0;1.75;3.8;4.5;;;;;;;
;03/05/2026;Getafe;Vallecano;0;2;A;0;1;A;13;10;3;6;7;22;4;1;3;5;0;0;1.91;3.3;4.2;;;;;;;
;03/05/2026;Betis;Oviedo;3;0;H;2;0;H;10;17;5;5;9;4;5;4;0;0;0;0;1.57;4.1;5.75;;;;;;;
;03/05/2026;Espanol;Real Madrid;0;2;A;0;0;D;17;15;3;5;19;16;5;6;3;4;0;0;4.5;3.9;1.73;;;;;;;
;04/05/2026;Sevilla;Sociedad;1;0;H;0;0;D;19;6;5;0;19;11;3;3;3;1;0;0;2.38;3.5;2.9;;;;;;;
;08/05/2026;Levante;Osasuna;3;2;H;2;2;D;35;5;12;3;11;13;15;1;2;0;0;1;2.5;3.25;2.88;;;;;;;
;09/05/2026;Elche;Alaves;1;1;D;0;0;D;16;12;5;4;15;13;7;3;3;6;0;0;2.25;3.3;3.3;;;;;;;
;09/05/2026;Sevilla;Espanol;2;1;H;0;0;D;21;10;6;5;14;17;4;6;5;5;0;0;2.05;3.4;3.7;;;;;;;
;09/05/2026;Ath Madrid;Celta;0;1;A;0;0;D;20;3;4;1;11;13;10;0;1;2;0;0;2.05;3.5;3.5;;;;;;;
;09/05/2026;Sociedad;Betis;2;2;D;0;1;A;14;14;6;6;12;9;4;3;2;3;0;1;2.55;3.5;2.7;;;;;;;
;10/05/2026;Mallorca;Villarreal;1;1;D;1;1;D;18;7;8;2;17;13;5;4;2;0;0;0;2.3;3.5;3.0;;;;;;;
;10/05/2026;Ath Bilbao;Valencia;0;1;A;0;0;D;14;7;4;3;9;7;13;5;2;3;0;0;1.7;3.75;5.0;;;;;;;
;10/05/2026;Oviedo;Getafe;0;0;D;0;0;D;8;22;4;4;9;16;1;9;2;3;2;0;3.0;3.25;2.4;;;;;;;
;10/05/2026;Barcelona;Real Madrid;2;0;H;2;0;H;10;8;7;1;18;9;4;8;2;4;0;0;1.62;5.0;4.33;;;;;;;
;11/05/2026;Vallecano;Girona;1;1;D;0;0;D;18;9;5;5;10;9;9;5;1;1;0;0;2.3;3.5;3.0;;;;;;;
;12/05/2026;Celta;Levante;2;3;A;1;1;D;11;14;6;6;7;10;4;4;0;2;0;0;1.8;3.8;4.2;;;;;;;
;12/05/2026;Betis;Elche;2;1;H;1;1;D;16;8;7;2;16;13;8;1;3;3;0;1;1.57;4.33;5.25;;;;;;;
;12/05/2026;Osasuna;Ath Madrid;1;2;A;0;1;A;23;5;5;4;15;12;8;4;6;5;0;1;2.55;3.5;2.63;;;;;;;
;13/05/2026;Espanol;Ath Bilbao;2;0;H;0;0;D;12;11;5;4;9;14;8;9;0;0;0;0;2.63;3.3;2.7;;;;;;;
;13/05/2026;Villarreal;Sevilla;2;3;A;2;2;D;6;13;4;5;11;9;6;4;2;1;0;0;2.1;3.3;3.6;;;;;;;
;13/05/2026;Alaves;Barcelona;1;0;H;1;0;H;9;8;3;0;14;8;6;4;1;2;0;0;3.1;3.75;2.15;;;;;;;
;13/05/2026;Getafe;Mallorca;3;1;H;2;0;H;6;9;4;2;17;18;3;3;3;4;0;0;2.2;3.2;3.5;;;;;;;
;14/05/2026;Valencia;Vallecano;1;1;D;1;1;D;12;6;3;3;9;20;5;1;1;1;0;0;2.2;3.4;3.3;;;;;;;
;14/05/2026;Girona;Sociedad;1;1;D;0;1;A;29;6;4;2;13;19;6;3;2;7;0;0;2.05;3.8;3.3;;;;;;;
;14/05/2026;Real Madrid;Oviedo;2;0;H;1;0;H;19;9;7;1;7;14;4;5;0;0;0;0;1.22;7.0;11.0;;;;;;;
;17/05/2026;Ath Bilbao;Celta;1;1;D;0;1;A;27;3;9;2;14;11;5;0;2;2;0;0;2.15;3.2;3.4;;;;;;;
;17/05/2026;Ath Madrid;Girona;1;0;H;1;0;H;17;25;4;11;7;9;9;8;2;0;0;0;1.73;3.6;4.5;;;;;;;
;17/05/2026;Elche;Getafe;1;0;H;1;0;H;10;4;3;0;18;13;4;0;3;1;0;1;2.2;3.0;3.4;;;;;;;
;17/05/2026;Levante;Mallorca;2;0;H;1;0;H;15;8;3;3;11;15;4;6;2;0;1;1;2.1;3.4;3.3;;;;;;;
;17/05/2026;Osasuna;Espanol;1;2;A;0;1;A;24;7;8;3;10;13;9;2;1;2;0;0;2.05;3.1;3.8;;;;;;;
;17/05/2026;Oviedo;Alaves;0;1;A;0;1;A;8;7;0;1;13;18;5;2;3;1;0;0;3.7;3.6;1.9;;;;;;;
;17/05/2026;Sevilla;Real Madrid;0;1;A;0;1;A;14;12;6;1;18;12;4;4;4;0;0;0;3.0;3.5;2.15;;;;;;;
;17/05/2026;Sociedad;Valencia;3;4;A;1;2;A;8;13;3;6;13;11;3;2;4;0;0;1;2.15;3.4;3.2;;;;;;;
;17/05/2026;Vallecano;Villarreal;2;0;H;1;0;H;15;11;7;2;12;10;1;9;2;1;0;0;2.35;3.5;2.63;;;;;;;
;17/05/2026;Barcelona;Betis;3;1;H;1;0;H;15;7;9;2;7;8;6;4;1;0;0;0;1.33;6.0;7.5;;;;;;;
;23/05/2026;Alaves;Vallecano;1;2;A;1;0;H;19;15;11;7;13;14;10;5;3;3;0;0;2.45;3.4;2.8;;;;;;;
;23/05/2026;Betis;Levante;2;1;H;1;1;D;18;15;8;7;11;7;4;8;1;2;0;0;2.25;3.2;3.4;;;;;;;
;23/05/2026;Celta;Sevilla;1;0;H;0;0;D;12;9;3;2;11;20;4;3;1;1;0;0;1.73;3.8;4.75;;;;;;;
;23/05/2026;Espanol;Sociedad;1;1;D;0;1;A;17;9;8;4;11;17;3;5;1;3;0;0;2.45;3.5;2.75;;;;;;;
;23/05/2026;Getafe;Osasuna;1;0;H;0;0;D;6;11;3;5;17;20;2;4;1;2;0;0;2.45;2.88;3.4;;;;;;;
;23/05/2026;Girona;Elche;1;1;D;0;1;A;10;3;7;1;20;20;2;1;4;4;0;0;1.8;3.9;4.2;;;;;;;
;23/05/2026;Mallorca;Oviedo;3;0;H;1;0;H;23;7;7;0;10;8;5;5;2;1;0;0;1.44;4.5;7.0;;;;;;;
;23/05/2026;Real Madrid;Ath Bilbao;4;2;H;2;1;H;13;8;8;2;6;20;2;1;2;0;0;0;1.5;4.75;5.75;;;;;;;
;23/05/2026;Valencia;Barcelona;3;1;H;0;0;D;19;11;6;4;11;8;7;8;2;2;0;0;3.6;4.2;1.85;;;;;;;
;24/05/2026;Villarreal;Ath Madrid;5;1;H;4;1;H;14;9;8;4;3;12;5;9;0;1;0;0;2.45;3.6;2.75;;;;;;;
