Div;Date;HomeTeam;AwayTeam;FTHG;FTAG;FTR;HTHG;HTAG;HTR;B365H;B365D;B365A;BWH;BWD;BWA;IWH;IWD;IWA;LBH;LBD;LBA;PSH;PSD;PSA;WHH;WHD;WHA;VCH;VCD;VCA;Bb1X2;BbMxH;BbAvH;BbMxD;BbAvD;BbMxA;BbAvA;BbOU;BbMx>2.5;BbAv>2.5;BbMx<2.5;BbAv<2.5;BbAH;BbAHh;BbMxAHH;BbAvAHH;BbMxAHA;BbAvAHA;PSCH;PSCD;PSCA
SP2;22/08/2015;Alcorcon;Mallorca;2;0;H;1;0;H;215;32;35;21;3;34;22;31;3;22;32;31;211;326;401;21;31;36;215;32;38;38;22;21;326;311;401;349;32;246;235;16;154;23;-25;186;181;212;2;199;328;457
SP2;22/08/2015;Cordoba;Valladolid;1;0;H;0;0;D;25;32;288;235;31;285;24;31;27;25;31;25;265;314;3;24;3;3;26;31;3;39;265;247;32;305;3;284;32;247;235;16;155;25;0;184;178;214;204;277;305;297
SP2;22/08/2015;Huesca;Alaves;2;3;A;0;1;A;23;32;31;22;29;33;23;31;28;21;3;325;242;315;334;23;3;32;24;31;33;39;242;229;32;302;335;314;32;255;24;16;152;24;-25;207;2;187;182;262;312;309
SP2;22/08/2015;Llagostera;Osasuna;0;2;A;0;0;D;24;32;3;23;32;285;23;31;28;238;32;262;257;309;315;23;31;31;255;31;31;38;257;239;33;304;315;296;32;261;241;155;152;23;0;181;173;219;209;238;313;35
SP2;23/08/2015;Almeria;Leganes;3;2;H;3;0;H;191;33;42;183;32;41;2;32;33;2;32;325;205;327;424;2;32;375;2;33;43;38;205;197;33;317;43;378;31;246;232;165;156;24;-5;206;198;194;183;212;322;413
SP2;23/08/2015;Gimnastic;Albacete;2;2;D;0;0;D;22;31;35;215;295;34;21;31;32;23;32;27;228;326;351;22;31;33;23;32;34;38;23;219;326;311;351;325;31;23;224;167;16;24;-25;199;192;196;19;255;324;308
SP2;23/08/2015;Mirandes;Zaragoza;1;1;D;0;0;D;26;32;275;26;295;265;25;31;26;238;3;27;28;317;28;25;3;288;275;313;28;38;28;258;32;304;288;27;31;251;232;16;155;24;0;196;188;2;192;294;322;268
SP2;23/08/2015;Numancia;Tenerife;6;3;H;1;2;A;225;32;32;225;3;31;22;31;3;21;32;3;243;315;332;225;31;32;24;313;325;38;243;228;325;306;332;311;31;248;231;16;155;24;-25;207;2;188;182;267;315;301
SP2;23/08/2015;Oviedo;Lugo;2;2;D;1;1;D;195;32;42;195;3;39;2;32;33;2;31;33;197;333;451;2;32;38;193;33;46;38;2;191;333;319;46;402;31;242;229;161;157;24;-5;197;19;199;191;193;344;468
SP2;23/08/2015;Ponferradina;Elche;2;0;H;0;0;D;175;35;475;18;325;42;18;32;4;18;33;433;187;34;494;183;32;45;185;34;48;38;188;181;35;328;494;441;31;241;228;161;157;24;-5;189;183;207;199;205;333;422
SP2;24/08/2015;Ath Bilbao B;Girona;0;1;A;0;0;D;225;34;31;225;31;3;23;31;28;24;32;275;;;;23;31;31;238;32;325;36;24;229;34;312;33;304;30;23;222;168;16;22;-25;205;197;191;184;292;326;266
SP2;29/08/2015;Albacete;Huesca;1;1;D;1;1;D;185;34;433;183;31;425;19;32;36;185;33;4;185;348;494;191;325;4;187;34;48;36;191;183;348;332;494;431;33;224;214;175;167;24;-5;187;183;207;199;203;343;415
SP2;29/08/2015;Girona;Numancia;2;3;A;1;1;D;195;33;4;195;32;37;2;32;33;2;32;36;204;33;423;;;;2;33;42;33;204;196;33;322;423;383;26;23;221;168;161;23;-5;204;198;192;184;188;353;479
SP2;29/08/2015;Leganes;Cordoba;3;1;H;2;0;H;215;325;34;225;31;3;22;31;3;22;32;31;226;312;375;22;3;34;22;31;38;36;226;218;325;307;38;339;27;275;258;15;146;23;-25;191;185;205;197;253;31;326
SP2;29/08/2015;Lugo;Llagostera;1;0;H;0;0;D;215;31;36;21;3;34;21;31;32;2;31;375;221;314;388;215;3;36;22;313;375;35;221;212;33;308;39;356;27;257;242;155;152;22;-25;189;184;204;198;199;327;464
SP2;29/08/2015;Zaragoza;Almeria;3;2;H;1;1;D;22;34;32;225;295;32;21;31;32;225;32;3;23;324;35;22;31;33;23;325;34;36;23;221;34;314;35;325;29;227;218;171;164;23;-25;199;192;196;19;258;323;301
SP2;30/08/2015;Alaves;Oviedo;2;0;H;2;0;H;23;31;32;22;29;33;23;31;28;225;32;3;232;327;342;23;32;3;238;32;325;36;238;227;33;312;342;311;31;225;214;175;167;22;-25;204;198;192;184;243;331;321
SP2;30/08/2015;Elche;Ath Bilbao B;2;1;H;0;0;D;225;32;325;22;3;32;23;31;28;195;32;375;234;305;364;;;;23;31;36;32;234;223;32;3;375;331;24;275;259;15;146;22;-25;199;193;196;189;21;317;427
SP2;30/08/2015;Mallorca;Ponferradina;1;0;H;1;0;H;238;3;325;23;3;3;24;31;27;238;31;288;251;312;322;24;3;3;245;32;313;36;255;238;32;303;325;301;26;237;226;165;159;22;-25;212;205;183;178;249;316;327
SP2;30/08/2015;Osasuna;Mirandes;1;0;H;0;0;D;18;35;45;183;31;433;185;32;38;191;32;4;188;332;51;183;32;45;185;33;5;36;191;183;35;322;51;445;26;256;239;157;153;23;-5;189;184;204;198;192;334;495
SP2;30/08/2015;Tenerife;Gimnastic;1;2;A;0;0;D;195;33;4;18;31;45;19;32;36;195;32;375;194;342;447;2;33;36;195;34;43;36;2;191;342;328;447;394;30;219;208;178;171;23;-5;198;191;198;191;198;347;431
SP2;30/08/2015;Valladolid;Alcorcon;2;0;H;0;0;D;191;34;4;175;33;44;19;32;36;183;32;433;196;332;456;191;31;42;191;34;45;35;196;189;34;323;456;412;26;241;227;165;159;22;-5;197;19;199;191;213;32;41
SP2;05/09/2015;Gimnastic;Girona;1;0;H;0;0;D;288;32;25;285;31;235;26;31;25;28;3;25;29;324;265;28;3;25;29;32;26;42;297;28;324;309;265;248;35;23;224;169;161;25;0;209;201;188;179;261;327;296
SP2;05/09/2015;Huesca;Tenerife;1;1;D;1;1;D;23;32;32;23;31;29;24;31;27;23;31;3;239;32;335;23;3;31;24;32;325;42;24;23;322;308;335;308;34;239;227;162;159;24;-25;206;2;188;182;217;333;377
SP2;05/09/2015;Mirandes;Lugo;1;1;D;0;1;A;23;31;32;245;31;27;23;31;28;238;3;3;247;312;329;245;29;3;225;32;34;42;249;237;32;298;34;307;34;258;243;155;151;24;-25;211;202;186;18;23;318;363
SP2;05/09/2015;Numancia;Elche;0;0;D;0;0;D;21;32;36;21;32;325;22;31;3;21;325;33;222;336;356;215;31;33;215;33;37;42;222;212;337;321;37;333;40;22;211;176;169;24;-25;189;183;208;199;221;34;358
SP2;06/09/2015;Almeria;Osasuna;2;1;H;0;1;A;185;35;42;18;33;41;185;32;38;191;32;4;19;345;47;185;32;42;19;34;46;38;191;184;35;331;47;419;30;23;219;168;162;24;-5;192;186;202;194;199;339;439
SP2;06/09/2015;Ath Bilbao B;Mallorca;3;1;H;1;1;D;238;32;3;225;325;285;23;31;28;23;31;3;246;323;319;238;3;3;;;;40;246;234;325;307;319;3;34;241;231;165;156;22;-25;211;203;185;178;212;329;401
SP2;06/09/2015;Cordoba;Alcorcon;1;3;A;1;1;D;21;32;36;195;31;375;21;31;32;21;31;35;216;323;388;205;31;36;215;32;375;38;219;209;33;312;388;351;30;254;239;16;153;23;-25;189;184;205;198;235;315;354
SP2;06/09/2015;Leganes;Zaragoza;1;1;D;1;0;H;23;325;31;22;31;31;23;31;28;225;3;32;24;319;334;225;3;32;225;325;325;40;24;228;325;305;334;313;32;244;231;16;156;22;-25;204;197;19;184;231;327;347
SP2;06/09/2015;Llagostera;Alaves;3;0;H;1;0;H;25;31;29;245;285;29;25;31;26;25;32;262;266;316;298;25;3;28;26;31;3;38;266;251;32;303;3;281;30;25;237;159;154;24;0;186;18;211;2;324;307;253
SP2;06/09/2015;Oviedo;Albacete;3;1;H;2;1;H;22;32;34;21;32;32;21;31;32;21;3;36;217;331;375;225;3;32;22;32;37;41;225;212;331;314;375;339;34;238;229;165;157;23;-25;19;183;205;198;196;351;434
SP2;06/09/2015;Ponferradina;Valladolid;3;0;H;1;0;H;24;32;3;23;32;28;24;31;27;238;3;3;252;318;314;245;29;3;25;313;313;41;252;24;32;304;314;294;33;244;231;16;156;23;-25;214;207;182;176;291;314;276
SP2;12/09/2015;Alaves;Mirandes;2;3;A;0;2;A;18;34;475;18;31;46;185;32;38;18;325;475;183;351;507;183;31;45;183;34;5;37;185;179;351;328;507;458;25;242;231;161;155;25;-5;186;18;211;202;183;348;524
SP2;12/09/2015;Elche;Gimnastic;1;0;H;1;0;H;21;33;35;205;32;33;21;31;32;205;3;4;209;328;407;2;31;375;205;325;41;37;215;204;33;315;41;365;25;239;228;162;157;25;-5;215;204;185;178;231;321;356
SP2;12/09/2015;Osasuna;Leganes;2;1;H;1;0;H;21;33;35;205;32;33;22;31;3;22;29;36;226;317;368;215;31;33;22;32;37;36;226;216;33;309;368;339;24;251;236;157;154;23;-25;192;187;202;194;256;318;312
SP2;12/09/2015;Valladolid;Ath Bilbao B;1;0;H;1;0;H;18;31;525;175;3;5;185;32;38;18;325;475;184;35;497;173;32;433;185;34;48;37;186;18;35;327;525;453;25;238;224;167;16;25;-5;187;182;209;2;179;364;522
SP2;12/09/2015;Zaragoza;Cordoba;0;1;A;0;1;A;195;32;42;2;31;36;21;31;32;195;31;4;199;337;432;2;31;375;2;33;42;37;21;195;337;32;432;387;25;23;223;168;161;25;-5;203;196;193;185;195;351;437
SP2;13/09/2015;Albacete;Llagostera;1;0;H;1;0;H;205;31;4;2;31;36;21;31;32;205;3;38;214;322;398;2;31;375;205;325;4;36;214;204;325;312;4;368;23;25;237;159;154;23;-5;215;205;185;178;189;349;475
SP2;13/09/2015;Alcorcon;Ponferradina;1;0;H;0;0;D;2;32;4;195;31;38;21;31;32;195;31;4;209;321;414;2;31;375;205;32;42;35;21;202;321;311;42;379;24;251;239;157;153;23;-5;209;202;185;18;208;323;427
SP2;13/09/2015;Girona;Huesca;0;0;D;0;0;D;185;36;4;185;35;36;19;32;36;185;31;475;188;345;479;185;32;42;19;34;46;36;19;184;36;331;479;422;25;231;223;166;161;24;-5;192;186;204;195;198;336;447
SP2;13/09/2015;Lugo;Almeria;1;0;H;0;0;D;25;32;288;235;31;285;25;31;26;25;29;3;261;316;303;245;3;288;255;32;3;36;261;247;32;306;303;285;23;23;22;17;162;24;0;183;178;211;203;231;331;346
SP2;13/09/2015;Mallorca;Numancia;0;0;D;0;0;D;238;31;31;235;295;3;24;31;27;225;29;33;243;316;331;23;3;31;238;32;33;36;243;231;325;306;331;309;23;242;231;161;156;23;-25;205;199;188;183;26;321;304
SP2;13/09/2015;Tenerife;Oviedo;0;2;A;0;1;A;23;325;31;225;31;3;24;31;27;23;29;325;24;321;331;23;3;31;24;32;32;36;24;232;325;31;331;303;24;228;22;168;162;23;-25;207;201;186;181;233;334;337
SP2;19/09/2015;Ath Bilbao B;Alcorcon;1;0;H;0;0;D;26;31;28;25;29;28;25;31;26;25;3;29;265;313;304;25;3;28;255;31;29;37;265;251;32;302;304;282;29;25;234;16;156;22;0;183;179;211;202;249;31;331
SP2;19/09/2015;Leganes;Lugo;0;0;D;0;0;D;2;32;4;2;31;36;2;32;33;205;31;38;215;325;397;2;31;375;205;32;38;37;215;204;325;311;4;367;29;24;23;162;157;22;-25;183;177;212;206;196;341;449
SP2;19/09/2015;Llagostera;Tenerife;0;2;A;0;0;D;24;31;31;235;295;3;23;31;28;24;3;3;257;314;315;23;3;31;245;3;31;37;257;239;32;302;315;299;29;25;239;158;153;23;-25;218;208;181;175;258;309;319
SP2;19/09/2015;Mirandes;Albacete;1;1;D;1;0;H;22;31;35;215;3;33;22;31;3;205;3;375;228;322;363;215;31;33;22;313;35;37;228;217;322;309;375;334;29;238;227;164;158;23;-25;194;189;2;192;219;331;375
SP2;19/09/2015;Oviedo;Girona;1;2;A;1;1;D;21;32;36;2;32;35;21;31;32;21;32;35;217;336;374;2;32;36;21;33;36;38;217;207;336;317;375;349;33;214;206;179;172;23;-25;187;18;208;201;25;327;313
SP2;20/09/2015;Almeria;Alaves;0;2;A;0;1;A;2;33;38;195;31;38;2;32;33;195;33;38;207;343;399;2;32;36;2;33;39;34;207;198;343;324;399;371;32;217;21;178;17;23;-5;207;2;19;182;204;346;409
SP2;20/09/2015;Cordoba;Ponferradina;1;0;H;1;0;H;205;32;38;205;31;34;2;32;33;21;31;375;216;324;396;205;31;36;21;313;375;34;216;207;325;313;396;357;28;242;232;161;156;23;-25;184;179;211;203;221;327;375
SP2;20/09/2015;Gimnastic;Mallorca;1;0;H;1;0;H;2;32;4;2;31;36;21;31;32;195;325;4;2;343;427;205;31;36;195;325;42;37;205;195;343;322;427;383;28;233;225;165;16;23;-5;204;196;192;186;21;334;398
SP2;20/09/2015;Huesca;Elche;1;3;A;0;1;A;21;31;375;22;3;325;21;31;32;22;31;35;218;328;381;225;3;32;215;32;35;34;226;214;328;311;381;34;28;231;225;166;16;23;-25;19;184;206;197;242;328;325
SP2;20/09/2015;Numancia;Valladolid;2;2;D;0;1;A;263;32;27;27;295;255;26;3;26;27;3;27;275;317;289;26;3;27;27;313;27;37;275;262;32;303;289;269;28;231;221;167;161;22;0;196;188;2;193;265;324;294
SP2;20/09/2015;Zaragoza;Osasuna;0;1;A;0;1;A;195;33;4;19;32;39;19;32;36;185;31;45;193;339;474;185;32;42;19;325;44;37;195;188;34;324;474;412;29;238;229;163;157;23;-5;196;189;199;192;201;336;435
SP2;26/09/2015;Alcorcon;Numancia;1;1;D;1;1;D;2;32;4;2;31;36;2;32;33;2;31;38;207;33;419;205;31;36;205;325;41;39;21;201;33;315;419;373;30;247;232;16;155;24;-5;209;202;185;18;204;332;429
SP2;26/09/2015;Lugo;Zaragoza;0;0;D;0;0;D;21;34;34;21;3;34;21;31;32;215;31;34;222;332;367;215;31;33;22;32;36;39;225;215;34;312;367;335;30;238;228;164;159;23;-25;195;189;2;193;225;322;371
SP2;26/09/2015;Mallorca;Huesca;0;1;A;0;0;D;21;31;38;205;31;35;21;31;32;215;31;36;222;325;376;215;3;34;215;32;375;39;222;212;325;309;38;344;30;241;23;161;157;23;-25;189;183;207;199;229;324;358
SP2;26/09/2015;Osasuna;Cordoba;0;0;D;0;0;D;21;325;36;205;31;34;22;31;3;22;31;34;226;323;365;215;3;34;22;32;36;39;226;215;325;31;365;338;30;241;232;161;156;23;-25;194;188;2;194;227;323;363
SP2;26/09/2015;Ponferradina;Ath Bilbao B;1;0;H;0;0;D;2;33;375;2;32;35;19;32;36;195;31;4;203;334;429;2;31;375;2;33;42;38;203;196;34;32;429;382;30;241;232;161;156;23;-5;205;198;188;184;2;338;439
SP2;27/09/2015;Alaves;Leganes;0;0;D;0;0;D;205;325;375;205;31;34;21;31;32;215;31;35;228;324;362;215;31;33;22;325;36;39;228;214;33;312;375;341;30;237;224;167;161;23;-25;196;187;202;195;238;325;336
SP2;27/09/2015;Albacete;Almeria;3;0;H;2;0;H;24;32;3;24;3;285;23;31;28;24;3;3;255;322;31;238;31;29;245;32;31;39;255;24;322;306;31;293;28;225;219;17;163;23;-25;217;208;181;176;213;349;372
SP2;27/09/2015;Elche;Oviedo;1;1;D;1;0;H;21;325;35;21;31;33;22;31;3;21;32;35;215;338;378;215;31;33;22;325;36;39;22;212;338;316;378;34;31;23;223;168;162;23;-25;191;185;204;197;225;325;366
SP2;27/09/2015;Girona;Llagostera;2;2;D;1;0;H;165;36;55;17;34;46;165;35;45;162;35;6;165;374;659;17;33;5;167;36;625;39;172;164;374;347;659;545;29;235;226;165;159;23;-75;195;186;208;196;159;388;728
SP2;27/09/2015;Tenerife;Mirandes;3;0;H;1;0;H;2;32;4;205;31;35;21;31;32;2;32;38;202;338;422;205;31;36;205;325;4;39;21;2;338;317;422;374;29;241;231;161;156;24;-5;214;203;186;18;205;337;416
SP2;27/09/2015;Valladolid;Gimnastic;0;0;D;0;0;D;195;33;4;19;32;39;19;32;36;191;325;42;197;342;445;195;32;38;195;34;43;39;2;192;342;326;445;393;29;235;226;165;16;24;-5;2;194;194;188;195;34;459
SP2;03/10/2015;Almeria;Tenerife;2;2;D;0;1;A;205;33;36;205;31;35;2;32;33;205;32;38;209;337;4;2;32;36;205;33;4;37;209;202;34;322;4;358;29;226;219;169;163;22;-5;209;202;185;179;223;332;364
SP2;03/10/2015;Cordoba;Ath Bilbao B;1;0;H;1;0;H;2;33;375;2;31;36;2;32;33;2;32;38;206;33;422;2;31;375;205;325;41;37;206;2;33;316;422;373;30;242;231;161;156;22;-5;207;2;188;181;196;337;454
SP2;03/10/2015;Gimnastic;Alcorcon;0;2;A;0;0;D;24;31;31;225;31;3;24;31;27;24;3;3;256;315;316;215;32;32;25;313;313;40;256;238;32;303;32;297;25;248;238;158;154;22;-25;216;207;182;176;249;301;343
SP2;03/10/2015;Numancia;Ponferradina;1;0;H;1;0;H;22;32;34;21;3;34;21;31;32;22;3;35;226;322;368;22;3;33;22;32;36;39;227;217;322;306;368;334;26;242;23;161;157;22;-25;193;186;201;195;214;327;396
SP2;03/10/2015;Zaragoza;Alaves;1;0;H;1;0;H;21;33;35;205;3;36;21;31;32;205;31;375;217;327;388;205;31;36;215;325;375;37;219;208;33;313;388;352;26;239;229;162;158;22;-25;187;181;208;201;217;329;384
SP2;04/10/2015;Huesca;Valladolid;1;1;D;0;1;A;26;32;275;255;3;265;26;3;26;262;3;28;274;316;291;25;3;28;27;31;288;39;274;257;32;302;291;274;26;244;235;16;155;22;0;19;185;202;194;221;33;371
SP2;04/10/2015;Leganes;Albacete;3;2;H;0;1;A;2;34;375;2;31;36;2;32;33;2;31;375;211;329;406;205;31;36;205;325;4;40;211;203;34;316;406;362;26;24;231;161;156;22;-5;211;203;184;178;195;333;474
SP2;04/10/2015;Llagostera;Elche;4;1;H;2;0;H;288;31;25;265;3;255;26;3;26;28;3;262;299;315;268;275;32;24;288;31;27;40;299;277;32;301;27;254;28;254;24;155;152;23;0;204;197;189;183;315;313;258
SP2;04/10/2015;Mirandes;Girona;1;0;H;0;0;D;27;32;263;265;3;255;255;31;255;275;3;262;294;321;268;;;;28;313;275;38;294;272;321;303;275;26;24;238;229;164;157;22;0;204;194;194;186;32;323;248
SP2;04/10/2015;Osasuna;Lugo;4;0;H;3;0;H;2;33;375;195;31;375;2;32;33;2;31;38;207;333;414;195;31;4;205;33;41;39;207;199;335;32;414;372;27;24;23;164;157;23;-5;207;2;187;181;201;334;441
SP2;04/10/2015;Oviedo;Mallorca;1;1;D;1;1;D;2;33;38;2;3;37;2;32;33;2;31;4;204;331;43;205;31;36;205;325;41;40;208;199;331;317;43;373;30;243;232;16;155;22;-5;209;201;188;181;185;348;504
SP2;10/10/2015;Alaves;Osasuna;3;0;H;1;0;H;225;3;35;22;285;34;22;31;3;22;31;34;231;323;354;225;3;32;225;32;35;40;231;221;323;308;354;331;32;238;228;164;158;25;-25;197;189;2;192;235;31;363
SP2;10/10/2015;Ath Bilbao B;Numancia;0;0;D;0;0;D;225;3;35;22;285;34;22;31;3;23;3;33;238;32;342;225;3;32;238;313;33;40;24;229;32;303;35;321;32;25;237;158;154;25;-25;203;197;19;184;233;325;346
SP2;10/10/2015;Elche;Mirandes;1;4;A;0;0;D;175;34;5;17;33;475;17;34;43;18;34;45;185;357;485;175;325;475;18;34;52;40;185;178;357;336;52;461;32;238;227;167;159;25;-5;186;179;211;203;197;336;456
SP2;10/10/2015;Ponferradina;Gimnastic;2;2;D;0;0;D;21;32;36;205;31;34;21;31;32;21;3;375;215;323;401;215;31;33;21;32;39;40;219;21;323;312;401;355;32;243;234;16;155;25;-25;185;179;211;203;214;325;4
SP2;10/10/2015;Tenerife;Leganes;0;0;D;0;0;D;23;31;32;225;3;31;23;31;28;238;3;31;247;316;33;23;3;31;245;313;325;41;247;234;316;305;33;31;33;246;234;16;155;25;-25;209;201;186;181;243;316;337
SP2;11/10/2015;Albacete;Zaragoza;1;3;A;0;3;A;215;31;36;22;3;32;23;31;28;21;32;35;224;335;357;215;32;32;22;325;36;39;23;216;335;317;36;332;32;225;22;171;162;24;-25;191;186;202;195;205;354;392
SP2;11/10/2015;Alcorcon;Huesca;0;1;A;0;0;D;191;325;433;18;31;45;18;32;4;195;31;42;199;33;455;185;31;44;195;325;45;38;199;19;33;318;475;422;31;259;242;157;152;25;-5;199;192;195;189;221;319;386
SP2;11/10/2015;Girona;Almeria;1;1;D;1;1;D;185;35;42;19;33;375;19;32;36;185;325;433;193;347;458;195;32;38;191;34;45;39;195;188;35;332;458;404;32;23;217;172;165;25;-5;195;189;2;192;172;379;555
SP2;11/10/2015;Lugo;Cordoba;1;2;A;1;1;D;238;32;3;235;31;285;24;31;27;238;3;31;245;318;33;245;29;3;245;313;32;39;245;236;32;303;33;305;32;242;234;161;155;22;0;175;168;225;217;234;322;348
SP2;11/10/2015;Mallorca;Llagostera;1;0;H;0;0;D;195;31;433;19;31;4;19;32;36;191;31;433;197;334;458;2;31;38;195;325;45;39;2;193;334;318;458;404;32;25;24;158;153;25;-5;2;193;195;188;239;319;342
SP2;11/10/2015;Valladolid;Oviedo;2;3;A;1;2;A;2;33;375;2;32;35;21;31;32;205;31;38;212;325;406;205;31;36;205;325;41;39;212;203;335;318;41;366;32;25;237;157;154;24;-5;213;204;185;178;229;333;347
SP2;17/10/2015;Gimnastic;Ath Bilbao B;2;1;H;1;0;H;205;34;35;205;31;34;21;31;32;205;32;35;213;327;4;215;31;33;215;325;38;43;215;208;34;315;4;354;32;243;232;16;156;23;-25;184;179;211;203;208;333;411
SP2;17/10/2015;Leganes;Girona;2;2;D;1;0;H;238;34;288;225;31;3;25;31;26;23;31;3;258;315;312;25;3;28;26;31;3;43;26;244;34;306;312;289;32;251;234;16;155;24;0;183;177;215;204;217;326;39
SP2;17/10/2015;Mirandes;Mallorca;2;2;D;2;0;H;205;33;36;205;31;34;2;32;33;21;325;33;21;329;41;205;31;36;21;32;39;43;212;204;33;315;417;364;32;245;237;16;154;23;-5;214;205;183;177;21;328;41
SP2;17/10/2015;Osasuna;Albacete;1;0;H;1;0;H;2;32;4;191;32;38;2;32;33;183;34;4;202;341;421;2;32;36;2;34;41;43;205;196;341;326;421;378;37;221;212;174;168;23;-5;203;196;191;185;224;334;357
SP2;17/10/2015;Oviedo;Alcorcon;3;2;H;1;0;H;205;33;36;195;31;375;21;31;32;205;325;33;223;323;376;215;3;34;215;32;38;43;223;209;33;312;4;352;32;25;239;16;153;23;-25;19;182;206;2;243;315;337
SP2;18/10/2015;Almeria;Elche;2;3;A;1;1;D;205;33;36;205;31;35;21;31;32;205;32;35;219;329;378;215;31;33;22;325;36;42;22;211;33;317;378;344;34;232;221;17;162;23;-25;191;184;205;198;239;33;329
SP2;18/10/2015;Cordoba;Numancia;3;2;H;2;1;H;205;33;36;205;31;34;21;31;32;21;31;34;209;33;412;215;3;34;205;325;41;42;215;205;33;314;412;364;31;242;233;161;155;24;-5;214;204;185;179;215;329;39
SP2;18/10/2015;Huesca;Ponferradina;1;1;D;1;0;H;2;33;38;205;31;34;2;32;33;205;3;36;202;33;44;2;31;375;2;33;42;42;21;199;33;318;44;38;31;243;232;16;156;24;-5;21;199;19;183;194;343;459
SP2;18/10/2015;Llagostera;Valladolid;3;1;H;1;0;H;275;32;26;27;285;265;27;31;24;26;31;26;295;32;268;28;3;25;29;313;27;41;295;277;32;306;27;255;30;244;232;16;156;24;0;205;197;19;184;302;322;26
SP2;18/10/2015;Lugo;Alaves;1;0;H;1;0;H;225;33;32;23;31;29;22;31;3;23;31;3;237;318;346;225;3;32;238;313;34;42;238;225;33;307;346;319;31;248;235;16;155;23;-25;204;196;193;186;27;318;294
SP2;18/10/2015;Zaragoza;Tenerife;2;0;H;1;0;H;205;33;36;191;325;37;21;31;32;2;32;36;214;33;39;21;31;34;215;325;38;42;215;206;33;32;39;353;34;232;224;17;161;23;-25;186;18;211;202;19;359;455
SP2;24/10/2015;Alaves;Cordoba;3;2;H;1;2;A;22;31;35;22;295;33;22;31;3;22;31;32;223;322;375;23;3;31;22;32;37;43;23;217;322;31;375;335;32;242;227;165;158;22;-25;193;186;203;194;207;333;415
SP2;24/10/2015;Alcorcon;Llagostera;6;1;H;5;0;H;173;35;5;162;35;5;165;35;45;175;33;45;172;357;612;167;325;55;17;35;6;43;175;168;357;341;612;516;32;25;239;157;153;21;-75;198;191;198;189;166;372;653
SP2;24/10/2015;Ath Bilbao B;Huesca;0;0;D;0;0;D;25;31;29;24;31;275;26;3;26;238;31;288;266;313;304;25;3;28;26;313;3;43;266;248;315;303;304;286;32;243;234;16;155;23;0;183;177;211;203;253;321;315
SP2;24/10/2015;Elche;Leganes;0;0;D;0;0;D;225;325;32;22;3;32;22;31;3;22;31;325;235;32;348;22;3;33;238;313;33;43;238;225;325;306;35;32;32;242;232;161;155;22;-25;205;196;191;184;244;307;345
SP2;24/10/2015;Girona;Zaragoza;0;0;D;0;0;D;185;33;45;191;32;38;19;32;36;195;32;4;193;348;458;195;32;38;191;34;45;43;195;189;348;328;458;405;35;225;214;174;166;23;-5;195;188;2;192;223;335;358
SP2;25/10/2015;Albacete;Lugo;2;0;H;1;0;H;191;3;475;19;3;42;19;32;36;2;31;375;195;344;452;2;31;38;193;34;44;41;2;191;344;323;475;405;33;226;217;171;164;22;-5;196;19;198;191;194;344;452
SP2;25/10/2015;Mallorca;Almeria;1;0;H;0;0;D;23;3;34;235;285;31;25;31;26;238;31;31;237;325;338;225;3;32;24;32;32;41;25;232;325;305;34;31;32;235;225;165;16;21;-25;208;201;19;182;216;327;394
SP2;25/10/2015;Numancia;Gimnastic;1;1;D;0;0;D;205;34;36;205;325;325;2;32;33;205;32;34;214;325;401;215;31;33;215;32;38;42;215;207;34;316;401;354;31;242;231;161;156;22;-5;214;208;18;175;22;326;381
SP2;25/10/2015;Ponferradina;Oviedo;4;2;H;2;1;H;24;32;3;23;31;29;25;31;26;225;3;31;258;325;303;245;3;288;255;32;3;42;258;242;325;308;31;29;32;23;22;171;162;22;-25;221;207;181;175;255;338;297
SP2;25/10/2015;Tenerife;Osasuna;2;2;D;1;1;D;23;31;325;22;295;325;24;31;27;23;3;325;243;314;339;225;3;32;24;313;33;42;243;231;32;303;339;315;31;252;239;157;153;22;-25;207;199;189;182;236;321;343
SP2;25/10/2015;Valladolid;Mirandes;2;1;H;2;0;H;183;34;45;187;32;4;185;32;38;185;33;4;188;343;497;195;32;38;187;34;475;42;195;184;345;329;497;425;29;234;224;165;16;23;-5;192;185;205;196;198;348;431
SP2;31/10/2015;Cordoba;Gimnastic;2;0;H;2;0;H;2;32;4;18;325;42;19;32;36;195;31;42;203;33;436;2;31;38;195;33;44;45;203;194;33;318;44;4;33;25;238;157;153;27;-5;203;195;193;186;21;328;408
SP2;31/10/2015;Huesca;Numancia;2;0;H;1;0;H;2;325;39;195;3;39;19;32;36;2;33;36;207;353;386;205;31;36;205;33;41;45;21;2;353;328;41;368;33;238;227;166;158;27;-5;207;2;188;182;21;338;396
SP2;31/10/2015;Llagostera;Ponferradina;0;1;A;0;0;D;25;31;29;24;31;275;24;31;27;25;3;29;259;314;312;25;3;28;26;313;3;45;26;248;315;304;312;288;33;245;234;16;155;27;0;183;177;214;205;256;32;311
SP2;31/10/2015;Lugo;Tenerife;2;0;H;2;0;H;21;31;375;2;31;36;21;31;32;215;3;375;22;317;392;215;3;34;215;32;38;45;22;211;325;309;392;355;33;252;234;16;155;26;-25;189;183;207;199;228;325;358
SP2;31/10/2015;Mirandes;Alcorcon;3;0;H;2;0;H;27;3;28;25;31;265;25;31;26;275;29;275;283;312;285;25;3;28;275;31;28;45;283;264;315;301;285;271;33;25;237;159;153;27;0;196;188;201;192;283;318;279
SP2;01/11/2015;Alaves;Albacete;1;1;D;1;1;D;2;32;39;195;32;37;2;32;33;2;32;4;204;337;421;2;31;38;205;33;4;44;207;198;337;322;421;377;32;227;22;168;162;26;-5;208;2;188;182;201;354;407
SP2;01/11/2015;Almeria;Valladolid;1;1;D;0;0;D;25;3;3;24;31;275;24;31;27;26;31;275;273;324;286;245;3;288;263;32;29;44;273;252;324;307;3;279;32;238;225;168;159;26;0;191;182;205;198;262;323;299
SP2;01/11/2015;Leganes;Mallorca;0;0;D;0;0;D;175;34;5;172;34;45;175;33;42;175;325;55;181;341;561;173;32;5;175;35;55;44;181;174;35;333;561;494;32;25;238;157;153;24;-75;208;198;191;183;2;331;449
SP2;01/11/2015;Osasuna;Girona;0;1;A;0;1;A;21;31;38;195;325;36;2;32;33;21;31;36;22;323;383;2;31;375;22;32;37;44;22;211;325;31;383;351;32;25;237;159;154;25;-25;19;184;205;197;269;316;297
SP2;01/11/2015;Oviedo;Ath Bilbao B;0;0;D;0;0;D;185;33;45;172;32;475;19;32;36;185;33;433;192;346;466;195;32;38;187;34;475;43;195;185;346;33;475;422;32;23;221;168;162;26;-5;192;185;204;196;213;342;388
SP2;01/11/2015;Zaragoza;Elche;2;0;H;0;0;D;195;33;4;191;32;375;2;32;33;195;31;4;206;331;423;2;31;38;2;325;43;44;206;197;335;318;43;386;33;24;233;162;155;26;-5;206;198;19;184;213;331;394
SP2;07/11/2015;Mallorca;Zaragoza;0;0;D;0;0;D;238;31;31;225;3;31;23;31;28;24;3;31;238;322;341;23;3;31;245;32;3;44;245;232;322;303;341;311;32;252;239;157;153;24;-25;207;2;19;181;238;316;347
SP2;07/11/2015;Ponferradina;Mirandes;2;2;D;1;1;D;21;32;36;191;33;36;21;31;32;205;325;375;21;338;395;215;31;33;21;33;38;44;215;205;338;319;395;355;32;232;224;166;161;24;-5;213;206;183;176;223;33;363
SP2;07/11/2015;Tenerife;Alaves;2;0;H;0;0;D;238;32;3;24;3;285;23;31;28;24;31;3;262;324;299;245;29;3;25;313;313;44;262;242;324;306;313;291;32;239;229;162;157;23;0;181;174;217;209;242;323;331
SP2;07/11/2015;Valladolid;Leganes;1;1;D;1;0;H;22;31;35;225;3;31;22;31;3;23;31;325;237;326;338;225;3;32;238;313;34;44;238;224;326;309;35;321;32;243;233;16;155;24;-25;203;195;191;186;228;331;35
SP2;08/11/2015;Albacete;Cordoba;2;0;H;0;0;D;21;325;36;21;32;325;22;31;3;22;32;33;226;34;347;225;3;32;225;325;35;43;226;218;34;317;36;325;32;225;22;172;162;24;-25;195;189;198;192;214;335;387
SP2;08/11/2015;Alcorcon;Almeria;0;0;D;0;0;D;17;34;55;175;33;44;17;34;43;173;34;525;177;363;542;175;325;475;175;35;54;43;177;172;363;342;55;484;31;232;221;167;162;24;-75;204;197;191;184;164;376;666
SP2;08/11/2015;Elche;Osasuna;2;1;H;1;1;D;22;31;35;21;3;34;22;31;3;22;31;35;226;319;371;23;3;31;225;31;37;43;23;219;319;305;371;338;32;268;25;153;149;24;-25;194;187;201;194;211;324;41
SP2;08/11/2015;Gimnastic;Huesca;2;0;H;2;0;H;23;31;33;22;3;32;23;31;28;23;31;33;238;321;341;225;3;32;238;313;34;43;238;225;321;307;341;321;32;251;233;16;156;24;-25;204;196;191;185;227;32;367
SP2;08/11/2015;Girona;Lugo;0;1;A;0;0;D;173;35;5;165;33;525;165;35;45;167;34;575;171;365;598;167;325;55;167;36;6;43;173;166;365;342;6;535;32;238;23;164;157;24;-75;195;189;199;192;17;369;6
SP2;08/11/2015;Numancia;Oviedo;1;0;H;0;0;D;225;32;32;22;31;31;22;31;3;225;33;32;231;341;334;225;3;32;23;325;34;43;231;223;341;318;34;315;36;223;214;174;166;24;-25;199;192;195;188;217;338;373
SP2;09/11/2015;Ath Bilbao B;Llagostera;2;0;H;1;0;H;185;33;45;185;31;425;19;32;36;185;33;433;189;347;48;195;31;4;187;34;48;42;195;185;355;328;48;423;31;25;235;16;155;24;-5;196;187;205;194;179;362;527
SP2;14/11/2015;Alaves;Girona;1;0;H;1;0;H;25;3;3;22;31;31;23;3;3;24;3;32;244;315;336;25;29;29;245;313;32;45;25;238;32;302;336;303;33;24;23;164;157;26;-25;21;203;187;178;238;325;337
SP2;14/11/2015;Albacete;Tenerife;1;2;A;1;1;D;2;32;4;195;31;375;2;32;34;2;32;38;21;332;403;2;31;375;205;33;4;45;21;2;332;319;406;376;33;235;222;166;161;27;-5;21;201;187;181;205;345;399
SP2;14/11/2015;Leganes;Alcorcon;3;0;H;2;0;H;225;3;35;22;3;325;21;31;33;22;3;33;225;316;379;215;3;34;22;313;37;45;225;217;318;303;379;344;33;263;249;153;149;26;-25;192;186;202;195;222;323;377
SP2;14/11/2015;Lugo;Elche;1;1;D;1;0;H;22;32;34;21;3;35;22;3;32;22;3;36;229;31;374;215;3;34;225;313;36;44;229;219;326;307;374;338;32;25;238;158;154;25;-25;193;187;201;194;247;31;334
SP2;14/11/2015;Mirandes;Ath Bilbao B;3;0;H;2;0;H;21;31;38;2;31;36;21;31;33;21;31;38;212;326;407;205;31;36;215;32;38;45;216;207;326;311;407;364;33;25;236;16;155;26;-25;185;179;211;202;221;329;373
SP2;15/11/2015;Almeria;Ponferradina;1;1;D;1;1;D;22;31;35;22;3;32;23;32;28;22;31;34;227;328;358;215;31;33;225;325;35;44;23;219;328;312;358;327;33;232;225;166;16;25;-25;196;189;198;191;256;322;305
SP2;15/11/2015;Cordoba;Huesca;1;1;D;0;0;D;22;31;35;205;31;34;21;31;33;2;32;36;228;32;365;205;31;36;22;32;37;44;228;215;32;309;37;34;33;25;236;158;154;25;-25;194;186;201;194;256;318;312
SP2;15/11/2015;Llagostera;Numancia;2;1;H;2;0;H;275;3;275;25;32;26;26;3;26;25;31;26;28;321;282;26;3;27;275;32;275;44;28;263;321;305;282;266;33;238;226;165;159;26;0;196;189;196;19;288;32;274
SP2;15/11/2015;Osasuna;Mallorca;2;1;H;2;1;H;21;32;36;195;32;36;19;33;37;21;3;38;214;319;409;205;31;36;21;32;4;43;214;205;33;31;409;368;32;27;249;155;149;25;-5;215;206;182;176;196;335;463
SP2;15/11/2015;Oviedo;Gimnastic;2;0;H;2;0;H;22;31;35;19;33;37;21;31;33;215;31;36;221;329;371;215;31;33;215;325;37;43;221;211;33;316;371;342;32;242;229;162;157;25;-25;19;183;205;198;202;349;412
SP2;15/11/2015;Zaragoza;Valladolid;0;2;A;0;1;A;21;31;375;2;325;34;2;32;34;21;32;36;215;337;38;205;31;36;215;33;37;44;215;207;337;318;38;35;34;23;223;168;161;25;-25;188;182;205;199;202;349;41
SP2;21/11/2015;Ath Bilbao B;Almeria;0;0;D;0;0;D;215;32;35;225;31;3;21;33;31;225;32;33;232;334;339;225;3;32;23;32;34;44;237;221;334;313;35;321;32;245;232;162;156;23;-25;201;194;195;188;197;35;433
SP2;21/11/2015;Elche;Alaves;0;1;A;0;0;D;238;31;31;215;31;325;24;32;27;225;3;34;234;313;36;215;3;34;23;31;35;44;24;225;32;301;36;327;32;266;251;15;148;24;-25;199;192;196;188;228;309;381
SP2;21/11/2015;Huesca;Oviedo;0;1;A;0;0;D;23;31;325;225;3;31;21;33;31;23;32;31;237;333;33;225;3;32;23;325;33;44;245;228;333;311;33;311;32;236;22;17;163;23;0;17;164;236;225;239;339;32
SP2;21/11/2015;Mallorca;Lugo;1;1;D;0;0;D;215;31;36;195;31;375;21;33;31;21;3;38;215;323;399;2;31;38;22;313;38;44;22;21;33;307;399;359;32;265;249;156;15;23;-25;188;183;209;2;223;313;39
SP2;21/11/2015;Numancia;Mirandes;2;2;D;0;1;A;205;31;4;2;31;36;2;33;33;205;325;375;209;338;4;2;32;36;205;33;4;44;21;202;34;321;4;367;32;23;221;172;162;24;-5;21;202;186;181;252;328;309
SP2;22/11/2015;Alcorcon;Zaragoza;1;0;H;1;0;H;21;31;375;2;31;36;2;33;33;215;31;36;216;331;385;2;31;375;;;;42;22;206;331;314;39;361;31;25;236;162;154;23;-25;185;179;209;202;215;33;387
SP2;22/11/2015;Gimnastic;Llagostera;2;0;H;1;0;H;173;34;525;178;32;45;185;34;38;175;34;5;178;36;54;183;325;42;175;35;525;44;185;176;36;336;54;469;33;236;225;166;16;23;-5;184;177;216;205;174;377;546
SP2;22/11/2015;Girona;Albacete;3;0;H;2;0;H;185;33;45;18;325;42;175;34;43;185;33;45;19;346;479;185;32;42;187;34;475;44;19;183;35;33;485;433;33;23;219;169;163;24;-5;191;185;204;196;179;376;495
SP2;22/11/2015;Ponferradina;Leganes;1;0;H;0;0;D;25;3;3;225;31;3;24;32;27;24;3;31;253;313;321;23;3;31;25;313;31;44;257;241;32;304;321;297;33;239;227;166;158;24;0;178;173;221;21;275;305;3
SP2;22/11/2015;Tenerife;Cordoba;1;1;D;0;0;D;215;325;34;215;3;33;22;32;3;22;31;33;23;328;351;225;3;32;23;32;34;44;23;22;328;31;37;328;33;245;227;163;159;24;-25;2;192;195;189;237;322;342
SP2;22/11/2015;Valladolid;Osasuna;0;1;A;0;0;D;21;31;375;205;31;34;21;33;31;22;31;34;229;327;355;215;3;34;225;32;35;44;229;216;33;31;38;336;33;241;232;164;156;24;-25;197;189;198;192;224;33;363
SP2;28/11/2015;Alaves;Mallorca;1;0;H;1;0;H;183;34;45;187;31;41;185;34;38;185;325;45;189;34;494;185;32;42;19;33;48;50;19;185;34;326;494;431;37;256;24;156;152;28;-5;191;187;203;195;193;336;481
SP2;28/11/2015;Almeria;Numancia;1;1;D;1;0;H;23;33;31;22;33;295;24;32;27;225;31;33;229;331;349;23;31;3;238;32;33;50;24;224;331;314;35;315;38;228;219;169;162;28;-25;204;196;192;185;257;328;302
SP2;28/11/2015;Leganes;Ath Bilbao B;1;0;H;1;0;H;18;35;45;183;325;41;185;34;38;185;33;45;187;344;501;185;32;42;185;34;48;50;189;182;35;329;501;44;37;25;231;163;156;28;-5;19;184;206;198;172;363;595
SP2;28/11/2015;Llagostera;Huesca;2;0;H;1;0;H;275;3;275;25;3;275;26;3;26;275;3;27;289;32;272;25;3;28;28;31;28;50;289;268;32;303;28;265;37;25;238;16;153;27;0;199;191;197;189;284;323;275
SP2;28/11/2015;Osasuna;Alcorcon;1;2;A;0;1;A;215;33;34;215;3;33;22;32;3;22;3;36;227;315;374;215;31;33;225;313;36;50;227;217;33;306;374;34;37;258;243;159;151;28;-25;195;187;201;194;254;311;317
SP2;29/11/2015;Albacete;Elche;1;0;H;0;0;D;205;33;36;205;31;35;2;33;33;215;31;36;221;325;378;21;31;34;22;325;36;49;221;211;33;315;378;344;37;235;224;166;16;28;-25;191;185;204;197;225;331;358
SP2;29/11/2015;Cordoba;Oviedo;2;1;H;2;1;H;225;31;34;225;3;31;22;32;3;23;3;33;239;317;342;225;3;32;24;313;325;49;24;227;325;306;342;319;37;25;232;163;156;28;-25;206;198;193;184;243;331;321
SP2;29/11/2015;Lugo;Valladolid;1;1;D;0;0;D;225;34;31;225;3;31;22;32;3;225;3;34;234;317;356;22;3;33;23;313;35;49;234;222;34;308;356;328;37;256;239;157;153;28;-25;199;192;195;189;225;329;362
SP2;29/11/2015;Mirandes;Gimnastic;0;1;A;0;0;D;215;31;36;21;3;34;2;33;33;22;3;36;226;313;38;215;3;34;22;32;37;49;226;212;33;31;39;349;35;241;227;164;158;28;-25;192;184;207;197;209;336;404
SP2;29/11/2015;Tenerife;Girona;1;1;D;1;1;D;263;31;275;25;3;275;255;29;27;27;29;28;282;31;288;262;29;275;28;31;28;49;282;265;315;3;288;27;37;25;238;16;153;26;0;196;19;197;191;242;319;335
SP2;29/11/2015;Zaragoza;Ponferradina;2;0;H;2;0;H;191;34;4;187;32;4;195;33;35;195;32;42;199;334;447;195;31;4;193;33;46;49;2;192;34;322;46;401;37;25;237;158;154;28;-5;199;192;198;19;194;349;448
SP2;05/12/2015;Alcorcon;Lugo;1;1;D;0;1;A;17;35;525;172;34;45;175;34;43;173;34;525;176;355;568;173;32;5;175;35;55;48;176;172;36;337;568;499;37;243;234;16;155;25;-75;206;198;19;183;173;36;59
SP2;05/12/2015;Elche;Tenerife;0;0;D;0;0;D;225;3;35;22;31;31;21;33;31;22;31;34;229;325;355;22;33;3;225;32;35;49;235;22;33;311;355;328;38;25;232;162;156;26;-25;196;189;197;19;228;324;36
SP2;05/12/2015;Gimnastic;Almeria;2;2;D;2;1;H;195;31;433;19;34;36;19;33;37;195;325;4;2;343;428;191;32;4;195;34;43;49;2;193;345;329;433;389;39;24;221;17;161;27;-5;201;193;194;186;172;366;579
SP2;05/12/2015;Valladolid;Alaves;1;2;A;0;1;A;23;3;34;225;31;3;22;32;3;225;31;33;236;326;338;238;31;29;238;313;34;49;238;227;326;308;34;317;38;245;234;16;155;26;-25;202;195;191;185;235;331;336
SP2;06/12/2015;Girona;Cordoba;1;2;A;0;0;D;2;32;4;2;325;34;19;33;37;2;325;38;205;34;414;2;32;36;2;33;42;47;21;199;34;325;42;374;37;238;225;165;159;26;-5;21;199;189;182;165;373;663
SP2;06/12/2015;Huesca;Mirandes;1;2;A;0;1;A;21;31;375;22;31;31;22;32;3;215;325;34;221;338;361;215;31;33;22;325;36;48;222;214;338;316;375;336;38;23;222;169;161;26;-25;19;184;203;195;239;331;328
SP2;06/12/2015;Mallorca;Albacete;2;0;H;0;0;D;22;3;36;2;325;34;21;33;31;215;32;34;223;333;362;215;31;33;22;325;36;48;223;213;34;315;362;338;38;243;227;164;158;26;-25;192;184;202;195;234;327;343
SP2;06/12/2015;Numancia;Leganes;1;2;A;0;1;A;27;31;27;26;29;27;25;32;26;27;3;28;282;312;285;25;3;28;28;31;28;47;282;263;32;301;285;272;37;25;235;16;155;27;0;195;187;2;192;276;315;289
SP2;06/12/2015;Oviedo;Llagostera;2;1;H;2;1;H;167;34;6;162;37;475;16;36;5;162;36;575;165;389;612;167;35;5;165;375;6;47;167;162;389;359;612;549;41;221;208;18;17;25;-75;187;182;207;199;16;4;673
SP2;06/12/2015;Ponferradina;Osasuna;3;0;H;2;0;H;23;31;325;23;31;29;23;32;28;24;3;31;243;32;332;25;3;28;238;32;33;47;25;233;32;309;332;306;37;242;233;161;156;25;-25;206;199;188;182;226;322;367
SP2;07/12/2015;Ath Bilbao B;Zaragoza;0;1;A;0;1;A;24;3;32;24;31;28;24;32;27;25;3;3;256;322;309;245;29;3;255;31;31;42;258;246;322;302;32;292;36;255;241;157;152;25;0;181;175;216;206;285;316;279
SP2;12/12/2015;Alaves;Alcorcon;1;1;D;0;0;D;22;31;35;215;31;32;22;32;3;22;3;35;23;319;361;22;3;33;23;313;35;49;23;219;32;306;361;335;37;256;241;155;152;25;-25;197;19;197;191;233;319;355
SP2;12/12/2015;Cordoba;Llagostera;2;0;H;1;0;H;167;36;55;167;35;46;165;35;46;165;35;575;167;379;618;17;34;48;165;375;6;49;17;164;379;357;625;535;43;22;21;177;169;25;-75;191;184;204;197;162;393;661
SP2;12/12/2015;Girona;Elche;0;1;A;0;1;A;173;35;5;17;33;475;175;34;43;17;34;55;173;361;584;173;33;48;173;36;55;49;175;17;361;342;584;506;38;243;226;165;16;26;-5;175;17;225;216;195;336;462
SP2;12/12/2015;Lugo;Ponferradina;3;1;H;1;1;D;225;31;34;22;31;31;23;32;28;23;3;33;242;318;336;225;3;32;23;32;34;49;242;228;32;306;35;318;37;26;236;16;154;25;-25;205;196;192;185;259;316;31
SP2;12/12/2015;Tenerife;Mallorca;2;1;H;0;1;A;191;33;42;19;31;4;19;33;37;195;31;42;203;327;441;2;29;4;2;325;433;49;206;195;33;315;441;399;37;255;243;157;151;26;-5;206;197;19;184;216;318;405
SP2;13/12/2015;Albacete;Valladolid;0;1;A;0;1;A;22;32;34;225;31;3;22;32;3;215;32;35;225;331;359;215;32;32;22;33;35;48;226;217;331;316;359;329;43;219;207;181;171;25;-25;195;187;201;193;233;334;337
SP2;13/12/2015;Almeria;Huesca;1;2;A;0;2;A;238;32;3;23;31;295;22;32;3;24;31;31;243;327;326;23;3;31;245;313;32;48;245;233;327;311;326;304;37;238;229;163;157;25;-25;211;203;185;179;25;325;314
SP2;13/12/2015;Leganes;Gimnastic;1;0;H;1;0;H;183;35;433;185;31;42;19;33;37;183;325;475;183;343;529;185;32;42;183;34;5;48;19;181;35;326;529;451;37;248;23;161;156;26;-5;187;181;209;2;169;355;66
SP2;13/12/2015;Mirandes;Oviedo;1;2;A;1;0;H;22;32;34;215;32;31;22;32;3;215;325;35;219;335;37;;;;22;33;35;48;22;213;335;317;375;339;42;219;21;185;169;25;-25;19;184;205;197;223;337;357
SP2;13/12/2015;Osasuna;Ath Bilbao B;1;1;D;0;1;A;173;35;5;18;32;44;18;34;4;175;325;525;18;343;561;175;32;48;18;33;55;48;18;175;35;328;561;493;36;27;257;15;146;26;-5;182;176;213;206;196;335;459
SP2;13/12/2015;Zaragoza;Numancia;2;2;D;1;0;H;18;34;475;18;325;425;18;34;4;183;33;45;188;345;493;18;31;475;183;34;5;48;188;18;345;331;515;451;37;238;226;165;159;26;-5;188;181;208;201;202;339;427
SP2;18/12/2015;Elche;Cordoba;2;1;H;2;1;H;215;32;35;21;31;33;21;33;31;21;32;36;224;33;362;215;31;33;22;32;36;50;23;215;33;316;38;338;41;25;229;166;159;28;-25;194;186;203;194;197;343;443
SP2;19/12/2015;Gimnastic;Zaragoza;3;1;H;1;0;H;22;31;35;22;31;31;22;32;3;23;3;34;234;312;357;225;3;32;23;32;35;49;236;225;32;304;357;328;36;25;234;16;155;26;-25;2;194;195;188;23;317;364
SP2;19/12/2015;Mallorca;Girona;1;1;D;1;0;H;25;3;3;255;285;28;25;32;26;26;3;29;27;309;306;25;29;29;27;31;29;48;27;254;32;297;306;288;34;261;242;155;152;26;0;189;182;21;199;261;311;313
SP2;19/12/2015;Numancia;Osasuna;1;3;A;0;0;D;215;3;375;225;31;3;22;32;3;225;31;33;227;326;359;225;3;32;225;325;35;49;227;221;328;311;375;33;36;238;226;164;159;26;-25;194;188;2;193;229;327;353
SP2;19/12/2015;Ponferradina;Alaves;0;1;A;0;0;D;23;31;33;225;3;31;23;32;28;238;3;325;244;314;336;23;3;31;238;31;34;49;244;231;32;304;34;317;37;257;244;158;151;26;-25;206;198;189;184;256;315;315
SP2;20/12/2015;Alcorcon;Albacete;1;0;H;1;0;H;173;35;5;17;34;45;175;34;43;175;34;5;175;367;549;173;33;48;18;35;52;46;18;172;367;345;549;482;35;23;221;168;162;24;-75;207;199;187;182;19;353;462
SP2;20/12/2015;Huesca;Leganes;1;1;D;0;0;D;27;31;27;255;295;27;26;3;26;288;3;262;283;31;286;28;3;25;288;3;275;47;288;272;31;298;286;265;36;261;245;154;151;24;0;2;193;194;188;28;309;29
SP2;20/12/2015;Llagostera;Mirandes;0;0;D;0;0;D;29;31;25;27;32;24;27;32;24;29;31;25;3;328;259;28;31;245;29;325;255;46;3;282;328;314;259;246;40;216;208;182;171;24;0;212;203;184;178;307;332;251
SP2;20/12/2015;Oviedo;Almeria;1;0;H;1;0;H;175;35;475;17;34;46;175;34;43;175;34;475;179;362;527;173;34;46;175;36;52;46;183;174;362;344;527;466;40;22;208;182;171;23;-5;184;177;216;205;184;367;48
SP2;20/12/2015;Valladolid;Tenerife;4;1;H;2;1;H;215;31;36;205;31;35;2;33;33;21;31;375;216;329;396;215;3;34;21;33;38;47;216;207;33;315;396;357;36;233;222;165;161;25;-25;184;178;212;204;191;346;473
SP2;21/12/2015;Ath Bilbao B;Lugo;1;1;D;1;1;D;23;31;33;225;3;31;23;32;28;238;3;325;239;313;348;238;28;32;238;31;34;42;243;231;32;3;348;32;34;265;253;151;148;23;-25;206;197;192;184;258;308;319
SP2;02/01/2016;Alaves;Ath Bilbao B;3;0;H;2;0;H;167;33;6;17;32;5;175;34;43;17;34;525;172;364;591;173;32;5;17;35;6;50;177;169;364;341;6;522;37;25;237;159;154;27;-5;177;171;225;215;168;364;643
SP2;02/01/2016;Elche;Mallorca;1;1;D;1;0;H;191;33;42;187;31;41;19;33;37;185;32;45;195;334;469;191;3;42;193;33;46;50;195;19;341;321;469;419;37;255;245;155;151;29;-5;196;191;198;191;192;322;516
SP2;02/01/2016;Osasuna;Gimnastic;1;1;D;0;0;D;195;33;4;191;3;41;19;33;37;195;31;433;201;328;449;195;32;38;195;33;433;50;201;194;335;32;449;402;39;237;226;168;16;29;-5;201;195;193;187;212;308;437
SP2;03/01/2016;Albacete;Ponferradina;2;2;D;1;0;H;215;3;38;21;29;36;22;32;3;215;31;35;222;329;369;215;31;33;22;32;36;50;224;215;332;313;38;342;37;238;227;165;158;28;-25;192;186;202;195;2;347;423
SP2;03/01/2016;Almeria;Llagostera;2;1;H;0;0;D;183;32;475;18;31;45;19;33;37;185;33;45;187;352;485;185;32;42;187;35;46;50;19;184;353;334;485;432;41;231;219;17;164;29;-5;19;185;204;197;188;351;481
SP2;03/01/2016;Cordoba;Mirandes;1;2;A;0;1;A;225;31;34;22;29;33;21;33;31;215;325;34;224;336;356;215;32;32;22;33;35;50;227;217;336;32;356;329;44;221;21;177;169;28;-25;193;187;2;194;25;317;322
SP2;03/01/2016;Leganes;Oviedo;1;1;D;1;0;H;18;325;5;178;31;46;18;34;4;185;33;45;19;339;489;18;325;44;185;34;48;50;19;182;345;33;5;446;37;232;223;166;161;29;-5;19;183;206;198;203;317;459
SP2;03/01/2016;Lugo;Numancia;2;3;A;1;1;D;22;31;35;21;29;36;2;33;33;215;3;36;223;314;387;215;31;33;22;32;36;50;223;215;33;308;387;347;37;242;229;161;157;28;-25;194;187;204;195;237;3;371
SP2;03/01/2016;Zaragoza;Huesca;3;3;D;1;0;H;195;32;42;195;295;4;19;33;37;195;325;42;202;336;43;195;32;38;2;33;42;50;202;194;337;322;433;399;37;236;225;165;16;29;-5;202;196;192;186;188;352;481
SP2;04/01/2016;Girona;Valladolid;1;0;H;0;0;D;21;32;36;195;295;4;2;33;33;205;31;38;216;324;394;2;32;36;21;325;39;47;216;206;33;316;4;362;36;231;224;166;16;26;-5;217;207;182;175;227;307;387
SP2;04/01/2016;Tenerife;Alcorcon;1;2;A;0;2;A;25;3;3;245;29;29;25;32;26;25;3;3;257;318;311;25;3;28;26;31;3;48;26;247;32;303;311;291;37;25;243;157;152;26;-25;222;211;177;172;266;309;307
SP2;09/01/2016;Alcorcon;Girona;1;0;H;1;0;H;205;32;375;21;3;34;21;33;31;21;31;375;218;324;388;205;3;375;21;31;38;46;219;209;33;312;4;361;35;261;249;153;15;26;-25;185;18;21;203;219;299;429
SP2;09/01/2016;Ath Bilbao B;Albacete;0;1;A;0;0;D;26;3;29;265;29;265;24;32;27;26;3;28;266;32;297;25;31;275;255;31;288;46;266;253;32;308;297;279;35;25;232;163;156;25;0;186;181;207;2;243;31;338
SP2;09/01/2016;Gimnastic;Lugo;1;2;A;0;0;D;2;31;42;195;31;375;2;33;33;205;3;42;211;307;443;2;31;38;2;313;42;46;211;2;33;308;443;394;35;26;247;154;15;26;-5;211;202;188;181;195;315;511
SP2;09/01/2016;Numancia;Alaves;0;1;A;0;0;D;25;31;29;24;325;265;26;3;26;24;31;29;249;329;313;245;3;288;25;31;3;46;26;244;329;311;313;288;35;235;226;165;16;25;0;181;177;219;205;238;317;346
SP2;09/01/2016;Valladolid;Elche;1;1;D;0;0;D;2;31;42;205;31;34;2;33;33;205;31;38;213;324;408;205;31;36;205;32;39;46;213;204;33;314;42;37;35;241;23;161;157;26;-5;214;204;185;179;226;322;367
SP2;10/01/2016;Cordoba;Mallorca;3;1;H;2;0;H;205;31;4;195;31;375;2;33;33;21;31;38;212;328;402;205;3;375;205;31;4;45;212;204;33;311;402;375;34;263;251;151;149;26;-5;213;206;183;178;236;314;353
SP2;10/01/2016;Huesca;Osasuna;0;1;A;0;1;A;24;3;32;22;3;32;24;32;27;24;31;31;242;323;331;23;3;31;23;313;33;46;242;231;323;308;331;312;35;242;23;161;157;26;-25;205;198;191;184;222;326;372
SP2;10/01/2016;Llagostera;Leganes;0;1;A;0;1;A;36;31;215;325;31;215;31;33;21;375;31;21;393;33;214;36;31;205;375;313;21;46;393;354;33;314;219;21;35;249;236;158;155;24;25;21;201;186;182;41;316;215
SP2;10/01/2016;Mirandes;Almeria;1;1;D;0;0;D;2;32;4;195;33;35;185;34;38;195;32;42;203;333;43;185;32;42;195;325;41;46;205;196;34;322;43;39;35;238;226;164;159;26;-5;206;198;191;184;194;336;477
SP2;10/01/2016;Oviedo;Zaragoza;1;0;H;1;0;H;215;31;36;205;32;33;21;33;31;215;32;35;217;337;375;21;31;34;215;32;36;45;218;211;337;319;375;345;36;228;221;17;163;26;-25;189;183;206;2;229;336;343
SP2;10/01/2016;Ponferradina;Tenerife;0;1;A;0;0;D;205;32;38;205;31;34;2;33;33;215;31;36;225;319;375;21;31;34;215;313;36;45;225;211;335;316;385;347;34;238;227;165;159;26;-25;19;184;205;199;226;305;384
SP2;16/01/2016;Albacete;Numancia;0;2;A;0;1;A;22;32;34;22;32;3;22;32;3;225;31;325;235;334;334;22;31;32;225;32;34;43;235;222;334;319;34;319;40;22;211;178;169;25;-25;2;192;197;19;206;349;396
SP2;16/01/2016;Elche;Alcorcon;2;0;H;1;0;H;238;3;325;245;28;3;25;3;28;24;29;325;244;308;344;25;28;3;238;3;34;43;25;236;31;297;344;317;36;275;262;15;145;25;-25;206;2;188;183;251;305;335
SP2;16/01/2016;Osasuna;Oviedo;0;0;D;0;0;D;22;31;35;22;3;32;22;32;3;22;3;35;225;317;377;215;31;33;225;313;35;43;235;22;325;307;377;338;35;24;229;163;157;25;-25;196;191;203;192;211;296;465
SP2;16/01/2016;Tenerife;Ath Bilbao B;2;0;H;2;0;H;18;325;5;183;325;41;19;32;38;185;32;475;193;332;488;185;31;44;187;325;48;43;192;184;34;322;525;449;35;264;249;153;15;25;-5;192;186;206;196;185;329;55
SP2;16/01/2016;Zaragoza;Llagostera;1;0;H;1;0;H;15;36;8;157;36;55;15;38;57;155;38;65;155;407;745;155;36;6;153;39;7;43;157;151;41;379;8;657;40;225;21;177;169;25;-1;202;194;195;188;152;406;835
SP2;17/01/2016;Alaves;Gimnastic;1;3;A;0;1;A;195;32;42;18;325;42;19;33;37;191;32;433;196;336;46;195;31;4;193;325;45;43;196;19;34;324;46;417;35;251;237;157;154;25;-5;197;191;197;192;182;343;545
SP2;17/01/2016;Almeria;Cordoba;0;1;A;0;0;D;238;31;31;23;31;295;24;32;27;24;31;31;242;324;33;225;31;31;238;313;32;42;25;234;324;312;33;306;32;238;224;165;16;25;-25;214;202;189;181;286;318;277
SP2;17/01/2016;Girona;Ponferradina;4;0;H;1;0;H;185;33;45;183;325;4;185;34;38;185;325;45;19;341;485;185;32;42;185;33;48;43;191;185;345;329;485;432;35;244;231;16;156;25;-5;191;186;203;196;166;359;7
SP2;17/01/2016;Leganes;Mirandes;4;0;H;3;0;H;185;32;475;185;325;4;18;34;4;185;31;475;196;316;504;183;31;45;19;33;46;43;196;187;34;315;504;446;35;243;231;161;156;25;-5;195;19;202;193;19;317;545
SP2;17/01/2016;Lugo;Huesca;1;1;D;1;0;H;21;31;375;21;31;33;21;33;31;22;31;35;226;321;37;215;31;33;22;313;36;43;226;216;33;313;375;339;35;245;232;161;156;25;-25;192;187;202;195;247;313;333
SP2;17/01/2016;Mallorca;Valladolid;0;1;A;0;0;D;24;31;31;225;31;3;23;31;29;238;3;32;245;32;329;23;3;31;245;31;313;43;245;235;325;307;329;307;35;25;237;161;154;25;-25;213;204;186;179;22;327;378
SP2;23/01/2016;Alaves;Huesca;1;0;H;1;0;H;195;33;4;187;32;39;185;34;38;191;33;42;196;344;444;185;32;42;193;33;44;46;196;189;344;325;45;412;34;241;228;163;158;25;-5;198;191;196;191;206;328;425
SP2;23/01/2016;Girona;Ath Bilbao B;2;1;H;1;1;D;15;36;8;157;35;575;16;36;5;157;36;65;158;384;762;157;33;65;153;38;75;46;16;153;384;359;8;674;31;252;238;158;154;23;-1;203;197;191;184;152;404;853
SP2;23/01/2016;Leganes;Almeria;2;1;H;2;0;H;162;34;65;167;35;475;16;36;5;162;36;6;165;383;637;165;35;5;162;37;625;46;167;161;383;355;65;572;31;233;224;165;16;24;-75;187;181;206;2;17;369;606
SP2;23/01/2016;Lugo;Oviedo;2;2;D;2;2;D;238;3;32;245;31;27;25;32;26;24;31;31;241;33;325;25;3;28;24;313;32;45;25;238;33;31;325;298;33;242;23;164;157;24;-25;211;203;185;179;25;317;317
SP2;23/01/2016;Mallorca;Alcorcon;1;0;H;0;0;D;245;3;31;225;3;31;25;32;26;25;3;3;25;323;316;25;28;3;255;3;31;46;26;245;323;301;316;295;34;27;251;151;149;24;0;18;175;217;207;256;301;331
SP2;24/01/2016;Albacete;Gimnastic;1;1;D;0;0;D;23;31;33;215;325;31;21;33;31;22;325;33;224;346;346;215;31;33;225;325;34;45;23;219;346;32;35;324;33;228;215;174;165;25;-25;199;191;198;191;236;327;339
SP2;24/01/2016;Elche;Ponferradina;1;0;H;0;0;D;18;33;475;18;325;425;18;34;4;175;33;5;182;35;525;18;32;45;18;34;5;45;183;178;35;331;525;469;31;248;235;158;155;24;-5;183;178;213;204;198;338;444
SP2;24/01/2016;Osasuna;Llagostera;3;0;H;1;0;H;16;34;7;15;36;65;155;37;54;16;36;6;161;39;666;157;35;6;16;375;625;45;163;158;39;36;7;606;34;227;219;168;163;24;-75;186;178;212;203;153;398;83
SP2;24/01/2016;Tenerife;Numancia;0;0;D;0;0;D;21;32;36;195;33;35;21;33;31;21;31;375;225;315;381;205;31;36;215;325;36;45;225;211;33;313;381;351;31;233;22;169;162;25;-25;188;183;205;199;2;335;444
SP2;24/01/2016;Valladolid;Cordoba;2;0;H;2;0;H;22;31;35;225;325;285;23;32;28;22;32;34;222;336;361;215;31;33;22;325;35;45;23;217;336;317;361;33;34;231;221;166;162;25;-25;193;187;203;194;203;343;415
SP2;24/01/2016;Zaragoza;Mirandes;1;2;A;1;1;D;191;32;433;191;325;375;19;33;37;195;3;433;202;316;453;195;32;38;195;325;433;45;202;194;335;316;453;405;31;236;226;164;159;25;-5;201;194;193;187;193;345;464
SP2;30/01/2016;Alcorcon;Valladolid;0;0;D;0;0;D;205;32;375;2;32;35;2;33;33;205;3;4;213;319;412;2;31;375;205;32;4;44;215;204;33;313;412;373;32;251;24;157;153;23;-5;213;206;182;178;228;317;368
SP2;30/01/2016;Cordoba;Leganes;2;3;A;1;0;H;26;3;29;255;29;275;26;3;26;262;288;29;278;299;305;25;3;28;27;3;29;44;278;259;309;293;305;284;32;261;248;153;15;25;0;188;182;207;199;302;311;268
SP2;30/01/2016;Huesca;Albacete;3;1;H;1;0;H;185;34;433;195;31;375;19;33;37;195;33;4;197;352;427;191;32;4;191;34;43;44;2;192;352;333;433;392;34;22;213;176;167;23;-5;197;192;198;19;193;35;449
SP2;30/01/2016;Llagostera;Lugo;0;0;D;0;0;D;255;32;28;26;285;275;26;3;26;262;3;28;277;315;289;27;29;27;275;3;28;44;277;264;32;3;289;273;32;252;24;157;153;25;0;194;188;2;193;28;32;281
SP2;30/01/2016;Oviedo;Alaves;1;1;D;1;0;H;225;31;34;22;3;325;22;32;3;225;31;33;237;325;339;225;3;32;23;32;33;44;237;225;325;31;34;322;32;237;226;163;159;23;-25;202;197;192;186;257;326;304
SP2;31/01/2016;Almeria;Zaragoza;2;1;H;0;0;D;26;31;28;265;29;265;26;3;26;262;31;28;266;327;292;25;3;28;263;313;288;44;266;257;33;308;292;276;32;233;222;171;162;25;0;19;184;205;198;233;33;341
SP2;31/01/2016;Ath Bilbao B;Elche;0;1;A;0;0;D;27;3;275;255;3;265;26;3;26;275;3;275;284;312;284;26;288;28;28;3;28;43;284;269;312;296;284;272;31;261;25;152;149;25;0;196;19;198;191;275;308;297
SP2;31/01/2016;Gimnastic;Tenerife;2;1;H;2;0;H;21;33;35;205;3;36;21;33;31;21;31;36;218;327;383;205;31;36;215;32;37;44;222;21;33;313;383;354;32;24;228;164;158;23;-25;189;183;206;2;212;326;404
SP2;31/01/2016;Mirandes;Osasuna;4;0;H;0;0;D;23;325;31;225;295;32;22;32;3;23;3;325;243;32;333;23;3;31;238;313;325;40;243;231;325;308;333;314;31;245;232;164;157;23;-25;205;2;188;183;247;315;33
SP2;31/01/2016;Numancia;Girona;1;1;D;1;0;H;27;3;275;27;3;25;26;32;25;27;3;275;282;309;286;27;3;26;275;31;275;44;282;268;32;301;286;268;32;243;234;16;155;25;0;196;19;198;191;295;316;27
SP2;31/01/2016;Ponferradina;Mallorca;0;2;A;0;0;D;215;3;375;215;31;32;2;33;33;215;31;36;227;323;364;195;325;375;22;32;35;43;23;216;33;313;375;341;29;249;234;16;155;21;-25;193;188;2;194;243;319;333
SP2;06/02/2016;Albacete;Oviedo;2;2;D;2;0;H;238;325;3;235;32;28;23;32;28;23;31;32;236;332;333;238;32;28;23;325;32;43;24;231;333;318;333;305;37;229;213;174;167;22;0;172;166;235;222;233;33;342
SP2;06/02/2016;Elche;Numancia;0;0;D;0;0;D;205;32;375;2;32;35;2;33;33;205;32;38;213;333;394;191;31;39;21;313;39;43;215;204;333;318;394;369;33;244;234;161;155;22;-25;182;178;213;206;223;325;373
SP2;06/02/2016;Tenerife;Huesca;1;1;D;1;0;H;22;31;35;21;31;33;22;32;3;22;31;34;23;329;351;215;3;34;225;313;35;43;232;22;329;313;351;33;33;24;233;162;156;22;-25;199;191;198;192;215;317;4
SP2;06/02/2016;Valladolid;Ponferradina;0;0;D;0;0;D;173;35;5;17;34;46;175;34;43;173;35;5;178;366;525;175;34;45;173;36;52;43;18;172;37;35;55;483;37;225;213;174;167;22;-75;204;197;193;186;166;379;634
SP2;06/02/2016;Zaragoza;Leganes;1;0;H;0;0;D;25;3;3;255;285;28;25;32;26;262;3;288;267;318;297;25;3;28;26;31;29;43;267;255;319;303;3;283;33;249;239;157;153;23;0;186;18;209;203;27;306;3
SP2;07/02/2016;Alaves;Llagostera;1;0;H;0;0;D;144;4;85;142;37;8;145;39;65;144;4;8;143;445;968;144;38;75;144;42;85;43;148;142;445;406;968;802;37;22;211;176;169;25;-1;182;176;223;207;138;484;106
SP2;07/02/2016;Alcorcon;Cordoba;3;3;D;2;2;D;185;34;433;19;31;4;185;34;38;185;325;45;193;341;467;185;32;42;19;33;46;43;194;187;341;325;467;429;33;251;237;157;154;22;-5;194;188;2;194;203;336;424
SP2;07/02/2016;Girona;Gimnastic;1;1;D;0;1;A;18;34;475;172;34;45;18;34;4;175;34;5;185;352;496;18;32;45;18;34;5;43;187;179;352;334;5;46;33;243;226;165;159;22;-5;186;181;208;202;172;362;6
SP2;07/02/2016;Lugo;Mirandes;1;4;A;0;1;A;238;31;31;225;31;3;23;32;28;24;31;31;249;317;326;23;31;3;238;313;32;43;249;236;326;309;326;305;33;231;221;167;162;22;0;175;169;226;218;216;311;415
SP2;07/02/2016;Mallorca;Ath Bilbao B;2;3;A;1;1;D;153;35;75;162;34;525;16;36;5;162;35;65;161;371;733;165;33;55;157;37;7;43;165;157;38;355;75;639;33;257;244;154;151;24;-1;22;21;181;173;163;396;638
SP2;07/02/2016;Osasuna;Almeria;0;0;D;0;0;D;185;33;45;17;33;475;185;34;38;185;33;45;192;342;474;183;31;45;185;33;48;42;193;184;342;327;48;442;32;247;237;158;154;22;-5;192;185;206;198;196;331;467
SP2;13/02/2016;Almeria;Lugo;0;2;A;0;0;D;215;31;36;21;31;33;21;33;31;215;32;35;217;332;382;215;3;34;21;32;375;42;22;211;332;315;382;35;30;241;232;161;156;24;-25;188;181;209;201;213;326;4
SP2;13/02/2016;Ath Bilbao B;Valladolid;0;1;A;0;1;A;31;29;25;29;3;235;27;32;24;3;3;25;298;316;268;29;3;245;29;31;26;41;31;288;32;302;268;251;31;252;24;16;153;24;0;209;203;184;179;289;317;274
SP2;13/02/2016;Gimnastic;Elche;1;0;H;1;0;H;215;29;39;2;31;36;21;33;31;215;29;38;224;309;392;215;29;36;215;31;38;42;224;213;33;3;392;364;31;258;247;153;15;24;-25;189;182;206;2;211;307;445
SP2;13/02/2016;Mirandes;Alaves;0;0;D;0;0;D;238;3;32;225;3;31;23;32;28;238;31;31;236;323;344;23;3;31;238;313;325;41;238;232;323;307;344;314;30;241;23;161;157;24;-25;207;199;19;183;254;299;338
SP2;13/02/2016;Ponferradina;Alcorcon;0;0;D;0;0;D;25;31;28;24;3;285;23;32;28;25;3;3;271;308;302;25;29;29;263;31;29;41;271;254;32;299;302;285;30;264;243;16;151;24;0;187;182;208;2;314;308;262
SP2;14/02/2016;Cordoba;Zaragoza;0;2;A;0;1;A;225;31;34;215;31;32;22;32;3;225;32;325;229;331;349;225;32;3;225;325;34;41;233;221;333;319;349;323;33;225;214;172;166;24;-25;199;191;196;19;203;336;425
SP2;14/02/2016;Huesca;Girona;0;1;A;0;1;A;238;31;31;23;3;3;23;32;28;24;29;33;244;307;345;23;3;31;24;313;32;41;244;235;319;302;345;313;31;25;232;165;156;24;-25;211;203;188;179;278;298;304
SP2;14/02/2016;Leganes;Osasuna;2;0;H;1;0;H;191;32;433;185;325;4;185;34;38;191;31;45;191;332;499;191;32;4;191;33;45;41;194;188;34;321;499;43;31;24;23;163;157;23;-5;196;189;201;193;194;319;507
SP2;14/02/2016;Llagostera;Albacete;2;0;H;0;0;D;27;3;28;24;31;28;26;3;26;262;31;275;273;324;285;26;3;27;27;32;275;41;273;26;329;311;285;272;33;225;218;17;164;24;0;193;187;201;195;289;317;275
SP2;14/02/2016;Numancia;Mallorca;2;0;H;1;0;H;24;3;32;225;3;31;23;32;28;24;3;31;254;32;313;245;29;3;25;313;3;41;254;24;321;306;32;301;31;25;234;161;156;24;-25;217;209;182;175;21;324;416
SP2;14/02/2016;Oviedo;Tenerife;1;0;H;1;0;H;215;31;36;2;31;36;21;33;31;22;31;35;219;328;379;205;31;36;22;313;36;41;223;213;33;315;38;348;31;241;232;161;156;24;-25;192;185;205;197;207;329;419
SP2;20/02/2016;Albacete;Mirandes;1;1;D;1;0;H;23;325;31;23;32;28;22;32;3;23;32;31;239;333;326;23;31;3;23;33;32;44;239;229;333;32;326;307;36;22;208;179;171;26;-25;205;198;19;185;239;333;326
SP2;20/02/2016;Alcorcon;Ath Bilbao B;1;0;H;0;0;D;157;375;6;153;36;6;155;37;54;157;36;65;158;388;735;157;35;6;157;375;7;44;161;155;388;364;735;639;31;24;227;163;158;27;-1;211;204;185;178;169;37;607
SP2;20/02/2016;Lugo;Leganes;1;2;A;1;1;D;31;31;238;3;31;225;27;32;24;3;3;25;314;313;258;3;288;245;31;3;255;44;314;301;32;299;258;244;32;265;252;151;148;25;25;18;173;219;211;314;304;265
SP2;20/02/2016;Mallorca;Gimnastic;2;2;D;0;2;A;2;32;4;2;3;38;21;31;33;215;3;36;209;324;419;215;3;34;21;31;4;44;215;207;33;312;419;37;32;261;251;152;149;26;-25;183;177;217;207;204;317;453
SP2;20/02/2016;Ponferradina;Cordoba;1;3;A;0;2;A;24;32;3;225;31;3;24;31;28;25;31;288;261;326;298;245;3;288;255;313;3;44;261;247;326;307;305;29;32;238;227;163;158;26;0;185;178;212;205;235;315;355
SP2;21/02/2016;Alaves;Almeria;1;1;D;0;1;A;173;34;525;167;34;475;17;34;46;175;34;5;178;358;55;175;325;475;175;34;54;44;18;174;358;337;55;494;32;239;231;162;156;26;-75;205;199;189;183;181;35;537
SP2;21/02/2016;Elche;Huesca;1;1;D;0;1;A;205;31;4;205;3;36;22;3;32;205;31;38;21;327;411;215;29;36;21;31;4;44;22;208;327;308;411;371;32;27;258;264;245;26;-25;183;179;214;204;199;339;44
SP2;21/02/2016;Girona;Oviedo;1;1;D;0;0;D;18;35;45;18;33;41;175;34;43;183;33;475;188;344;495;18;325;44;185;34;46;44;191;183;35;331;495;442;31;234;224;164;161;25;-5;192;186;204;197;201;338;43
SP2;21/02/2016;Osasuna;Zaragoza;1;1;D;0;1;A;21;32;36;195;31;375;21;31;33;21;3;38;217;314;406;205;3;375;21;313;39;44;219;208;32;309;406;369;32;258;246;269;255;26;-25;185;179;153;15;255;309;323
SP2;21/02/2016;Tenerife;Llagostera;3;1;H;2;1;H;153;36;75;153;36;6;155;37;54;16;36;6;16;393;68;157;35;6;157;375;7;44;16;156;393;364;75;626;31;237;225;163;16;26;-75;181;176;214;207;171;361;607
SP2;21/02/2016;Valladolid;Numancia;2;2;D;1;1;D;183;325;475;175;33;45;185;33;39;185;32;475;193;33;494;18;325;44;185;34;46;44;192;184;34;326;494;447;32;231;222;166;161;25;-5;19;186;203;197;205;328;427
SP2;27/02/2016;Ath Bilbao B;Ponferradina;4;2;H;2;1;H;225;3;35;23;295;31;22;32;3;24;3;325;239;31;352;23;3;31;238;3;34;47;24;229;32;3;352;324;31;268;248;153;15;27;-25;203;197;19;185;221;314;392
SP2;27/02/2016;Cordoba;Osasuna;0;1;A;0;0;D;215;32;35;21;3;34;2;33;33;21;3;38;217;318;402;215;3;34;215;32;37;47;217;21;33;31;402;356;33;244;23;16;157;27;-25;186;182;209;2;237;304;366
SP2;27/02/2016;Llagostera;Girona;0;1;A;0;0;D;36;32;21;34;3;21;32;32;21;375;31;21;382;329;215;36;31;205;38;313;215;47;382;356;329;314;215;209;33;251;24;159;153;27;25;21;202;187;18;366;328;224
SP2;27/02/2016;Numancia;Alcorcon;1;1;D;1;0;H;23;31;33;225;31;3;23;32;28;23;31;33;237;324;341;225;3;32;23;313;34;47;237;227;324;307;341;32;32;242;23;161;157;27;-25;202;196;192;186;255;297;337
SP2;28/02/2016;Almeria;Albacete;1;0;H;0;0;D;2;32;4;21;31;33;2;33;33;205;32;375;209;334;404;2;32;36;205;33;38;45;212;204;334;32;404;366;34;227;217;17;164;26;-25;181;176;216;207;212;333;387
SP2;28/02/2016;Gimnastic;Valladolid;1;1;D;1;1;D;23;3;34;23;295;31;22;32;3;23;31;33;244;322;329;225;3;32;238;313;325;45;244;231;322;307;34;316;33;235;226;164;159;26;-25;208;2;187;182;305;321;26
SP2;28/02/2016;Leganes;Alaves;2;0;H;1;0;H;2;3;433;205;31;35;2;33;33;2;31;4;202;332;436;2;31;38;2;32;42;45;205;198;332;316;436;394;33;261;243;155;152;26;-25;177;171;223;214;185;34;53
SP2;28/02/2016;Mirandes;Tenerife;1;2;A;0;1;A;2;33;38;195;32;37;2;33;33;2;325;38;207;339;405;2;32;36;205;33;39;45;207;201;339;325;405;371;38;223;209;175;17;25;-5;208;202;186;181;196;34;453
SP2;28/02/2016;Oviedo;Elche;3;0;H;0;0;D;191;31;45;2;3;37;19;33;37;195;31;42;196;34;453;2;31;38;2;325;42;45;2;195;34;32;453;401;32;242;233;161;156;25;-25;174;169;226;218;207;33;419
SP2;28/02/2016;Zaragoza;Lugo;3;1;H;0;0;D;183;32;475;185;32;41;185;34;38;185;325;45;187;341;51;185;32;42;185;33;48;45;19;184;341;326;51;447;33;24;234;162;156;25;-5;189;184;205;199;199;337;442
SP2;05/03/2016;Ath Bilbao B;Cordoba;1;2;A;0;1;A;24;3;32;235;285;31;24;32;27;25;31;29;254;318;315;25;3;28;255;31;3;43;255;245;32;305;32;294;32;242;233;161;156;24;0;179;174;219;211;209;335;404
SP2;05/03/2016;Elche;Llagostera;1;1;D;0;0;D;162;34;65;16;325;6;16;36;5;162;35;6;164;377;675;16;35;55;162;37;625;43;164;16;377;357;675;593;29;232;223;166;161;25;-75;187;181;208;202;158;397;713
SP2;05/03/2016;Girona;Mirandes;2;0;H;0;0;D;191;31;45;195;295;4;19;33;37;2;33;38;2;345;425;2;32;36;195;33;42;42;2;195;345;326;45;39;31;23;222;17;162;24;-25;173;168;227;219;185;354;477
SP2;05/03/2016;Lugo;Osasuna;2;0;H;0;0;D;25;31;3;235;295;3;23;32;28;24;3;3;262;315;307;245;29;3;245;31;31;43;262;244;32;304;31;296;32;251;24;156;153;25;-25;22;209;18;175;265;316;302
SP2;05/03/2016;Mallorca;Oviedo;1;0;H;0;0;D;238;3;325;245;285;29;23;32;28;238;31;31;238;329;331;23;3;31;24;313;32;43;245;233;329;309;331;309;32;25;232;162;156;25;-25;208;201;188;182;255;321;312
SP2;06/03/2016;Alaves;Zaragoza;0;0;D;0;0;D;205;31;4;195;295;4;2;33;33;205;31;38;216;328;388;205;31;36;21;32;375;43;216;207;33;314;4;363;32;246;228;162;158;24;-25;186;18;209;203;269;305;308
SP2;06/03/2016;Albacete;Leganes;0;3;A;0;2;A;36;3;22;34;295;215;3;32;22;33;31;23;342;332;231;32;3;225;34;313;225;43;36;326;332;312;232;223;30;236;227;164;158;25;25;194;189;199;193;36;313;234
SP2;06/03/2016;Alcorcon;Gimnastic;1;1;D;0;0;D;175;325;55;18;31;45;18;34;4;18;33;475;185;346;516;18;32;45;18;34;5;43;185;179;346;329;55;472;32;245;235;159;155;23;-5;184;18;209;203;17;343;684
SP2;06/03/2016;Ponferradina;Numancia;1;0;H;0;0;D;26;31;28;245;3;28;25;32;26;26;31;28;272;322;289;26;3;27;263;31;288;43;272;259;322;304;289;276;32;245;235;161;155;24;0;19;185;203;197;304;316;264
SP2;06/03/2016;Tenerife;Almeria;0;0;D;0;0;D;205;325;375;191;32;38;2;33;33;21;325;35;218;336;372;2;32;36;215;325;36;43;218;209;336;319;38;352;36;23;221;172;163;25;-25;188;183;205;2;214;331;393
SP2;06/03/2016;Valladolid;Huesca;0;1;A;0;1;A;185;35;42;178;34;41;185;34;38;185;34;433;193;346;461;185;32;42;187;34;46;43;192;186;35;333;461;423;31;233;222;165;161;24;-5;192;187;203;195;186;357;482
SP2;12/03/2016;Almeria;Girona;1;0;H;1;0;H;28;3;27;27;3;25;26;3;26;275;31;27;291;312;279;262;3;262;275;31;275;42;291;271;32;303;279;265;31;236;226;164;159;24;0;199;193;196;189;281;313;286
SP2;12/03/2016;Mirandes;Elche;1;2;A;1;0;H;21;3;4;21;3;34;21;31;33;215;32;35;22;334;367;21;31;34;215;325;36;42;22;213;334;317;4;343;33;23;218;172;163;24;-25;192;186;205;196;226;325;363
SP2;12/03/2016;Numancia;Ath Bilbao B;3;2;H;1;1;D;185;33;45;19;31;4;185;34;38;185;33;45;189;343;487;185;32;42;187;34;46;42;191;185;345;329;487;431;29;235;224;17;16;23;-5;192;187;203;196;185;346;52
SP2;12/03/2016;Oviedo;Valladolid;2;4;A;1;3;A;215;3;38;21;32;325;21;31;33;215;32;35;214;338;381;215;32;32;215;33;36;43;22;211;338;32;381;343;36;221;21;177;169;24;-25;188;183;208;199;206;332;419
SP2;12/03/2016;Zaragoza;Albacete;1;0;H;0;0;D;167;35;55;17;33;475;165;35;46;167;36;525;173;372;565;165;35;5;17;36;54;43;173;167;372;352;6;514;37;219;207;178;171;24;-75;198;192;196;19;17;38;578
SP2;13/03/2016;Cordoba;Lugo;1;2;A;0;2;A;2;33;38;2;325;34;2;31;35;2;31;4;211;323;411;2;32;36;205;33;38;42;212;204;33;319;411;367;35;225;214;171;166;24;-25;18;175;216;207;226;322;368
SP2;13/03/2016;Gimnastic;Ponferradina;1;1;D;0;1;A;18;33;475;172;35;433;175;34;43;18;33;5;185;344;516;175;325;475;18;34;5;42;185;178;35;331;525;472;31;238;226;164;158;23;-5;186;179;212;203;179;351;548
SP2;13/03/2016;Huesca;Alcorcon;1;0;H;1;0;H;245;29;32;25;3;275;24;3;29;25;29;31;262;305;318;245;288;3;255;3;31;42;262;248;315;296;32;298;32;267;251;154;148;24;0;181;176;214;208;257;313;316
SP2;13/03/2016;Leganes;Tenerife;0;1;A;0;0;D;153;375;7;15;36;625;155;37;54;155;36;7;156;393;777;155;36;6;155;38;7;42;157;154;393;369;777;649;36;225;217;171;165;26;-1;206;199;188;182;164;377;665
SP2;13/03/2016;Llagostera;Mallorca;3;0;H;1;0;H;29;3;26;26;3;26;26;3;26;288;3;262;296;312;275;27;3;26;288;3;27;42;296;277;312;3;275;261;32;251;238;157;154;24;0;204;197;195;185;289;325;27
SP2;13/03/2016;Osasuna;Alaves;3;1;H;3;1;H;225;29;36;22;3;32;22;3;32;23;3;34;234;309;364;225;29;33;23;3;35;42;239;226;309;296;364;337;32;274;259;15;146;24;-25;202;193;194;188;241;304;355
SP2;16/03/2016;Huesca;Mallorca;1;2;A;0;2;A;21;32;36;21;3;34;2;33;33;21;31;36;215;324;398;21;31;36;21;32;375;37;219;21;33;313;398;36;29;243;233;16;155;23;-25;187;18;209;203;2;345;433
SP2;19/03/2016;Alaves;Lugo;0;0;D;0;0;D;191;31;45;191;3;41;19;33;37;191;32;433;193;334;479;195;3;42;187;325;475;41;195;19;345;318;479;422;29;256;245;154;151;21;-5;195;19;199;192;196;342;449
SP2;19/03/2016;Albacete;Osasuna;3;1;H;2;1;H;26;3;29;26;295;265;26;3;26;26;3;29;267;317;298;25;31;28;263;31;29;41;275;254;317;303;3;282;29;242;232;161;156;22;0;186;18;208;202;258;316;312
SP2;19/03/2016;Alcorcon;Oviedo;1;0;H;0;0;D;2;31;42;205;31;35;2;33;33;2;31;4;205;331;426;205;31;375;205;32;4;41;207;201;331;315;426;38;29;25;234;161;155;22;-5;208;202;187;182;204;337;42
SP2;19/03/2016;Elche;Almeria;0;0;D;0;0;D;2;31;42;195;31;38;2;33;33;205;31;38;212;325;407;2;3;4;205;32;4;42;212;202;33;312;42;381;29;25;236;157;154;20;-5;212;204;184;179;212;325;406
SP2;19/03/2016;Valladolid;Llagostera;3;0;H;1;0;H;153;375;7;153;37;575;155;37;54;153;38;65;152;429;741;157;38;55;153;41;65;41;157;152;429;387;741;63;34;203;194;193;182;23;-1;2;193;195;188;165;411;568
SP2;20/03/2016;Ath Bilbao B;Gimnastic;0;4;A;0;1;A;23;3;34;235;295;3;23;32;28;23;3;325;241;318;338;238;3;31;238;313;325;42;245;234;32;302;34;314;29;25;235;158;154;21;-25;207;201;188;182;231;324;352
SP2;20/03/2016;Girona;Leganes;1;1;D;0;0;D;23;3;34;245;29;29;23;32;28;24;3;31;244;316;335;23;3;32;24;3;325;41;245;235;32;301;34;313;29;261;247;154;15;21;-25;207;201;187;182;247;32;325
SP2;20/03/2016;Mallorca;Mirandes;1;1;D;1;1;D;205;3;41;205;31;35;21;33;31;215;31;36;217;33;381;22;31;33;215;325;36;41;221;212;33;314;41;348;29;231;221;166;161;22;-25;19;183;207;199;215;334;383
SP2;20/03/2016;Numancia;Cordoba;1;1;D;1;1;D;191;36;38;195;32;36;19;33;37;191;33;4;2;347;422;191;34;38;195;34;41;41;2;193;36;334;44;386;34;219;204;182;173;21;-5;2;194;194;188;205;346;402
SP2;20/03/2016;Ponferradina;Huesca;2;1;H;1;0;H;25;3;3;25;295;275;25;32;26;25;3;3;252;318;318;26;3;275;255;31;3;41;26;246;32;303;318;293;29;248;234;159;155;22;0;18;175;219;209;267;315;299
SP2;20/03/2016;Tenerife;Zaragoza;0;0;D;0;0;D;25;3;3;245;29;285;25;32;26;26;3;29;27;317;295;25;3;288;263;31;29;41;27;254;32;301;3;283;29;244;234;159;155;21;0;188;182;208;2;234;318;353
SP2;26/03/2016;Gimnastic;Numancia;1;0;H;0;0;D;2;31;42;2;31;36;2;33;33;205;31;38;209;335;405;2;32;375;205;325;39;41;213;204;335;318;42;368;28;23;223;167;16;23;-25;182;177;215;207;212;334;396
SP2;26/03/2016;Huesca;Ath Bilbao B;1;2;A;0;0;D;175;325;5;185;32;4;19;33;37;18;34;45;184;359;491;18;34;433;18;35;48;41;19;18;359;337;5;441;31;223;212;176;167;23;-5;185;18;214;203;179;365;52
SP2;26/03/2016;Leganes;Elche;0;0;D;0;0;D;16;34;65;165;34;5;165;35;46;165;34;6;167;365;661;173;33;5;165;36;6;42;173;165;365;347;661;548;29;237;227;163;158;23;-75;192;187;203;196;174;364;578
SP2;26/03/2016;Osasuna;Tenerife;0;0;D;0;0;D;205;31;4;2;3;375;2;33;33;21;31;38;213;327;4;205;31;375;21;32;38;42;213;206;33;315;4;363;29;25;234;159;155;23;-25;182;178;213;205;214;326;397
SP2;26/03/2016;Oviedo;Ponferradina;3;0;H;2;0;H;175;34;5;162;35;5;175;34;43;173;35;5;175;369;55;18;33;45;173;36;52;36;18;172;369;344;55;477;31;223;212;175;167;23;-75;204;196;192;186;179;366;515
SP2;27/03/2016;Almeria;Mallorca;1;1;D;0;0;D;225;31;34;215;3;33;2;33;33;225;3;34;233;315;358;22;31;33;225;313;35;42;233;222;33;307;358;332;29;25;236;159;154;23;-25;198;192;195;191;239;314;346
SP2;27/03/2016;Cordoba;Alaves;1;2;A;0;0;D;26;3;29;24;31;275;25;32;26;262;3;28;271;319;292;25;3;288;263;31;288;36;271;253;32;303;305;28;29;243;234;16;155;25;0;189;183;21;199;261;31;313
SP2;27/03/2016;Llagostera;Alcorcon;4;0;H;3;0;H;3;32;24;29;3;235;27;32;24;31;3;24;327;313;247;3;3;24;325;31;238;42;327;303;32;302;25;239;29;252;239;157;153;23;25;186;18;209;203;322;314;253
SP2;27/03/2016;Lugo;Albacete;2;1;H;1;0;H;195;31;433;185;32;4;19;33;37;195;32;42;201;336;436;2;32;38;2;325;41;42;203;195;336;322;436;391;28;231;221;166;161;23;-5;204;198;191;185;212;328;402
SP2;27/03/2016;Mirandes;Valladolid;4;1;H;2;0;H;26;31;28;235;32;275;25;32;26;25;31;28;272;326;285;245;325;275;255;34;275;42;272;253;34;32;285;269;35;204;192;194;184;25;0;192;185;205;197;272;314;295
SP2;27/03/2016;Zaragoza;Girona;0;3;A;0;2;A;23;31;33;22;3;32;22;32;3;238;31;31;242;325;33;23;31;31;238;32;313;36;242;229;325;31;345;311;28;229;217;167;163;23;0;171;165;235;223;234;312;36
SP2;02/04/2016;Alcorcon;Mirandes;1;0;H;0;0;D;185;35;42;18;33;42;185;34;38;185;33;45;192;341;474;185;325;433;187;34;46;42;193;185;35;33;474;429;29;235;225;165;159;23;-5;194;187;202;195;193;339;476
SP2;02/04/2016;Elche;Zaragoza;2;1;H;1;1;D;23;3;34;225;3;31;22;32;3;23;31;325;237;32;344;23;3;32;23;31;34;42;237;229;32;304;344;321;30;245;238;159;153;24;0;17;163;238;226;24;31;349
SP2;02/04/2016;Mallorca;Leganes;3;0;H;0;0;D;28;31;263;275;3;25;275;3;25;288;3;262;299;313;27;288;3;25;288;31;263;42;299;281;313;3;27;258;30;25;24;159;152;25;0;206;198;19;184;275;303;302
SP2;02/04/2016;Ponferradina;Llagostera;1;0;H;0;0;D;191;35;4;18;33;41;2;33;33;195;33;4;2;344;427;195;33;38;195;34;41;42;2;194;35;329;427;39;34;219;21;175;169;23;-5;201;196;192;187;203;339;42
SP2;03/04/2016;Albacete;Alaves;0;1;A;0;0;D;275;3;275;26;3;26;26;3;26;27;3;275;278;313;289;27;29;275;27;31;28;42;278;266;315;3;289;273;30;248;235;158;154;25;0;194;187;2;194;258;312;315
SP2;03/04/2016;Gimnastic;Cordoba;4;4;D;2;3;A;205;33;36;205;31;34;21;31;33;21;325;36;216;335;379;215;31;34;215;325;36;42;22;21;335;32;379;346;31;225;218;172;163;24;-25;188;182;207;2;21;338;395
SP2;03/04/2016;Girona;Osasuna;0;0;D;0;0;D;185;34;433;19;31;4;185;34;38;191;325;433;193;34;471;191;31;42;187;33;475;42;194;187;34;327;475;423;30;244;232;159;156;23;-5;195;188;201;194;179;36;528
SP2;03/04/2016;Numancia;Huesca;3;2;H;1;1;D;2;31;42;2;31;36;19;33;37;195;32;4;204;336;422;2;32;375;2;33;4;42;206;199;336;321;425;382;32;226;216;172;164;23;-25;176;17;225;215;224;328;365
SP2;03/04/2016;Tenerife;Lugo;1;0;H;0;0;D;2;32;4;2;31;36;19;33;37;2;31;4;204;331;428;2;32;38;2;32;42;42;204;199;331;317;428;387;30;244;232;159;156;23;-25;176;17;222;214;2;336;438
SP2;03/04/2016;Valladolid;Almeria;1;1;D;0;0;D;191;34;4;185;32;4;19;33;37;185;33;433;197;345;44;191;325;4;193;34;42;42;197;191;345;329;44;4;35;224;214;174;167;23;-5;197;192;196;19;208;335;407
SP2;04/04/2016;Ath Bilbao B;Oviedo;2;1;H;1;1;D;31;31;24;28;31;24;26;32;25;3;32;24;319;335;242;288;31;245;31;325;24;41;319;297;335;318;25;235;33;218;208;181;17;22;0;225;216;18;169;308;323;252
SP2;09/04/2016;Almeria;Alcorcon;1;1;D;1;1;D;238;31;31;24;285;3;23;3;29;24;3;325;235;314;355;24;3;3;238;31;33;44;24;233;315;301;355;318;30;264;25;151;149;25;-25;207;199;192;183;271;3;31
SP2;09/04/2016;Leganes;Valladolid;4;0;H;2;0;H;18;33;475;183;33;4;185;34;38;185;33;45;193;344;465;183;33;433;187;34;45;44;192;186;35;335;475;419;31;225;218;171;164;24;-5;192;187;203;194;206;347;397
SP2;09/04/2016;Llagostera;Ath Bilbao B;2;1;H;0;0;D;22;32;34;22;32;3;23;32;28;225;325;32;231;342;332;22;32;32;23;33;325;44;235;224;342;326;345;312;34;215;201;188;176;25;-25;2;193;197;189;254;338;298
SP2;09/04/2016;Lugo;Girona;1;1;D;1;1;D;29;31;25;275;3;25;27;32;24;29;3;25;3;316;267;28;31;25;3;313;255;44;3;284;32;306;267;25;29;235;226;164;159;25;0;211;203;185;179;288;328;268
SP2;09/04/2016;Mirandes;Ponferradina;1;0;H;1;0;H;183;34;45;183;34;39;185;34;38;183;33;45;185;353;493;185;325;433;183;35;46;44;188;183;353;337;493;433;34;223;212;175;167;24;-5;189;183;207;198;189;343;488
SP2;10/04/2016;Alaves;Tenerife;2;2;D;1;1;D;2;32;4;2;3;37;2;33;33;2;31;4;206;329;424;2;3;4;205;32;41;43;21;2;33;315;424;384;30;255;241;158;152;23;-5;21;202;187;18;224;318;38
SP2;10/04/2016;Cordoba;Albacete;2;3;A;0;1;A;2;32;4;195;32;36;2;33;33;2;325;38;206;34;407;2;32;375;205;33;39;43;206;199;34;326;41;373;34;221;212;175;168;23;-5;207;2;187;182;194;346;449
SP2;10/04/2016;Huesca;Gimnastic;2;0;H;1;0;H;238;31;31;23;31;295;22;32;3;24;31;3;252;326;311;23;31;31;245;32;3;43;252;235;326;313;32;301;31;225;217;171;164;24;-25;216;206;181;176;218;343;363
SP2;10/04/2016;Osasuna;Elche;0;0;D;0;0;D;205;33;36;205;31;34;21;33;31;205;31;38;213;322;409;21;31;36;21;313;39;43;213;206;33;313;409;365;30;254;24;156;152;24;-25;183;177;213;204;214;32;408
SP2;10/04/2016;Oviedo;Numancia;1;0;H;0;0;D;18;35;45;178;35;4;185;34;38;183;34;45;179;367;511;185;33;42;18;36;46;43;185;179;367;347;511;435;34;212;2;186;176;23;-5;186;18;214;202;177;374;521
SP2;10/04/2016;Zaragoza;Mallorca;2;1;H;1;1;D;191;33;42;19;31;4;19;33;37;195;33;4;199;347;425;2;32;38;2;33;4;43;201;195;35;329;425;386;31;235;216;175;165;23;-5;203;196;191;185;204;341;414
SP2;16/04/2016;Ath Bilbao B;Mirandes;1;1;D;0;0;D;238;32;3;23;31;29;23;32;28;24;325;29;249;34;305;23;31;3;238;33;31;46;25;237;34;321;31;291;38;211;201;185;175;26;-25;214;204;185;178;235;338;33
SP2;16/04/2016;Elche;Lugo;2;0;H;1;0;H;191;33;433;195;32;37;19;33;37;195;325;4;201;34;431;2;31;38;195;33;43;46;202;196;34;323;433;39;33;238;227;166;158;25;-25;172;168;227;217;206;332;419
SP2;16/04/2016;Girona;Alaves;1;0;H;1;0;H;191;325;42;19;32;38;19;33;37;191;33;42;197;337;452;185;32;42;191;33;45;46;198;192;336;325;45;405;33;239;231;162;156;25;-5;199;192;197;189;193;346;463
SP2;16/04/2016;Numancia;Llagostera;1;1;D;0;0;D;162;375;55;167;35;46;17;35;44;165;36;55;165;392;609;165;35;5;162;39;575;46;17;163;392;368;609;524;38;203;193;193;182;26;-75;19;182;207;199;168;383;591
SP2;16/04/2016;Valladolid;Zaragoza;1;2;A;1;1;D;2;34;38;205;32;33;2;33;33;205;32;38;207;338;405;205;325;34;215;33;36;46;215;207;34;322;405;356;37;223;209;178;169;26;-25;184;177;216;205;21;343;39
SP2;17/04/2016;Alcorcon;Leganes;2;0;H;1;0;H;24;32;3;25;295;275;25;3;27;25;3;3;266;311;306;25;3;28;26;3;3;45;266;252;32;298;306;29;32;258;244;156;151;24;0;183;179;213;204;25;305;337
SP2;17/04/2016;Gimnastic;Oviedo;0;0;D;0;0;D;21;33;36;21;31;33;22;32;3;215;33;34;218;343;363;21;325;325;215;34;35;46;22;212;343;327;363;333;37;206;199;188;177;26;-25;188;184;205;197;227;326;36
SP2;17/04/2016;Huesca;Cordoba;0;2;A;0;1;A;2;34;375;205;31;34;2;33;33;205;32;36;208;344;395;21;31;34;205;33;39;46;213;204;344;324;395;36;38;221;212;177;167;26;-25;182;175;216;207;21;337;389
SP2;17/04/2016;Mallorca;Osasuna;1;1;D;1;0;H;205;32;375;21;295;35;2;33;33;21;31;38;21;325;414;21;29;375;205;32;4;45;215;205;34;311;414;373;32;251;239;156;153;24;-25;18;174;219;209;226;321;37
SP2;17/04/2016;Ponferradina;Almeria;1;3;A;0;2;A;245;31;3;24;29;295;23;3;29;24;3;32;248;318;326;238;29;31;245;31;313;46;248;24;318;3;335;307;33;253;237;159;153;26;-25;213;204;183;178;271;312;299
SP2;17/04/2016;Tenerife;Albacete;1;0;H;0;0;D;175;36;46;18;34;4;18;34;4;18;33;475;182;354;517;18;33;433;183;34;475;46;186;179;36;338;517;453;35;225;214;173;165;25;-5;187;181;211;2;187;352;487
SP2;23/04/2016;Alaves;Elche;0;0;D;0;0;D;205;31;4;195;3;39;21;33;31;205;3;38;208;321;427;205;31;36;2;32;41;45;215;204;33;311;427;378;32;259;239;157;152;24;-5;209;201;186;18;194;336;471
SP2;23/04/2016;Albacete;Girona;0;3;A;0;1;A;29;31;25;285;295;245;27;32;24;29;32;25;31;331;25;288;3;245;3;32;25;45;31;29;331;307;255;245;32;225;216;171;163;23;0;213;205;181;177;305;327;256
SP2;23/04/2016;Leganes;Ponferradina;3;0;H;1;0;H;153;375;7;155;37;55;15;38;57;153;38;65;155;404;76;15;375;65;153;4;7;45;156;151;42;387;76;633;36;216;204;18;172;25;-1;2;191;198;189;149;434;819
SP2;23/04/2016;Llagostera;Gimnastic;1;1;D;0;0;D;28;31;26;26;3;26;26;32;25;27;325;262;279;327;277;262;31;26;275;325;263;45;28;268;327;31;277;261;36;225;21;176;169;25;0;199;192;194;187;254;333;302
SP2;23/04/2016;Oviedo;Huesca;0;1;A;0;0;D;18;35;45;175;34;425;18;34;4;183;34;45;184;364;482;183;34;4;183;35;46;45;187;181;364;345;482;425;37;217;203;18;173;24;-5;187;182;207;2;202;351;408
SP2;24/04/2016;Almeria;Ath Bilbao B;3;2;H;1;1;D;18;35;45;18;34;4;185;34;38;183;36;42;185;367;467;191;33;38;183;36;44;45;191;182;37;348;467;417;38;205;193;192;182;24;-5;187;182;208;199;185;349;501
SP2;24/04/2016;Cordoba;Tenerife;0;0;D;0;0;D;238;31;31;23;31;295;22;32;3;23;32;31;236;334;332;23;3;31;238;32;313;45;238;229;334;314;332;31;37;225;212;175;167;25;-25;205;198;191;183;223;338;357
SP2;24/04/2016;Lugo;Mallorca;2;1;H;1;0;H;21;31;375;215;3;33;22;32;3;22;31;35;228;327;357;215;31;33;22;32;35;45;228;218;33;312;375;336;32;235;225;165;158;25;-25;195;187;199;193;224;327;366
SP2;24/04/2016;Mirandes;Numancia;0;2;A;0;2;A;21;325;36;205;32;33;2;33;33;205;325;36;211;343;384;205;325;34;21;34;36;45;212;206;35;327;384;349;37;217;203;179;173;25;-25;185;178;211;203;226;331;357
SP2;24/04/2016;Osasuna;Valladolid;1;0;H;1;0;H;21;31;375;215;3;33;21;33;31;22;31;34;226;329;359;215;31;33;22;325;35;45;226;217;33;313;375;335;35;23;217;172;164;25;-25;193;187;203;193;233;32;353
SP2;24/04/2016;Zaragoza;Alcorcon;3;1;H;2;1;H;22;31;35;205;31;35;22;32;3;22;31;34;233;327;345;22;3;33;23;313;34;44;233;221;33;311;35;326;32;25;236;161;154;25;-25;201;192;193;188;242;319;336
SP2;30/04/2016;Alcorcon;Osasuna;0;1;A;0;1;A;2;32;4;195;31;375;19;33;37;2;31;4;209;325;417;195;31;4;205;313;41;45;211;203;33;311;417;383;32;264;249;153;149;24;-5;212;204;184;178;244;302;351
SP2;30/04/2016;Huesca;Llagostera;3;1;H;3;0;H;165;36;55;167;34;475;165;35;46;167;36;525;17;388;558;167;36;475;165;38;55;45;17;165;388;36;565;511;37;205;195;192;181;25;-75;19;185;204;197;174;389;519
SP2;30/04/2016;Mallorca;Alaves;0;0;D;0;0;D;25;3;3;24;29;295;24;3;28;25;29;31;26;307;318;245;29;3;245;31;313;45;26;245;31;297;32;301;32;261;243;156;151;25;-25;221;208;181;176;239;303;354
SP2;30/04/2016;Numancia;Almeria;2;0;H;1;0;H;23;32;32;235;295;3;23;32;28;225;3;33;235;321;347;225;3;32;23;32;33;45;235;227;321;31;347;32;34;222;214;172;166;25;-25;2;194;195;188;246;316;331
SP2;01/05/2016;Elche;Albacete;1;1;D;0;0;D;18;35;45;175;35;41;175;34;43;18;35;433;185;368;472;183;34;4;183;36;44;45;186;18;368;347;49;429;37;205;196;189;18;24;-5;188;182;207;199;176;391;498
SP2;01/05/2016;Gimnastic;Mirandes;3;2;H;0;1;A;195;33;4;205;32;33;2;33;33;2;33;375;204;347;405;2;32;36;2;34;39;45;205;199;347;33;405;368;36;221;206;18;172;24;-25;177;172;22;212;207;338;405
SP2;01/05/2016;Girona;Tenerife;1;0;H;0;0;D;175;34;5;178;34;41;18;34;4;183;33;475;183;351;518;18;33;433;175;35;5;45;186;179;351;335;518;458;34;226;214;172;166;24;-5;187;181;21;201;178;369;521
SP2;01/05/2016;Oviedo;Cordoba;1;0;H;1;0;H;2;34;375;191;325;37;19;33;37;195;33;38;2;351;415;2;33;35;195;35;39;45;201;197;351;332;415;374;38;206;2;186;177;24;-5;202;196;192;185;19;362;449
SP2;01/05/2016;Ponferradina;Zaragoza;1;1;D;0;0;D;3;31;245;3;3;23;28;32;23;3;31;24;32;321;249;288;31;238;3;32;245;45;32;296;325;309;25;241;34;232;216;17;165;25;25;18;176;214;208;269;317;296
SP2;01/05/2016;Valladolid;Lugo;1;1;D;0;0;D;183;34;45;183;33;4;185;34;38;185;34;433;186;358;476;18;325;44;183;35;46;45;19;182;358;339;476;43;37;225;212;175;168;24;-5;188;183;206;199;181;365;5
SP2;02/05/2016;Ath Bilbao B;Leganes;1;2;A;1;0;H;375;35;195;34;325;2;31;33;21;38;33;195;398;358;202;36;32;2;39;34;2;44;398;364;358;337;21;198;37;212;204;181;173;23;5;19;183;205;199;34;353;223
SP2;07/05/2016;Almeria;Gimnastic;1;2;A;1;1;D;21;325;35;215;31;32;21;31;33;205;325;36;213;346;375;215;31;33;21;33;37;48;216;21;346;322;378;348;39;225;212;177;168;27;-25;185;181;209;2;228;336;347
SP2;07/05/2016;Llagostera;Oviedo;2;0;H;1;0;H;28;31;26;275;31;24;26;31;25;28;325;25;296;341;253;28;32;238;28;33;255;48;302;28;341;319;26;246;40;21;201;186;176;27;0;211;201;186;18;28;339;268
SP2;07/05/2016;Lugo;Alcorcon;1;2;A;1;1;D;225;31;34;22;31;31;22;3;32;24;3;31;241;319;337;225;3;32;238;313;325;48;243;23;32;308;34;315;34;246;234;158;155;27;-25;205;2;187;182;274;311;296
SP2;07/05/2016;Osasuna;Ponferradina;0;0;D;0;0;D;173;35;5;175;34;433;17;35;44;173;33;55;179;347;555;173;34;46;173;35;54;48;18;172;35;34;59;496;34;246;228;162;157;27;-75;207;197;19;184;181;346;539
SP2;07/05/2016;Tenerife;Elche;1;1;D;0;0;D;205;34;36;205;32;33;21;32;32;205;31;38;203;332;434;21;31;34;205;325;39;48;211;205;34;317;434;365;39;238;222;17;162;26;-5;211;204;188;178;189;352;472
SP2;08/05/2016;Alaves;Valladolid;2;1;H;0;0;D;2;34;375;2;34;33;2;33;33;2;31;4;2;338;437;2;32;36;2;33;4;47;205;198;34;326;437;381;34;233;221;166;161;25;-5;206;198;191;182;222;334;363
SP2;08/05/2016;Albacete;Mallorca;1;0;H;0;0;D;23;32;31;225;3;31;23;3;3;24;31;3;256;325;305;225;31;31;245;32;3;47;256;239;325;308;32;298;37;231;217;172;164;26;0;179;172;22;211;254;324;31
SP2;08/05/2016;Cordoba;Girona;1;0;H;0;0;D;275;31;263;285;3;24;27;3;25;27;31;262;275;324;284;27;3;26;27;32;275;47;285;267;325;306;284;266;38;22;212;175;167;26;0;196;189;199;192;256;315;317
SP2;08/05/2016;Leganes;Numancia;2;2;D;0;1;A;155;375;65;16;35;525;16;36;5;16;36;6;157;4;725;165;35;5;157;39;625;47;165;156;4;374;725;591;39;216;205;18;172;26;-75;181;175;221;207;175;381;526
SP2;08/05/2016;Mirandes;Huesca;1;0;H;1;0;H;225;32;325;23;31;295;22;3;32;23;32;31;238;336;326;225;32;3;238;33;313;47;24;229;336;314;326;31;38;213;204;183;173;26;-25;206;199;189;182;228;331;352
SP2;08/05/2016;Zaragoza;Ath Bilbao B;2;0;H;1;0;H;157;38;6;155;39;5;16;36;5;157;38;575;155;433;677;16;35;55;157;4;6;47;16;155;433;392;677;575;40;2;185;202;189;27;-1;207;197;191;183;165;405;579
SP2;14/05/2016;Mallorca;Tenerife;1;0;H;0;0;D;225;31;34;22;295;33;21;33;31;22;3;36;227;318;372;22;3;33;22;313;36;46;227;218;33;306;372;342;33;24;237;157;153;23;-25;192;187;203;195;218;324;387
SP2;14/05/2016;Numancia;Zaragoza;2;2;D;1;2;A;275;33;25;25;3;27;25;3;27;275;31;262;282;325;275;25;3;28;275;32;27;46;282;267;33;31;28;262;35;219;211;174;168;24;0;2;192;195;189;246;331;316
SP2;14/05/2016;Oviedo;Mirandes;4;1;H;1;0;H;191;35;4;19;325;38;19;33;37;191;34;4;196;354;428;191;33;38;193;35;41;46;197;191;354;339;428;387;37;213;2;185;176;23;-5;197;191;197;191;199;353;417
SP2;14/05/2016;Valladolid;Albacete;1;0;H;1;0;H;167;36;525;162;36;5;165;35;46;167;36;525;169;388;569;17;35;46;17;375;52;46;171;167;388;359;569;505;39;2;189;198;186;23;-75;195;189;202;194;175;388;51
SP2;15/05/2016;Alcorcon;Alaves;0;1;A;0;0;D;21;32;36;21;295;35;21;31;33;21;3;38;213;317;415;205;3;375;21;31;39;46;217;208;335;308;415;366;33;271;25;151;148;23;-25;185;179;212;204;223;31;394
SP2;15/05/2016;Ath Bilbao B;Osasuna;0;0;D;0;0;D;55;35;167;5;36;16;46;35;165;525;35;17;582;37;171;5;36;161;55;36;17;43;582;521;37;352;172;166;26;225;214;172;166;23;75;206;193;196;187;439;337;2
SP2;15/05/2016;Elche;Girona;1;1;D;0;1;A;23;31;325;23;3;3;23;32;28;24;31;31;249;323;318;23;3;31;238;313;325;46;249;236;323;307;325;305;33;25;228;164;158;23;0;178;171;226;213;281;319;282
SP2;15/05/2016;Gimnastic;Leganes;0;0;D;0;0;D;24;325;29;24;31;28;24;32;27;24;325;275;256;326;305;245;3;288;245;32;3;47;256;244;326;311;31;29;35;225;216;172;164;25;0;182;175;218;208;267;321;296
SP2;15/05/2016;Huesca;Almeria;2;1;H;0;1;A;22;325;33;225;31;3;22;32;3;23;31;33;236;325;341;225;32;3;23;325;325;42;236;227;325;315;341;316;38;221;211;175;168;24;-25;202;195;193;187;23;315;365
SP2;15/05/2016;Llagostera;Cordoba;1;0;H;1;0;H;26;325;27;255;295;27;23;32;28;27;31;27;282;328;273;26;31;26;27;325;27;47;282;261;335;316;28;265;37;211;202;185;175;24;0;2;191;196;191;312;336;246
SP2;15/05/2016;Ponferradina;Lugo;2;1;H;1;0;H;21;31;375;215;31;32;22;32;3;215;31;35;221;329;371;215;3;34;22;32;36;47;225;215;329;313;375;341;33;238;228;165;158;24;-25;193;186;204;196;226;324;366
SP2;21/05/2016;Albacete;Alcorcon;0;2;A;0;0;D;28;32;25;27;29;26;26;3;26;288;31;25;3;324;265;27;3;26;288;313;26;50;3;281;325;307;265;253;37;23;219;171;162;27;0;208;199;186;182;303;315;264
SP2;21/05/2016;Cordoba;Elche;3;1;H;1;0;H;2;33;38;2;31;36;19;33;37;2;32;38;208;333;412;21;31;34;205;325;39;50;21;202;333;321;412;37;37;226;216;17;164;26;-5;208;202;185;179;205;335;42
SP2;21/05/2016;Girona;Mallorca;1;0;H;0;0;D;17;36;5;178;33;425;185;34;38;175;34;475;181;358;519;183;34;4;175;36;5;50;185;177;36;342;519;451;39;221;211;175;168;26;-5;185;178;213;202;185;35;505
SP2;21/05/2016;Leganes;Huesca;2;3;A;1;1;D;17;35;525;17;34;46;165;35;46;17;35;5;174;375;551;173;34;46;173;36;525;50;176;17;375;352;551;488;42;221;207;179;171;27;-75;199;192;195;188;168;377;599
SP2;21/05/2016;Tenerife;Valladolid;3;1;H;2;0;H;21;32;36;205;31;34;22;32;3;215;31;35;222;33;37;21;32;33;215;33;35;50;222;213;33;318;375;342;42;225;212;174;167;27;-25;19;183;205;198;19;343;48
SP2;22/05/2016;Alaves;Ponferradina;2;0;H;2;0;H;157;375;6;155;35;575;16;36;5;16;36;6;162;386;676;155;36;6;157;38;65;50;162;157;386;365;676;601;38;23;218;172;163;27;-75;181;174;217;208;17;365;609
SP2;22/05/2016;Almeria;Oviedo;3;1;H;0;0;D;215;325;34;21;31;33;21;33;31;215;32;35;218;339;368;225;32;3;22;33;34;50;225;215;339;322;368;331;42;219;205;179;172;27;-25;193;186;204;194;206;347;396
SP2;22/05/2016;Lugo;Ath Bilbao B;2;0;H;1;0;H;175;36;475;175;34;425;17;35;44;173;35;5;176;373;525;;;;173;37;5;48;176;173;373;354;525;468;41;206;196;189;179;27;-75;203;196;192;185;178;383;497
SP2;22/05/2016;Mirandes;Llagostera;0;0;D;0;0;D;175;36;475;172;34;44;175;34;43;175;36;433;182;386;464;18;33;433;18;36;46;50;182;177;386;352;5;444;42;204;193;194;182;27;-75;21;2;185;181;188;38;435
SP2;22/05/2016;Osasuna;Numancia;3;2;H;1;2;A;185;33;45;18;325;42;175;34;43;185;33;45;188;347;487;195;32;38;187;34;45;50;195;186;347;33;487;424;37;231;22;166;161;26;-5;193;187;204;193;186;364;417
SP2;22/05/2016;Zaragoza;Gimnastic;0;1;A;0;0;D;195;33;4;195;32;36;2;33;33;205;325;38;209;34;398;215;31;33;2;34;39;50;215;202;34;326;4;363;42;219;205;179;172;26;-5;209;201;187;18;218;33;38
SP2;24/05/2016;Alcorcon;Tenerife;2;1;H;1;0;H;191;32;433;175;34;433;175;34;43;185;32;45;189;335;504;185;32;42;187;34;45;53;194;186;352;327;54;435;36;242;228;162;158;28;-5;194;188;205;195;189;335;504
SP2;24/05/2016;Mallorca;Elche;2;1;H;1;0;H;205;31;4;2;31;36;18;34;4;205;31;38;215;32;404;2;31;375;21;32;38;53;217;206;34;311;45;376;36;245;237;16;155;27;-5;217;208;183;175;215;32;404
SP2;24/05/2016;Valladolid;Girona;0;0;D;0;0;D;288;3;26;265;31;25;25;32;26;29;3;25;299;319;265;288;3;245;3;313;255;53;314;284;33;308;28;252;38;23;221;17;163;30;0;209;203;185;18;299;319;265
SP2;25/05/2016;Gimnastic;Osasuna;1;0;H;0;0;D;215;31;36;22;3;325;22;32;3;22;31;34;23;329;349;225;31;31;23;32;33;53;239;225;329;309;36;326;36;246;226;165;16;26;-25;199;194;197;188;23;329;349
SP2;25/05/2016;Llagostera;Almeria;0;0;D;0;0;D;31;31;238;26;33;24;25;33;25;28;31;25;295;329;262;27;32;245;29;33;25;53;31;281;332;32;262;246;51;217;205;182;174;30;0;211;204;185;179;295;329;262
SP2;25/05/2016;Mirandes;Cordoba;0;3;A;0;0;D;3;32;24;29;33;22;33;33;2;28;35;238;3;365;24;288;34;225;28;36;24;53;33;29;365;341;24;23;50;18;172;22;208;27;0;225;212;18;172;3;365;24
SP2;25/05/2016;Numancia;Lugo;1;0;H;1;0;H;2;32;4;205;34;31;22;32;3;205;34;35;211;362;366;205;34;325;21;34;37;53;22;206;362;34;4;343;50;19;179;212;198;27;-5;215;206;184;178;211;362;366
SP2;25/05/2016;Ponferradina;Albacete;2;1;H;0;0;D;16;375;575;153;375;55;15;38;57;165;375;525;166;404;568;16;375;5;165;38;55;53;166;159;43;382;69;548;51;197;19;194;187;27;-1;228;211;182;173;166;404;568
SP2;26/05/2016;Ath Bilbao B;Alaves;2;3;A;0;2;A;8;4;145;65;4;144;65;39;145;7;4;15;834;435;148;7;42;133;75;4;15;53;856;709;45;406;151;145;49;219;206;178;173;27;1;214;2;191;183;834;435;148
SP2;26/05/2016;Huesca;Zaragoza;1;1;D;0;1;A;24;31;31;26;32;25;27;32;24;25;31;288;263;331;292;27;3;26;255;32;29;53;29;258;331;312;31;274;49;225;212;176;169;30;0;192;183;214;2;263;331;292
SP2;26/05/2016;Oviedo;Leganes;0;1;A;0;0;D;238;3;32;245;325;295;23;32;28;24;31;3;248;322;322;245;3;288;24;32;31;53;25;239;33;314;322;297;49;22;209;177;17;29;0;176;171;225;214;248;322;322
SP2;29/05/2016;Alaves;Numancia;2;0;H;2;0;H;13;42;11;13;433;975;13;48;85;133;45;11;;;;133;45;85;13;52;115;47;136;13;528;472;1467;1063;40;192;184;2;191;24;-15;211;2;185;18;136;508;1107
SP2;29/05/2016;Albacete;Ath Bilbao B;2;1;H;0;0;D;21;33;32;22;325;295;;;;22;36;3;225;382;315;205;36;31;22;37;31;47;225;216;382;354;325;303;33;166;162;233;22;22;-25;198;19;196;19;229;378;309
SP2;29/05/2016;Almeria;Mirandes;2;1;H;1;0;H;13;45;95;133;45;825;133;46;78;136;475;85;137;52;967;133;45;85;133;52;95;47;139;134;535;473;1007;864;37;172;166;226;215;24;-125;187;18;209;202;134;566;978
SP2;29/05/2016;Elche;Valladolid;2;2;D;1;1;D;205;32;34;205;31;355;21;29;34;21;31;38;218;318;396;21;31;34;205;32;36;47;221;209;34;317;398;356;34;228;215;174;165;24;-25;185;179;209;203;239;312;35
SP2;29/05/2016;Girona;Alcorcon;2;0;H;1;0;H;185;325;4;195;32;37;2;33;33;2;32;4;205;334;418;2;31;38;2;325;42;47;205;198;334;323;42;384;33;239;229;162;157;24;-5;206;198;19;184;215;325;398
SP2;29/05/2016;Leganes;Llagostera;2;0;H;1;0;H;125;475;11;125;5;105;13;48;85;129;5;11;129;571;1319;129;48;95;129;55;12;47;131;128;571;516;1319;1057;40;18;173;216;204;25;-15;195;189;198;191;127;624;1294
SP2;29/05/2016;Lugo;Gimnastic;0;3;A;0;2;A;55;38;153;6;41;145;65;39;145;575;38;16;638;412;16;6;36;155;65;4;155;47;71;604;412;388;16;154;39;205;196;19;18;26;1;19;182;21;198;582;39;168
SP2;29/05/2016;Mallorca;Cordoba;0;1;A;0;1;A;25;225;4;235;23;425;23;32;28;25;23;375;25;27;369;24;225;375;23;28;325;22;254;244;32;234;449;398;18;235;221;166;162;20;-25;208;199;189;183;25;27;369
SP2;29/05/2016;Osasuna;Huesca;2;3;A;1;2;A;153;36;55;162;35;5;155;37;54;162;36;6;163;383;654;16;35;55;16;36;575;47;167;161;394;364;655;557;34;22;211;173;167;24;-75;186;181;209;201;167;384;605
SP2;29/05/2016;Tenerife;Ponferradina;1;1;D;0;0;D;33;36;195;295;34;215;35;35;19;375;33;2;399;339;207;33;32;21;375;32;2;47;399;362;36;33;215;201;37;225;213;172;167;22;5;187;181;208;201;281;342;266
SP2;29/05/2016;Zaragoza;Oviedo;1;0;H;1;0;H;165;36;475;172;35;433;17;35;44;173;36;475;174;395;507;173;34;46;173;37;5;47;175;171;395;361;508;465;40;201;192;194;183;23;-75;199;193;193;187;168;395;566
SP2;04/06/2016;Alcorcon;Elche;4;1;H;2;0;H;13;45;8;133;44;825;13;48;85;136;45;8;135;531;1065;133;45;85;136;48;9;48;14;134;531;468;1065;859;40;185;176;214;201;25;-125;191;186;202;197;13;571;1236
SP2;04/06/2016;Ath Bilbao B;Tenerife;2;0;H;1;0;H;25;34;25;24;32;27;24;32;27;25;33;262;268;349;273;25;33;26;26;35;263;48;268;252;353;331;285;266;39;18;172;216;206;22;0;194;187;2;194;258;37;272
SP2;04/06/2016;Cordoba;Almeria;1;1;D;0;1;A;3;21;325;;;;;;;3;21;325;;;;29;2;33;32;205;36;33;32;3;22;209;39;354;18;274;254;15;147;16;0;179;174;219;211;;;
SP2;04/06/2016;Gimnastic;Alaves;1;1;D;0;0;D;136;42;7;144;41;625;14;41;7;144;42;75;146;457;815;144;4;65;144;44;75;49;152;144;457;42;84;707;41;19;182;204;194;27;-1;181;175;215;207;156;425;661
SP2;04/06/2016;Huesca;Lugo;1;0;H;0;0;D;191;35;36;191;33;36;19;33;37;195;35;375;2;371;39;195;35;34;195;37;37;49;205;196;374;355;39;351;41;181;171;218;207;24;-5;204;197;192;186;188;401;409
SP2;04/06/2016;Llagostera;Zaragoza;6;2;H;2;0;H;65;475;133;575;425;144;7;41;14;7;433;144;871;452;145;7;4;144;75;45;144;47;876;736;475;435;147;141;38;184;176;211;201;24;125;188;181;209;202;75;477;147
SP2;04/06/2016;Mirandes;Leganes;0;1;A;0;0;D;7;45;136;7;42;14;7;41;14;75;45;14;896;484;141;75;45;133;8;44;14;48;896;749;485;447;144;139;41;183;176;209;2;25;125;191;185;204;197;9;51;139
SP2;04/06/2016;Numancia;Albacete;2;0;H;0;0;D;157;4;475;162;37;46;165;35;46;162;4;525;163;429;557;161;38;475;162;42;525;48;166;161;429;393;557;501;34;17;161;24;222;25;-75;183;178;212;205;159;445;585
SP2;04/06/2016;Oviedo;Osasuna;0;5;A;0;1;A;475;38;16;475;37;162;46;35;165;475;38;17;531;398;171;45;375;167;52;39;167;48;531;481;403;375;172;167;40;192;183;201;192;25;75;201;194;193;188;507;408;171
SP2;04/06/2016;Ponferradina;Girona;0;1;A;0;0;D;288;29;25;31;28;24;;;;3;3;24;333;283;269;29;29;25;31;275;255;48;333;31;3;279;269;251;35;264;247;155;149;25;25;178;173;223;212;34;283;265
SP2;04/06/2016;Valladolid;Mallorca;1;3;A;1;2;A;6;38;15;5;4;153;57;38;15;575;4;157;648;419;158;55;4;15;5;42;15;48;67;572;455;399;161;154;40;196;187;199;189;26;1;188;183;206;199;512;43;168
SP2;19/08/2016;Almeria;Cadiz;1;1;D;0;0;D;2;34;375;2;32;4;22;32;3;205;31;38;209;327;415;215;31;34;205;32;4;56;228;205;34;317;415;367;41;25;235;16;154;29;-25;194;176;215;205;21;334;4
SP2;19/08/2016;Mirandes;Getafe;1;1;D;0;0;D;263;3;288;27;3;28;25;3;28;262;3;28;279;312;289;25;3;288;27;31;28;56;279;263;315;302;289;275;40;25;235;161;154;29;0;195;188;202;192;271;312;299
SP2;20/08/2016;Alcorcon;Huesca;0;0;D;0;0;D;21;325;36;21;31;38;21;31;33;21;31;375;216;325;393;21;31;36;215;313;375;54;217;211;325;313;393;355;39;251;236;161;154;27;-25;187;181;208;2;23;317;366
SP2;20/08/2016;Cordoba;Tenerife;1;0;H;1;0;H;205;325;375;21;32;375;21;33;31;215;3;36;221;319;386;21;31;36;215;313;375;54;221;212;33;311;386;354;39;25;233;161;155;27;-25;188;181;208;2;225;314;382
SP2;20/08/2016;Elche;Vallecano;2;1;H;2;1;H;3;3;25;31;31;24;26;3;26;3;31;24;316;318;248;28;31;25;3;313;25;54;316;294;32;307;26;243;38;236;225;164;159;25;25;181;174;219;209;339;324;237
SP2;20/08/2016;Mallorca;Reus Deportiu;0;1;A;0;0;D;2;3;433;195;32;425;2;33;33;2;31;42;204;325;441;2;3;4;2;32;42;54;205;198;33;314;455;397;39;254;237;157;153;27;-5;206;198;188;182;205;326;433
SP2;21/08/2016;Gimnastic;Lugo;2;2;D;0;2;A;195;33;4;195;325;41;19;33;37;195;31;42;202;331;438;2;3;4;195;325;43;54;202;196;331;319;438;395;39;25;234;161;155;27;-5;202;196;192;184;218;324;386
SP2;21/08/2016;Numancia;Levante;0;1;A;0;0;D;25;3;3;26;31;285;25;3;28;262;3;288;275;312;293;25;3;288;263;31;288;54;275;255;33;303;3;281;39;25;233;161;155;27;0;188;182;208;199;259;317;309
SP2;21/08/2016;Sevilla B;Girona;3;3;D;1;0;H;32;3;24;31;31;24;3;3;23;31;3;24;334;314;246;3;3;24;313;31;245;54;334;308;315;301;25;238;39;253;236;161;154;27;25;183;176;213;206;34;32;239
SP2;21/08/2016;Valladolid;Oviedo;1;0;H;1;0;H;205;33;36;205;325;375;2;33;33;21;31;375;214;328;395;205;32;36;21;32;38;54;215;208;33;318;395;356;39;242;226;162;158;27;-25;186;179;211;202;227;316;373
SP2;22/08/2016;Zaragoza;UCAM Murcia;3;1;H;3;0;H;18;34;475;175;325;45;175;34;43;185;33;45;19;342;484;183;32;45;183;33;5;52;19;183;35;328;5;445;38;25;233;161;155;25;-5;19;183;206;197;209;322;425
SP2;26/08/2016;Getafe;Numancia;0;0;D;0;0;D;175;34;5;18;34;475;175;34;43;18;32;5;185;336;534;175;32;5;18;33;52;53;185;179;34;323;559;484;37;261;244;156;15;26;-5;185;179;211;202;182;345;536
SP2;26/08/2016;Tenerife;Sevilla B;1;1;D;0;1;A;191;32;433;195;325;42;19;33;37;195;32;42;199;334;448;191;32;4;195;325;433;53;201;193;334;322;448;405;36;239;228;162;157;26;-5;201;193;194;186;179;358;539
SP2;27/08/2016;Girona;Elche;3;1;H;2;0;H;18;34;475;187;325;46;185;34;38;18;325;5;185;34;527;18;32;45;183;34;48;47;187;182;34;328;527;458;37;249;233;158;155;25;-5;187;182;208;198;187;344;502
SP2;27/08/2016;Lugo;Zaragoza;3;3;D;1;1;D;238;31;31;245;3;31;23;32;28;24;3;32;246;317;329;238;3;31;24;313;32;52;246;238;32;306;329;305;37;243;228;161;157;26;-25;209;203;185;179;266;321;295
SP2;27/08/2016;Oviedo;Almeria;2;0;H;0;0;D;205;31;4;205;32;38;21;33;31;215;3;375;22;321;386;215;31;34;21;32;38;53;22;21;33;312;4;357;38;242;231;161;156;27;-25;188;18;211;201;216;329;387
SP2;27/08/2016;Reus Deportiu;Mirandes;1;1;D;1;1;D;24;32;3;235;295;34;22;32;3;24;29;32;253;305;331;225;29;34;24;3;33;51;253;239;32;297;34;311;36;275;257;151;146;25;-25;216;207;184;176;247;315;331
SP2;28/08/2016;Cadiz;Mallorca;1;1;D;1;0;H;238;3;325;245;3;31;24;32;27;24;29;33;243;302;351;238;288;32;24;3;33;52;247;238;32;296;351;315;38;275;256;15;146;26;-25;211;203;187;178;254;299;336
SP2;28/08/2016;Huesca;Gimnastic;1;1;D;0;0;D;22;31;35;22;31;35;22;32;3;215;3;375;219;32;392;215;31;34;215;32;37;51;222;214;325;31;392;35;36;242;228;161;157;25;-25;186;181;208;199;223;321;378
SP2;28/08/2016;Levante;Alcorcon;2;0;H;2;0;H;191;325;433;185;33;46;2;33;33;191;31;45;192;332;492;191;31;433;195;32;45;51;2;189;332;317;492;432;37;26;249;153;149;25;-5;196;19;2;19;202;321;456
SP2;28/08/2016;UCAM Murcia;Cordoba;1;1;D;0;0;D;24;3;32;24;31;31;24;32;27;25;3;29;264;312;307;25;29;3;26;3;3;50;264;248;32;298;32;297;36;26;245;156;15;24;-25;223;212;176;171;285;307;288
SP2;28/08/2016;Vallecano;Valladolid;0;0;D;0;0;D;185;34;433;195;34;39;19;33;37;191;33;42;199;341;435;195;33;38;191;34;43;51;199;191;341;331;435;402;39;221;21;175;168;24;-5;199;19;199;19;182;367;496
SP2;02/09/2016;Cordoba;Lugo;3;3;D;1;1;D;195;33;4;195;325;41;19;33;37;195;325;4;201;339;429;191;31;42;2;33;4;55;201;195;34;324;431;395;42;23;218;171;164;27;-5;201;195;192;185;194;341;462
SP2;02/09/2016;Sevilla B;UCAM Murcia;1;1;D;0;0;D;22;32;34;22;3;37;22;32;3;22;3;36;224;319;378;22;3;34;22;31;36;54;226;218;32;306;378;345;37;255;241;156;151;26;-25;192;186;202;196;22;314;395
SP2;03/09/2016;Almeria;Vallecano;3;0;H;2;0;H;288;32;25;27;325;26;27;32;24;275;32;25;287;335;265;26;31;26;28;33;255;53;29;275;335;316;265;252;43;211;202;186;174;26;0;206;199;188;182;299;318;266
SP2;03/09/2016;Elche;Tenerife;3;1;H;1;0;H;215;32;34;23;31;33;23;32;28;22;3;35;228;317;371;215;31;34;225;31;35;55;231;221;32;307;371;335;39;254;24;156;152;28;-25;197;188;2;193;207;315;441
SP2;03/09/2016;Getafe;Reus Deportiu;1;1;D;0;0;D;165;36;55;172;34;55;17;35;44;165;33;6;167;359;684;17;33;5;165;35;625;55;172;167;36;339;684;549;39;246;237;158;154;28;-75;194;188;202;193;169;362;633
SP2;03/09/2016;Mirandes;Cadiz;3;2;H;0;2;A;195;33;4;195;31;44;19;33;37;195;31;433;199;327;461;191;32;4;195;325;433;55;2;193;33;316;461;414;39;252;237;159;154;27;-5;2;193;194;186;213;315;42
SP2;03/09/2016;Valladolid;Girona;2;1;H;2;0;H;23;3;34;24;32;3;24;32;27;23;31;32;235;329;338;23;31;31;238;313;325;55;245;232;329;309;35;313;38;235;223;167;159;28;-25;207;198;192;183;24;316;342
SP2;04/09/2016;Gimnastic;Levante;1;1;D;0;0;D;26;32;27;27;3;28;26;3;26;27;3;275;28;312;288;25;3;29;27;31;28;50;28;264;32;303;29;274;40;245;232;16;155;27;0;196;188;199;192;281;319;281
SP2;04/09/2016;Mallorca;Oviedo;0;0;D;0;0;D;225;31;34;22;31;35;23;32;28;22;3;35;224;319;376;23;3;32;225;31;35;54;23;222;32;304;376;338;39;259;244;153;15;27;-25;197;19;2;191;227;314;377
SP2;04/09/2016;Numancia;Alcorcon;1;1;D;1;1;D;225;31;34;23;31;33;23;32;28;23;31;325;24;323;336;22;31;33;23;32;33;54;24;227;325;309;35;32;39;237;223;166;16;27;-25;204;194;193;187;253;303;333
SP2;04/09/2016;Zaragoza;Huesca;1;0;H;0;0;D;191;34;4;195;325;42;19;33;37;195;325;42;199;338;442;195;325;38;195;34;41;51;2;194;34;325;442;395;36;225;215;173;164;25;-5;201;194;192;186;187;354;482
SP2;10/09/2016;Levante;Zaragoza;4;2;H;3;1;H;195;33;4;2;325;41;2;33;33;2;32;4;205;334;421;2;32;38;2;325;41;51;205;199;334;319;421;386;38;232;223;166;16;27;-5;206;2;189;182;179;358;53
SP2;10/09/2016;Lugo;Sevilla B;1;0;H;0;0;D;195;33;4;2;34;39;2;33;33;2;34;36;208;354;382;2;34;35;2;35;38;56;208;199;355;342;4;357;45;195;186;2;188;27;-5;208;199;188;182;218;347;359
SP2;10/09/2016;Reus Deportiu;Numancia;1;1;D;0;0;D;23;31;325;235;31;33;22;32;3;24;3;31;249;314;327;225;3;33;24;31;325;55;249;234;32;303;34;314;39;26;247;153;149;27;-25;212;202;184;18;258;312;316
SP2;10/09/2016;Tenerife;Valladolid;1;0;H;1;0;H;24;325;29;24;31;32;24;32;27;25;31;29;255;325;308;238;31;29;25;313;3;56;255;243;325;312;32;291;39;23;22;17;161;27;-25;22;21;178;173;249;31;332
SP2;11/09/2016;Alcorcon;Gimnastic;1;0;H;0;0;D;2;32;4;21;31;4;2;33;33;205;31;4;208;325;421;205;29;4;205;313;41;51;211;204;33;31;421;384;40;26;248;153;149;27;-5;211;203;185;177;202;327;445
SP2;11/09/2016;Cadiz;Getafe;3;0;H;1;0;H;27;31;27;245;29;29;25;32;26;27;3;275;284;314;282;27;29;275;275;31;275;56;284;266;32;302;29;27;39;25;236;158;154;28;0;198;19;197;191;267;311;304
SP2;11/09/2016;Girona;Almeria;3;3;D;2;1;H;18;35;45;187;34;46;18;34;4;183;33;45;185;352;496;18;34;433;18;35;475;55;19;181;352;336;496;442;42;225;213;174;167;27;-5;19;182;207;199;181;361;515
SP2;11/09/2016;Huesca;Cordoba;3;0;H;2;0;H;23;31;32;24;31;32;23;32;28;23;3;32;242;319;334;24;3;3;238;31;325;56;242;234;32;307;334;312;39;246;234;161;155;28;-25;206;2;188;181;226;324;363
SP2;11/09/2016;Oviedo;Mirandes;0;0;D;0;0;D;2;33;38;2;33;4;19;33;37;205;32;38;208;334;408;2;32;375;205;325;39;56;209;202;334;32;408;374;40;23;219;168;163;28;-25;182;176;215;207;207;34;403
SP2;11/09/2016;UCAM Murcia;Elche;1;1;D;0;1;A;25;3;3;25;31;31;24;32;27;25;3;29;264;311;307;25;29;3;26;3;3;55;264;251;32;3;31;29;39;257;243;156;151;27;0;184;179;21;203;261;305;318
SP2;11/09/2016;Vallecano;Mallorca;1;0;H;0;0;D;185;34;433;19;34;433;19;33;37;185;34;42;194;351;443;191;325;4;195;35;4;56;195;186;351;335;47;419;39;225;211;175;167;27;-5;195;187;201;194;197;357;421
SP2;17/09/2016;Cordoba;Levante;1;0;H;1;0;H;263;32;27;255;31;26;26;3;26;275;3;27;283;314;282;26;3;275;27;31;28;54;283;264;32;305;282;27;39;235;225;164;159;28;0;198;188;199;192;301;31;27
SP2;17/09/2016;Elche;Lugo;0;3;A;0;2;A;191;34;4;187;33;38;2;33;33;195;325;4;203;337;422;195;33;38;195;34;41;55;203;195;34;33;422;384;42;217;207;18;17;27;-5;203;195;192;185;2;337;438
SP2;17/09/2016;Numancia;Gimnastic;1;0;H;1;0;H;22;3;36;22;29;33;22;32;3;225;29;36;23;311;373;22;3;34;22;31;36;54;23;22;32;302;373;341;39;256;245;155;15;28;-25;196;188;199;192;205;323;442
SP2;17/09/2016;Reus Deportiu;Cadiz;1;0;H;0;0;D;225;32;325;22;31;31;22;32;3;23;3;32;244;319;331;23;3;32;238;31;325;55;244;23;32;306;332;318;38;245;237;159;153;28;-25;207;197;19;184;225;314;38
SP2;17/09/2016;Valladolid;UCAM Murcia;0;1;A;0;0;D;17;35;525;175;34;425;18;34;4;175;325;525;176;347;59;175;325;5;175;34;54;53;18;176;35;333;59;485;38;245;233;161;155;26;-75;208;2;19;182;205;322;441
SP2;17/09/2016;Zaragoza;Alcorcon;2;0;H;1;0;H;195;35;375;205;325;33;2;33;33;205;32;38;21;332;404;205;32;36;205;325;39;54;21;202;35;323;404;369;37;235;222;166;161;27;-5;21;201;189;18;218;321;394
SP2;18/09/2016;Almeria;Tenerife;0;1;A;0;0;D;21;33;35;21;325;32;2;33;33;205;31;38;207;329;422;21;31;36;21;32;38;55;212;205;33;318;422;367;39;236;226;164;158;28;-25;184;177;214;205;219;328;381
SP2;18/09/2016;Getafe;Oviedo;2;1;H;0;1;A;2;34;375;2;32;35;2;33;33;195;31;42;199;333;448;2;32;38;2;325;41;55;21;198;34;319;448;386;37;242;232;161;156;27;-5;21;199;192;182;188;345;489
SP2;18/09/2016;Mallorca;Girona;1;0;H;1;0;H;23;325;31;235;31;285;22;32;3;23;31;32;239;325;333;225;31;32;23;32;325;53;239;228;325;311;335;317;36;231;222;166;16;28;-25;205;197;191;184;218;309;416
SP2;18/09/2016;Mirandes;Vallecano;2;1;H;1;1;D;245;32;29;235;31;285;25;32;26;25;3;29;262;319;304;25;31;28;255;32;29;55;265;249;32;308;304;285;39;221;215;174;165;28;0;184;178;211;203;303;331;254
SP2;18/09/2016;Sevilla B;Huesca;2;0;H;0;0;D;245;325;288;245;31;27;24;32;27;25;29;3;265;308;31;25;3;288;255;31;3;54;265;249;325;305;31;288;38;242;231;161;156;26;-25;223;212;175;171;274;321;287
SP2;20/09/2016;Alcorcon;Cordoba;0;1;A;0;0;D;205;32;38;21;31;4;21;32;32;21;3;4;214;311;422;205;29;4;21;31;4;56;214;207;32;304;422;38;37;268;249;153;149;30;-25;181;177;213;206;249;31;33
SP2;20/09/2016;Cadiz;Numancia;1;0;H;0;0;D;23;31;33;23;31;34;24;3;28;238;29;33;244;307;345;23;29;33;238;3;33;56;246;234;315;299;345;319;37;259;245;156;151;30;-25;207;199;188;183;21;316;431
SP2;20/09/2016;Gimnastic;Zaragoza;0;0;D;0;0;D;24;31;31;24;31;32;24;3;28;24;3;31;256;314;316;24;3;3;245;31;313;56;256;241;315;304;329;301;39;243;234;16;155;30;-25;216;206;182;177;267;308;307
SP2;20/09/2016;Lugo;Valladolid;1;0;H;1;0;H;255;325;275;26;32;285;25;32;26;26;31;28;265;321;297;25;31;28;255;32;29;56;268;252;325;311;297;28;43;225;213;174;167;30;0;186;181;209;201;26;326;299
SP2;21/09/2016;Huesca;Elche;0;3;A;0;0;D;195;32;42;2;32;42;19;33;37;2;31;4;208;325;422;195;32;4;2;32;42;53;208;198;33;315;422;396;35;242;234;164;156;27;-5;208;198;19;183;222;322;38
SP2;21/09/2016;Levante;Sevilla B;1;0;H;0;0;D;153;38;65;157;375;675;16;36;5;157;36;6;16;393;685;157;36;6;157;39;625;53;162;156;393;371;685;604;39;217;206;177;171;30;-1;214;204;185;178;157;404;711
SP2;21/09/2016;UCAM Murcia;Almeria;4;0;H;1;0;H;245;3;31;25;31;31;24;3;28;24;29;32;25;307;334;25;29;3;245;3;325;52;25;243;31;296;334;306;34;268;253;152;149;27;-25;214;207;182;176;227;315;375
SP2;22/09/2016;Girona;Mirandes;1;1;D;0;0;D;185;34;433;191;34;425;19;33;37;185;34;45;188;355;475;191;325;4;185;35;46;52;191;185;355;336;475;423;39;225;211;175;168;26;-5;19;186;204;196;15;381;642
SP2;22/09/2016;Oviedo;Reus Deportiu;0;1;A;0;0;D;183;32;475;185;33;475;19;33;37;185;325;45;195;335;468;191;31;42;187;33;475;53;195;188;335;32;475;433;35;252;239;159;154;27;-5;194;188;201;192;191;338;489
SP2;22/09/2016;Tenerife;Mallorca;0;0;D;0;0;D;26;3;288;245;295;325;23;3;29;24;29;32;252;306;332;25;288;3;245;3;32;52;26;245;306;294;332;306;34;27;255;153;148;27;-25;217;207;182;175;24;297;36
SP2;22/09/2016;Vallecano;Getafe;2;0;H;1;0;H;205;33;36;21;33;37;21;31;33;21;31;36;216;331;385;205;325;35;215;325;36;53;216;209;331;317;385;356;37;228;215;172;165;28;-25;187;181;208;201;192;339;481
SP2;24/09/2016;Almeria;Lugo;0;0;D;0;0;D;225;34;31;23;33;31;23;32;28;225;32;33;229;334;345;23;32;3;23;325;33;48;24;225;34;317;345;32;40;223;212;173;167;27;-25;199;192;195;188;197;348;433
SP2;24/09/2016;Cordoba;Gimnastic;2;0;H;1;0;H;191;34;4;191;33;42;18;34;4;2;32;4;207;332;414;191;325;4;2;325;41;48;207;196;34;324;45;393;34;23;22;169;162;26;-5;207;197;19;183;196;342;438
SP2;24/09/2016;Elche;Levante;0;1;A;0;0;D;26;33;263;27;31;27;26;3;26;27;31;27;281;322;279;26;3;275;27;31;28;48;281;265;33;309;279;268;36;24;228;164;157;27;0;198;189;199;191;276;311;291
SP2;24/09/2016;Sevilla B;Alcorcon;1;1;D;1;0;H;25;32;28;25;3;31;25;3;27;25;3;3;256;317;314;25;288;3;255;3;313;48;256;246;32;301;315;298;36;265;248;155;149;26;-25;219;209;179;174;245;3;353
SP2;24/09/2016;Valladolid;Huesca;1;2;A;0;0;D;205;33;36;205;33;37;2;33;33;2;31;4;205;329;427;205;32;36;2;33;4;48;207;201;33;319;427;377;36;233;221;17;162;26;-25;177;172;222;211;172;359;6
SP2;25/09/2016;Cadiz;Oviedo;0;2;A;0;2;A;215;325;34;225;31;34;22;32;3;225;3;35;231;313;368;22;31;33;225;313;35;48;231;221;325;309;368;337;37;245;232;161;156;27;-25;197;19;198;191;215;319;405
SP2;25/09/2016;Getafe;Girona;0;2;A;0;1;A;21;33;35;22;3;37;21;31;33;215;3;36;221;316;39;215;31;34;22;313;37;48;223;213;33;311;39;353;36;242;229;161;157;27;-25;192;183;205;198;242;319;335
SP2;25/09/2016;Mallorca;UCAM Murcia;0;0;D;0;0;D;185;34;433;195;31;44;2;33;33;191;31;45;194;332;475;191;31;433;19;32;48;47;2;19;34;315;48;437;35;279;263;148;144;25;-5;195;189;199;192;197;313;504
SP2;25/09/2016;Mirandes;Tenerife;3;2;H;2;0;H;23;34;3;24;32;3;23;32;28;24;3;31;245;321;327;238;3;31;24;31;32;48;245;235;34;312;327;307;36;242;23;161;157;27;-25;209;201;187;181;264;328;293
SP2;25/09/2016;Numancia;Zaragoza;2;1;H;1;1;D;24;325;29;24;32;3;23;32;28;24;3;31;25;32;321;238;3;31;245;313;313;48;25;239;325;309;321;302;37;242;228;161;157;27;-25;212;203;185;178;237;312;354
SP2;25/09/2016;Reus Deportiu;Vallecano;1;1;D;1;0;H;29;34;238;285;31;26;26;3;26;3;3;25;312;314;258;3;3;24;3;313;25;47;312;291;34;305;26;249;34;233;222;166;161;25;0;217;208;179;175;303;316;263
SP2;01/10/2016;Alcorcon;Elche;1;0;H;0;0;D;21;33;35;215;325;35;21;33;31;22;3;36;224;312;388;21;31;36;22;31;37;55;224;216;33;309;388;348;45;251;24;156;152;29;-25;192;186;202;195;214;313;419
SP2;01/10/2016;Gimnastic;Sevilla B;1;1;D;1;1;D;2;33;38;205;33;37;2;33;33;2;3;4;199;327;461;205;31;375;22;32;4;55;22;203;33;316;461;379;42;25;235;16;154;28;-5;21;202;191;179;196;341;449
SP2;01/10/2016;Huesca;Almeria;2;0;H;1;0;H;21;33;35;21;31;38;21;33;31;215;3;375;217;318;399;21;31;36;22;32;36;55;22;211;33;311;399;358;45;238;228;163;157;29;-25;189;182;207;199;215;322;4
SP2;01/10/2016;Lugo;Mallorca;3;1;H;2;1;H;238;33;29;23;32;32;22;32;3;24;3;32;25;309;333;22;31;33;24;31;32;55;25;234;33;305;34;314;45;25;238;159;153;29;-25;209;201;186;18;237;317;347
SP2;01/10/2016;Zaragoza;Cordoba;1;1;D;1;1;D;21;33;35;205;32;38;21;33;31;21;3;38;215;315;413;215;31;34;21;325;375;55;215;21;33;313;413;36;43;231;222;166;16;29;-25;185;18;212;201;219;325;383
SP2;02/10/2016;Girona;Reus Deportiu;1;0;H;0;0;D;167;36;525;162;38;55;165;35;46;167;35;55;171;367;59;17;34;5;17;36;55;55;172;167;38;352;59;52;50;225;211;175;168;29;-75;195;189;198;192;205;326;432
SP2;02/10/2016;Levante;Valladolid;3;2;H;1;1;D;175;34;5;175;35;5;17;35;44;183;33;45;187;347;493;185;32;44;18;34;5;55;187;18;35;331;5;464;45;245;231;163;156;27;-5;187;18;211;2;197;337;452
SP2;02/10/2016;Oviedo;Numancia;2;2;D;1;1;D;205;31;4;215;325;35;2;33;33;215;3;375;22;319;388;21;31;36;21;32;38;55;22;211;33;312;4;358;44;25;233;161;155;29;-25;186;18;211;201;236;323;344
SP2;02/10/2016;Tenerife;Getafe;0;0;D;0;0;D;215;32;35;215;325;35;21;33;31;215;3;36;221;317;39;22;31;33;215;32;37;55;221;215;33;309;39;35;45;25;231;161;156;29;-25;19;184;205;197;207;326;427
SP2;02/10/2016;UCAM Murcia;Mirandes;2;2;D;1;2;A;2;33;375;2;33;39;19;33;37;2;32;4;206;333;417;2;32;375;2;325;41;53;206;198;334;322;417;385;43;236;224;165;159;26;-5;206;199;188;181;22;333;369
SP2;02/10/2016;Vallecano;Cadiz;3;0;H;1;0;H;173;375;45;172;375;475;17;35;44;173;35;525;174;369;56;17;34;5;173;36;54;54;174;17;375;351;56;499;45;221;211;176;167;29;-75;201;193;194;187;173;374;56
SP2;08/10/2016;Elche;Gimnastic;4;4;D;2;1;H;2;31;42;195;295;4;2;33;33;205;3;4;212;318;418;205;3;38;205;313;41;55;212;203;33;309;42;386;44;265;244;156;151;28;-5;212;204;186;178;244;306;347
SP2;08/10/2016;Getafe;UCAM Murcia;2;0;H;0;0;D;185;33;45;172;325;475;185;34;38;185;31;5;187;332;532;18;31;5;185;325;5;54;188;183;34;318;54;47;43;272;258;15;145;27;-5;19;184;205;196;226;306;39
SP2;08/10/2016;Numancia;Cordoba;1;1;D;1;0;H;21;325;36;205;31;34;22;32;3;22;3;35;228;317;37;215;31;34;22;325;35;54;228;217;325;312;373;34;42;237;22;166;161;28;-25;194;186;202;196;229;313;373
SP2;08/10/2016;Reus Deportiu;Tenerife;0;0;D;0;0;D;24;31;31;235;295;3;23;32;28;23;29;34;239;306;357;225;3;33;23;31;34;55;24;227;32;301;357;33;44;253;242;156;151;29;-25;199;193;194;188;233;299;382
SP2;08/10/2016;Sevilla B;Zaragoza;2;1;H;0;0;D;288;31;255;265;295;26;26;3;26;28;3;262;294;315;273;27;31;26;288;313;263;55;294;275;32;306;273;26;44;225;216;174;164;29;0;205;197;189;184;26;298;327
SP2;08/10/2016;Valladolid;Alcorcon;2;0;H;2;0;H;195;32;42;187;32;4;19;33;37;195;31;433;2;322;463;;;;195;32;44;53;203;196;33;312;463;412;43;271;249;151;149;28;-25;172;167;227;218;212;315;422
SP2;09/10/2016;Almeria;Levante;2;2;D;1;0;H;288;32;245;285;31;235;27;32;24;3;3;24;321;314;253;288;3;25;31;31;25;54;321;294;32;305;253;244;43;247;231;161;156;28;25;18;174;216;209;333;31;249
SP2;09/10/2016;Cadiz;Girona;0;0;D;0;0;D;275;32;26;25;31;265;24;32;27;28;3;262;293;308;278;28;31;25;288;313;263;54;293;273;325;306;28;261;43;23;22;167;161;28;0;205;196;191;185;293;308;279
SP2;09/10/2016;Mallorca;Huesca;3;0;H;2;0;H;195;33;4;2;31;36;2;33;33;195;3;45;199;319;475;2;29;42;2;31;44;54;204;198;33;306;475;412;43;28;26;15;145;27;-5;205;197;192;183;196;334;467
SP2;09/10/2016;Mirandes;Lugo;2;2;D;0;2;A;215;32;35;205;31;34;22;32;3;22;32;34;224;336;357;21;32;34;22;33;34;54;224;215;336;32;37;333;47;215;204;182;173;28;-25;196;187;2;194;237;34;325
SP2;09/10/2016;Oviedo;Vallecano;2;0;H;1;0;H;26;31;28;265;3;26;26;3;26;262;31;28;263;323;298;262;32;26;263;32;28;54;275;258;34;31;298;273;49;22;208;176;169;28;0;194;185;205;196;307;321;258
SP2;15/10/2016;Alcorcon;Almeria;0;0;D;0;0;D;2;31;42;2;32;41;19;33;37;205;3;42;209;313;442;21;3;375;205;31;42;48;21;202;33;306;45;393;35;268;251;15;148;21;-5;211;203;186;179;222;309;4
SP2;15/10/2016;Girona;Oviedo;0;0;D;0;0;D;183;325;475;185;33;46;18;34;4;185;34;42;194;326;491;18;33;45;19;33;46;48;196;186;34;324;491;435;37;225;217;172;164;20;-5;196;188;205;192;202;334;432
SP2;15/10/2016;Huesca;Mirandes;3;0;H;1;0;H;205;33;36;205;32;39;2;33;33;205;32;375;214;333;388;205;325;35;21;33;37;48;214;204;337;322;39;362;42;225;211;177;169;21;-5;214;206;186;176;197;342;444
SP2;15/10/2016;Levante;Mallorca;2;1;H;1;1;D;173;34;525;178;36;46;185;34;38;18;325;5;183;34;548;183;32;45;18;34;5;49;185;177;36;333;548;477;36;239;227;163;158;19;-75;212;203;186;178;191;341;479
SP2;15/10/2016;Lugo;Getafe;0;1;A;0;0;D;245;3;31;24;31;31;22;32;3;25;31;29;26;327;3;24;3;3;25;313;3;49;26;245;327;306;31;293;36;24;227;164;158;21;-25;219;21;179;173;228;322;36
SP2;16/10/2016;Cordoba;Sevilla B;0;1;A;0;0;D;175;33;525;18;34;475;18;34;4;18;33;5;185;341;516;183;325;44;175;34;52;48;185;178;35;334;53;461;34;23;221;17;161;18;-75;212;203;185;178;201;335;436
SP2;16/10/2016;Gimnastic;Valladolid;1;2;A;1;1;D;24;3;32;245;3;31;23;32;28;25;29;3;26;31;317;238;3;31;25;31;31;48;26;244;32;3;32;299;36;241;228;161;158;20;-25;219;21;178;173;252;321;315
SP2;16/10/2016;Tenerife;Cadiz;1;1;D;0;0;D;2;31;42;2;31;42;19;33;37;2;3;433;203;312;469;2;3;4;2;313;433;48;205;198;33;307;469;406;36;261;248;152;149;20;-5;204;197;191;183;188;343;493
SP2;16/10/2016;UCAM Murcia;Reus Deportiu;0;2;A;0;2;A;225;3;35;225;295;36;23;3;29;23;29;35;235;305;369;225;288;35;23;3;36;47;235;227;305;293;369;337;35;285;269;148;144;20;-25;199;194;195;187;21;309;444
SP2;16/10/2016;Vallecano;Numancia;3;3;D;1;1;D;175;35;475;178;36;46;185;34;38;185;33;45;19;345;477;18;34;433;183;35;46;48;19;183;36;334;477;43;40;221;211;176;169;20;-5;19;184;206;196;18;368;503
SP2;16/10/2016;Zaragoza;Elche;1;3;A;0;3;A;191;33;42;191;325;433;2;33;33;191;32;45;193;329;492;191;325;4;193;33;44;48;2;19;336;323;492;415;39;228;217;172;164;19;-5;2;19;199;19;209;328;413
SP2;22/10/2016;Elche;Cordoba;1;1;D;1;0;H;238;3;32;24;31;31;23;3;3;24;3;325;249;309;334;24;3;3;24;31;32;54;25;236;317;301;334;312;41;235;222;167;161;27;-25;21;201;187;18;22;325;381
SP2;22/10/2016;Getafe;Huesca;1;1;D;0;0;D;2;31;42;2;325;39;2;3;36;2;3;42;208;314;442;205;31;375;2;32;42;54;208;201;325;31;442;392;41;25;235;157;154;26;-5;206;2;187;181;186;341;516
SP2;22/10/2016;Numancia;Sevilla B;1;2;A;1;1;D;205;31;4;205;31;4;21;3;34;2;31;4;206;323;433;205;31;375;2;325;41;54;21;201;33;313;433;387;41;238;228;162;157;26;-5;206;2;187;181;185;343;52
SP2;22/10/2016;Reus Deportiu;Lugo;2;1;H;2;0;H;23;29;35;235;31;32;22;29;32;23;29;34;242;301;359;225;3;33;238;31;33;54;242;23;31;297;359;329;42;25;239;157;153;27;-25;204;197;191;184;219;318;394
SP2;22/10/2016;Vallecano;Girona;1;0;H;0;0;D;205;31;4;205;32;39;2;31;35;205;325;375;21;339;393;205;325;35;205;33;39;54;21;204;34;32;4;366;47;225;212;175;167;26;-5;211;204;187;178;221;331;369
SP2;23/10/2016;Almeria;Gimnastic;3;0;H;1;0;H;205;32;38;205;32;39;2;31;35;215;3;375;219;321;389;2;32;375;21;32;375;54;219;207;325;314;4;365;42;25;23;163;157;25;-5;218;207;181;174;223;329;367
SP2;23/10/2016;Cadiz;UCAM Murcia;2;2;D;2;0;H;23;3;34;22;31;35;23;29;31;23;29;35;238;303;365;23;288;34;23;3;35;54;238;228;31;293;365;336;42;284;267;145;143;27;-25;201;194;193;187;246;298;352
SP2;23/10/2016;Mallorca;Alcorcon;1;0;H;0;0;D;2;29;45;2;31;425;2;3;36;2;29;45;205;305;466;2;29;42;2;31;44;54;21;201;31;298;466;413;41;29;273;145;141;26;-5;206;201;188;181;209;305;457
SP2;23/10/2016;Mirandes;Levante;0;3;A;0;1;A;36;3;22;33;32;225;3;32;22;325;33;22;343;34;227;32;32;22;325;34;225;54;36;323;34;319;227;221;47;21;198;189;178;27;25;196;19;197;192;315;337;244
SP2;23/10/2016;Oviedo;Tenerife;2;0;H;1;0;H;21;31;38;23;31;33;22;3;32;225;3;35;231;311;37;22;31;33;225;313;35;54;231;22;325;306;38;339;41;25;238;157;153;27;-25;195;189;198;193;218;321;391
SP2;23/10/2016;Valladolid;Zaragoza;0;0;D;0;0;D;2;31;42;195;34;39;19;32;38;195;31;42;202;325;45;2;32;375;195;34;41;54;202;197;34;32;45;392;41;225;215;175;164;26;-5;202;196;193;185;207;325;427
SP2;29/10/2016;Cordoba;Valladolid;1;1;D;1;1;D;22;3;36;22;3;37;22;32;3;225;3;35;23;318;362;21;31;36;225;32;35;55;23;22;32;308;37;339;41;236;227;163;158;27;-25;196;189;197;192;242;318;336
SP2;29/10/2016;Huesca;Reus Deportiu;2;1;H;0;1;A;21;31;375;215;3;38;21;31;33;215;3;375;221;313;394;215;31;34;22;313;37;54;221;214;315;307;394;357;42;259;24;155;152;27;-25;189;183;205;198;217;323;391
SP2;29/10/2016;Tenerife;Vallecano;3;2;H;2;1;H;225;32;33;225;32;33;24;32;27;23;31;325;236;327;339;23;31;31;23;32;33;55;245;229;327;31;339;317;41;235;226;166;158;27;-25;21;197;191;185;212;328;404
SP2;29/10/2016;Zaragoza;Almeria;2;1;H;1;0;H;2;32;4;2;325;39;21;31;33;2;325;38;203;343;413;205;32;36;205;33;39;55;21;201;343;323;413;374;44;225;211;174;167;26;-5;206;201;187;18;216;334;379
SP2;30/10/2016;Alcorcon;Mirandes;1;0;H;0;0;D;191;34;4;195;31;44;19;33;37;185;32;45;193;337;476;191;31;42;19;33;45;55;196;189;34;322;476;422;42;242;228;161;157;26;-5;195;189;199;191;194;358;435
SP2;30/10/2016;Gimnastic;Mallorca;2;2;D;1;0;H;25;3;3;25;295;31;26;3;26;262;3;29;274;308;299;24;3;3;27;3;29;55;274;255;308;298;31;288;42;254;236;157;154;27;0;188;182;205;2;285;317;279
SP2;30/10/2016;Girona;Numancia;3;0;H;3;0;H;195;32;42;195;325;425;19;33;37;191;31;433;197;329;459;2;32;375;193;33;44;55;2;192;335;323;459;409;41;235;223;168;16;26;-5;197;191;197;189;188;339;51
SP2;30/10/2016;Levante;Getafe;1;1;D;1;1;D;18;33;475;18;33;5;18;34;4;185;33;45;188;346;493;191;325;4;185;34;46;55;191;183;346;331;5;44;44;233;216;173;164;26;-5;192;185;206;196;196;338;455
SP2;30/10/2016;Lugo;Cadiz;0;1;A;0;0;D;2;33;38;191;33;425;2;33;33;195;33;4;198;344;435;2;32;375;195;33;42;55;203;195;344;325;435;392;41;23;218;167;162;26;-5;201;195;194;185;202;348;412
SP2;30/10/2016;Sevilla B;Elche;2;0;H;0;0;D;245;3;31;24;3;32;24;3;28;24;3;3;254;32;311;238;31;3;245;313;31;55;254;242;32;306;32;299;42;23;22;169;161;27;-25;214;207;183;176;228;336;346
SP2;30/10/2016;UCAM Murcia;Oviedo;0;1;A;0;1;A;23;3;34;23;3;34;23;3;29;238;29;33;244;307;345;225;3;33;238;3;34;53;244;229;31;299;345;327;40;265;249;15;148;25;-25;206;196;191;186;235;31;362
SP2;05/11/2016;Cadiz;Huesca;1;0;H;0;0;D;21;31;375;215;31;37;2;33;33;215;3;36;222;319;383;225;3;33;21;32;39;52;222;212;33;309;39;357;42;255;239;157;152;27;-25;188;181;209;201;225;318;374
SP2;05/11/2016;Girona;Tenerife;1;1;D;1;1;D;185;32;475;191;32;44;19;33;37;185;325;45;193;339;469;2;32;38;19;33;46;51;193;188;339;322;475;429;41;243;229;164;156;26;-5;194;188;2;192;183;343;536
SP2;05/11/2016;Mallorca;Zaragoza;2;2;D;0;1;A;195;32;42;195;32;425;19;33;37;195;31;42;2;331;448;215;31;34;2;325;42;52;205;197;331;318;448;392;42;238;226;164;158;26;-5;205;198;193;183;195;334;47
SP2;05/11/2016;Valladolid;Sevilla B;2;0;H;0;0;D;183;31;5;185;32;475;18;34;4;185;325;45;188;343;493;185;325;433;187;34;45;52;19;183;343;33;5;438;42;223;213;172;166;26;-5;192;184;208;196;195;342;455
SP2;05/11/2016;Vallecano;UCAM Murcia;0;1;A;0;0;D;18;325;5;185;33;46;185;34;38;185;33;45;189;347;479;191;325;4;183;34;475;49;19;183;347;329;5;442;39;231;221;166;161;24;-5;189;183;208;197;224;326;369
SP2;06/11/2016;Almeria;Cordoba;3;1;H;3;1;H;225;32;32;225;32;33;22;32;3;22;31;34;225;326;364;23;31;31;225;32;34;51;23;222;326;312;364;33;42;235;225;165;158;27;-25;196;191;198;19;238;321;342
SP2;06/11/2016;Getafe;Alcorcon;1;0;H;0;0;D;185;33;45;191;32;45;19;33;37;185;31;5;188;326;538;205;31;375;185;313;52;51;2;186;33;312;538;459;41;286;267;147;143;26;-5;192;186;204;194;192;323;518
SP2;06/11/2016;Mirandes;Gimnastic;0;1;A;0;0;D;205;32;38;205;32;39;21;33;31;21;325;35;219;339;365;21;325;34;215;33;36;51;219;207;339;326;39;349;47;205;198;186;177;27;-25;189;18;208;201;223;345;349
SP2;06/11/2016;Numancia;Elche;2;2;D;2;0;H;2;32;4;205;31;4;2;33;33;2;32;38;207;335;409;21;32;34;205;33;39;51;207;201;335;321;409;374;44;217;207;177;17;26;-5;207;2;186;18;203;344;422
SP2;06/11/2016;Oviedo;Lugo;1;1;D;0;1;A;205;325;375;205;32;39;2;33;33;2;31;4;207;323;429;205;32;36;205;325;4;51;208;202;33;315;429;377;42;232;221;168;161;26;-5;209;202;187;179;228;331;353
SP2;06/11/2016;Reus Deportiu;Levante;0;1;A;0;0;D;3;3;25;3;3;255;28;3;24;29;3;25;31;316;259;275;3;26;3;3;26;51;31;293;316;3;26;248;42;26;245;155;15;25;0;215;207;182;175;296;309;275
SP2;11/11/2016;Cordoba;Mallorca;0;2;A;0;0;D;225;32;33;23;3;34;24;32;27;23;29;34;242;298;362;23;31;31;23;313;34;53;242;232;32;302;362;323;43;246;234;161;155;30;-25;204;196;192;185;248;322;321
SP2;12/11/2016;Alcorcon;Reus Deportiu;1;0;H;0;0;D;215;3;375;215;31;37;22;32;3;225;29;36;229;3;392;225;3;33;225;3;37;53;232;222;32;296;392;35;42;281;258;151;146;29;-25;196;188;199;192;225;294;417
SP2;12/11/2016;Elche;Valladolid;2;0;H;1;0;H;25;3;3;25;31;3;25;32;26;26;3;288;267;318;298;25;31;28;26;313;29;53;267;252;32;305;3;284;44;225;214;172;166;29;0;187;18;21;201;247;317;329
SP2;12/11/2016;Gimnastic;Getafe;1;0;H;1;0;H;275;3;27;295;295;265;26;3;26;28;29;27;293;306;279;275;29;27;28;3;28;53;293;278;306;295;28;265;42;252;244;155;15;29;0;2;194;196;187;282;313;284
SP2;12/11/2016;Huesca;Oviedo;4;0;H;3;0;H;225;31;34;22;32;34;22;32;3;23;29;35;242;3;359;22;31;33;225;31;35;53;242;226;32;298;36;335;42;25;238;158;153;29;-25;201;193;193;188;252;299;34
SP2;12/11/2016;Levante;Cadiz;0;0;D;0;0;D;162;36;6;162;36;6;165;35;46;162;36;6;165;375;654;165;34;55;162;37;625;53;167;161;375;358;654;565;45;228;218;17;163;29;-1;22;213;178;17;174;364;567
SP2;12/11/2016;Tenerife;Numancia;1;1;D;1;0;H;2;31;42;205;31;4;21;33;31;2;31;42;205;326;433;2;3;4;2;325;41;53;21;199;33;315;433;392;41;24;23;161;156;28;-5;205;197;19;183;212;329;402
SP2;13/11/2016;Lugo;Vallecano;1;0;H;1;0;H;238;31;31;24;31;31;24;32;27;24;325;29;252;34;304;23;32;3;238;325;31;52;252;237;34;318;32;295;47;22;208;179;17;29;-25;215;204;184;178;273;324;286
SP2;13/11/2016;Sevilla B;Almeria;1;0;H;1;0;H;25;3;3;25;31;3;21;33;31;25;3;29;263;317;305;25;31;28;26;313;29;52;263;247;33;308;315;289;42;223;214;173;165;29;0;186;177;216;203;228;323;362
SP2;13/11/2016;UCAM Murcia;Girona;0;1;A;0;0;D;27;288;29;26;29;3;26;3;26;27;29;288;283;299;297;25;3;288;27;3;288;50;283;263;3;291;3;283;39;268;249;15;148;27;0;191;185;202;196;237;304;366
SP2;13/11/2016;Zaragoza;Mirandes;2;0;H;2;0;H;175;35;475;18;35;46;175;34;43;18;35;45;181;369;494;18;34;433;18;36;46;52;182;178;369;348;494;443;47;199;189;196;185;28;-5;183;177;213;203;195;354;433
SP2;18/11/2016;Almeria;Elche;2;1;H;1;1;D;2;34;375;205;33;37;21;33;31;195;32;4;202;337;428;21;32;34;2;33;4;50;21;199;341;327;428;38;45;225;212;175;168;27;-25;177;17;224;214;202;339;425
SP2;19/11/2016;Girona;Lugo;3;1;H;2;1;H;173;38;45;18;35;45;18;34;4;18;34;475;183;353;512;175;35;45;18;35;475;50;183;177;38;346;512;453;45;22;206;18;171;26;-5;182;176;213;204;179;367;515
SP2;19/11/2016;Mallorca;Sevilla B;2;2;D;0;2;A;183;35;433;185;34;45;19;33;37;185;325;45;19;342;482;183;32;45;187;34;46;50;191;185;35;328;482;434;40;236;226;163;158;26;-5;193;186;202;194;185;348;505
SP2;19/11/2016;Numancia;Valladolid;2;1;H;1;0;H;23;33;31;235;33;3;23;32;28;23;3;33;24;314;344;23;31;31;238;313;325;50;24;231;33;307;344;316;40;243;229;163;157;27;-25;204;197;189;184;239;318;342
SP2;19/11/2016;Oviedo;Levante;2;0;H;0;0;D;275;3;275;295;3;255;26;32;25;28;29;27;293;31;278;275;3;26;288;3;27;50;295;276;32;298;278;264;40;256;24;155;152;27;0;202;194;192;186;294;306;28
SP2;20/11/2016;Cadiz;Alcorcon;4;1;H;0;1;A;23;31;33;22;31;35;22;32;3;23;29;34;241;303;358;23;29;33;238;29;35;49;241;229;32;294;358;335;39;298;272;145;141;27;-25;205;197;19;183;257;306;323
SP2;20/11/2016;Getafe;Zaragoza;1;0;H;0;0;D;185;34;433;195;34;4;19;33;37;191;33;42;195;345;448;195;33;38;191;34;433;49;197;191;345;33;448;405;42;232;218;172;164;26;-5;197;191;197;189;2;325;461
SP2;20/11/2016;Mirandes;Cordoba;1;1;D;1;0;H;25;33;275;25;31;295;25;32;26;25;31;28;261;327;297;26;31;27;255;32;288;49;261;251;33;312;297;281;43;225;211;174;167;27;0;186;179;209;202;267;325;292
SP2;20/11/2016;Reus Deportiu;Gimnastic;1;0;H;0;0;D;205;31;4;21;32;375;2;33;33;2;3;42;204;323;441;205;31;375;205;313;41;49;21;202;33;312;441;387;40;258;246;154;15;26;-5;209;202;187;179;237;302;368
SP2;20/11/2016;Tenerife;UCAM Murcia;2;1;H;2;1;H;21;325;36;215;32;36;22;32;3;22;3;36;226;311;383;22;29;36;22;3;375;47;226;215;325;305;383;354;38;271;256;15;146;25;-25;192;184;203;197;211;317;424
SP2;20/11/2016;Vallecano;Huesca;2;2;D;1;1;D;175;36;46;183;34;46;185;34;38;175;34;475;176;369;535;185;33;42;175;36;5;49;185;177;369;346;535;453;44;22;205;182;172;26;-5;184;177;218;203;183;375;475
SP2;25/11/2016;Gimnastic;Cadiz;1;0;H;0;0;D;238;3;325;24;3;32;22;32;3;24;288;33;248;3;345;24;3;3;245;31;313;48;248;238;32;297;345;316;41;25;239;157;153;26;-25;212;203;185;178;227;311;38
SP2;26/11/2016;Alcorcon;Oviedo;5;1;H;2;0;H;22;3;36;22;3;37;22;3;32;225;29;36;232;305;376;22;29;36;225;3;37;50;235;221;305;294;376;353;38;296;267;148;143;26;-25;196;189;199;191;215;307;429
SP2;26/11/2016;Lugo;Tenerife;1;3;A;1;1;D;22;31;35;22;31;35;22;32;3;225;3;36;23;31;373;22;31;33;22;32;35;50;23;22;32;307;373;338;41;233;222;165;16;26;-25;195;187;201;192;234;321;349
SP2;26/11/2016;UCAM Murcia;Numancia;3;2;H;0;1;A;22;31;35;215;31;37;22;32;3;22;29;375;23;3;389;22;31;33;22;31;36;48;23;219;32;302;389;347;39;258;238;157;153;24;-25;194;186;202;195;221;309;401
SP2;26/11/2016;Valladolid;Almeria;0;0;D;0;0;D;205;32;38;2;32;4;2;33;33;2;31;42;205;322;44;205;32;36;2;33;41;50;207;2;33;317;44;386;43;226;215;17;165;25;-5;205;197;191;182;192;344;472
SP2;26/11/2016;Zaragoza;Reus Deportiu;2;2;D;1;0;H;191;32;433;195;32;433;19;33;37;195;3;45;2;32;472;2;3;4;2;32;43;50;201;194;33;314;472;414;41;257;238;159;153;25;-5;203;194;192;185;222;306;403
SP2;27/11/2016;Cordoba;Getafe;1;3;A;0;1;A;24;3;32;24;295;325;23;3;3;25;28;325;262;293;333;23;3;32;25;3;313;50;262;241;303;292;333;314;41;264;246;154;15;26;-25;216;206;181;175;248;3;346
SP2;27/11/2016;Elche;Mallorca;1;0;H;0;0;D;245;3;31;26;295;295;25;32;26;26;29;3;273;29;318;25;31;28;255;31;3;50;273;252;32;296;318;293;41;231;222;166;16;26;0;183;177;211;204;259;302;325
SP2;27/11/2016;Huesca;Girona;1;2;A;1;2;A;275;3;27;28;295;275;26;3;26;29;288;27;307;292;282;28;31;25;29;3;27;50;307;28;31;291;282;266;41;241;229;161;157;26;0;204;194;191;185;273;3;307
SP2;27/11/2016;Sevilla B;Mirandes;1;0;H;1;0;H;191;31;45;19;325;44;19;33;37;195;33;4;199;346;427;195;33;38;195;34;4;50;199;193;346;332;45;391;46;205;197;188;179;25;-5;2;193;192;185;2;336;44
SP2;02/12/2016;Getafe;Sevilla B;2;0;H;1;0;H;173;32;575;17;34;55;185;33;39;173;33;55;175;35;602;162;35;55;17;35;575;47;185;17;35;336;602;535;38;24;231;162;157;25;-75;201;193;195;188;172;362;599
SP2;03/12/2016;Cadiz;Zaragoza;3;0;H;1;0;H;215;31;36;215;31;37;22;32;3;225;3;35;231;311;369;22;31;33;225;31;35;47;231;221;32;304;37;339;35;25;238;158;154;25;-25;197;19;196;19;24;31;349
SP2;03/12/2016;Mirandes;Elche;1;0;H;1;0;H;23;31;32;235;31;325;22;32;3;238;32;31;245;332;318;238;31;3;238;325;313;47;245;233;332;315;325;304;42;225;21;177;169;25;-25;209;2;186;181;24;329;329
SP2;03/12/2016;Numancia;Almeria;1;0;H;1;0;H;205;33;36;205;33;37;2;33;33;205;31;4;21;325;411;205;32;36;205;33;39;47;21;204;335;32;411;367;39;219;21;174;168;24;-5;211;202;187;18;212;332;397
SP2;03/12/2016;UCAM Murcia;Lugo;1;2;A;1;1;D;2;33;38;2;33;39;2;33;33;205;31;38;211;324;412;2;32;38;205;325;39;46;211;202;33;317;42;376;37;236;225;165;16;23;-5;211;203;186;179;21;327;411
SP2;04/12/2016;Girona;Levante;2;1;H;1;0;H;21;32;36;21;32;37;2;33;33;22;3;36;227;314;375;21;31;36;22;313;36;47;227;215;33;309;375;348;37;25;233;16;156;25;-25;193;185;203;196;208;33;417
SP2;04/12/2016;Mallorca;Valladolid;0;3;A;0;0;D;21;31;38;21;3;37;22;32;3;215;29;38;223;305;402;215;31;34;22;31;37;47;224;215;32;303;402;357;38;249;235;159;155;25;-25;189;183;205;198;229;3;393
SP2;04/12/2016;Oviedo;Gimnastic;1;0;H;1;0;H;195;33;433;195;325;42;2;33;33;191;31;45;192;332;495;191;31;42;193;33;44;47;2;192;335;32;495;412;38;243;232;161;156;24;-5;198;192;2;189;214;318;412
SP2;04/12/2016;Reus Deportiu;Cordoba;1;2;A;0;1;A;215;31;36;225;3;35;23;3;3;22;29;36;226;309;386;23;3;32;225;3;37;47;23;22;31;298;386;35;34;277;257;15;147;25;-25;195;187;202;193;219;302;42
SP2;04/12/2016;Tenerife;Huesca;1;1;D;1;0;H;185;31;5;187;325;46;185;34;38;185;31;475;189;324;518;185;325;433;19;325;475;47;191;185;34;321;518;446;38;233;223;165;161;24;-5;192;185;205;195;19;332;503
SP2;04/12/2016;Vallecano;Alcorcon;2;0;H;0;0;D;185;33;45;191;325;433;19;33;37;185;32;475;187;336;521;191;31;42;187;33;475;47;192;185;336;323;521;44;38;245;232;16;156;24;-5;193;185;205;196;209;321;428
SP2;09/12/2016;Sevilla B;Reus Deportiu;0;1;A;0;0;D;225;31;34;22;31;35;22;32;3;23;3;33;239;313;348;23;29;33;225;31;35;49;239;227;32;302;36;33;40;262;248;155;149;24;-25;203;195;201;187;237;31;355
SP2;10/12/2016;Elche;Getafe;2;2;D;0;2;A;27;3;275;26;295;295;26;3;26;27;3;28;286;306;288;262;3;275;275;3;28;50;286;265;31;298;295;275;42;245;234;159;155;25;0;195;188;2;194;279;309;291
SP2;10/12/2016;Gimnastic;Vallecano;0;1;A;0;0;D;28;3;27;28;3;27;26;3;26;275;3;27;285;314;281;262;31;262;28;313;27;50;285;271;316;304;281;265;42;232;223;167;16;23;0;198;193;194;189;297;32;266
SP2;10/12/2016;Huesca;UCAM Murcia;5;2;H;2;1;H;22;32;34;22;32;34;22;32;3;225;3;34;233;313;362;225;31;32;23;32;33;48;233;223;32;312;362;327;40;238;224;164;16;22;-25;2;192;195;189;236;306;363
SP2;10/12/2016;Levante;Tenerife;1;0;H;0;0;D;185;33;45;185;33;46;19;33;37;183;325;475;185;338;523;183;325;44;185;33;48;50;19;182;338;328;523;453;42;233;223;165;161;22;-5;187;182;207;2;203;331;437
SP2;11/12/2016;Alcorcon;Girona;2;1;H;2;0;H;25;3;3;255;3;3;26;3;26;262;288;29;278;299;303;25;288;3;263;3;3;49;278;258;3;29;303;29;39;28;264;148;144;23;0;188;18;208;201;246;298;354
SP2;11/12/2016;Almeria;Mallorca;2;1;H;1;0;H;23;31;33;23;31;33;23;32;28;24;29;325;247;308;338;23;31;31;238;31;325;50;247;232;32;305;338;316;42;235;225;165;16;23;-25;206;199;187;183;238;311;352
SP2;11/12/2016;Cordoba;Cadiz;1;3;A;0;0;D;2;32;4;2;31;42;2;33;33;205;31;4;209;324;421;2;32;38;2;325;41;49;209;201;33;315;421;381;41;243;233;161;156;22;-5;208;201;187;181;217;332;38
SP2;11/12/2016;Lugo;Numancia;3;1;H;1;1;D;225;31;34;225;31;34;22;32;3;23;31;325;234;328;341;23;31;31;23;32;33;50;234;225;328;313;341;319;47;214;205;18;173;23;-25;201;195;192;187;215;339;377
SP2;11/12/2016;Valladolid;Mirandes;5;0;H;2;0;H;167;36;525;17;34;575;165;35;46;17;35;525;171;369;59;173;35;46;17;36;54;50;173;167;369;355;59;509;47;212;199;187;177;23;-75;197;19;199;192;172;377;561
SP2;11/12/2016;Zaragoza;Oviedo;2;1;H;1;0;H;205;31;4;21;31;38;21;33;31;205;3;38;214;32;41;2;32;375;205;325;39;50;214;206;33;312;41;369;42;243;225;163;159;23;-25;185;177;213;206;203;319;455
SP2;14/12/2016;Levante;Vallecano;1;0;H;1;0;H;2;33;38;195;33;375;19;33;37;2;33;375;;;;205;32;36;205;33;39;42;21;201;34;326;412;367;37;223;212;172;167;17;-25;178;174;217;209;;;
SP2;16/12/2016;Reus Deportiu;Elche;0;1;A;0;0;D;2;32;4;2;32;41;2;31;35;205;3;4;212;315;424;2;3;4;205;313;41;50;212;204;32;307;429;392;39;266;251;156;149;25;-25;182;175;217;209;217;321;394
SP2;17/12/2016;Getafe;Valladolid;3;1;H;0;0;D;21;31;375;215;31;37;22;3;32;215;3;375;221;317;391;21;31;36;215;32;37;47;224;213;32;308;391;356;36;251;238;158;154;23;-25;189;182;205;198;228;316;37
SP2;17/12/2016;Girona;Gimnastic;4;2;H;1;2;A;155;34;65;16;35;675;16;34;52;162;35;6;166;373;646;162;34;6;165;36;625;50;166;161;373;354;675;579;40;232;22;172;163;22;-1;221;211;177;171;167;369;641
SP2;17/12/2016;Lugo;Huesca;1;1;D;0;1;A;2;32;4;205;32;38;2;32;34;21;325;36;219;335;37;205;325;35;21;34;36;51;219;206;345;327;4;35;43;195;187;198;188;23;-5;219;206;182;176;232;342;332
SP2;17/12/2016;Oviedo;Cordoba;1;2;A;0;1;A;215;33;34;215;325;35;21;31;33;21;31;36;219;326;385;215;31;34;215;32;37;51;219;212;33;314;385;348;40;236;224;166;161;23;-25;187;182;207;199;223;329;367
SP2;17/12/2016;Tenerife;Alcorcon;2;0;H;1;0;H;2;3;375;21;31;38;21;31;33;21;29;4;218;306;419;21;3;375;21;31;39;50;218;209;31;301;419;377;38;263;25;155;149;22;-25;186;178;211;204;227;31;382
SP2;18/12/2016;Cadiz;Sevilla B;4;1;H;1;0;H;205;325;375;205;32;38;21;31;33;205;31;38;213;327;4;205;31;375;205;32;4;47;213;205;327;314;4;367;36;25;233;16;156;20;-5;212;204;183;177;;;
SP2;18/12/2016;Mirandes;Almeria;2;1;H;0;0;D;245;31;3;24;32;3;25;3;27;25;3;29;269;308;304;25;31;28;255;32;29;50;269;25;328;307;304;285;43;21;202;183;175;24;0;185;179;208;202;246;31;336
SP2;18/12/2016;Numancia;Mallorca;3;1;H;2;1;H;22;31;35;23;3;34;22;3;32;225;29;35;236;307;365;23;31;31;225;32;34;50;236;223;32;305;365;333;40;235;226;165;16;23;-25;198;19;198;19;246;309;339
SP2;18/12/2016;Vallecano;Zaragoza;1;2;A;0;0;D;195;33;4;195;33;41;19;33;37;195;32;42;201;329;447;2;32;375;2;33;41;47;201;196;335;324;447;39;40;221;209;176;17;21;-5;204;195;194;186;;;
SP2;06/01/2017;Almeria;Getafe;0;1;A;0;0;D;25;31;29;255;32;285;25;32;26;262;3;28;271;313;297;24;3;3;263;313;288;49;286;255;32;305;31;285;44;242;224;167;162;27;0;189;183;206;199;26;316;309
SP2;06/01/2017;Mallorca;Mirandes;2;0;H;0;0;D;17;35;525;165;35;6;17;35;44;167;35;575;168;369;628;17;35;48;167;36;575;50;178;168;369;351;628;53;46;221;211;178;169;25;-5;173;166;232;221;178;351;563
SP2;06/01/2017;Numancia;Huesca;0;0;D;0;0;D;21;325;36;215;31;37;21;32;32;21;32;36;215;335;381;21;325;34;215;33;36;50;228;21;337;324;381;349;47;21;2;188;178;26;-25;187;182;208;201;221;338;363
SP2;06/01/2017;Valladolid;Reus Deportiu;1;0;H;0;0;D;191;325;433;195;32;433;19;33;37;191;3;45;198;321;48;2;3;4;195;32;45;50;205;193;33;315;48;428;44;27;251;156;149;26;-5;2;193;195;189;197;314;503
SP2;07/01/2017;Cordoba;Vallecano;0;0;D;0;0;D;25;325;28;26;31;28;25;32;26;262;3;29;276;306;299;25;31;28;26;32;28;47;276;256;325;307;299;279;41;226;216;171;165;22;0;187;183;205;199;264;326;295
SP2;07/01/2017;Levante;Lugo;1;0;H;0;0;D;18;34;475;187;34;44;18;34;4;183;34;45;188;353;478;18;34;433;183;35;46;50;188;182;355;339;496;437;43;22;213;178;167;24;-5;188;182;206;199;181;348;542
SP2;08/01/2017;Alcorcon;UCAM Murcia;0;0;D;0;0;D;205;31;4;205;31;4;2;33;33;2;29;433;205;31;467;2;3;4;205;313;42;48;206;201;33;305;467;402;39;271;249;155;149;22;-5;207;201;186;181;213;301;447
SP2;08/01/2017;Elche;Cadiz;2;3;A;1;1;D;23;31;33;235;31;32;22;32;3;23;31;325;236;327;339;225;31;32;23;313;34;50;239;227;327;311;34;32;43;235;224;168;16;24;-25;201;193;194;187;238;32;342
SP2;08/01/2017;Gimnastic;Tenerife;1;1;D;0;1;A;238;31;31;245;3;31;23;32;28;24;3;32;241;32;336;24;3;3;245;31;313;50;245;237;32;305;337;307;42;25;238;158;153;24;-25;213;205;185;177;242;307;348
SP2;08/01/2017;Sevilla B;Oviedo;5;3;H;3;0;H;21;32;36;22;31;35;22;32;3;215;3;36;;;;215;31;34;22;31;37;47;225;215;325;309;37;344;38;25;238;158;153;21;-25;19;185;203;196;23;314;368
SP2;08/01/2017;Zaragoza;Girona;0;2;A;0;0;D;25;32;288;255;3;295;25;32;26;262;3;288;267;317;298;25;31;28;263;313;288;50;268;252;32;307;298;283;43;236;227;164;159;25;0;187;181;206;199;26;328;297
SP2;11/01/2017;UCAM Murcia;Levante;0;2;A;0;1;A;3;288;263;265;295;275;27;3;25;288;29;262;298;306;275;288;3;288;29;3;27;43;3;28;317;297;275;262;36;254;241;158;152;20;0;204;198;189;184;32;302;262
SP2;13/01/2017;Cadiz;Valladolid;0;1;A;0;1;A;245;3;31;255;3;295;23;32;28;25;29;3;267;299;316;23;31;31;26;3;3;49;267;251;32;297;33;298;41;252;236;162;155;25;0;182;177;214;207;263;303;317
SP2;14/01/2017;Mirandes;Numancia;0;3;A;0;1;A;22;32;34;235;31;32;22;32;3;23;31;325;237;324;34;225;32;31;23;33;32;47;24;226;333;318;34;316;45;209;197;186;179;22;-25;203;196;191;185;281;312;288
SP2;14/01/2017;Oviedo;Elche;2;1;H;0;0;D;195;31;433;2;31;42;2;33;33;2;31;4;209;32;429;205;31;375;205;32;41;47;209;2;33;312;433;39;41;244;236;159;155;23;-5;209;201;187;181;206;333;419
SP2;14/01/2017;Tenerife;Zaragoza;1;0;H;0;0;D;205;31;4;215;3;38;21;32;32;21;3;38;218;316;4;205;32;36;21;32;38;48;218;209;327;312;4;365;41;226;219;169;163;23;-25;183;178;211;204;206;33;42
SP2;14/01/2017;UCAM Murcia;Gimnastic;1;1;D;0;1;A;2;3;433;21;3;4;2;33;33;205;31;4;212;318;419;2;3;4;205;32;4;44;212;202;33;311;433;385;38;249;233;16;156;22;-5;212;202;186;181;22;313;396
SP2;14/01/2017;Vallecano;Sevilla B;1;1;D;0;1;A;167;35;55;165;37;55;165;35;46;162;36;575;165;383;633;162;36;55;165;37;575;48;17;163;383;359;633;548;44;216;206;179;172;23;-75;189;183;206;198;172;377;556
SP2;15/01/2017;Getafe;Mallorca;1;1;D;0;1;A;191;32;433;195;325;425;19;33;37;195;31;45;198;324;474;191;31;42;193;325;45;48;198;192;337;317;474;424;41;255;239;157;154;23;-5;198;192;195;189;186;333;532
SP2;15/01/2017;Girona;Cordoba;2;0;H;1;0;H;167;34;6;165;35;6;165;35;46;167;35;55;17;365;616;167;36;5;167;37;55;47;173;167;37;352;616;525;42;217;203;179;174;22;-75;194;188;201;193;161;392;672
SP2;15/01/2017;Huesca;Levante;0;2;A;0;1;A;26;3;29;265;295;29;26;3;26;262;3;288;271;312;298;25;31;28;263;31;288;48;271;257;312;3;298;283;41;239;23;162;157;24;0;189;182;205;199;251;311;328
SP2;15/01/2017;Lugo;Alcorcon;1;0;H;0;0;D;22;31;35;22;31;35;22;32;3;215;3;36;226;32;372;215;31;34;22;32;36;48;226;215;325;311;372;345;40;236;227;164;159;23;-25;192;183;205;198;254;312;322
SP2;15/01/2017;Reus Deportiu;Almeria;1;0;H;1;0;H;205;31;4;21;3;4;21;32;32;21;3;38;217;315;407;21;31;36;21;313;39;49;217;208;325;308;407;372;41;255;243;155;151;24;-25;185;179;213;203;221;311;398
SP2;21/01/2017;Huesca;Alcorcon;0;1;A;0;0;D;21;3;4;215;32;36;22;32;3;21;3;38;215;32;404;215;3;34;215;32;37;48;22;21;32;309;404;363;41;248;236;158;155;25;-25;187;18;214;202;23;312;37
SP2;21/01/2017;Lugo;Gimnastic;2;3;A;1;0;H;21;3;4;205;325;375;2;33;33;215;325;35;222;336;362;21;31;34;21;33;37;49;222;209;336;322;4;35;43;225;213;175;167;25;-5;223;211;18;173;203;344;413
SP2;21/01/2017;Oviedo;Valladolid;1;0;H;1;0;H;25;29;31;25;31;295;25;32;26;26;3;29;271;309;301;25;3;28;26;31;29;49;271;254;32;299;31;288;41;251;239;159;154;24;0;185;179;209;202;289;306;284
SP2;21/01/2017;Tenerife;Cordoba;2;0;H;0;0;D;191;31;45;195;32;433;19;33;37;195;32;42;2;333;445;2;31;38;195;325;433;49;2;194;333;317;45;408;41;244;232;164;156;23;-5;201;194;195;187;193;331;482
SP2;21/01/2017;UCAM Murcia;Zaragoza;1;0;H;1;0;H;22;288;38;235;295;34;23;32;28;23;3;34;234;311;361;225;3;32;23;31;34;46;24;227;32;302;38;33;38;251;234;16;156;20;-25;2;195;196;188;231;305;378
SP2;21/01/2017;Vallecano;Elche;1;1;D;0;1;A;173;34;525;183;35;44;185;34;38;18;34;45;185;36;479;175;35;433;18;35;475;44;185;179;36;344;525;442;40;206;195;192;18;20;-5;185;179;211;204;168;385;593
SP2;22/01/2017;Cadiz;Almeria;1;0;H;0;0;D;205;31;4;205;32;38;2;33;33;205;31;38;213;326;402;21;31;34;21;32;39;48;213;205;33;315;402;372;41;23;219;168;163;23;-5;213;205;185;177;207;33;419
SP2;22/01/2017;Getafe;Mirandes;1;1;D;1;0;H;157;35;7;157;37;65;16;36;5;157;36;6;159;391;715;157;35;6;16;375;625;48;16;157;391;366;715;619;44;22;206;177;172;24;-1;212;203;185;178;153;424;725
SP2;22/01/2017;Girona;Sevilla B;2;0;H;0;0;D;162;36;6;165;35;6;165;35;46;162;36;575;167;377;616;165;35;5;162;38;575;48;17;163;38;358;616;555;45;212;2;185;177;23;-75;188;181;209;201;157;409;695
SP2;22/01/2017;Levante;Numancia;1;0;H;1;0;H;18;33;475;175;34;525;175;34;43;175;34;525;175;359;567;175;34;45;175;34;52;47;18;174;359;339;567;494;43;225;214;172;166;23;-5;179;173;221;211;172;367;584
SP2;22/01/2017;Reus Deportiu;Mallorca;1;1;D;0;1;A;205;3;41;215;3;38;22;32;3;215;3;375;218;326;384;215;3;35;215;3;39;48;22;212;326;306;41;364;40;271;255;15;147;22;-25;185;18;208;201;211;312;433
SP2;27/01/2017;Elche;Girona;1;0;H;0;0;D;31;31;24;31;3;245;28;32;23;3;3;25;312;314;259;3;31;23;3;31;255;50;317;297;32;306;26;246;45;238;223;169;162;25;0;218;209;182;176;315;315;256
SP2;28/01/2017;Alcorcon;Levante;2;0;H;2;0;H;26;3;29;28;28;29;26;3;26;262;28;3;27;296;315;288;28;26;27;29;3;51;288;264;3;287;315;287;43;3;275;145;141;24;0;187;18;211;201;28;295;304
SP2;28/01/2017;Gimnastic;Huesca;0;0;D;0;0;D;22;31;35;21;32;37;22;32;3;21;32;36;216;336;379;21;31;34;215;325;36;50;22;213;336;317;382;346;43;228;218;173;164;23;-25;188;182;207;199;219;323;387
SP2;28/01/2017;Mirandes;Reus Deportiu;1;1;D;1;0;H;25;3;3;265;3;285;25;3;27;262;29;29;271;308;302;245;3;288;263;31;29;50;271;255;312;298;302;286;42;251;234;165;155;24;0;186;18;207;201;262;31;311
SP2;28/01/2017;Sevilla B;Tenerife;0;0;D;0;0;D;25;3;3;255;31;29;24;32;27;26;3;29;269;31;302;245;288;3;26;31;29;50;269;252;32;3;302;288;42;243;232;16;156;24;0;186;178;211;203;258;315;312
SP2;28/01/2017;Valladolid;Vallecano;2;1;H;0;1;A;21;32;36;21;325;36;2;33;33;205;32;38;21;334;401;215;31;33;205;33;38;50;215;206;335;321;401;361;43;225;213;172;167;23;-25;183;178;212;205;215;324;399
SP2;29/01/2017;Almeria;Oviedo;3;0;H;0;0;D;22;3;36;215;32;35;22;32;3;215;3;36;221;323;381;215;31;33;22;32;35;49;224;215;323;312;381;345;42;23;22;167;162;24;-25;192;185;204;196;249;315;326
SP2;29/01/2017;Cordoba;UCAM Murcia;1;1;D;1;0;H;21;31;38;215;325;35;22;32;3;22;3;36;225;313;381;22;3;33;22;31;37;47;225;217;325;305;381;35;40;255;243;155;151;20;-25;192;185;203;197;205;323;442
SP2;29/01/2017;Mallorca;Cadiz;0;0;D;0;0;D;2;325;39;205;32;38;2;33;33;205;3;4;209;323;422;215;3;34;205;32;4;49;215;203;33;314;422;378;42;24;229;162;158;23;-25;178;173;22;211;206;327;425
SP2;29/01/2017;Numancia;Getafe;2;0;H;1;0;H;25;3;3;26;295;295;25;3;27;262;29;29;27;305;306;25;3;28;263;3;3;49;27;256;306;295;306;288;42;252;24;156;153;24;0;187;18;209;201;25;299;345
SP2;29/01/2017;Zaragoza;Lugo;1;1;D;0;0;D;2;31;42;205;325;38;2;33;33;2;31;4;205;333;425;2;32;36;205;33;39;49;207;2;333;322;425;379;45;216;207;179;171;23;-5;207;2;187;181;208;33;416
SP2;03/02/2017;UCAM Murcia;Sevilla B;1;0;H;0;0;D;205;31;4;205;31;4;2;33;33;2;3;42;206;318;442;205;3;375;2;313;43;46;206;201;33;308;456;398;39;268;252;154;149;23;-5;206;201;187;183;217;314;407
SP2;04/02/2017;Alcorcon;Numancia;2;3;A;1;1;D;2;3;433;205;3;42;2;32;34;2;29;45;204;302;49;2;29;4;205;3;44;49;211;201;32;298;49;421;42;275;258;15;146;24;-5;208;201;188;182;207;303;471
SP2;04/02/2017;Cadiz;Mirandes;2;1;H;1;1;D;173;35;5;175;37;46;175;34;43;175;34;475;181;356;517;18;33;433;175;36;5;49;181;175;37;347;517;467;46;217;206;179;172;24;-75;208;2;189;182;172;366;584
SP2;04/02/2017;Huesca;Zaragoza;2;3;A;0;0;D;22;32;34;22;32;34;21;32;32;22;3;35;225;321;371;215;31;33;215;325;36;49;225;217;325;314;371;34;46;223;212;175;168;24;-25;193;186;204;195;221;321;383
SP2;04/02/2017;Lugo;Cordoba;1;0;H;1;0;H;2;33;38;205;33;37;21;32;32;205;32;38;208;333;408;215;31;33;21;33;375;49;215;204;335;322;408;366;44;226;212;173;167;24;-5;213;203;185;179;216;328;388
SP2;04/02/2017;Tenerife;Elche;2;0;H;1;0;H;191;32;433;191;33;425;185;34;38;191;32;45;193;332;483;185;32;42;19;33;45;49;198;189;34;323;483;428;42;242;23;161;158;24;-5;195;189;2;192;178;345;582
SP2;05/02/2017;Girona;Valladolid;2;1;H;1;0;H;205;32;38;215;325;35;2;33;33;21;3;38;22;314;397;2;31;375;21;32;38;48;22;21;33;31;397;361;42;242;231;163;157;23;-25;186;18;208;202;207;325;424
SP2;05/02/2017;Levante;Gimnastic;2;1;H;0;0;D;157;35;7;165;35;6;155;37;54;162;35;6;166;37;663;17;33;5;162;37;625;48;17;161;37;354;7;584;42;238;223;166;161;23;-75;186;179;211;202;161;373;725
SP2;05/02/2017;Oviedo;Mallorca;2;1;H;1;1;D;23;31;33;225;31;34;22;32;3;23;3;34;233;315;358;225;3;32;23;31;34;48;233;225;32;306;358;329;42;243;232;16;156;23;-25;2;193;194;187;237;292;383
SP2;05/02/2017;Reus Deportiu;Getafe;1;1;D;0;1;A;26;28;31;26;275;32;25;3;27;262;27;32;276;276;331;25;28;3;263;29;31;47;276;258;3;278;331;304;41;3;279;145;14;22;0;182;176;213;206;271;288;324
SP2;05/02/2017;Vallecano;Almeria;1;0;H;1;0;H;175;35;475;18;35;45;18;34;4;175;34;5;181;354;528;175;35;433;18;35;48;48;181;177;355;343;528;455;45;212;201;183;175;23;-75;207;201;187;18;188;326;54
SP2;10/02/2017;Sevilla B;Lugo;1;1;D;0;0;D;225;31;34;23;31;33;22;32;3;23;3;33;235;319;349;225;3;32;23;313;34;42;235;227;32;308;359;329;39;228;217;172;166;23;-25;199;194;194;189;218;325;388
SP2;11/02/2017;Almeria;Girona;0;0;D;0;0;D;31;3;245;295;3;255;29;3;24;3;29;25;312;307;265;28;3;25;3;31;255;42;312;294;31;298;265;252;35;247;233;16;156;20;0;211;206;182;177;316;304;264
SP2;11/02/2017;Getafe;Cadiz;3;2;H;2;1;H;185;31;5;185;31;5;19;31;39;185;31;475;192;309;554;185;32;42;19;32;48;42;192;186;325;311;554;463;35;243;231;16;157;20;-5;192;186;203;195;2;323;466
SP2;11/02/2017;Gimnastic;Alcorcon;1;1;D;1;1;D;24;275;35;25;285;325;23;3;3;24;29;33;249;302;342;238;28;32;24;3;33;42;25;239;302;289;35;321;35;278;264;149;144;20;-25;21;203;185;178;291;297;291
SP2;11/02/2017;Zaragoza;Levante;0;1;A;0;1;A;27;3;28;27;3;28;26;3;26;27;3;28;277;308;296;25;3;28;27;31;28;42;278;264;31;299;296;276;35;239;229;162;158;20;0;195;187;199;193;283;307;289
SP2;12/02/2017;Cordoba;Huesca;0;2;A;0;0;D;205;32;38;22;32;34;21;32;32;215;31;36;221;321;382;21;31;34;22;313;36;41;221;213;325;314;382;349;35;228;218;172;163;20;-25;189;183;204;198;229;315;369
SP2;12/02/2017;Elche;UCAM Murcia;1;1;D;1;0;H;21;32;36;21;3;4;2;31;35;215;29;38;221;31;4;205;31;36;215;313;38;37;221;211;32;304;4;364;31;261;241;157;153;17;-25;187;181;209;202;217;316;402
SP2;12/02/2017;Mallorca;Vallecano;2;1;H;2;0;H;225;31;34;225;3;35;23;3;3;22;3;36;227;312;379;225;3;32;225;31;35;41;23;221;312;303;379;34;35;238;23;164;157;22;-25;196;189;199;192;219;319;393
SP2;12/02/2017;Mirandes;Oviedo;0;2;A;0;1;A;26;31;28;25;32;29;26;3;26;26;3;29;267;313;302;26;3;27;26;32;28;41;267;255;32;305;302;281;35;22;213;173;166;20;0;189;181;208;2;261;314;309
SP2;12/02/2017;Numancia;Reus Deportiu;1;0;H;1;0;H;205;3;41;21;31;39;21;31;33;205;29;4;213;306;437;205;3;375;21;31;4;41;214;207;31;3;437;386;35;263;251;152;149;22;-25;18;175;219;21;201;321;46
SP2;12/02/2017;Valladolid;Tenerife;0;0;D;0;0;D;191;32;433;195;31;44;2;31;35;2;3;433;197;316;515;185;32;42;195;32;45;41;2;193;33;311;515;425;35;249;233;16;156;20;-5;199;192;197;189;199;312;494
SP2;17/02/2017;Lugo;Elche;1;2;A;1;2;A;195;31;433;195;31;41;19;33;37;195;325;4;2;343;426;195;32;38;195;33;42;44;205;196;343;325;433;395;40;225;212;177;169;22;-5;203;197;192;183;206;329;423
SP2;18/02/2017;Gimnastic;Numancia;2;0;H;0;0;D;245;3;31;25;295;295;24;3;29;25;29;3;261;301;324;245;3;288;255;3;31;43;261;248;311;298;324;298;35;241;231;161;157;20;-25;221;214;176;171;261;296;329
SP2;18/02/2017;Girona;Mallorca;1;0;H;0;0;D;173;35;5;175;34;475;175;33;45;175;33;525;178;351;569;175;33;46;175;35;52;43;18;174;351;338;569;492;35;238;226;164;159;21;-75;207;201;186;182;184;33;562
SP2;18/02/2017;Levante;Cordoba;3;1;H;1;1;D;155;375;65;157;35;625;155;36;56;157;36;7;156;387;804;16;35;55;;;;42;16;154;387;369;804;656;36;225;214;172;166;22;-1;207;198;191;172;167;376;623
SP2;18/02/2017;Tenerife;Almeria;1;0;H;1;0;H;183;31;5;175;32;5;19;32;38;185;32;475;19;332;507;175;325;475;187;33;475;43;191;184;332;319;507;457;36;251;236;158;154;21;-5;191;186;205;196;191;327;513
SP2;18/02/2017;UCAM Murcia;Valladolid;1;3;A;0;2;A;27;3;28;265;295;275;26;29;27;27;29;28;279;302;299;262;29;275;275;3;288;40;279;266;305;293;299;279;33;271;257;15;147;22;0;193;187;203;195;284;303;292
SP2;19/02/2017;Alcorcon;Zaragoza;1;1;D;0;0;D;195;32;42;2;3;4;19;31;4;195;31;433;2;323;464;2;31;38;195;32;44;43;202;195;325;312;464;416;36;25;241;158;152;21;-5;201;196;193;187;221;31;402
SP2;19/02/2017;Cadiz;Reus Deportiu;0;0;D;0;0;D;191;32;433;19;31;433;19;32;38;195;31;433;2;323;465;195;31;4;193;325;45;43;2;193;335;316;465;419;36;256;242;156;152;21;-5;199;193;195;189;222;297;42
SP2;19/02/2017;Huesca;Sevilla B;2;1;H;2;0;H;195;32;42;191;32;41;19;32;38;191;32;433;193;336;473;195;32;38;19;34;433;43;2;192;345;327;473;408;37;226;215;17;165;21;-5;2;195;194;188;194;339;464
SP2;19/02/2017;Oviedo;Getafe;2;1;H;1;0;H;26;3;29;24;3;3;26;29;27;27;29;29;284;293;304;245;29;3;27;3;29;43;284;262;306;291;304;286;36;253;241;156;153;22;0;19;184;204;199;248;304;341
SP2;19/02/2017;Vallecano;Mirandes;1;2;A;0;0;D;157;36;65;16;35;6;155;36;56;157;375;6;158;405;694;16;375;5;16;39;6;43;161;157;405;376;694;586;40;2;187;198;188;23;-1;212;203;183;179;168;4;56
SP2;24/02/2017;Reus Deportiu;Oviedo;1;1;D;1;0;H;23;28;36;225;285;375;22;3;32;225;28;38;236;286;399;225;29;33;238;29;36;49;238;228;3;282;403;363;40;3;272;145;142;23;-25;198;191;198;192;234;286;402
SP2;25/02/2017;Cordoba;Alcorcon;1;0;H;0;0;D;25;288;32;24;3;325;23;3;3;25;28;325;263;29;333;238;288;31;25;3;313;47;263;245;302;288;333;312;40;271;253;15;148;20;-25;218;209;18;176;273;293;314
SP2;25/02/2017;Elche;Huesca;1;1;D;0;1;A;215;31;36;215;31;37;23;32;28;225;3;35;236;309;36;21;31;34;22;32;35;47;236;221;32;307;37;335;42;224;216;172;165;20;-25;199;19;198;193;227;322;366
SP2;25/02/2017;Getafe;Vallecano;1;0;H;0;0;D;2;31;42;205;31;4;2;33;33;2;31;4;206;324;431;2;32;36;2;33;4;47;206;199;33;32;431;386;44;232;218;172;164;20;-5;207;2;187;183;234;322;348
SP2;25/02/2017;Mallorca;Tenerife;1;4;A;1;0;H;205;29;433;21;31;39;21;31;33;21;29;38;218;307;416;2;31;375;215;31;38;47;223;211;31;3;433;375;40;265;25;154;149;20;-25;188;182;21;201;236;302;369
SP2;25/02/2017;Mirandes;Girona;0;2;A;0;0;D;38;3;215;37;295;22;3;32;22;33;32;22;356;329;227;32;3;225;35;32;225;47;38;334;329;31;227;221;41;223;213;174;167;20;25;198;193;194;19;362;324;227
SP2;26/02/2017;Almeria;UCAM Murcia;2;3;A;1;1;D;21;31;38;2;3;433;2;32;35;21;288;4;218;299;431;205;3;375;21;31;4;44;218;208;32;297;433;383;35;269;254;15;147;20;-25;181;177;213;207;209;31;449
SP2;26/02/2017;Numancia;Cadiz;0;3;A;0;0;D;205;288;433;205;29;433;21;31;33;21;29;4;218;304;42;215;29;36;21;29;42;47;218;209;32;298;433;382;40;25;241;158;153;20;-25;181;176;216;208;208;314;442
SP2;26/02/2017;Sevilla B;Levante;1;1;D;0;1;A;33;31;23;35;295;23;3;3;23;33;31;225;362;317;231;3;31;23;34;31;23;47;362;329;317;304;231;226;40;239;229;163;158;20;25;193;188;2;194;356;317;233
SP2;26/02/2017;Valladolid;Lugo;1;1;D;1;1;D;175;32;55;178;33;525;175;34;43;175;325;5;179;342;568;18;33;433;18;35;5;47;183;177;35;331;568;485;44;225;211;176;168;20;-5;182;178;214;205;181;341;561
SP2;26/02/2017;Zaragoza;Gimnastic;1;2;A;1;1;D;183;31;5;18;32;525;185;34;38;185;32;475;19;334;501;185;32;42;187;33;475;47;193;184;34;324;525;449;40;231;223;166;161;20;-5;19;186;202;196;197;323;478
SP2;03/03/2017;Tenerife;Mirandes;1;1;D;1;1;D;157;36;65;155;37;675;155;37;54;155;375;65;156;402;729;16;35;55;157;39;65;45;16;155;402;373;731;63;43;217;208;177;17;20;-1;207;2;188;183;159;391;706
SP2;04/03/2017;Alcorcon;Sevilla B;0;0;D;0;0;D;183;32;475;187;325;46;185;32;42;185;31;5;19;323;524;185;31;44;183;33;5;46;191;184;33;316;524;464;41;265;248;154;149;18;-5;191;184;205;199;188;319;563
SP2;04/03/2017;Girona;Getafe;5;1;H;3;0;H;185;32;475;185;32;475;185;32;42;185;31;475;19;323;513;185;32;42;19;325;46;46;193;187;327;316;513;448;41;255;242;156;152;18;-5;194;189;201;194;193;326;497
SP2;04/03/2017;Oviedo;Cadiz;2;1;H;1;1;D;215;3;38;22;3;37;22;3;32;22;29;375;228;301;393;215;3;34;225;3;37;46;232;219;32;297;393;354;41;243;232;161;156;18;-25;194;187;201;196;227;302;395
SP2;04/03/2017;Vallecano;Reus Deportiu;0;0;D;0;0;D;191;32;433;183;32;5;19;32;39;185;31;5;189;326;523;191;3;433;185;325;5;46;192;186;327;317;523;454;41;257;247;154;15;18;-5;191;186;203;197;183;331;569
SP2;05/03/2017;Gimnastic;Cordoba;2;1;H;1;1;D;205;31;4;21;31;38;21;31;33;21;3;38;216;313;413;215;3;34;21;32;38;46;216;209;32;306;413;367;41;24;231;162;157;18;-25;184;179;212;206;221;315;391
SP2;05/03/2017;Huesca;Valladolid;1;0;H;0;0;D;25;3;3;24;3;325;24;3;29;25;29;31;265;299;319;245;31;28;245;31;31;46;265;246;312;297;325;3;42;23;22;168;163;18;-25;221;21;18;176;25;306;335
SP2;05/03/2017;Levante;Elche;2;1;H;0;1;A;167;34;575;17;35;525;17;34;46;17;34;55;175;354;586;17;33;5;173;35;55;46;178;17;355;341;586;515;42;228;215;171;165;18;-75;2;193;195;189;196;334;463
SP2;05/03/2017;Lugo;Almeria;1;2;A;0;1;A;2;32;4;191;325;433;2;31;35;2;31;4;209;324;419;2;31;375;2;325;41;42;209;199;325;316;433;387;37;235;225;165;16;18;-5;209;201;187;182;195;335;465
SP2;05/03/2017;UCAM Murcia;Mallorca;1;1;D;0;1;A;25;28;325;25;28;325;24;29;3;25;29;31;264;296;323;245;288;3;255;29;32;43;268;249;296;287;325;308;38;279;263;149;145;17;-25;216;211;18;175;254;298;338
SP2;05/03/2017;Zaragoza;Numancia;3;0;H;2;0;H;215;31;36;22;31;35;21;31;33;22;29;36;231;298;389;225;31;31;225;3;37;42;231;22;315;301;389;344;37;235;225;169;16;18;-25;191;186;203;196;213;327;399
SP2;10/03/2017;Elche;Alcorcon;0;0;D;0;0;D;22;31;36;23;3;34;22;32;3;225;29;36;229;304;383;22;288;35;23;3;36;42;231;224;32;297;383;345;36;279;261;15;145;17;-25;197;19;2;192;211;318;421
SP2;11/03/2017;Cordoba;Zaragoza;2;1;H;0;1;A;24;31;31;245;3;31;23;3;3;25;3;29;265;315;303;245;3;288;255;31;3;43;265;247;315;304;31;291;39;228;218;171;163;17;0;183;177;212;207;25;32;321
SP2;11/03/2017;Mallorca;Lugo;1;1;D;0;1;A;191;31;45;2;32;41;19;33;37;195;325;4;202;338;428;195;32;38;195;33;43;44;202;194;34;322;45;397;38;24;226;167;159;17;-5;202;195;192;187;193;342;463
SP2;11/03/2017;Mirandes;UCAM Murcia;1;1;D;0;0;D;23;31;33;245;32;295;23;3;3;24;29;325;246;307;341;23;3;31;24;31;32;41;246;235;32;302;341;311;35;238;228;164;157;17;-25;209;202;186;181;244;311;341
SP2;11/03/2017;Numancia;Oviedo;0;0;D;0;0;D;205;31;4;21;3;4;21;31;33;215;29;38;223;301;405;205;31;36;21;32;38;44;223;21;32;306;405;368;38;235;225;165;16;17;-25;186;179;211;204;198;325;475
SP2;11/03/2017;Valladolid;Levante;0;4;A;0;2;A;22;3;36;22;31;35;23;3;3;22;3;36;227;309;382;23;3;31;22;31;36;44;235;221;31;301;382;341;38;249;237;157;154;17;-25;2;189;2;193;249;311;332
SP2;12/03/2017;Almeria;Huesca;0;0;D;0;0;D;23;31;33;235;31;325;22;3;32;23;3;33;237;314;351;23;3;31;238;31;33;43;238;228;314;304;351;323;38;243;23;165;157;16;-25;203;196;191;185;25;315;325
SP2;12/03/2017;Cadiz;Vallecano;1;0;H;1;0;H;23;3;34;24;31;31;22;3;32;23;3;33;236;317;349;225;31;31;238;31;33;42;24;227;317;304;349;325;37;24;23;162;157;16;-25;204;196;19;185;219;32;384
SP2;12/03/2017;Getafe;Tenerife;2;2;D;1;0;H;22;31;35;225;3;35;22;3;32;23;29;35;233;31;364;22;3;33;23;31;34;42;233;223;31;3;365;338;37;257;245;154;151;16;-25;2;193;193;188;214;314;42
SP2;12/03/2017;Reus Deportiu;Girona;1;2;A;0;0;D;275;31;263;285;3;265;27;29;26;29;28;27;308;289;283;28;288;26;3;29;27;43;308;286;31;285;283;263;38;298;271;147;142;16;0;206;199;189;183;357;302;242
SP2;12/03/2017;Sevilla B;Gimnastic;2;2;D;0;1;A;225;31;34;23;31;33;21;31;33;225;3;34;235;314;355;22;3;33;225;313;35;43;24;223;315;304;355;333;38;238;229;164;157;16;-25;2;193;196;189;234;31;362
SP2;17/03/2017;Gimnastic;Elche;1;3;A;0;3;A;225;3;35;225;31;34;23;3;3;225;3;34;231;319;359;225;3;32;225;32;34;42;232;224;325;306;365;331;39;238;226;167;16;17;-25;198;193;195;189;24;319;339
SP2;18/03/2017;Cordoba;Numancia;0;0;D;0;0;D;238;3;325;245;3;31;25;3;28;24;3;31;248;318;325;23;31;3;245;313;313;44;25;238;32;306;333;304;39;23;217;172;164;16;-25;211;205;183;178;229;325;357
SP2;18/03/2017;Huesca;Mallorca;2;1;H;0;0;D;21;31;375;21;31;39;21;31;33;215;31;36;22;323;383;21;3;36;215;32;37;44;222;21;325;312;39;358;38;25;228;166;159;16;-25;187;181;207;201;222;325;374
SP2;18/03/2017;Lugo;Mirandes;2;1;H;0;0;D;18;33;475;178;34;5;175;33;45;175;33;5;181;352;528;18;33;433;18;34;5;44;181;176;352;337;528;472;41;212;203;182;173;16;-75;207;201;188;181;182;358;51
SP2;18/03/2017;UCAM Murcia;Getafe;2;0;H;2;0;H;25;3;3;265;31;28;255;3;27;262;29;29;274;298;308;25;29;29;263;3;3;42;274;256;31;292;308;291;36;27;254;151;147;16;0;185;179;211;204;267;304;312
SP2;18/03/2017;Zaragoza;Sevilla B;1;2;A;0;1;A;191;31;45;191;31;46;2;31;35;191;32;433;195;33;475;195;32;38;193;33;44;44;201;192;335;32;475;413;39;223;213;174;167;16;-5;196;191;197;19;193;351;452
SP2;19/03/2017;Alcorcon;Valladolid;1;2;A;1;2;A;245;3;31;25;29;32;24;29;3;24;288;33;253;296;343;245;288;3;245;3;325;43;253;241;3;289;343;316;38;276;263;15;144;16;-25;212;206;183;178;253;289;351
SP2;19/03/2017;Girona;Cadiz;1;2;A;0;2;A;173;35;5;183;325;475;175;34;43;175;33;5;183;345;532;175;325;475;175;35;52;43;183;175;35;332;532;481;38;238;227;166;158;16;-5;183;176;212;207;18;354;537
SP2;19/03/2017;Levante;Almeria;1;0;H;1;0;H;157;38;6;16;39;575;16;35;52;162;35;6;162;375;719;157;35;55;162;37;625;43;163;158;39;361;719;587;40;228;217;172;164;16;-75;185;18;212;203;169;383;583
SP2;19/03/2017;Tenerife;Reus Deportiu;0;1;A;0;1;A;18;32;5;185;325;475;185;32;41;18;3;55;185;321;579;183;3;475;183;32;52;43;187;181;325;312;579;485;38;279;264;148;145;16;-5;187;182;208;2;179;333;6
SP2;19/03/2017;Vallecano;Oviedo;2;0;H;1;0;H;195;31;433;205;31;4;21;31;33;2;31;42;203;324;447;2;31;375;2;325;41;42;21;198;325;312;447;393;37;248;233;163;156;15;-5;206;199;189;184;199;351;421
SP2;25/03/2017;Almeria;Alcorcon;3;1;H;1;0;H;225;3;35;23;295;35;23;3;3;23;288;35;241;297;365;22;288;35;23;3;35;45;241;227;3;291;37;341;39;294;272;145;142;19;-25;203;195;193;187;241;297;365
SP2;25/03/2017;Mallorca;Levante;1;1;D;0;1;A;26;288;3;265;3;285;26;3;26;25;3;29;265;314;304;25;3;28;26;3;3;45;265;255;314;298;305;286;39;256;241;156;152;19;0;184;18;211;204;256;31;32
SP2;25/03/2017;Numancia;Vallecano;0;0;D;0;0;D;22;3;36;215;32;36;21;31;33;215;31;36;22;323;382;215;31;33;215;325;36;45;223;214;325;314;382;345;40;232;219;171;163;19;-25;192;185;204;197;248;31;334
SP2;25/03/2017;Oviedo;Girona;2;0;H;0;0;D;31;3;245;295;3;255;29;3;24;3;3;25;309;311;264;28;3;25;3;3;26;45;316;291;311;299;264;25;39;257;239;157;153;19;0;212;206;182;178;326;312;252
SP2;25/03/2017;Valladolid;Gimnastic;1;2;A;0;1;A;173;35;5;178;34;5;175;34;43;175;33;5;179;349;555;18;32;45;175;35;525;45;183;175;35;336;555;485;39;231;223;166;161;19;-5;181;175;216;209;171;362;61
SP2;26/03/2017;Cadiz;Tenerife;0;1;A;0;0;D;205;31;4;21;31;38;21;31;33;215;3;38;22;315;399;205;3;375;21;31;39;44;223;211;315;304;4;365;39;255;244;155;151;18;-25;187;18;209;203;236;305;367
SP2;26/03/2017;Elche;Zaragoza;0;3;A;0;3;A;21;32;36;21;32;37;21;31;33;21;31;36;219;328;379;215;31;33;21;325;37;44;219;211;33;316;379;346;41;219;21;176;168;18;-25;187;181;207;201;208;328;419
SP2;26/03/2017;Getafe;Lugo;2;0;H;1;0;H;185;34;433;183;33;475;18;34;4;185;31;475;19;324;527;18;325;44;185;34;46;44;19;183;34;324;527;449;40;236;222;17;161;18;-5;191;185;204;197;2;323;467
SP2;26/03/2017;Mirandes;Huesca;1;3;A;1;2;A;263;31;275;265;31;28;26;3;26;262;31;275;275;322;285;245;32;27;263;32;28;44;275;258;322;309;285;272;42;218;207;178;171;18;0;193;185;204;197;263;326;296
SP2;26/03/2017;Reus Deportiu;UCAM Murcia;0;0;D;0;0;D;215;288;4;225;285;38;22;3;32;22;28;4;227;287;415;23;275;34;225;29;39;42;232;221;3;283;415;366;37;306;281;144;139;18;-25;19;185;203;196;224;289;43
SP2;26/03/2017;Sevilla B;Cordoba;1;0;H;1;0;H;21;31;38;215;31;37;22;31;31;215;3;36;223;313;39;205;31;36;22;32;36;44;223;213;32;308;39;351;39;237;225;163;16;18;-25;19;184;203;198;227;312;377
SP2;31/03/2017;Alcorcon;Mallorca;1;0;H;0;0;D;23;29;35;23;295;35;23;3;3;238;28;35;243;295;365;238;275;33;238;29;35;46;248;233;3;286;365;339;40;3;279;147;14;22;-25;208;197;192;186;243;291;369
SP2;01/04/2017;Girona;Vallecano;1;3;A;1;2;A;183;34;45;183;34;46;19;33;37;18;325;475;185;337;534;183;325;42;183;34;48;45;19;182;343;328;534;456;40;23;221;171;162;20;-5;186;182;208;201;186;339;52
SP2;01/04/2017;Huesca;Getafe;0;0;D;0;0;D;22;31;35;23;3;34;23;3;3;225;3;35;234;31;364;225;3;32;23;313;34;45;234;226;315;302;364;332;39;242;23;161;157;20;-25;197;192;196;19;223;323;375
SP2;01/04/2017;Levante;Mirandes;2;1;H;1;0;H;14;433;85;144;41;825;145;39;65;14;42;85;143;454;957;144;38;75;14;44;9;45;145;141;454;417;957;786;44;206;195;19;18;20;-125;211;199;19;183;152;431;746
SP2;01/04/2017;UCAM Murcia;Cadiz;1;1;D;1;1;D;25;3;3;24;3;325;23;3;3;25;29;31;263;302;319;23;3;31;25;3;313;44;263;245;305;295;325;304;38;264;25;152;148;20;-25;22;211;179;174;257;307;322
SP2;02/04/2017;Cordoba;Elche;1;0;H;0;0;D;23;3;34;24;3;32;22;3;32;23;3;325;239;319;341;245;29;3;238;313;325;44;245;232;32;304;341;315;39;25;226;166;159;19;-25;204;199;189;183;238;319;345
SP2;02/04/2017;Gimnastic;Almeria;0;1;A;0;0;D;215;325;34;22;32;34;22;3;32;22;3;36;224;313;387;22;3;33;22;313;37;44;224;217;325;304;387;348;39;25;238;158;154;19;-25;192;185;203;197;229;322;36
SP2;02/04/2017;Lugo;Reus Deportiu;1;0;H;0;0;D;205;31;4;205;31;4;2;31;35;205;29;4;216;302;426;2;29;4;205;31;42;44;217;206;312;298;426;388;39;274;26;15;145;19;-5;217;206;184;178;226;302;396
SP2;02/04/2017;Tenerife;Oviedo;1;0;H;1;0;H;191;31;45;19;32;45;19;33;37;191;3;475;194;31;531;191;3;433;187;325;475;44;194;189;33;309;531;447;39;267;249;153;149;19;-5;194;189;199;193;185;326;56
SP2;02/04/2017;Zaragoza;Valladolid;1;1;D;1;1;D;24;31;31;255;3;295;23;3;3;25;29;32;257;3;332;25;3;28;25;31;31;44;257;242;31;299;332;302;39;241;226;163;159;19;-25;215;208;181;176;253;325;311
SP2;03/04/2017;Sevilla B;Numancia;1;1;D;1;1;D;215;31;36;225;31;34;22;3;32;23;3;34;235;311;36;22;3;33;23;31;34;44;235;222;311;301;36;334;38;242;232;161;156;19;-25;201;194;193;187;227;304;39
SP2;07/04/2017;Mirandes;Alcorcon;2;0;H;0;0;D;288;3;263;265;295;29;26;3;26;28;29;275;294;299;286;275;29;262;288;3;275;46;298;28;3;29;29;27;39;276;257;153;146;22;0;202;197;195;188;299;303;278
SP2;08/04/2017;Cadiz;Lugo;1;1;D;1;1;D;18;33;475;183;33;475;18;34;4;183;32;5;187;334;523;18;325;44;18;34;5;46;187;18;345;328;523;463;39;232;22;168;162;19;-5;187;181;209;203;202;321;453
SP2;08/04/2017;Getafe;Levante;2;0;H;2;0;H;23;3;34;23;31;33;23;32;28;23;3;34;238;312;352;225;3;32;225;31;35;46;238;228;32;3;352;328;39;254;24;157;152;19;-25;202;194;195;189;22;315;396
SP2;08/04/2017;Mallorca;Gimnastic;0;0;D;0;0;D;175;33;525;18;34;475;175;34;43;18;325;5;181;337;559;185;32;42;18;33;525;46;185;178;34;327;559;481;39;242;231;161;157;19;-5;183;178;212;205;191;328;51
SP2;08/04/2017;Vallecano;Tenerife;1;1;D;1;1;D;22;31;35;215;3;38;21;31;33;215;3;375;222;312;394;215;3;34;22;313;36;46;222;215;315;303;394;356;39;258;242;156;152;19;-25;191;186;204;197;226;316;378
SP2;09/04/2017;Almeria;Zaragoza;2;2;D;2;2;D;225;31;34;22;31;35;22;32;3;23;3;33;237;316;349;225;3;32;238;313;33;45;238;225;32;307;35;326;39;234;223;165;161;19;-25;202;195;194;188;246;321;325
SP2;09/04/2017;Elche;Sevilla B;3;2;H;1;1;D;185;32;475;187;33;45;185;34;38;191;31;45;194;329;481;195;32;38;191;33;45;45;195;188;34;321;481;427;39;234;221;165;162;19;-5;194;189;199;193;2;322;463
SP2;09/04/2017;Numancia;Girona;0;2;A;0;0;D;28;29;275;265;3;285;26;3;26;275;3;27;288;312;279;26;3;27;28;3;28;45;288;27;312;298;285;27;39;241;233;161;156;19;0;199;192;197;191;319;312;252
SP2;09/04/2017;Oviedo;UCAM Murcia;2;0;H;1;0;H;195;31;433;19;31;475;2;33;33;195;3;45;196;321;488;191;31;4;193;313;46;43;2;193;33;307;488;429;36;275;254;151;147;19;-5;2;194;194;189;189;325;527
SP2;09/04/2017;Reus Deportiu;Huesca;0;1;A;0;0;D;26;29;3;255;29;31;25;3;28;262;28;3;271;294;316;26;28;288;263;29;31;45;271;256;3;286;316;296;38;294;274;144;141;19;0;183;177;213;207;252;296;344
SP2;09/04/2017;Valladolid;Cordoba;2;1;H;1;0;H;175;34;5;178;33;5;175;34;43;18;33;475;185;344;511;175;325;475;175;35;5;45;185;177;355;333;511;474;40;225;216;172;165;18;-5;185;177;214;206;193;338;476
SP2;15/04/2017;Elche;Numancia;1;3;A;0;1;A;195;32;42;2;32;37;2;31;35;2;31;4;209;326;417;2;32;36;2;33;4;43;209;2;33;317;42;38;37;233;221;165;162;19;-5;21;202;186;182;207;325;425
SP2;15/04/2017;Gimnastic;Mirandes;4;1;H;1;1;D;18;34;475;178;34;45;18;34;4;18;33;475;183;355;508;18;33;433;183;34;475;43;184;18;355;334;508;448;41;217;207;178;171;19;-5;185;181;21;203;198;35;427
SP2;15/04/2017;Huesca;Cadiz;1;1;D;0;0;D;22;3;36;22;31;33;21;31;33;23;3;34;236;309;36;22;3;33;23;31;34;44;236;222;32;302;36;336;38;238;227;164;158;19;-25;2;193;2;19;186;33;543
SP2;15/04/2017;Tenerife;Girona;3;3;D;1;2;A;25;31;29;245;3;295;23;3;3;25;29;31;258;305;323;245;29;3;25;3;313;43;258;245;31;295;323;302;37;264;246;155;15;19;-25;216;209;18;176;238;293;379
SP2;16/04/2017;Alcorcon;Getafe;0;3;A;0;2;A;25;3;31;245;285;31;23;3;3;262;28;3;277;289;314;245;288;3;26;29;31;43;277;253;3;284;314;302;37;301;276;146;141;19;0;183;177;214;208;29;29;298
SP2;16/04/2017;Cordoba;Almeria;1;0;H;1;0;H;195;31;433;2;3;4;2;31;35;2;3;42;206;313;455;2;32;36;205;32;4;43;211;2;32;308;455;391;37;231;223;166;16;19;-25;179;173;221;211;228;314;372
SP2;16/04/2017;Lugo;Oviedo;2;1;H;1;1;D;215;3;375;205;31;37;21;31;33;23;3;33;234;318;353;22;3;33;23;313;34;43;234;223;325;305;375;333;37;242;229;161;157;19;-25;2;193;214;189;244;315;335
SP2;16/04/2017;Sevilla B;Valladolid;6;2;H;4;0;H;27;3;28;26;295;28;25;3;28;27;29;288;28;297;299;26;3;27;27;3;29;43;28;262;31;296;299;278;37;241;23;161;157;19;0;192;185;204;197;283;305;291
SP2;16/04/2017;UCAM Murcia;Vallecano;0;1;A;0;1;A;255;3;3;24;295;31;24;3;29;262;288;29;281;292;306;25;29;29;26;3;3;41;281;255;3;291;31;29;35;263;248;153;149;19;0;188;181;208;202;285;296;297
SP2;16/04/2017;Zaragoza;Mallorca;1;0;H;1;0;H;215;3;375;21;32;34;22;3;32;215;31;36;22;323;382;215;31;33;22;32;35;43;223;215;323;309;382;343;37;233;223;165;16;19;-25;192;186;204;196;196;347;44
SP2;17/04/2017;Levante;Reus Deportiu;0;0;D;0;0;D;167;35;55;17;325;55;17;35;44;17;32;6;172;339;677;175;3;55;167;34;65;41;177;169;35;323;677;564;35;289;267;147;143;17;-75;2;192;196;189;186;334;528
SP2;21/04/2017;Oviedo;Huesca;1;1;D;1;0;H;23;3;34;225;295;36;22;31;31;23;29;34;244;297;359;22;3;33;238;3;34;42;244;231;31;295;36;331;35;254;237;157;154;19;-25;205;197;193;186;24;299;366
SP2;22/04/2017;Cadiz;Levante;1;1;D;0;1;A;25;31;29;265;31;275;25;3;28;25;3;3;265;307;31;26;3;27;255;31;3;43;265;251;31;299;31;288;37;244;232;16;156;17;-25;226;217;175;17;244;308;344
SP2;22/04/2017;Getafe;Gimnastic;1;1;D;1;0;H;175;33;525;17;34;575;175;34;43;173;34;55;175;355;585;18;31;475;17;35;575;42;18;171;36;335;585;515;36;246;233;158;155;17;-75;199;194;194;188;174;348;616
SP2;22/04/2017;Girona;UCAM Murcia;1;2;A;1;1;D;15;36;85;155;35;75;15;37;59;15;375;75;153;397;828;15;36;7;15;39;8;41;155;149;397;373;85;712;35;238;226;163;158;19;-1;196;191;197;191;167;374;633
SP2;22/04/2017;Valladolid;Elche;2;1;H;1;1;D;191;34;4;191;34;41;19;33;37;191;33;42;195;347;445;185;32;42;19;34;44;43;195;188;347;331;445;41;39;221;211;176;168;18;-5;196;19;2;194;189;347;481
SP2;22/04/2017;Vallecano;Lugo;2;0;H;0;0;D;175;34;5;183;33;475;18;34;4;18;33;475;183;356;504;18;32;45;185;35;45;43;187;18;356;335;504;452;41;225;21;177;169;18;-5;188;182;209;202;194;338;465
SP2;23/04/2017;Almeria;Sevilla B;2;1;H;1;0;H;195;31;433;195;32;433;2;32;34;191;325;433;195;34;457;195;32;38;195;33;42;43;2;193;34;322;457;4;38;231;219;169;163;18;-5;199;193;196;19;207;333;419
SP2;23/04/2017;Mallorca;Cordoba;1;1;D;1;1;D;191;35;4;195;33;41;2;32;34;191;33;42;196;342;45;2;31;375;193;33;433;42;2;192;35;325;45;399;37;243;227;166;158;17;-5;197;192;197;191;199;342;435
SP2;23/04/2017;Mirandes;Zaragoza;0;1;A;0;1;A;31;31;24;32;31;235;27;31;25;29;33;24;324;321;247;28;31;245;3;33;24;42;324;295;33;312;25;239;41;217;204;18;173;17;25;184;178;213;207;304;334;252
SP2;23/04/2017;Numancia;Tenerife;1;1;D;0;0;D;25;3;3;255;3;3;26;29;27;27;29;288;279;305;295;26;288;28;263;3;3;43;279;259;305;293;3;285;37;262;248;153;149;17;-25;234;222;172;167;271;307;303
SP2;23/04/2017;Reus Deportiu;Alcorcon;0;0;D;0;0;D;21;31;375;22;295;38;22;29;33;22;275;4;226;289;421;215;275;38;22;28;42;43;227;218;31;282;421;378;36;374;324;135;131;18;-25;191;185;204;199;252;275;377
SP2;28/04/2017;Elche;Almeria;2;3;A;0;1;A;2;32;4;2;32;375;2;31;35;205;31;36;21;331;405;2;32;36;21;32;38;41;21;202;331;319;405;373;39;225;212;174;168;19;-25;182;176;217;209;227;322;364
SP2;29/04/2017;Levante;Oviedo;1;0;H;0;0;D;173;34;525;167;33;55;175;33;45;175;325;5;174;349;618;173;32;5;175;34;55;43;179;173;35;33;618;512;38;251;237;157;154;19;-75;205;198;19;185;178;354;555
SP2;29/04/2017;UCAM Murcia;Tenerife;1;0;H;1;0;H;29;3;26;28;3;255;28;3;25;;;;309;299;273;288;28;26;3;29;27;42;309;288;3;289;273;26;36;282;266;147;143;16;0;208;203;187;183;304;309;269
SP2;29/04/2017;Valladolid;Numancia;1;1;D;0;0;D;173;35;5;175;34;475;18;33;42;18;325;44;184;338;534;175;34;45;183;34;475;43;185;178;35;335;534;462;40;225;213;173;166;19;-5;186;18;21;204;218;325;388
SP2;29/04/2017;Zaragoza;Getafe;1;2;A;1;0;H;24;3;32;235;295;32;24;31;28;245;3;29;261;31;313;23;3;31;25;31;31;43;261;243;315;302;32;297;38;24;227;163;158;19;-25;22;212;179;174;264;31;309
SP2;30/04/2017;Alcorcon;Cadiz;0;2;A;0;1;A;238;28;35;23;275;35;23;3;3;24;287;31;253;296;343;225;288;34;25;29;33;43;253;239;3;287;35;322;37;296;274;144;141;19;-25;213;206;183;178;27;297;314
SP2;30/04/2017;Cordoba;Mirandes;1;1;D;0;0;D;173;35;5;185;33;42;18;33;42;18;34;433;183;353;515;183;325;42;18;35;48;43;187;179;353;336;515;447;41;215;203;181;174;19;-5;186;179;213;205;17;399;537
SP2;30/04/2017;Lugo;Girona;1;2;A;0;2;A;288;31;255;275;3;26;28;3;25;275;3;255;293;32;269;26;3;27;288;313;263;43;293;275;32;305;27;257;38;23;219;172;163;16;0;205;199;192;187;3;322;262
SP2;30/04/2017;Sevilla B;Mallorca;2;3;A;0;1;A;225;3;35;23;3;325;22;31;31;225;3;32;236;319;349;23;3;31;23;31;34;43;236;225;319;306;35;322;38;23;221;167;161;19;-25;202;194;194;187;238;326;336
SP2;01/05/2017;Gimnastic;Reus Deportiu;0;1;A;0;0;D;23;29;35;23;285;34;22;3;32;235;28;33;243;294;365;238;28;32;238;288;36;41;243;231;3;285;365;333;35;31;284;145;138;17;-25;206;198;19;184;241;294;371
SP2;01/05/2017;Huesca;Vallecano;2;0;H;0;0;D;21;31;375;205;31;375;21;31;33;22;3;33;222;319;383;21;31;34;22;313;36;41;227;215;32;308;383;344;37;24;23;161;156;17;-5;228;217;174;168;232;323;352
SP2;05/05/2017;Oviedo;Alcorcon;0;1;A;0;0;D;195;32;42;191;33;433;19;31;39;2;29;4;204;317;458;195;29;42;2;31;44;41;204;195;33;309;465;423;35;285;267;145;143;19;-5;204;197;193;186;2;33;448
SP2;06/05/2017;Girona;Huesca;3;1;H;2;1;H;183;34;45;191;325;433;2;33;33;186;32;42;192;345;469;195;32;38;19;34;44;42;2;188;345;328;469;418;39;22;21;175;168;18;-5;193;188;203;195;192;345;466
SP2;06/05/2017;Mallorca;Elche;1;0;H;0;0;D;191;32;433;191;33;425;2;33;33;195;31;39;2;333;445;2;32;36;2;325;42;42;2;196;333;32;445;397;37;231;222;166;161;18;-5;201;196;192;187;195;331;473
SP2;06/05/2017;Numancia;UCAM Murcia;1;0;H;1;0;H;2;31;42;205;3;425;21;31;33;205;3;375;21;287;486;2;29;4;215;288;42;41;215;204;31;291;486;412;36;255;243;156;151;18;-5;211;204;189;18;225;296;412
SP2;06/05/2017;Vallecano;Levante;2;1;H;1;1;D;155;375;65;155;37;675;;;;153;37;6;156;39;765;162;35;55;157;38;65;41;162;155;39;37;765;625;39;213;201;18;175;18;-1;208;2;186;182;152;429;743
SP2;07/05/2017;Almeria;Valladolid;0;3;A;0;1;A;24;32;3;23;32;32;23;3;3;237;3;29;248;323;32;225;32;3;245;32;3;42;248;237;325;311;32;3;39;223;212;174;167;18;-25;212;207;182;178;229;33;351
SP2;07/05/2017;Cadiz;Gimnastic;0;0;D;0;0;D;183;325;475;178;33;5;175;34;43;186;32;42;191;339;484;175;325;475;19;33;45;42;193;184;34;324;5;446;37;238;226;164;158;18;-5;194;188;201;195;211;327;407
SP2;07/05/2017;Getafe;Cordoba;2;0;H;1;0;H;167;375;5;172;34;55;17;35;44;17;33;52;174;356;586;173;33;48;175;35;5;42;175;171;375;338;586;506;37;23;221;167;162;18;-75;206;195;195;189;158;404;698
SP2;07/05/2017;Mirandes;Sevilla B;0;1;A;0;0;D;25;33;275;265;325;265;24;32;27;25;31;27;267;327;291;245;32;27;255;33;28;43;267;253;33;315;291;273;41;212;202;183;174;16;-25;229;218;175;169;262;32;302
SP2;07/05/2017;Reus Deportiu;Zaragoza;1;0;H;1;0;H;245;3;31;25;3;31;24;29;3;24;28;31;259;296;338;245;288;3;25;3;32;41;259;244;3;29;338;312;35;292;27;145;142;18;-25;213;208;182;177;269;28;337
SP2;07/05/2017;Tenerife;Lugo;2;1;H;1;0;H;18;325;5;185;325;475;18;34;4;18;32;45;183;332;565;185;32;42;183;33;5;42;186;181;34;322;565;47;37;238;229;163;158;18;-5;186;181;209;202;178;355;552
SP2;12/05/2017;Sevilla B;Getafe;2;1;H;1;0;H;35;3;225;35;32;215;33;33;2;325;31;22;355;334;225;33;31;215;35;32;22;45;364;336;334;314;231;219;39;235;22;171;163;17;25;199;193;196;189;32;333;243
SP2;12/05/2017;Zaragoza;Cadiz;1;1;D;1;0;H;225;31;34;225;31;34;23;3;3;225;3;32;237;317;347;23;3;31;23;313;325;45;237;23;318;306;348;323;38;237;225;165;16;19;-25;204;197;191;186;235;32;349
SP2;13/05/2017;Alcorcon;Vallecano;2;0;H;0;0;D;25;3;3;255;295;3;26;3;26;255;287;287;273;294;315;26;28;288;263;3;3;45;273;255;3;289;315;292;37;277;257;15;146;15;-25;228;218;175;168;305;303;273
SP2;13/05/2017;Almeria;Numancia;2;0;H;2;0;H;2;31;42;205;31;4;21;31;33;2;31;375;202;304;495;195;3;4;205;31;41;45;21;2;32;304;495;404;38;236;225;164;16;16;-5;207;199;19;183;218;321;393
SP2;13/05/2017;Cordoba;Reus Deportiu;1;0;H;0;0;D;21;31;38;215;3;38;22;3;32;21;29;36;221;294;431;205;3;375;21;31;39;45;223;213;31;293;431;375;37;272;254;15;147;16;-25;185;179;21;203;211;303;453
SP2;13/05/2017;Elche;Mirandes;0;1;A;0;0;D;162;36;6;167;36;55;16;36;5;161;36;525;164;379;667;165;35;5;165;38;575;45;167;162;38;361;667;549;42;209;199;186;177;16;-75;187;182;207;201;165;401;587
SP2;13/05/2017;Gimnastic;Oviedo;2;2;D;0;2;A;23;31;33;23;3;34;23;3;3;225;3;32;239;311;351;23;3;31;238;31;33;43;239;228;311;299;351;322;34;25;234;162;155;15;-25;203;195;192;186;225;317;377
SP2;13/05/2017;Huesca;Tenerife;2;2;D;0;2;A;225;31;34;23;285;36;23;32;28;225;3;325;238;291;383;225;3;32;23;31;34;45;238;226;32;294;383;338;38;25;235;16;155;16;-25;199;193;195;189;234;297;383
SP2;13/05/2017;Levante;Girona;2;1;H;1;0;H;288;32;25;285;31;26;;;;27;3;26;291;313;276;28;3;25;28;32;263;44;291;279;32;303;276;256;38;231;223;166;16;13;0;204;198;191;187;277;322;282
SP2;13/05/2017;Valladolid;Mallorca;2;1;H;1;0;H;185;33;45;191;33;425;19;33;37;186;32;4;192;34;476;191;32;4;19;34;433;45;192;188;345;327;476;418;39;229;217;17;164;16;-5;195;188;2;194;213;345;378
SP2;14/05/2017;Lugo;UCAM Murcia;0;0;D;0;0;D;215;31;36;215;31;37;22;3;32;22;3;33;232;312;367;215;31;33;225;31;35;42;232;219;32;305;37;34;36;235;223;168;16;16;-25;196;189;2;192;245;32;329
SP2;19/05/2017;Getafe;Elche;2;0;H;1;0;H;162;37;575;16;38;575;16;36;5;162;35;55;164;379;656;165;35;5;165;37;575;40;168;162;38;362;7;555;37;225;211;176;169;16;-1;288;222;172;168;163;408;603
SP2;19/05/2017;Vallecano;Gimnastic;2;0;H;0;0;D;173;33;55;178;34;5;18;34;4;173;33;48;174;358;582;18;32;45;175;34;54;40;18;174;358;337;582;493;33;235;221;168;162;16;-75;203;197;192;185;201;341;427
SP2;20/05/2017;Cadiz;Cordoba;1;1;D;0;0;D;18;325;5;187;33;45;185;34;38;183;32;44;188;339;501;185;32;42;183;34;475;41;19;184;35;328;501;437;35;24;229;163;158;15;-5;192;184;205;198;199;333;438
SP2;20/05/2017;Girona;Alcorcon;0;0;D;0;0;D;155;38;65;153;39;675;165;35;46;;;;158;378;78;153;35;65;153;38;75;40;165;154;39;369;78;649;34;24;232;163;156;16;-1;207;2;188;182;165;375;648
SP2;20/05/2017;Mallorca;Almeria;1;0;H;1;0;H;195;33;4;191;325;44;19;33;37;195;31;4;199;317;482;185;32;42;195;33;42;41;199;192;33;318;482;409;37;23;218;171;164;15;-5;2;193;196;189;201;327;449
SP2;20/05/2017;Oviedo;Zaragoza;0;0;D;0;0;D;23;31;325;22;32;34;22;3;32;225;3;32;235;317;353;215;31;33;23;313;33;41;235;225;32;307;353;325;35;238;229;164;158;15;-25;202;195;193;187;207;341;4
SP2;20/05/2017;Reus Deportiu;Sevilla B;2;1;H;1;0;H;21;3;4;215;295;39;2;32;34;215;29;36;218;3;429;215;29;36;215;3;39;39;223;213;32;295;429;372;35;272;256;15;147;15;-25;187;181;209;201;206;307;465
SP2;20/05/2017;Tenerife;Levante;0;0;D;0;0;D;157;36;65;16;37;6;;;;16;35;575;162;375;709;157;35;6;162;36;65;40;165;16;375;355;709;592;35;225;212;175;167;15;-75;183;179;211;204;164;387;642
SP2;20/05/2017;UCAM Murcia;Huesca;3;1;H;2;0;H;25;3;3;255;31;29;26;3;26;255;29;288;275;306;303;25;29;29;26;3;3;40;275;255;31;294;303;288;34;257;243;154;151;15;0;185;18;208;203;265;311;307
SP2;21/05/2017;Mirandes;Valladolid;2;2;D;0;2;A;37;325;205;375;325;205;31;33;21;34;32;205;398;348;205;325;325;21;36;34;21;41;398;351;348;327;225;205;37;215;2;185;175;15;25;212;204;184;179;349;35;221
SP2;21/05/2017;Numancia;Lugo;0;1;A;0;0;D;2;32;4;2;32;4;21;33;31;2;31;37;205;311;456;2;32;36;205;32;4;41;21;2;33;312;456;384;37;225;216;173;165;15;-5;207;2;189;182;214;313;419
SP2;26/05/2017;Levante;UCAM Murcia;3;1;H;1;1;D;185;34;433;185;325;425;19;33;37;187;32;425;188;34;504;185;32;42;183;34;48;43;195;185;343;33;492;434;37;239;227;165;16;18;-5;194;184;206;2;188;34;503
SP2;27/05/2017;Almeria;Mirandes;2;0;H;1;0;H;153;375;7;155;375;6;15;38;57;153;38;58;156;421;682;155;38;55;155;41;625;43;158;153;421;392;7;591;40;191;182;203;193;15;-1;2;194;196;187;163;412;587
SP2;27/05/2017;Huesca;Lugo;1;0;H;1;0;H;185;33;45;18;325;46;19;33;37;18;33;45;183;368;485;18;33;433;175;36;48;44;19;179;368;343;5;447;40;213;203;184;174;16;-5;184;178;212;205;172;389;536
SP2;27/05/2017;Sevilla B;Cadiz;3;3;D;2;0;H;6;36;162;575;35;162;5;36;16;58;35;16;625;388;165;6;35;157;65;37;16;43;67;582;39;364;165;159;37;225;216;172;164;13;5;242;235;163;159;9;547;136
SP2;27/05/2017;Valladolid;Getafe;1;0;H;0;0;D;24;31;31;24;3;3;23;32;28;24;31;288;252;332;306;245;31;28;245;32;3;44;252;241;332;311;315;293;39;225;211;175;168;15;-25;217;209;18;175;261;323;302
SP2;28/05/2017;Alcorcon;Tenerife;1;3;A;0;2;A;288;3;263;265;3;27;26;3;26;275;288;263;294;306;279;275;28;27;288;3;27;43;294;278;306;295;279;263;37;268;251;155;148;15;0;201;196;192;186;27;297;314
SP2;28/05/2017;Cordoba;Oviedo;4;2;H;3;0;H;225;31;34;215;31;34;22;32;3;;;;234;32;35;225;3;32;225;313;35;43;234;223;32;308;35;327;37;242;23;162;157;15;-25;199;192;197;19;216;319;4
SP2;28/05/2017;Elche;Reus Deportiu;1;1;D;0;0;D;191;31;45;19;295;475;;;;191;3;44;199;32;476;191;3;433;191;32;475;42;199;192;33;308;476;436;37;29;269;145;142;14;-25;169;164;234;225;191;346;47
SP2;28/05/2017;Gimnastic;Girona;3;1;H;0;1;A;31;31;238;31;31;23;26;32;25;29;31;238;312;334;247;288;31;238;3;325;245;43;312;294;334;315;25;238;38;215;205;181;172;15;25;184;178;212;205;298;337;254
SP2;28/05/2017;Mallorca;Numancia;0;0;D;0;0;D;18;325;5;187;33;41;18;34;4;185;32;433;188;339;507;185;32;42;185;34;46;43;19;183;345;329;507;44;37;234;222;165;161;15;-5;19;184;206;198;173;351;617
SP2;28/05/2017;Zaragoza;Vallecano;1;1;D;1;0;H;25;31;29;24;3;3;24;32;27;245;3;28;267;322;293;245;3;288;255;32;29;43;267;247;322;309;305;284;37;22;213;174;166;16;-25;223;215;176;171;246;292;363
SP2;02/06/2017;Lugo;Levante;1;0;H;0;0;D;26;32;275;26;33;27;25;33;25;25;32;265;265;327;293;25;325;262;26;33;275;42;27;257;336;317;293;27;40;197;189;199;187;18;0;24;19;205;197;248;354;294
SP2;04/06/2017;Cadiz;Elche;2;1;H;0;0;D;167;36;525;167;37;525;165;35;46;16;375;525;17;402;531;17;35;46;167;38;52;40;172;166;402;368;531;482;36;191;18;206;195;14;-25;193;188;202;194;185;377;452
SP2;04/06/2017;Getafe;Almeria;4;0;H;2;0;H;167;34;6;162;37;575;155;37;54;153;36;65;164;37;687;165;35;5;165;36;6;39;167;162;37;352;687;563;35;225;207;176;169;14;-25;187;182;208;2;165;371;668
SP2;04/06/2017;Girona;Zaragoza;0;0;D;0;0;D;325;15;7;325;155;7;;;;;;;;;;325;15;7;;;;21;35;337;157;152;784;708;12;375;339;136;128;11;-25;258;249;158;154;;;
SP2;04/06/2017;Huesca;Numancia;0;0;D;0;0;D;15;38;75;148;39;8;14;41;7;144;38;75;148;407;964;15;36;7;15;39;8;40;152;147;41;381;964;745;33;232;219;167;162;13;-1;194;186;202;194;149;427;832
SP2;04/06/2017;Mirandes;Mallorca;2;2;D;2;1;H;7;375;153;675;4;15;65;39;145;65;4;144;65;445;155;6;36;155;65;4;155;40;7;605;445;388;157;153;34;195;186;198;187;14;75;229;219;173;168;754;459;148
SP2;04/06/2017;Oviedo;Sevilla B;1;0;H;1;0;H;17;35;525;172;375;475;16;36;5;17;35;46;171;389;54;17;36;45;173;37;5;40;175;169;389;359;54;476;36;197;187;198;187;13;-25;198;192;198;189;187;396;422
SP2;04/06/2017;Reus Deportiu;Valladolid;2;0;H;2;0;H;6;34;167;675;35;16;54;37;155;58;34;16;776;355;163;55;325;167;65;35;165;40;776;601;37;342;167;161;33;25;233;161;155;14;75;209;2;187;182;577;349;177
SP2;04/06/2017;Tenerife;Gimnastic;0;1;A;0;0;D;191;32;433;19;31;475;175;34;43;185;31;44;192;306;555;191;3;433;195;29;475;40;196;189;34;303;555;456;34;242;231;16;156;14;-5;196;19;199;192;188;312;581
SP2;04/06/2017;UCAM Murcia;Alcorcon;0;1;A;0;1;A;22;31;35;225;295;36;;;;215;29;37;23;309;375;225;29;33;225;31;35;40;23;221;31;297;375;342;33;262;244;156;15;14;-25;196;19;198;192;221;305;41
SP2;04/06/2017;Vallecano;Cordoba;1;2;A;1;1;D;26;21;42;285;21;4;;;;;;;;;;27;21;38;;;;18;29;274;22;212;42;393;14;25;234;16;154;7;-25;233;227;167;162;248;267;398
SP2;09/06/2017;Sevilla B;Vallecano;1;2;A;0;1;A;23;35;288;235;34;28;22;32;3;225;34;29;234;366;308;22;35;288;23;35;3;43;236;226;366;342;308;293;40;176;169;223;212;19;-25;204;199;19;186;218;392;322
SP2;10/06/2017;Alcorcon;Lugo;3;0;H;1;0;H;136;42;8;136;44;825;13;48;85;136;425;85;135;503;1137;14;42;75;14;45;9;41;14;136;503;445;1137;856;39;205;195;189;181;15;-125;202;195;194;187;156;412;716
SP2;10/06/2017;Almeria;Reus Deportiu;1;0;H;1;0;H;122;55;11;122;55;135;125;5;10;128;475;12;129;553;1418;129;46;11;129;52;13;41;132;127;553;502;1418;1114;39;2;192;191;183;15;-125;176;172;226;216;115;781;2854
SP2;10/06/2017;Cordoba;Girona;2;1;H;0;0;D;24;22;42;255;23;4;;;;237;22;45;;;;;;;263;24;313;19;27;256;24;224;44;404;13;275;26;148;145;14;-25;234;218;178;17;;;
SP2;10/06/2017;Elche;Oviedo;0;2;A;0;0;D;525;375;157;525;39;157;54;37;155;48;38;161;532;44;164;46;375;165;525;4;165;41;575;506;44;39;167;161;37;182;172;216;205;17;75;212;203;187;181;769;532;14
SP2;10/06/2017;Gimnastic;UCAM Murcia;1;0;H;0;0;D;215;32;325;21;3;37;;;;215;31;33;219;316;39;215;31;33;22;32;35;39;223;217;32;309;39;343;38;226;215;175;166;19;-25;192;187;204;196;224;319;377
SP2;10/06/2017;Levante;Huesca;1;2;A;0;0;D;35;325;195;34;35;2;38;36;18;34;33;205;377;361;207;34;34;2;36;35;205;41;382;35;361;338;207;202;39;204;19;197;185;15;25;214;207;183;178;257;371;273
SP2;10/06/2017;Mallorca;Getafe;3;3;D;1;1;D;27;32;24;28;32;245;28;32;23;27;31;25;298;335;256;27;32;245;28;325;26;41;298;279;335;318;26;246;36;205;198;186;178;19;0;21;203;188;182;297;329;255
SP2;10/06/2017;Valladolid;Cadiz;1;0;H;0;0;D;144;42;6;15;41;575;14;41;7;15;39;65;152;432;749;144;4;65;15;42;7;41;153;148;435;406;75;643;40;198;189;198;187;17;-1;191;186;203;196;142;48;9
SP2;10/06/2017;Zaragoza;Tenerife;1;2;A;0;1;A;3;325;22;3;32;23;;;;32;31;22;349;328;231;31;32;22;33;325;23;40;352;321;328;316;231;223;39;22;21;178;17;15;25;194;189;198;193;318;332;244
SP2;11/06/2017;Numancia;Mirandes;0;2;A;0;0;D;175;34;433;191;34;38;18;34;4;187;33;4;191;355;457;191;33;38;187;35;43;39;191;185;355;339;457;408;37;201;193;191;181;15;-5;192;188;202;196;183;385;452
SP2;18/08/2017;Lorca;Leonesa;2;0;H;1;0;H;245;31;3;25;3;31;23;31;31;235;3;28;262;314;308;24;3;31;255;31;3;35;264;249;314;302;31;293;30;255;;;;;;;;;;;;
SP2;18/08/2017;Tenerife;Zaragoza;1;0;H;0;0;D;195;31;433;2;32;4;21;32;34;21;3;36;207;329;422;205;32;375;205;32;41;34;212;202;329;313;433;385;31;242;;;;;;;;;;;;
SP2;19/08/2017;Alcorcon;Sp Gijon;0;0;D;0;0;D;25;3;3;27;285;295;25;32;275;25;3;28;271;312;298;25;31;288;255;31;3;34;271;253;32;301;3;285;30;247;;;;;;;;;;;;
SP2;19/08/2017;Cordoba;Cadiz;1;2;A;0;2;A;22;3;36;225;31;34;23;32;3;22;3;34;227;324;363;23;31;32;225;313;35;34;23;221;324;309;363;333;30;238;;;;;;;;;;;;
SP2;19/08/2017;Numancia;Huesca;1;0;H;0;0;D;215;3;375;215;32;36;22;31;33;225;3;32;233;317;356;225;31;33;225;313;35;34;233;222;32;307;375;334;30;237;;;;;;;;;;;;
SP2;19/08/2017;Osasuna;Sevilla B;1;1;D;0;0;D;173;33;55;175;36;475;19;33;4;175;33;46;183;356;508;183;34;433;175;35;52;34;19;178;37;34;55;457;31;225;;;;;;;;;;;;
SP2;19/08/2017;Valladolid;Barcelona B;1;2;A;0;2;A;185;34;433;187;34;433;185;345;4;183;34;4;192;358;446;195;34;38;187;35;44;34;195;186;358;339;446;409;34;2;;;;;;;;;;;;
SP2;20/08/2017;Gimnastic;Almeria;0;1;A;0;1;A;225;3;35;215;325;35;22;31;33;215;3;34;224;32;376;225;31;33;22;313;37;34;225;217;325;307;376;342;30;241;;;;;;;;;;;;
SP2;20/08/2017;Granada;Albacete;0;0;D;0;0;D;18;33;475;172;36;5;18;34;43;18;34;425;183;361;5;183;34;433;18;35;48;34;183;179;361;343;5;442;34;211;;;;;;;;;;;;
SP2;20/08/2017;Oviedo;Vallecano;2;3;A;1;2;A;238;3;325;235;31;325;24;31;295;23;3;31;244;321;33;24;31;3;238;313;325;34;244;234;321;308;33;307;30;231;;;;;;;;;;;;
SP2;21/08/2017;Lugo;Reus Deportiu;0;0;D;0;0;D;21;3;4;21;3;4;21;3;37;205;29;375;212;314;424;21;29;4;205;31;41;34;212;206;315;299;424;385;29;277;;;;;;;;;;;;
SP2;25/08/2017;Albacete;Cordoba;0;3;A;0;1;A;25;32;28;265;31;275;25;305;28;255;3;28;27;313;297;25;31;288;263;31;29;33;27;255;32;303;301;284;30;242;;;;;;;;;;;;
SP2;26/08/2017;Almeria;Oviedo;1;1;D;0;0;D;24;31;31;235;31;32;23;31;315;225;3;31;236;316;351;23;31;32;23;32;325;33;24;229;32;308;351;317;29;229;;;;;;;;;;;;
SP2;26/08/2017;Huesca;Lorca;2;0;H;2;0;H;;;;205;33;375;205;315;37;205;3;37;204;325;439;2;325;375;205;32;4;33;209;202;33;318;439;377;29;239;;;;;;;;;;;;
SP2;26/08/2017;Leonesa;Osasuna;2;1;H;0;1;A;33;31;23;3;31;245;305;3;24;3;29;24;315;311;259;32;31;23;313;31;245;33;33;303;315;302;26;242;29;25;;;;;;;;;;;;
SP2;26/08/2017;Sevilla B;Valladolid;1;2;A;0;2;A;26;32;28;25;32;285;25;315;275;25;31;27;264;323;297;25;325;275;26;325;28;33;27;253;325;315;297;275;33;214;;;;;;;;;;;;
SP2;26/08/2017;Vallecano;Numancia;2;2;D;2;0;H;191;34;4;19;35;4;19;33;41;187;325;4;193;341;469;191;34;4;19;34;433;33;195;189;35;331;469;412;31;22;;;;;;;;;;;;
SP2;27/08/2017;Cadiz;Alcorcon;0;0;D;0;0;D;2;32;4;2;31;42;2;305;405;205;29;39;209;307;45;2;3;42;205;31;42;32;209;201;32;301;45;404;28;288;;;;;;;;;;;;
SP2;27/08/2017;Reus Deportiu;Gimnastic;1;1;D;1;0;H;21;3;4;215;31;37;215;295;375;21;29;37;218;306;416;21;29;4;215;3;4;32;22;211;31;297;416;375;28;293;;;;;;;;;;;;
SP2;27/08/2017;Sp Gijon;Lugo;2;0;H;0;0;D;18;35;45;185;33;46;185;32;46;183;32;44;187;335;521;185;32;46;183;33;5;32;187;182;35;326;521;455;29;25;;;;;;;;;;;;
SP2;27/08/2017;Zaragoza;Granada;1;1;D;0;1;A;24;31;31;24;31;31;235;3;315;23;3;32;242;31;345;24;3;31;238;31;33;32;242;233;315;304;345;316;29;25;;;;;;;;;;;;
SP2;28/08/2017;Barcelona B;Tenerife;0;3;A;0;2;A;24;32;3;24;325;295;24;31;29;237;31;29;257;319;31;24;31;3;24;32;31;32;257;24;325;312;31;293;30;22;;;;;;;;;;;;
SP2;01/09/2017;Granada;Barcelona B;2;2;D;1;1;D;173;36;475;175;36;44;18;35;435;18;34;42;183;366;486;18;35;44;18;36;46;36;186;179;366;35;486;44;32;202;;;;;;;;;;;;
SP2;02/09/2017;Gimnastic;Sp Gijon;0;4;A;0;3;A;25;3;3;24;3;3;25;3;29;25;3;287;262;314;308;25;31;29;255;31;3;37;262;248;314;301;308;29;31;253;;;;;;;;;;;;
SP2;02/09/2017;Lorca;Vallecano;0;0;D;0;0;D;288;32;25;28;32;245;285;31;245;28;3;25;3;325;26;28;3;25;288;32;255;37;3;283;325;309;26;248;33;227;;;;;;;;;;;;
SP2;02/09/2017;Lugo;Cadiz;0;1;A;0;0;D;23;31;32;23;31;31;23;305;315;225;3;32;241;317;34;23;31;32;238;31;33;37;241;23;317;305;34;317;31;251;;;;;;;;;;;;
SP2;02/09/2017;Numancia;Almeria;1;0;H;0;0;D;205;32;375;2;32;38;205;31;365;21;3;36;211;33;403;2;31;4;21;32;38;37;214;205;33;315;403;366;31;243;;;;;;;;;;;;
SP2;02/09/2017;Osasuna;Huesca;1;1;D;0;0;D;195;32;42;195;325;38;195;32;39;195;31;39;199;336;444;205;32;375;2;325;42;37;205;197;336;32;444;392;31;238;;;;;;;;;;;;
SP2;03/09/2017;Cordoba;Zaragoza;1;2;A;1;1;D;23;31;33;22;31;33;225;305;325;225;3;325;233;323;348;23;31;32;225;313;35;36;238;226;323;307;35;325;31;238;;;;;;;;;;;;
SP2;03/09/2017;Oviedo;Reus Deportiu;3;0;H;1;0;H;191;33;42;187;33;41;19;305;45;191;3;44;197;323;482;191;31;45;19;32;475;36;197;189;33;313;482;437;30;285;;;;;;;;;;;;
SP2;03/09/2017;Sevilla B;Leonesa;1;2;A;0;0;D;24;31;31;225;31;32;235;305;305;235;3;3;245;319;329;25;31;29;245;313;31;36;25;236;319;307;329;305;31;246;;;;;;;;;;;;
SP2;03/09/2017;Valladolid;Tenerife;2;0;H;1;0;H;225;32;32;225;31;32;225;305;32;22;3;325;234;322;349;225;31;33;23;313;34;36;234;225;325;308;349;323;31;24;;;;;;;;;;;;
SP2;04/09/2017;Alcorcon;Albacete;1;0;H;0;0;D;18;34;475;183;325;45;18;315;485;18;31;48;183;339;542;183;31;5;18;325;525;36;185;179;345;322;542;479;30;282;;;;;;;;;;;;
SP2;08/09/2017;Cadiz;Gimnastic;2;0;H;0;0;D;173;34;525;172;35;525;17;34;525;173;325;5;175;361;575;173;34;5;173;34;575;33;175;171;361;339;58;515;30;242;;;;;;;;;;;;
SP2;09/09/2017;Almeria;Lorca;2;1;H;0;0;D;17;33;575;18;33;5;175;33;48;175;325;48;177;357;556;18;33;48;175;34;54;33;18;175;357;334;575;488;27;238;;;;;;;;;;;;
SP2;09/09/2017;Barcelona B;Cordoba;4;0;H;3;0;H;24;33;29;235;33;3;235;33;285;23;325;287;247;347;302;238;33;288;245;34;288;33;247;235;347;332;305;286;32;191;;;;;;;;;;;;
SP2;09/09/2017;Huesca;Sevilla B;0;0;D;0;0;D;165;36;55;17;36;525;165;355;5;167;35;5;171;377;571;173;35;48;17;36;54;33;175;168;377;357;571;504;31;21;;;;;;;;;;;;
SP2;09/09/2017;Sp Gijon;Oviedo;1;1;D;1;0;H;185;34;433;185;34;44;185;33;42;183;325;44;192;35;46;183;33;45;187;34;45;33;192;185;35;332;46;426;29;225;;;;;;;;;;;;
SP2;10/09/2017;Albacete;Lugo;0;1;A;0;0;D;245;31;3;25;31;295;25;3;285;25;29;287;258;312;315;25;31;288;255;31;3;32;258;247;312;302;315;291;27;248;;;;;;;;;;;;
SP2;10/09/2017;Leonesa;Valladolid;4;4;D;1;1;D;238;3;32;24;31;31;24;305;3;24;3;29;258;318;311;25;31;29;25;313;3;32;258;242;318;306;32;295;27;23;;;;;;;;;;;;
SP2;10/09/2017;Tenerife;Granada;2;2;D;0;1;A;195;33;4;21;31;38;2;31;38;2;3;39;204;33;434;21;31;36;2;32;42;32;21;2;33;312;434;387;27;25;;;;;;;;;;;;
SP2;10/09/2017;Vallecano;Osasuna;0;3;A;0;1;A;21;34;34;205;33;37;21;32;35;21;31;35;211;338;391;205;32;375;21;33;37;32;212;207;34;324;391;351;29;23;;;;;;;;;;;;
SP2;10/09/2017;Zaragoza;Alcorcon;0;1;A;0;1;A;185;36;4;2;32;4;195;315;41;2;3;4;195;33;476;2;3;42;19;325;46;32;2;191;36;316;476;422;27;267;;;;;;;;;;;;
SP2;11/09/2017;Reus Deportiu;Numancia;1;0;H;1;0;H;26;3;288;26;295;28;25;295;29;255;29;287;266;31;306;25;3;3;26;3;3;31;26;251;32;299;3;286;24;265;;;;;;;;;;;;
SP2;15/09/2017;Lugo;Zaragoza;2;1;H;0;1;A;24;31;31;23;31;33;235;305;31;225;3;325;249;321;321;23;31;31;245;31;313;34;249;237;321;306;33;305;31;242;;;;;;;;;;;;
SP2;16/09/2017;Lorca;Reus Deportiu;1;1;D;1;0;H;23;3;34;245;31;3;23;295;32;235;29;31;242;311;344;238;3;31;238;31;33;35;245;234;315;297;344;316;29;271;;;;;;;;;;;;
SP2;16/09/2017;Numancia;Sp Gijon;3;0;H;2;0;H;23;3;34;235;31;325;23;305;315;23;3;31;244;324;326;24;3;3;238;313;325;35;244;232;324;305;34;312;29;239;;;;;;;;;;;;
SP2;16/09/2017;Osasuna;Almeria;2;1;H;0;1;A;185;33;45;195;33;41;185;325;42;191;31;42;194;349;446;191;31;42;191;33;45;34;196;189;349;324;45;412;28;235;;;;;;;;;;;;
SP2;16/09/2017;Sevilla B;Vallecano;0;0;D;0;0;D;32;33;225;31;33;23;31;32;225;31;32;225;325;343;235;32;32;22;313;33;238;35;325;309;343;319;238;227;34;21;;;;;;;;;;;;
SP2;16/09/2017;Valladolid;Granada;2;1;H;1;0;H;185;35;42;187;35;42;185;345;41;185;33;4;191;366;441;195;33;38;187;35;433;35;195;186;366;341;441;402;34;205;;;;;;;;;;;;
SP2;17/09/2017;Alcorcon;Barcelona B;1;1;D;0;0;D;2;33;38;2;33;39;2;325;37;205;32;37;209;333;406;2;32;375;2;33;4;32;209;2;333;323;406;37;30;219;;;;;;;;;;;;
SP2;17/09/2017;Cordoba;Tenerife;2;0;H;0;0;D;24;32;3;255;3;295;245;31;29;245;3;287;259;32;307;25;31;27;25;32;3;34;265;245;325;309;307;287;31;224;;;;;;;;;;;;
SP2;17/09/2017;Gimnastic;Albacete;3;1;H;2;1;H;21;31;37;215;325;35;21;31;36;21;3;35;217;321;395;21;31;36;21;32;38;33;217;209;33;31;395;357;28;25;;;;;;;;;;;;
SP2;17/09/2017;Leonesa;Huesca;3;2;H;2;1;H;22;32;34;225;31;34;22;315;325;225;31;32;236;325;34;23;31;31;225;32;34;33;236;222;325;314;34;32;30;225;;;;;;;;;;;;
SP2;17/09/2017;Oviedo;Cadiz;1;0;H;0;0;D;215;31;36;22;31;35;22;305;34;215;3;34;22;318;39;225;3;33;22;31;37;34;228;217;32;304;39;343;29;251;;;;;;;;;;;;
SP2;22/09/2017;Almeria;Sevilla B;3;0;H;1;0;H;191;35;4;191;33;41;185;315;435;191;31;42;195;326;484;191;31;42;191;325;46;37;198;189;35;319;484;429;32;252;;;;;;;;;;;;
SP2;23/09/2017;Granada;Cordoba;3;1;H;1;0;H;215;3;375;22;32;33;215;315;33;215;31;33;218;329;38;215;325;325;215;33;35;37;22;214;33;318;38;336;36;22;;;;;;;;;;;;
SP2;23/09/2017;Reus Deportiu;Osasuna;0;0;D;0;0;D;27;3;28;255;295;295;26;29;285;262;287;275;286;3;292;25;288;3;275;3;28;37;286;265;305;291;3;279;32;271;;;;;;;;;;;;
SP2;23/09/2017;Sp Gijon;Lorca;1;0;H;1;0;H;165;34;6;167;37;5;165;35;525;167;34;52;169;372;604;17;34;5;167;36;575;37;17;165;372;352;604;53;36;225;;;;;;;;;;;;
SP2;23/09/2017;Tenerife;Alcorcon;4;0;H;2;0;H;183;31;5;185;32;46;18;305;495;183;3;48;186;318;575;183;3;5;183;313;55;37;189;182;32;307;575;493;32;3;;;;;;;;;;;;
SP2;24/09/2017;Albacete;Oviedo;2;1;H;0;0;D;31;29;25;295;3;25;3;3;245;3;3;24;324;309;255;28;31;25;3;313;25;36;324;3;315;299;26;244;32;243;;;;;;;;;;;;
SP2;24/09/2017;Cadiz;Numancia;0;0;D;0;0;D;2;31;42;205;3;41;21;305;37;21;3;35;219;307;413;2;3;4;21;31;4;36;22;209;315;301;42;37;32;25;;;;;;;;;;;;
SP2;24/09/2017;Huesca;Valladolid;1;0;H;1;0;H;22;3;36;225;3;34;22;315;325;22;325;31;235;335;332;22;33;31;225;33;325;36;235;222;335;319;36;316;36;2;;;;;;;;;;;;
SP2;24/09/2017;Vallecano;Leonesa;3;1;H;1;1;D;175;34;5;18;36;425;175;355;425;18;35;42;183;367;485;18;35;42;183;36;45;36;185;178;367;348;5;43;36;191;;;;;;;;;;;;
SP2;24/09/2017;Zaragoza;Gimnastic;1;1;D;1;0;H;167;34;575;172;34;525;17;335;525;17;33;52;176;334;628;173;34;48;173;34;575;36;176;17;345;33;628;531;32;234;;;;;;;;;;;;
SP2;25/09/2017;Barcelona B;Lugo;1;2;A;1;1;D;195;32;42;195;33;39;19;335;38;;;;2;348;42;2;34;35;195;34;41;35;2;193;348;334;42;38;35;2;;;;;;;;;;;;
SP2;29/09/2017;Leonesa;Almeria;0;0;D;0;0;D;21;32;36;21;325;34;21;33;33;215;31;33;218;336;373;22;33;31;215;33;35;35;22;211;34;323;373;339;31;216;;;;;;;;;;;;
SP2;30/09/2017;Lorca;Cadiz;3;0;H;1;0;H;288;3;263;275;3;26;27;3;265;275;29;26;291;311;278;262;31;262;288;3;27;33;291;274;311;297;278;264;28;257;;;;;;;;;;;;
SP2;30/09/2017;Numancia;Albacete;5;1;H;1;1;D;18;35;45;18;34;433;18;33;45;18;32;46;185;345;51;183;32;45;18;34;5;34;185;18;35;333;51;449;29;243;;;;;;;;;;;;
SP2;30/09/2017;Valladolid;Cordoba;4;1;H;3;0;H;185;33;45;187;33;41;185;335;41;191;325;4;194;349;446;191;34;38;19;34;43;34;194;187;349;334;45;406;31;217;;;;;;;;;;;;
SP2;01/10/2017;Alcorcon;Granada;1;2;A;1;1;D;215;31;36;225;3;33;225;3;33;225;29;33;231;314;365;225;3;33;225;31;36;34;231;222;314;3;365;336;29;256;;;;;;;;;;;;
SP2;01/10/2017;Huesca;Vallecano;2;1;H;1;1;D;25;31;29;24;3;3;235;31;295;235;31;3;244;326;324;23;32;3;24;32;31;34;25;236;326;31;335;299;31;221;;;;;;;;;;;;
SP2;01/10/2017;Lugo;Tenerife;1;0;H;0;0;D;25;3;3;26;3;275;255;295;29;255;287;287;271;301;309;25;3;288;263;31;29;34;271;253;31;293;31;29;29;272;;;;;;;;;;;;
SP2;01/10/2017;Osasuna;Sp Gijon;2;0;H;1;0;H;225;31;34;215;31;34;22;31;325;22;3;33;223;323;374;22;31;33;22;32;35;34;225;218;323;31;374;334;29;237;;;;;;;;;;;;
SP2;01/10/2017;Sevilla B;Reus Deportiu;0;1;A;0;1;A;238;31;31;245;295;3;245;295;3;24;29;3;255;306;326;25;29;3;25;3;325;34;255;243;31;294;326;304;29;273;;;;;;;;;;;;
SP2;02/10/2017;Oviedo;Zaragoza;2;2;D;2;2;D;185;32;475;19;32;42;185;32;435;187;31;433;19;339;49;185;32;44;187;33;475;32;191;185;34;322;49;433;28;25;;;;;;;;;;;;
SP2;07/10/2017;Almeria;Huesca;0;3;A;0;2;A;225;3;35;215;32;34;225;31;325;23;31;31;237;313;352;22;31;33;23;32;33;34;237;225;325;308;352;324;28;22;;;;;;;;;;;;
SP2;07/10/2017;Cadiz;Osasuna;0;2;A;0;0;D;215;31;36;21;3;38;215;305;35;215;3;34;232;308;371;21;3;375;22;31;36;34;232;217;31;3;38;351;28;254;;;;;;;;;;;;
SP2;07/10/2017;Reus Deportiu;Leonesa;1;1;D;1;1;D;225;31;34;225;3;34;225;3;335;225;3;33;232;303;379;23;31;31;23;31;34;34;235;225;31;298;379;336;28;254;;;;;;;;;;;;
SP2;07/10/2017;Sp Gijon;Sevilla B;3;0;H;1;0;H;157;375;625;162;36;575;16;365;55;16;35;575;163;382;663;162;36;55;162;38;6;34;164;16;382;361;663;567;31;223;;;;;;;;;;;;
SP2;07/10/2017;Tenerife;Gimnastic;2;0;H;0;0;D;162;36;6;16;35;625;16;365;525;16;36;55;164;392;626;162;36;55;162;38;6;34;166;16;392;366;626;558;31;21;;;;;;;;;;;;
SP2;08/10/2017;Albacete;Lorca;2;1;H;1;0;H;205;3;41;21;31;375;205;31;37;21;3;36;213;313;423;2;32;375;21;313;39;33;213;205;325;307;423;375;28;238;;;;;;;;;;;;
SP2;08/10/2017;Barcelona B;Oviedo;1;1;D;1;0;H;26;32;27;26;32;27;265;32;255;26;32;255;284;331;27;245;325;275;27;34;26;33;284;261;345;32;275;261;31;2;;;;;;;;;;;;
SP2;08/10/2017;Cordoba;Alcorcon;3;0;H;0;0;D;21;31;375;205;295;41;21;305;365;21;3;35;216;315;41;215;31;34;21;32;38;33;216;209;32;305;41;365;28;25;;;;;;;;;;;;
SP2;08/10/2017;Granada;Lugo;2;0;H;1;0;H;191;31;46;2;32;39;195;32;39;195;31;39;197;333;458;205;32;36;195;33;43;33;205;195;335;318;46;397;29;225;;;;;;;;;;;;
SP2;08/10/2017;Vallecano;Valladolid;4;1;H;3;0;H;215;33;34;22;3;35;215;325;33;215;325;32;221;347;352;205;325;35;215;34;34;33;221;214;347;326;352;331;32;198;;;;;;;;;;;;
SP2;08/10/2017;Zaragoza;Numancia;3;0;H;1;0;H;195;325;41;195;32;41;19;33;405;191;32;39;196;331;466;2;32;375;195;33;43;33;2;193;335;323;466;402;31;221;;;;;;;;;;;;
SP2;10/10/2017;Huesca;Reus Deportiu;1;1;D;0;0;D;18;325;5;178;32;5;175;33;5;18;31;475;181;337;565;183;32;45;18;33;54;31;183;178;337;322;565;494;26;279;;;;;;;;;;;;
SP2;10/10/2017;Leonesa;Sp Gijon;0;2;A;0;0;D;3;3;25;27;31;265;275;315;25;275;31;25;286;33;269;27;31;26;288;325;255;31;3;276;33;314;273;254;29;217;;;;;;;;;;;;
SP2;11/10/2017;Gimnastic;Granada;2;0;H;2;0;H;25;3;3;26;31;275;25;305;285;25;3;275;274;307;298;25;31;28;263;313;288;30;274;253;315;302;3;281;26;227;;;;;;;;;;;;
SP2;11/10/2017;Lorca;Zaragoza;0;2;A;0;0;D;3;3;25;275;31;26;28;305;255;275;3;255;294;311;275;28;31;25;288;313;26;30;3;28;32;304;275;253;25;231;;;;;;;;;;;;
SP2;11/10/2017;Numancia;Barcelona B;1;0;H;0;0;D;18;34;475;187;34;42;18;345;425;183;34;42;188;361;463;183;35;4;187;35;44;30;188;182;361;342;475;42;29;205;;;;;;;;;;;;
SP2;11/10/2017;Oviedo;Tenerife;1;1;D;1;0;H;205;32;38;205;32;375;205;305;385;21;3;36;211;318;421;2;32;375;21;313;39;30;213;205;32;308;421;372;25;242;;;;;;;;;;;;
SP2;11/10/2017;Sevilla B;Cadiz;0;0;D;0;0;D;27;3;28;275;3;265;265;295;275;265;29;27;286;304;288;27;29;275;275;3;28;30;286;268;31;294;288;271;25;252;;;;;;;;;;;;
SP2;12/10/2017;Lugo;Cordoba;2;0;H;0;0;D;225;32;325;22;31;34;225;315;31;23;31;3;243;319;333;23;31;31;238;32;313;29;243;227;32;314;34;311;28;22;;;;;;;;;;;;
SP2;12/10/2017;Osasuna;Albacete;1;0;H;1;0;H;162;35;625;165;37;525;165;355;525;167;35;525;168;376;617;17;34;5;165;37;575;29;17;164;376;354;625;532;28;22;;;;;;;;;;;;
SP2;12/10/2017;Valladolid;Alcorcon;4;0;H;1;0;H;167;35;55;17;35;5;17;35;5;17;34;5;174;365;563;173;34;48;17;36;54;29;174;169;365;347;563;5;28;225;;;;;;;;;;;;
SP2;12/10/2017;Vallecano;Almeria;1;0;H;0;0;D;173;35;5;167;36;525;165;36;5;167;35;48;168;391;569;173;36;45;17;37;525;29;173;168;391;357;569;49;29;207;;;;;;;;;;;;
SP2;13/10/2017;Sp Gijon;Huesca;1;1;D;0;0;D;205;325;375;2;325;39;2;33;355;205;325;34;21;325;414;2;34;35;205;34;375;33;213;203;34;324;414;364;31;21;;;;;;;;;;;;
SP2;14/10/2017;Barcelona B;Lorca;1;0;H;0;0;D;2;33;38;2;33;39;2;33;37;205;325;34;204;35;401;205;325;35;205;34;375;32;207;199;35;332;401;364;29;21;;;;;;;;;;;;
SP2;14/10/2017;Cadiz;Leonesa;2;2;D;2;0;H;185;34;433;187;34;433;185;325;435;187;32;42;192;339;479;191;325;4;187;34;46;32;192;186;345;33;479;424;26;228;;;;;;;;;;;;
SP2;14/10/2017;Granada;Oviedo;2;0;H;1;0;H;22;32;34;22;33;33;22;31;33;225;3;32;234;318;353;225;31;32;225;32;34;32;234;222;33;311;353;327;25;236;;;;;;;;;;;;
SP2;14/10/2017;Tenerife;Numancia;1;1;D;1;1;D;2;33;38;2;34;37;2;315;39;205;31;37;203;328;439;205;32;36;205;325;39;32;208;2;34;318;439;378;25;236;;;;;;;;;;;;
SP2;15/10/2017;Albacete;Sevilla B;2;1;H;2;0;H;2;31;41;;;;;;;;;;;;;205;31;375;205;32;4;19;208;203;32;311;41;382;17;238;;;;;;;;;;;;
SP2;15/10/2017;Almeria;Valladolid;1;1;D;1;1;D;255;31;288;;;;;;;;;;;;;25;31;28;263;31;288;19;263;252;32;307;288;28;15;215;;;;;;;;;;;;
SP2;15/10/2017;Cordoba;Gimnastic;1;5;A;1;2;A;21;31;375;;;;;;;;;;;;;215;31;34;21;32;38;19;215;208;32;314;38;356;15;225;;;;;;;;;;;;
SP2;15/10/2017;Reus Deportiu;Vallecano;0;2;A;0;1;A;288;29;27;;;;;;;;;;;;;275;29;27;28;3;28;20;288;272;3;292;28;271;17;25;;;;;;;;;;;;
SP2;15/10/2017;Zaragoza;Osasuna;1;1;D;1;0;H;215;31;36;;;;;;;;;;;;;22;31;33;22;32;35;20;222;217;32;31;36;339;14;23;;;;;;;;;;;;
SP2;16/10/2017;Alcorcon;Lugo;0;1;A;0;0;D;24;31;31;;;;;;;;;;;;;238;3;31;25;31;31;20;25;241;31;302;31;301;15;245;;;;;;;;;;;;
SP2;20/10/2017;Osasuna;Barcelona B;2;2;D;1;2;A;164;36;55;167;36;55;165;37;5;161;36;52;168;395;574;167;36;5;162;38;6;35;168;163;395;368;6;53;31;2;;;;;;;;;;;;
SP2;21/10/2017;Huesca;Cadiz;1;0;H;1;0;H;195;329;4;2;34;375;19;315;42;2;31;39;198;332;458;2;32;38;193;33;44;35;2;194;34;321;458;403;28;245;;;;;;;;;;;;
SP2;21/10/2017;Lorca;Tenerife;2;2;D;2;1;H;287;32;25;3;32;24;285;3;25;3;3;24;298;317;267;29;3;25;3;31;255;33;305;288;32;303;267;249;27;243;;;;;;;;;;;;
SP2;21/10/2017;Numancia;Granada;1;3;A;0;2;A;2;329;379;2;34;38;195;32;385;195;31;38;205;331;425;2;32;375;2;33;4;35;206;199;34;321;425;38;29;23;;;;;;;;;;;;
SP2;21/10/2017;Sevilla B;Zaragoza;2;2;D;1;1;D;279;31;26;28;31;26;28;305;255;28;3;25;3;308;272;28;31;25;288;313;263;34;3;279;32;305;272;256;29;235;;;;;;;;;;;;
SP2;22/10/2017;Almeria;Reus Deportiu;0;1;A;0;1;A;2;31;42;2;31;425;2;29;425;205;29;39;207;302;464;205;29;4;2;3;44;33;207;201;31;295;464;408;27;306;;;;;;;;;;;;
SP2;22/10/2017;Gimnastic;Alcorcon;0;3;A;0;2;A;21;31;375;205;3;42;21;3;37;215;29;36;222;305;406;2;3;4;22;31;37;32;225;212;31;296;42;367;26;276;;;;;;;;;;;;
SP2;22/10/2017;Oviedo;Cordoba;2;0;H;0;0;D;18;339;475;178;36;45;18;34;43;183;33;425;185;357;49;183;325;44;183;35;46;33;187;182;36;338;49;431;30;22;;;;;;;;;;;;
SP2;22/10/2017;Valladolid;Lugo;2;2;D;0;2;A;16;36;6;165;38;525;16;375;525;161;36;5;166;394;589;162;36;55;165;38;55;32;166;162;394;367;6;53;30;205;;;;;;;;;;;;
SP2;22/10/2017;Vallecano;Sp Gijon;1;1;D;1;1;D;185;339;433;195;35;38;19;335;395;191;33;38;196;347;439;2;33;36;193;34;42;33;2;191;35;335;439;39;31;203;;;;;;;;;;;;
SP2;23/10/2017;Leonesa;Albacete;0;0;D;0;0;D;2;329;375;195;34;39;19;335;385;195;32;37;196;352;433;2;33;36;195;34;41;34;2;195;352;331;433;38;31;214;;;;;;;;;;;;
SP2;27/10/2017;Zaragoza;Leonesa;0;0;D;0;0;D;17;375;475;175;35;5;17;37;455;17;36;46;176;385;504;173;35;45;17;375;52;37;176;171;391;365;52;463;33;191;;;;;;;;;;;;
SP2;28/10/2017;Albacete;Huesca;0;0;D;0;0;D;329;287;239;29;3;265;295;305;245;287;3;245;308;316;261;3;31;238;3;313;25;35;329;293;32;302;265;246;30;234;;;;;;;;;;;;
SP2;28/10/2017;Cadiz;Vallecano;0;0;D;0;0;D;287;3;26;29;29;27;275;3;26;27;3;26;291;314;278;28;31;25;28;31;27;35;291;277;314;3;278;261;30;238;;;;;;;;;;;;
SP2;28/10/2017;Lugo;Gimnastic;1;0;H;1;0;H;19;31;45;2;325;39;195;315;4;195;31;39;199;33;454;2;32;375;195;33;43;35;2;194;34;319;454;402;30;243;;;;;;;;;;;;
SP2;28/10/2017;Sp Gijon;Almeria;2;0;H;2;0;H;166;339;575;17;35;55;17;35;495;173;34;475;176;364;553;175;34;46;175;35;52;35;176;17;364;344;575;502;33;22;;;;;;;;;;;;
SP2;29/10/2017;Alcorcon;Oviedo;2;0;H;1;0;H;26;3;287;265;295;29;265;285;285;262;287;275;284;289;306;262;29;28;27;3;288;35;284;266;3;288;306;281;30;276;;;;;;;;;;;;
SP2;29/10/2017;Barcelona B;Sevilla B;1;1;D;1;0;H;195;35;379;2;325;39;19;34;38;191;33;37;196;353;432;2;33;36;195;35;4;35;2;194;353;335;432;38;34;205;;;;;;;;;;;;
SP2;29/10/2017;Cordoba;Numancia;1;1;D;1;1;D;214;31;36;22;32;34;215;32;33;22;31;32;222;333;365;215;32;33;225;325;34;35;227;218;333;316;365;33;33;221;;;;;;;;;;;;
SP2;29/10/2017;Reus Deportiu;Valladolid;2;2;D;1;1;D;32;3;239;32;29;25;315;295;24;31;29;235;342;302;25;3;3;24;32;3;245;35;342;313;31;294;255;239;30;264;;;;;;;;;;;;
SP2;29/10/2017;Tenerife;Osasuna;0;0;D;0;0;D;21;287;42;215;3;38;205;31;37;21;3;36;211;324;411;21;31;36;21;32;38;35;215;208;324;308;42;368;30;236;;;;;;;;;;;;
SP2;30/10/2017;Granada;Lorca;4;1;H;2;0;H;166;339;575;167;35;575;165;36;525;161;35;525;166;376;635;167;36;5;167;36;575;35;167;164;376;353;635;542;32;221;;;;;;;;;;;;
SP2;01/11/2017;Gimnastic;Barcelona B;0;0;D;0;0;D;22;32;339;23;325;31;225;32;31;22;32;31;23;336;342;225;32;31;23;33;32;33;23;223;336;321;342;313;32;204;;;;;;;;;;;;
SP2;03/11/2017;Numancia;Alcorcon;1;0;H;0;0;D;21;3;389;21;295;41;21;3;37;215;29;35;222;314;392;22;29;36;22;3;38;36;222;212;32;299;42;374;30;263;;;;;;;;;;;;
SP2;04/11/2017;Lorca;Cordoba;1;0;H;0;0;D;225;3;35;23;31;33;225;315;315;225;31;31;241;324;332;238;32;29;23;325;325;36;241;228;325;313;35;313;33;225;;;;;;;;;;;;
SP2;04/11/2017;Reus Deportiu;Sp Gijon;1;0;H;0;0;D;287;31;254;295;3;255;295;285;26;287;28;255;313;296;273;3;288;25;3;29;27;36;313;291;31;287;275;258;29;288;;;;;;;;;;;;
SP2;04/11/2017;Sevilla B;Tenerife;1;1;D;0;1;A;325;3;237;32;3;24;315;3;23;31;3;23;348;303;245;32;3;23;33;31;238;36;348;317;31;297;255;234;30;259;;;;;;;;;;;;
SP2;04/11/2017;Vallecano;Albacete;1;1;D;0;0;D;15;36;8;15;39;725;15;395;625;15;38;65;156;396;771;153;38;6;15;4;75;36;156;15;4;385;8;663;34;208;;;;;;;;;;;;
SP2;05/11/2017;Almeria;Cadiz;0;2;A;0;1;A;229;3;339;23;3;34;235;295;32;235;29;32;247;302;347;23;3;32;245;3;325;35;247;232;31;294;347;325;29;267;;;;;;;;;;;;
SP2;05/11/2017;Leonesa;Barcelona B;1;1;D;0;1;A;21;32;36;215;33;34;21;34;32;215;33;32;227;349;337;215;34;31;215;34;34;35;227;215;349;331;36;322;33;185;;;;;;;;;;;;
SP2;05/11/2017;Osasuna;Granada;0;0;D;0;0;D;2;3;433;195;33;41;19;32;41;195;31;4;196;319;494;2;32;38;2;32;42;35;201;194;33;315;494;412;30;238;;;;;;;;;;;;
SP2;05/11/2017;Oviedo;Lugo;3;2;H;0;1;A;185;329;45;187;33;45;185;325;425;191;31;42;196;331;467;191;31;42;191;33;45;34;196;189;335;32;467;425;29;238;;;;;;;;;;;;
SP2;05/11/2017;Valladolid;Gimnastic;0;3;A;0;1;A;157;375;6;155;39;625;155;39;525;161;37;52;16;409;64;157;38;55;162;39;575;35;162;158;409;38;64;559;34;194;;;;;;;;;;;;
SP2;06/11/2017;Huesca;Zaragoza;3;1;H;1;0;H;195;31;433;2;33;39;2;32;38;2;31;36;211;33;403;2;32;375;205;325;39;35;211;2;335;319;433;378;30;223;;;;;;;;;;;;
SP2;10/11/2017;Cordoba;Osasuna;0;1;A;0;0;D;262;31;279;275;3;265;26;3;275;255;3;28;275;318;288;262;31;262;27;31;28;35;275;261;318;303;293;275;29;241;;;;;;;;;;;;
SP2;11/11/2017;Albacete;Almeria;2;0;H;1;0;H;2;31;42;215;31;36;205;31;375;21;3;36;212;326;405;21;31;36;205;32;4;35;215;207;326;31;42;371;28;25;;;;;;;;;;;;
SP2;11/11/2017;Alcorcon;Lorca;1;1;D;1;0;H;18;329;475;183;32;475;185;315;455;187;31;425;192;327;504;18;32;475;19;325;46;35;193;185;33;318;505;451;28;262;;;;;;;;;;;;
SP2;11/11/2017;Barcelona B;Huesca;0;2;A;0;0;D;25;31;289;26;31;275;25;33;265;245;325;265;256;345;289;24;34;27;255;34;275;35;26;248;345;324;289;273;34;193;;;;;;;;;;;;
SP2;11/11/2017;Tenerife;Leonesa;2;0;H;2;0;H;155;389;6;155;37;65;155;375;575;157;36;6;158;392;719;157;36;6;157;39;625;35;16;156;395;372;719;599;33;215;;;;;;;;;;;;
SP2;11/11/2017;Zaragoza;Vallecano;3;2;H;2;0;H;245;3;31;25;295;3;245;305;295;237;31;29;253;33;305;245;31;288;245;325;3;35;253;242;34;312;31;293;33;216;;;;;;;;;;;;
SP2;12/11/2017;Gimnastic;Oviedo;1;2;A;1;0;H;254;31;287;245;3;3;255;305;28;255;3;275;272;304;304;25;31;28;263;313;288;34;272;254;315;303;304;281;29;24;;;;;;;;;;;;
SP2;12/11/2017;Granada;Sevilla B;1;2;A;0;1;A;16;36;6;16;36;6;16;375;525;16;36;575;167;377;625;162;36;55;162;375;6;34;167;16;38;363;64;566;32;211;;;;;;;;;;;;
SP2;12/11/2017;Lugo;Numancia;0;1;A;0;1;A;229;3;339;23;31;325;225;305;32;23;3;31;245;309;342;23;3;32;238;313;32;34;245;23;32;303;342;319;29;25;;;;;;;;;;;;
SP2;12/11/2017;Sp Gijon;Valladolid;1;1;D;1;0;H;22;329;329;205;34;35;215;33;315;21;325;32;216;359;353;215;33;32;215;34;34;34;225;213;359;331;353;326;33;196;;;;;;;;;;;;
SP2;13/11/2017;Cadiz;Reus Deportiu;1;0;H;1;0;H;18;325;5;185;32;46;18;31;5;183;3;475;189;314;56;185;3;48;183;313;54;34;189;182;325;307;56;486;26;301;;;;;;;;;;;;
SP2;17/11/2017;Almeria;Zaragoza;3;0;H;1;0;H;26;3;287;265;295;29;255;31;275;255;3;27;273;321;288;26;3;275;27;313;28;36;273;26;321;305;292;277;30;23;;;;;;;;;;;;
SP2;18/11/2017;Huesca;Tenerife;3;0;H;2;0;H;214;3;375;22;31;35;22;305;34;22;3;33;222;328;371;215;31;34;22;32;35;36;225;217;328;31;375;341;30;238;;;;;;;;;;;;
SP2;18/11/2017;Lorca;Lugo;1;2;A;1;1;D;237;3;32;24;3;32;235;305;31;235;3;3;242;325;329;23;31;31;24;32;313;36;244;234;325;306;329;31;30;23;;;;;;;;;;;;
SP2;18/11/2017;Reus Deportiu;Albacete;1;1;D;0;1;A;225;3;35;22;285;39;22;285;37;22;28;35;227;297;403;22;288;36;23;29;375;36;235;222;3;286;403;362;31;312;;;;;;;;;;;;
SP2;18/11/2017;Valladolid;Oviedo;3;1;H;1;0;H;19;329;42;191;33;425;185;345;4;187;33;39;191;347;46;185;33;42;19;35;42;36;193;187;35;336;46;407;35;2;;;;;;;;;;;;
SP2;19/11/2017;Leonesa;Granada;1;1;D;1;0;H;31;289;25;285;3;265;28;31;25;28;31;25;295;335;258;288;31;245;29;32;255;35;31;282;335;31;265;248;33;22;;;;;;;;;;;;
SP2;19/11/2017;Numancia;Gimnastic;1;2;A;1;1;D;19;32;433;185;325;475;185;32;44;185;31;433;189;341;491;191;31;433;187;33;475;35;191;185;341;322;491;438;30;238;;;;;;;;;;;;
SP2;19/11/2017;Osasuna;Alcorcon;2;3;A;1;0;H;183;325;475;183;33;475;18;315;485;18;31;475;185;332;543;175;325;5;183;325;52;35;185;18;332;318;543;48;30;27;;;;;;;;;;;;
SP2;19/11/2017;Sevilla B;Cordoba;1;1;D;0;0;D;245;287;325;245;29;325;24;305;3;245;3;29;252;32;317;24;3;3;25;313;3;35;252;24;32;302;325;301;30;234;;;;;;;;;;;;
SP2;19/11/2017;Sp Gijon;Cadiz;0;3;A;0;1;A;185;31;5;187;31;5;185;31;45;187;31;433;192;33;502;185;32;44;19;32;475;35;192;186;33;314;502;448;30;258;;;;;;;;;;;;
SP2;19/11/2017;Vallecano;Barcelona B;1;0;H;0;0;D;16;36;65;16;37;6;16;395;5;16;38;5;163;416;588;157;38;55;162;4;55;35;163;159;416;383;65;531;33;18;;;;;;;;;;;;
SP2;24/11/2017;Tenerife;Vallecano;2;2;D;0;1;A;225;31;339;23;31;33;22;315;32;225;31;31;232;321;354;22;31;33;225;32;34;36;235;225;321;311;359;328;31;219;;;;;;;;;;;;
SP2;25/11/2017;Alcorcon;Sevilla B;0;0;D;0;0;D;19;31;45;191;325;433;19;315;435;195;3;42;198;318;486;191;31;433;195;32;45;36;198;19;33;312;486;427;29;265;;;;;;;;;;;;
SP2;25/11/2017;Cadiz;Valladolid;1;0;H;1;0;H;239;3;32;255;29;31;245;3;295;245;3;29;261;303;321;25;3;29;255;31;3;36;261;247;31;298;321;297;30;239;;;;;;;;;;;;
SP2;25/11/2017;Gimnastic;Lorca;0;2;A;0;0;D;2;32;4;195;34;4;2;325;37;2;32;37;209;329;412;195;33;38;205;33;39;36;21;199;34;321;42;378;33;221;;;;;;;;;;;;
SP2;25/11/2017;Oviedo;Numancia;3;1;H;1;1;D;195;32;42;191;32;44;19;32;41;195;31;39;197;329;47;2;32;38;193;33;44;36;2;192;33;318;47;411;30;239;;;;;;;;;;;;
SP2;25/11/2017;Zaragoza;Reus Deportiu;0;0;D;0;0;D;17;325;6;17;34;55;17;33;525;173;325;5;177;339;605;173;33;5;173;34;575;36;179;171;34;329;605;523;30;263;;;;;;;;;;;;
SP2;26/11/2017;Albacete;Sp Gijon;2;2;D;1;0;H;289;287;27;285;295;27;275;3;26;275;3;255;292;31;278;288;3;25;288;31;263;35;3;279;315;298;278;259;30;244;;;;;;;;;;;;
SP2;26/11/2017;Barcelona B;Almeria;1;1;D;0;0;D;204;325;375;215;33;34;205;335;335;21;33;33;218;34;375;21;33;33;215;34;34;35;218;21;34;326;375;338;33;196;;;;;;;;;;;;
SP2;26/11/2017;Cordoba;Leonesa;2;2;D;2;0;H;19;339;4;191;34;41;185;34;4;191;33;39;198;338;449;2;33;36;193;34;42;35;2;191;345;333;449;396;34;21;;;;;;;;;;;;
SP2;26/11/2017;Granada;Huesca;2;0;H;2;0;H;21;31;379;215;32;36;21;325;34;215;31;33;222;325;368;22;32;32;215;325;36;35;225;215;33;314;379;339;33;214;;;;;;;;;;;;
SP2;26/11/2017;Lugo;Osasuna;1;0;H;0;0;D;25;3;3;265;295;295;26;29;285;255;29;28;274;305;301;25;3;288;26;3;3;35;274;257;31;295;301;285;30;262;;;;;;;;;;;;
SP2;02/12/2017;Huesca;Cordoba;3;1;H;2;0;H;166;36;525;165;36;575;17;36;48;167;35;48;17;381;574;167;36;5;17;37;52;34;172;167;381;357;575;505;29;205;;;;;;;;;;;;
SP2;02/12/2017;Lorca;Oviedo;0;2;A;0;2;A;27;32;262;27;31;275;27;315;255;27;31;255;29;321;271;262;32;26;275;325;263;34;29;27;325;31;275;259;29;22;;;;;;;;;;;;
SP2;02/12/2017;Reus Deportiu;Barcelona B;2;1;H;1;1;D;25;287;32;25;3;31;24;3;3;24;3;3;26;313;312;24;3;3;245;31;31;34;26;243;313;301;32;299;26;238;;;;;;;;;;;;
SP2;02/12/2017;Vallecano;Granada;1;0;H;0;0;D;2;329;379;195;33;41;2;33;365;205;325;34;211;339;392;195;33;375;21;33;375;34;211;201;345;327;41;364;29;205;;;;;;;;;;;;
SP2;03/12/2017;Almeria;Tenerife;2;1;H;1;0;H;287;3;262;265;31;28;28;3;255;275;29;26;296;308;276;28;31;25;29;3;27;32;296;279;31;299;28;26;24;243;;;;;;;;;;;;
SP2;03/12/2017;Cadiz;Albacete;2;0;H;1;0;H;183;32;5;187;325;46;185;31;465;187;3;45;191;319;529;185;31;46;187;32;5;33;191;185;325;312;529;458;29;282;;;;;;;;;;;;
SP2;03/12/2017;Leonesa;Alcorcon;2;2;D;1;1;D;225;3;35;22;31;35;225;3;33;23;3;32;239;307;355;23;3;32;23;31;34;32;239;228;315;298;355;329;27;254;;;;;;;;;;;;
SP2;03/12/2017;Sevilla B;Lugo;1;1;D;1;0;H;262;31;275;26;31;285;255;3;285;255;3;28;27;306;306;25;31;28;263;31;288;33;275;257;31;3;306;281;29;249;;;;;;;;;;;;
SP2;03/12/2017;Sp Gijon;Zaragoza;0;1;A;0;0;D;19;32;433;185;34;44;185;335;41;191;325;4;194;345;455;191;34;38;191;34;43;33;194;188;345;331;455;406;29;213;;;;;;;;;;;;
SP2;03/12/2017;Valladolid;Numancia;2;3;A;2;0;H;183;339;45;191;325;44;185;34;405;187;33;39;192;349;46;185;33;42;187;35;433;33;192;186;35;333;46;413;29;204;;;;;;;;;;;;
SP2;08/12/2017;Barcelona B;Sp Gijon;2;1;H;2;0;H;229;32;32;23;32;32;22;33;31;225;325;3;234;334;336;22;33;31;23;33;32;36;234;225;34;323;336;313;31;197;;;;;;;;;;;;
SP2;08/12/2017;Granada;Almeria;3;2;H;1;0;H;164;36;55;167;37;525;165;36;49;17;35;48;171;38;56;167;36;5;17;37;525;37;174;168;38;36;56;504;31;215;;;;;;;;;;;;
SP2;09/12/2017;Albacete;Valladolid;2;1;H;1;0;H;27;325;26;265;31;28;275;315;25;275;31;25;29;324;269;26;31;27;28;325;26;37;29;274;325;312;28;256;32;216;;;;;;;;;;;;
SP2;09/12/2017;Alcorcon;Huesca;1;1;D;1;1;D;262;31;275;28;3;27;27;295;27;265;29;27;282;306;291;28;31;25;275;3;28;37;282;269;31;298;291;272;31;259;;;;;;;;;;;;
SP2;09/12/2017;Numancia;Lorca;1;0;H;1;0;H;18;32;5;18;33;5;18;335;455;;;;181;35;53;185;325;433;18;34;5;37;185;178;35;334;53;467;29;23;;;;;;;;;;;;
SP2;09/12/2017;Zaragoza;Cadiz;0;2;A;0;0;D;21;32;36;22;3;37;21;3;37;;;;227;313;378;225;3;33;215;313;375;37;228;217;32;302;378;353;31;261;;;;;;;;;;;;
SP2;10/12/2017;Cordoba;Vallecano;2;2;D;2;0;H;287;329;239;295;31;25;275;32;245;;;;309;32;257;275;325;245;29;33;25;35;309;284;33;317;257;244;30;201;;;;;;;;;;;;
SP2;10/12/2017;Gimnastic;Sevilla B;2;1;H;2;0;H;195;329;4;191;32;44;195;325;395;;;;204;332;428;183;325;44;2;33;41;35;204;195;332;32;442;401;28;23;;;;;;;;;;;;
SP2;10/12/2017;Lugo;Leonesa;3;1;H;0;0;D;175;339;5;178;325;525;175;34;46;18;33;44;183;355;504;18;33;45;18;34;5;34;183;177;355;335;525;468;29;219;;;;;;;;;;;;
SP2;10/12/2017;Oviedo;Osasuna;1;0;H;1;0;H;204;32;379;21;31;38;21;305;365;;;;226;315;377;205;31;375;215;313;38;35;226;213;32;307;38;357;30;254;;;;;;;;;;;;
SP2;10/12/2017;Tenerife;Reus Deportiu;3;0;H;1;0;H;164;325;65;167;34;6;165;33;55;;;;172;331;709;175;31;5;17;34;625;35;175;168;34;326;709;573;30;275;;;;;;;;;;;;
SP2;15/12/2017;Cadiz;Barcelona B;3;1;H;0;0;D;183;325;475;187;32;475;185;335;415;187;325;42;189;342;492;185;33;4;187;33;475;34;192;185;342;327;492;434;31;23;;;;;;;;;;;;
SP2;16/12/2017;Albacete;Zaragoza;0;0;D;0;0;D;245;3;31;25;295;31;24;305;295;245;3;29;251;314;324;25;3;28;255;3;31;33;255;246;314;3;324;297;27;235;;;;;;;;;;;;
SP2;16/12/2017;Almeria;Cordoba;1;0;H;0;0;D;204;32;379;205;32;38;21;315;35;215;31;34;22;33;374;215;31;33;215;325;36;33;222;213;33;315;38;348;29;221;;;;;;;;;;;;
SP2;16/12/2017;Osasuna;Numancia;2;2;D;2;1;H;204;3;409;21;31;39;205;305;38;205;3;37;211;312;434;2;31;375;21;313;4;33;215;207;315;305;434;38;28;26;;;;;;;;;;;;
SP2;16/12/2017;Reus Deportiu;Granada;0;0;D;0;0;D;32;289;245;31;295;25;3;29;25;3;29;245;326;3;26;3;288;245;32;29;255;33;326;305;3;29;26;248;28;264;;;;;;;;;;;;
SP2;16/12/2017;Valladolid;Lorca;3;0;H;1;0;H;164;339;6;165;36;575;165;37;5;167;36;5;167;391;588;17;35;46;167;375;54;33;17;166;391;362;6;514;32;2;;;;;;;;;;;;
SP2;17/12/2017;Huesca;Lugo;3;0;H;2;0;H;185;31;5;191;33;42;185;32;44;191;31;42;193;337;473;185;32;42;19;33;45;32;193;187;337;319;5;433;27;243;;;;;;;;;;;;
SP2;17/12/2017;Leonesa;Gimnastic;2;0;H;0;0;D;245;3;31;255;3;3;24;31;295;237;31;29;253;323;312;25;3;28;245;313;31;32;255;242;323;307;312;296;27;23;;;;;;;;;;;;
SP2;17/12/2017;Sevilla B;Oviedo;0;1;A;0;1;A;27;3;279;27;295;285;265;3;27;265;29;265;285;31;285;26;3;27;275;31;275;32;285;267;31;298;285;271;27;243;;;;;;;;;;;;
SP2;17/12/2017;Sp Gijon;Tenerife;3;0;H;2;0;H;21;31;375;22;31;35;215;31;345;215;3;33;221;324;377;215;31;33;22;325;35;31;222;215;33;312;377;34;25;235;;;;;;;;;;;;
SP2;17/12/2017;Vallecano;Alcorcon;2;1;H;0;0;D;175;325;525;178;33;5;18;335;45;18;325;46;181;354;526;175;33;46;18;35;48;32;182;178;354;335;526;461;27;227;;;;;;;;;;;;
SP2;19/12/2017;Barcelona B;Albacete;0;1;A;0;1;A;19;329;42;19;34;425;19;33;405;191;31;4;197;337;45;185;32;42;193;33;433;35;199;191;34;328;45;405;31;233;;;;;;;;;;;;
SP2;19/12/2017;Valladolid;Zaragoza;3;2;H;3;1;H;175;339;5;18;34;475;175;36;44;175;35;425;181;38;48;175;36;42;175;37;475;35;182;176;38;359;5;44;33;19;;;;;;;;;;;;
SP2;20/12/2017;Cordoba;Reus Deportiu;5;0;H;2;0;H;185;32;475;2;32;4;185;32;43;191;31;4;193;323;494;2;31;38;19;33;45;35;2;19;33;317;494;424;28;242;;;;;;;;;;;;
SP2;20/12/2017;Granada;Sp Gijon;2;1;H;0;0;D;19;35;4;195;325;41;19;345;385;191;33;375;199;365;414;191;33;38;193;35;41;34;2;192;365;342;415;382;32;198;;;;;;;;;;;;
SP2;20/12/2017;Lorca;Osasuna;0;1;A;0;1;A;31;289;25;3;31;25;285;295;26;29;29;25;301;3;278;29;29;25;29;3;27;35;31;289;31;295;278;256;28;255;;;;;;;;;;;;
SP2;21/12/2017;Numancia;Sevilla B;3;0;H;0;0;D;172;329;55;172;35;525;17;345;495;17;34;5;172;364;59;173;34;46;173;35;54;34;173;17;364;344;59;503;30;226;;;;;;;;;;;;
SP2;21/12/2017;Tenerife;Cadiz;1;1;D;0;1;A;204;31;4;215;31;37;205;305;375;21;3;36;215;315;413;205;31;36;21;313;39;34;215;208;32;307;413;365;29;253;;;;;;;;;;;;
SP2;22/12/2017;Alcorcon;Almeria;2;0;H;1;0;H;19;31;45;195;31;433;19;305;445;191;3;433;196;317;503;2;29;4;19;32;475;34;2;191;32;306;503;436;29;282;;;;;;;;;;;;
SP2;22/12/2017;Lugo;Vallecano;1;2;A;0;1;A;289;31;25;275;31;26;275;31;25;275;31;25;298;321;264;28;31;245;29;313;26;34;298;277;321;31;265;252;30;22;;;;;;;;;;;;
SP2;23/12/2017;Gimnastic;Huesca;1;2;A;0;1;A;329;31;229;32;3;235;31;315;23;3;31;23;324;325;244;3;32;225;313;325;238;31;329;309;325;313;244;23;28;22;;;;;;;;;;;;
SP2;23/12/2017;Oviedo;Leonesa;3;0;H;1;0;H;17;35;525;17;34;525;17;35;5;17;34;48;172;367;576;173;34;46;173;35;54;32;173;169;367;347;576;496;30;213;;;;;;;;;;;;
SP2;06/01/2018;Cadiz;Granada;1;0;H;1;0;H;22;3;36;22;3;37;215;295;36;22;3;33;229;301;393;22;3;33;22;31;36;34;23;22;31;297;393;351;28;254;;;;;;;;;;;;
SP2;06/01/2018;Osasuna;Valladolid;4;2;H;1;2;A;229;3;339;235;3;33;23;305;315;23;31;31;238;315;349;215;32;32;23;31;34;34;24;23;32;305;349;319;29;226;;;;;;;;;;;;
SP2;06/01/2018;Reus Deportiu;Alcorcon;1;1;D;0;1;A;27;289;287;285;27;295;275;27;29;27;275;28;295;276;309;27;28;275;28;28;3;35;295;274;289;273;309;287;29;319;;;;;;;;;;;;
SP2;06/01/2018;Sp Gijon;Cordoba;3;2;H;2;0;H;175;35;475;178;35;475;175;345;445;175;34;44;183;358;502;183;34;4;18;35;48;34;183;177;359;344;502;449;31;211;;;;;;;;;;;;
SP2;06/01/2018;Vallecano;Gimnastic;2;3;A;1;2;A;144;4;8;145;42;75;145;42;675;144;4;65;148;447;792;144;42;65;15;43;7;35;15;146;447;412;8;676;32;194;;;;;;;;;;;;
SP2;06/01/2018;Zaragoza;Barcelona B;1;1;D;0;0;D;195;329;4;2;34;375;195;335;37;2;33;35;206;342;406;2;34;34;2;35;38;35;206;198;35;334;406;366;32;2;;;;;;;;;;;;
SP2;07/01/2018;Albacete;Tenerife;1;2;A;0;0;D;245;287;325;245;295;32;24;29;305;24;29;3;259;293;336;23;3;31;25;3;313;33;259;243;305;291;336;308;28;253;;;;;;;;;;;;
SP2;07/01/2018;Almeria;Lugo;1;0;H;0;0;D;235;3;325;24;3;32;235;3;31;235;3;31;25;302;342;245;29;3;24;313;32;33;25;236;315;3;342;31;26;235;;;;;;;;;;;;
SP2;07/01/2018;Huesca;Oviedo;1;1;D;1;0;H;19;339;4;195;325;41;195;32;395;195;31;39;201;329;447;191;33;38;195;33;43;34;201;194;339;323;447;392;30;232;;;;;;;;;;;;
SP2;07/01/2018;Leonesa;Numancia;2;2;D;0;0;D;262;287;3;255;32;285;255;305;275;25;31;275;272;312;297;26;3;27;26;313;29;33;272;255;32;306;3;278;30;225;;;;;;;;;;;;
SP2;07/01/2018;Sevilla B;Lorca;3;2;H;2;2;D;21;31;375;215;31;37;215;3;35;22;3;34;226;306;393;215;31;33;22;31;37;33;226;217;31;304;393;349;27;243;;;;;;;;;;;;
SP2;12/01/2018;Vallecano;Oviedo;2;2;D;1;1;D;195;32;42;195;325;425;195;32;39;2;32;36;203;332;432;191;33;38;2;33;4;35;205;196;333;323;432;39;33;213;;;;;;;;;;;;
SP2;13/01/2018;Almeria;Gimnastic;1;1;D;0;0;D;21;3;4;21;31;39;205;315;365;205;31;35;215;322;401;21;31;34;21;32;38;34;22;207;322;312;401;361;30;225;;;;;;;;;;;;
SP2;13/01/2018;Barcelona B;Valladolid;0;1;A;0;0;D;31;325;229;32;32;23;3;33;225;29;33;225;323;348;233;288;34;225;3;35;23;34;323;295;35;331;245;228;32;184;;;;;;;;;;;;
SP2;13/01/2018;Reus Deportiu;Lugo;0;1;A;0;1;A;254;289;31;255;295;3;265;29;28;255;29;28;279;301;3;26;288;28;27;3;288;34;279;262;301;29;31;283;28;267;;;;;;;;;;;;
SP2;13/01/2018;Sp Gijon;Alcorcon;3;0;H;1;0;H;19;32;433;191;31;46;185;32;445;187;31;425;191;33;507;191;32;4;19;33;45;33;192;188;33;317;507;429;27;239;;;;;;;;;;;;
SP2;13/01/2018;Zaragoza;Tenerife;1;0;H;1;0;H;22;3;36;215;3;38;21;31;36;215;3;34;218;324;388;215;31;33;22;32;36;33;225;213;324;311;388;347;27;238;;;;;;;;;;;;
SP2;14/01/2018;Albacete;Granada;2;1;H;1;0;H;3;3;25;28;295;275;295;295;25;287;3;245;317;301;265;28;3;25;3;31;255;34;317;289;31;297;275;25;29;25;;;;;;;;;;;;
SP2;14/01/2018;Cadiz;Cordoba;2;0;H;1;0;H;172;325;55;175;33;55;175;33;5;175;325;48;178;34;597;173;33;48;175;34;52;34;18;174;34;329;597;495;29;243;;;;;;;;;;;;
SP2;14/01/2018;Huesca;Numancia;2;1;H;0;0;D;195;3;45;195;31;44;19;32;415;191;32;4;195;329;467;2;32;36;193;34;43;34;2;192;34;319;467;409;29;227;;;;;;;;;;;;
SP2;14/01/2018;Leonesa;Lorca;2;1;H;0;0;D;204;31;4;2;31;42;2;32;375;205;31;36;205;331;425;2;32;36;21;325;38;34;21;201;331;317;425;375;30;225;;;;;;;;;;;;
SP2;14/01/2018;Sevilla B;Osasuna;0;1;A;0;0;D;339;289;237;31;3;245;315;295;235;31;3;235;34;31;245;29;29;25;32;31;24;34;34;313;31;296;25;237;29;25;;;;;;;;;;;;
SP2;18/01/2018;Osasuna;Gimnastic;0;2;A;0;1;A;161;36;6;16;36;6;16;35;575;;;;165;359;699;165;33;55;165;36;625;29;165;162;36;348;699;581;23;238;;;;;;;;;;;;
SP2;19/01/2018;Granada;Zaragoza;2;1;H;2;1;H;166;36;55;167;36;55;165;355;5;167;34;5;17;368;585;165;35;5;167;37;55;36;18;167;374;354;585;514;33;216;;;;;;;;;;;;
SP2;20/01/2018;Cordoba;Albacete;1;0;H;0;0;D;21;3;4;21;3;4;21;305;37;21;3;35;216;314;403;205;31;36;215;313;38;35;219;21;315;305;403;367;30;245;;;;;;;;;;;;
SP2;20/01/2018;Lorca;Huesca;2;3;A;2;1;H;325;3;237;32;295;245;31;3;235;3;3;235;332;308;248;288;3;245;31;31;245;35;332;307;311;301;248;237;30;25;;;;;;;;;;;;
SP2;20/01/2018;Lugo;Sp Gijon;3;1;H;1;0;H;25;289;31;24;32;3;245;31;285;237;31;29;257;321;303;245;32;27;255;32;29;34;257;242;323;31;31;291;31;225;;;;;;;;;;;;
SP2;20/01/2018;Oviedo;Almeria;2;1;H;0;0;D;164;35;575;16;38;575;165;355;525;161;34;55;168;368;603;165;35;5;165;36;6;35;168;164;38;354;603;541;30;22;;;;;;;;;;;;
SP2;20/01/2018;Valladolid;Sevilla B;1;0;H;0;0;D;15;4;7;155;38;65;155;395;575;153;38;6;155;412;696;155;38;55;155;4;65;35;155;152;42;39;7;601;33;192;;;;;;;;;;;;
SP2;21/01/2018;Alcorcon;Cadiz;1;0;H;1;0;H;245;279;329;25;28;33;25;275;315;245;28;31;269;283;328;26;27;3;255;288;325;35;269;25;29;277;33;314;30;312;;;;;;;;;;;;
SP2;21/01/2018;Gimnastic;Reus Deportiu;1;2;A;0;1;A;22;279;4;215;3;38;22;29;35;225;29;33;231;298;381;22;3;33;225;3;37;34;231;222;305;293;4;349;29;267;;;;;;;;;;;;
SP2;21/01/2018;Numancia;Vallecano;0;0;D;0;0;D;262;3;287;255;32;285;26;31;27;255;3;275;269;325;285;26;3;27;26;32;28;35;269;256;325;309;287;273;32;221;;;;;;;;;;;;
SP2;21/01/2018;Osasuna;Leonesa;2;1;H;1;0;H;166;329;6;17;34;55;165;35;525;17;34;5;168;367;612;175;33;46;17;36;54;35;175;168;367;343;612;518;31;225;;;;;;;;;;;;
SP2;21/01/2018;Tenerife;Barcelona B;1;3;A;0;3;A;175;329;525;175;35;5;18;345;44;18;33;433;182;363;487;18;33;433;183;34;475;35;183;179;363;34;525;444;32;211;;;;;;;;;;;;
SP2;26/01/2018;Zaragoza;Cordoba;1;0;H;1;0;H;19;339;4;191;35;4;195;34;37;2;33;36;199;354;407;191;33;375;2;34;39;36;202;194;355;338;44;378;35;195;;;;;;;;;;;;
SP2;27/01/2018;Albacete;Alcorcon;2;0;H;1;0;H;225;289;36;235;29;34;23;28;35;23;287;33;241;288;374;23;288;325;238;29;35;35;241;23;297;285;374;341;32;29;;;;;;;;;;;;
SP2;27/01/2018;Barcelona B;Granada;3;0;H;1;0;H;31;339;225;325;325;225;31;315;225;31;31;225;332;331;234;28;32;238;325;325;23;35;332;309;339;317;238;227;32;228;;;;;;;;;;;;
SP2;27/01/2018;Cadiz;Lugo;1;1;D;0;0;D;18;329;475;183;325;475;175;32;5;18;31;48;181;329;56;183;3;475;18;33;525;35;183;178;335;319;56;484;32;263;;;;;;;;;;;;
SP2;27/01/2018;Reus Deportiu;Oviedo;0;0;D;0;0;D;31;3;245;34;29;235;315;28;245;31;28;245;335;295;255;3;28;25;33;29;25;35;34;311;3;286;255;244;32;302;;;;;;;;;;;;
SP2;27/01/2018;Vallecano;Lorca;5;1;H;2;0;H;139;45;75;142;45;75;145;44;65;14;433;7;144;476;784;14;433;7;14;46;85;35;145;141;476;438;85;707;33;175;;;;;;;;;;;;
SP2;28/01/2018;Almeria;Numancia;0;0;D;0;0;D;25;3;3;25;31;295;255;295;285;255;3;28;269;306;303;25;3;28;263;31;29;35;269;254;31;297;303;285;32;25;;;;;;;;;;;;
SP2;28/01/2018;Huesca;Osasuna;1;0;H;1;0;H;22;3;36;22;31;35;22;3;34;225;3;325;235;306;361;22;3;33;225;31;35;35;235;222;312;3;361;336;32;251;;;;;;;;;;;;
SP2;28/01/2018;Leonesa;Sevilla B;2;1;H;0;1;A;2;339;375;205;33;37;195;325;38;2;325;36;203;338;413;2;32;36;2;34;39;35;205;199;34;324;413;373;33;211;;;;;;;;;;;;
SP2;28/01/2018;Sp Gijon;Gimnastic;2;0;H;1;0;H;157;36;65;162;37;575;16;385;525;157;375;55;164;397;592;162;375;5;162;39;575;33;164;159;397;374;65;545;32;192;;;;;;;;;;;;
SP2;28/01/2018;Tenerife;Valladolid;0;0;D;0;0;D;214;329;339;22;325;34;21;32;35;21;31;34;214;331;383;21;32;33;215;33;35;35;22;212;331;321;383;338;33;223;;;;;;;;;;;;
SP2;02/02/2018;Osasuna;Vallecano;1;1;D;0;1;A;25;3;3;255;3;3;24;305;295;245;3;29;251;316;317;238;31;29;255;31;3;38;267;246;317;303;317;293;34;233;;;;;;;;;;;;
SP2;03/02/2018;Alcorcon;Zaragoza;1;1;D;1;1;D;237;3;32;235;3;33;23;295;325;23;3;31;234;308;356;23;3;31;24;31;32;38;245;231;316;297;356;321;33;252;;;;;;;;;;;;
SP2;03/02/2018;Gimnastic;Cadiz;0;0;D;0;0;D;3;3;25;295;295;265;29;29;26;287;29;25;307;307;265;3;288;245;3;3;26;36;307;29;314;294;265;254;31;263;;;;;;;;;;;;
SP2;03/02/2018;Granada;Tenerife;2;1;H;2;0;H;172;329;55;18;32;525;175;335;475;175;325;46;179;355;523;175;325;475;175;34;52;38;184;176;355;333;55;474;32;23;;;;;;;;;;;;
SP2;03/02/2018;Lorca;Almeria;1;2;A;1;0;H;237;3;325;235;3;33;235;3;31;23;3;31;249;309;327;23;31;3;24;31;32;38;249;235;319;301;33;312;32;233;;;;;;;;;;;;
SP2;03/02/2018;Valladolid;Leonesa;3;2;H;2;2;D;157;4;55;157;4;575;155;405;55;157;39;525;157;434;61;16;375;5;157;41;6;38;16;155;434;396;61;546;34;177;;;;;;;;;;;;
SP2;04/02/2018;Cordoba;Barcelona B;1;2;A;1;0;H;2;329;379;205;33;37;205;33;345;21;325;33;212;346;371;2;33;35;215;33;35;37;218;207;346;326;379;344;34;21;;;;;;;;;;;;
SP2;04/02/2018;Lugo;Albacete;1;1;D;0;0;D;185;31;5;195;325;42;185;32;435;191;31;42;192;34;466;191;3;42;191;33;45;37;196;188;341;318;5;429;33;25;;;;;;;;;;;;
SP2;04/02/2018;Numancia;Reus Deportiu;1;0;H;0;0;D;172;325;575;175;32;575;175;32;5;175;31;5;179;347;548;18;3;5;175;33;575;37;183;176;347;321;575;5;33;275;;;;;;;;;;;;
SP2;04/02/2018;Oviedo;Sp Gijon;2;1;H;1;1;D;214;31;36;21;32;37;21;315;35;215;31;34;215;336;374;21;31;34;215;325;36;36;225;211;337;316;374;345;32;227;;;;;;;;;;;;
SP2;04/02/2018;Sevilla B;Huesca;0;1;A;0;0;D;35;32;214;36;32;215;34;315;215;33;31;215;359;337;22;31;32;22;36;325;215;37;36;335;337;316;226;215;32;225;;;;;;;;;;;;
SP2;09/02/2018;Granada;Valladolid;1;0;H;1;0;H;21;329;35;215;31;35;21;325;335;21;325;33;217;347;355;215;32;32;21;34;36;39;22;211;347;327;36;339;36;205;;;;;;;;;;;;
SP2;10/02/2018;Almeria;Osasuna;0;1;A;0;0;D;32;289;245;31;29;25;3;29;245;3;29;24;323;31;252;29;29;25;313;3;25;39;323;299;311;294;26;246;34;263;;;;;;;;;;;;
SP2;10/02/2018;Barcelona B;Alcorcon;0;1;A;0;0;D;225;3;35;225;31;33;225;305;325;225;3;32;235;314;35;215;31;33;23;31;34;39;237;224;32;304;35;327;33;236;;;;;;;;;;;;
SP2;10/02/2018;Cadiz;Oviedo;2;1;H;0;0;D;245;289;325;23;295;34;235;285;33;235;287;32;242;304;349;238;28;32;245;29;34;39;245;235;305;289;349;324;34;279;;;;;;;;;;;;
SP2;10/02/2018;Sp Gijon;Numancia;2;0;H;0;0;D;19;32;433;195;32;41;19;325;4;195;32;39;198;331;446;2;32;36;195;33;43;38;202;193;339;323;446;4;32;22;;;;;;;;;;;;
SP2;11/02/2018;Albacete;Gimnastic;0;1;A;0;1;A;19;3;475;195;31;425;19;32;41;195;31;4;2;334;441;2;31;375;195;325;433;34;203;194;337;318;475;405;31;243;;;;;;;;;;;;
SP2;11/02/2018;Huesca;Leonesa;1;0;H;0;0;D;153;375;7;155;38;625;155;395;55;153;38;575;156;416;677;15;38;6;157;4;6;37;159;153;416;39;7;58;34;187;;;;;;;;;;;;
SP2;11/02/2018;Reus Deportiu;Lorca;3;0;H;0;0;D;2;31;42;195;3;44;195;3;42;2;3;39;205;306;462;2;29;4;205;31;42;37;21;199;315;299;462;412;31;28;;;;;;;;;;;;
SP2;11/02/2018;Tenerife;Cordoba;5;1;H;2;1;H;17;36;525;167;37;5;17;355;48;17;34;475;174;38;517;173;33;48;173;36;52;37;178;17;38;354;525;479;34;22;;;;;;;;;;;;
SP2;11/02/2018;Vallecano;Sevilla B;2;0;H;0;0;D;136;45;95;14;433;8;135;455;75;136;44;8;141;482;868;14;433;7;136;46;95;37;141;137;482;45;95;795;34;18;;;;;;;;;;;;
SP2;11/02/2018;Zaragoza;Lugo;2;0;H;1;0;H;195;31;433;195;31;425;195;315;4;2;31;38;202;326;436;2;31;375;2;325;41;37;206;198;334;314;436;393;32;243;;;;;;;;;;;;
SP2;16/02/2018;Valladolid;Huesca;3;2;H;2;0;H;195;329;4;2;33;39;195;325;385;195;32;375;201;339;422;2;32;36;2;34;4;39;205;198;341;326;422;379;36;211;;;;;;;;;;;;
SP2;17/02/2018;Alcorcon;Tenerife;1;1;D;1;1;D;235;3;329;24;3;325;235;29;33;23;287;325;243;298;355;23;3;31;238;3;34;39;243;234;307;292;355;326;34;28;;;;;;;;;;;;
SP2;17/02/2018;Gimnastic;Zaragoza;0;2;A;0;1;A;237;3;325;24;3;325;24;3;305;235;3;3;249;31;326;23;3;31;245;31;313;37;249;238;32;3;326;307;32;24;;;;;;;;;;;;
SP2;17/02/2018;Lorca;Sp Gijon;0;0;D;0;0;D;433;325;19;39;33;2;375;33;195;375;32;195;;;;36;32;2;4;34;2;37;433;373;36;33;206;196;33;215;;;;;;;;;;;;
SP2;17/02/2018;Osasuna;Reus Deportiu;0;0;D;0;0;D;155;339;8;16;34;725;16;34;675;157;34;7;163;353;745;155;33;7;157;35;8;39;163;157;369;341;8;684;34;278;;;;;;;;;;;;
SP2;17/02/2018;Oviedo;Albacete;0;0;D;0;0;D;157;35;7;162;35;65;16;34;625;161;33;6;165;356;705;162;325;6;162;35;7;39;168;16;372;343;705;613;34;275;;;;;;;;;;;;
SP2;18/02/2018;Cordoba;Granada;1;2;A;1;0;H;3;31;245;295;3;255;28;32;245;28;31;245;297;331;256;28;31;245;288;33;25;38;3;283;337;313;256;245;35;211;;;;;;;;;;;;
SP2;18/02/2018;Leonesa;Vallecano;2;3;A;0;2;A;36;329;204;34;32;22;32;33;215;31;33;215;345;342;223;31;33;215;33;34;22;38;36;323;352;329;224;213;36;194;;;;;;;;;;;;
SP2;18/02/2018;Lugo;Barcelona B;1;2;A;1;0;H;2;3;433;205;31;4;195;32;385;2;31;37;203;332;422;2;32;36;205;33;39;38;208;198;341;318;433;384;34;223;;;;;;;;;;;;
SP2;18/02/2018;Numancia;Cadiz;1;0;H;0;0;D;21;3;4;205;31;4;215;29;375;215;287;36;224;307;386;21;288;38;215;3;4;38;225;213;314;296;4;367;33;29;;;;;;;;;;;;
SP2;18/02/2018;Sevilla B;Almeria;0;3;A;0;1;A;225;289;36;23;295;35;22;295;35;22;3;33;227;303;384;23;288;325;23;3;35;38;235;222;311;295;384;343;33;263;;;;;;;;;;;;
SP2;23/02/2018;Sp Gijon;Osasuna;2;0;H;1;0;H;195;31;433;2;31;42;195;315;405;2;31;39;202;329;436;185;32;42;2;325;41;38;206;197;334;315;436;399;34;248;;;;;;;;;;;;
SP2;24/02/2018;Almeria;Leonesa;2;1;H;2;0;H;21;329;35;21;33;35;21;325;335;21;32;33;22;334;362;2;33;35;21;34;36;38;22;21;344;324;37;34;36;21;;;;;;;;;;;;
SP2;24/02/2018;Barcelona B;Gimnastic;1;1;D;0;0;D;195;329;4;19;325;44;19;33;405;191;325;4;195;332;451;191;33;38;191;34;43;35;197;189;344;329;451;403;32;213;;;;;;;;;;;;
SP2;24/02/2018;Cadiz;Lorca;0;0;D;0;0;D;15;36;9;153;375;725;15;37;725;15;36;7;15;396;893;15;36;7;15;39;8;38;155;149;406;372;9;734;33;252;;;;;;;;;;;;
SP2;24/02/2018;Vallecano;Huesca;3;0;H;3;0;H;2;329;379;2;32;4;195;34;375;195;33;36;198;354;41;191;33;38;195;35;39;38;203;195;362;337;41;375;36;2;;;;;;;;;;;;
SP2;25/02/2018;Albacete;Numancia;1;0;H;1;0;H;245;289;325;24;29;34;245;285;31;24;287;31;259;294;329;25;28;3;25;3;32;38;259;245;301;286;34;31;31;28;;;;;;;;;;;;
SP2;25/02/2018;Cordoba;Valladolid;2;1;H;0;1;A;289;35;229;285;32;25;285;33;235;28;33;23;304;343;244;27;33;24;29;35;238;38;304;284;35;329;25;235;36;191;;;;;;;;;;;;
SP2;25/02/2018;Granada;Alcorcon;2;0;H;0;0;D;17;32;6;172;325;575;175;335;495;173;325;5;175;359;551;165;33;55;173;35;54;38;179;171;361;336;6;508;32;237;;;;;;;;;;;;
SP2;25/02/2018;Reus Deportiu;Sevilla B;2;0;H;0;0;D;185;329;45;191;325;44;19;305;445;195;3;42;196;32;481;185;31;44;193;32;46;38;2;19;329;313;495;432;31;272;;;;;;;;;;;;
SP2;25/02/2018;Zaragoza;Oviedo;2;1;H;0;0;D;22;31;35;23;3;34;23;305;32;23;3;31;242;313;336;22;3;33;23;313;34;37;242;228;325;305;35;322;32;25;;;;;;;;;;;;
SP2;26/02/2018;Tenerife;Lugo;3;1;H;2;1;H;175;339;5;178;34;5;175;335;485;175;325;475;18;348;539;173;33;48;18;34;5;37;183;175;356;335;539;476;32;238;;;;;;;;;;;;
SP2;02/03/2018;Oviedo;Barcelona B;0;0;D;0;0;D;185;32;475;178;32;55;18;315;5;175;31;5;193;319;507;173;32;5;191;32;475;34;194;184;33;313;55;48;31;266;;;;;;;;;;;;
SP2;03/03/2018;Leonesa;Reus Deportiu;2;0;H;2;0;H;21;3;4;215;31;37;215;305;345;215;3;35;223;328;36;215;29;36;215;32;37;37;224;214;328;306;4;352;32;24;;;;;;;;;;;;
SP2;03/03/2018;Lugo;Granada;2;1;H;1;1;D;3;3;25;3;3;255;29;31;245;287;3;24;302;323;257;3;31;23;28;325;255;37;305;292;331;309;257;244;33;227;;;;;;;;;;;;
SP2;03/03/2018;Numancia;Zaragoza;1;2;A;1;1;D;21;32;36;205;31;4;205;32;36;205;31;37;213;333;383;205;31;36;205;33;39;37;215;205;34;321;4;361;32;243;;;;;;;;;;;;
SP2;03/03/2018;Osasuna;Cadiz;1;0;H;1;0;H;2;3;433;2;3;433;2;295;42;2;29;4;204;314;452;205;288;4;2;31;44;37;21;2;32;299;452;407;32;3;;;;;;;;;;;;
SP2;04/03/2018;Alcorcon;Cordoba;1;2;A;1;1;D;18;325;5;185;34;45;185;335;425;185;325;42;193;353;439;183;34;4;187;34;45;36;195;185;355;334;5;423;34;221;;;;;;;;;;;;
SP2;04/03/2018;Gimnastic;Tenerife;1;2;A;1;2;A;3;3;25;29;32;25;28;31;25;28;3;25;297;327;259;27;32;245;29;32;255;34;3;281;33;311;27;25;32;223;;;;;;;;;;;;
SP2;04/03/2018;Huesca;Almeria;2;2;D;1;1;D;153;379;65;162;36;625;155;38;575;157;36;575;156;409;683;16;35;55;155;38;7;35;162;156;409;375;7;586;34;21;;;;;;;;;;;;
SP2;04/03/2018;Lorca;Albacete;1;2;A;1;0;H;25;289;31;245;295;32;25;295;295;245;29;3;26;314;306;24;3;3;255;3;31;36;26;246;316;297;32;298;31;263;;;;;;;;;;;;
SP2;04/03/2018;Sevilla B;Sp Gijon;0;1;A;0;1;A;5;31;183;46;31;191;41;335;185;4;33;187;439;357;192;4;33;185;433;34;19;35;5;421;357;332;196;186;33;211;;;;;;;;;;;;
SP2;04/03/2018;Valladolid;Vallecano;1;1;D;0;0;D;245;31;3;25;325;28;24;33;28;23;33;28;251;331;304;238;33;275;24;34;29;36;251;239;342;325;305;284;34;177;;;;;;;;;;;;
SP2;09/03/2018;Tenerife;Oviedo;3;1;H;2;0;H;204;339;36;205;32;38;205;31;37;205;3;36;211;321;407;2;31;375;21;32;38;39;216;206;339;313;415;372;35;244;;;;;;;;;;;;
SP2;10/03/2018;Alcorcon;Valladolid;0;0;D;0;0;D;245;3;32;245;3;31;245;3;295;237;3;3;257;31;314;245;3;288;25;31;31;39;257;241;32;302;32;3;33;229;;;;;;;;;;;;
SP2;10/03/2018;Almeria;Vallecano;0;1;A;0;1;A;36;325;21;375;325;205;34;33;21;33;325;21;363;344;216;35;33;2;36;33;215;39;375;342;347;326;218;208;36;203;;;;;;;;;;;;
SP2;10/03/2018;Cadiz;Sevilla B;4;1;H;2;0;H;153;375;7;155;37;675;155;365;625;157;35;65;156;376;801;155;36;6;155;375;7;39;159;154;384;363;801;652;33;238;;;;;;;;;;;;
SP2;10/03/2018;Granada;Gimnastic;0;1;A;0;1;A;15;375;75;145;4;825;15;4;65;15;39;65;15;415;832;144;4;65;15;4;75;37;153;148;424;395;832;678;34;196;;;;;;;;;;;;
SP2;11/03/2018;Albacete;Osasuna;0;0;D;0;0;D;25;287;32;25;285;325;25;28;305;255;28;3;264;293;323;26;28;288;263;29;31;38;264;251;302;284;325;303;34;284;;;;;;;;;;;;
SP2;11/03/2018;Barcelona B;Numancia;2;2;D;1;0;H;25;3;3;24;31;31;25;3;29;25;3;287;26;314;306;23;3;31;255;31;3;38;26;246;318;301;31;293;33;24;;;;;;;;;;;;
SP2;11/03/2018;Cordoba;Lugo;1;0;H;0;0;D;19;329;42;19;34;42;185;345;4;191;34;38;193;354;438;191;33;38;193;34;42;38;198;189;358;338;438;393;35;195;;;;;;;;;;;;
SP2;11/03/2018;Reus Deportiu;Huesca;0;0;D;0;0;D;3;287;262;3;29;26;28;295;26;28;29;255;298;303;275;28;288;26;29;3;27;38;3;28;314;294;275;261;34;267;;;;;;;;;;;;
SP2;11/03/2018;Sp Gijon;Leonesa;4;0;H;1;0;H;153;4;6;153;41;625;15;4;575;153;39;6;153;412;748;153;4;55;155;4;65;37;156;151;422;397;748;596;34;187;;;;;;;;;;;;
SP2;11/03/2018;Zaragoza;Lorca;3;1;H;2;0;H;15;379;75;153;38;7;155;385;6;153;375;65;155;406;728;15;375;65;153;39;7;38;155;152;415;383;75;632;36;206;;;;;;;;;;;;
SP2;16/03/2018;Sevilla B;Albacete;1;2;A;1;1;D;289;3;26;29;295;265;28;295;26;275;3;26;294;31;273;275;29;262;28;31;27;41;304;28;314;299;275;262;35;25;;;;;;;;;;;;
SP2;17/03/2018;Leonesa;Cadiz;0;1;A;0;0;D;262;3;287;265;31;28;26;3;275;262;3;27;278;321;278;27;29;27;275;3;28;42;281;265;321;301;287;274;36;241;;;;;;;;;;;;
SP2;17/03/2018;Lorca;Barcelona B;1;1;D;1;0;H;3;31;245;3;325;24;295;31;24;3;31;235;313;334;244;28;32;23;3;32;245;42;315;297;334;314;245;238;37;228;;;;;;;;;;;;
SP2;17/03/2018;Lugo;Alcorcon;2;1;H;0;1;A;237;31;31;245;31;3;23;3;32;237;29;3;236;318;342;23;3;31;238;31;33;42;245;234;318;302;342;317;36;255;;;;;;;;;;;;
SP2;17/03/2018;Osasuna;Zaragoza;1;2;A;0;0;D;21;31;379;21;325;36;21;31;35;21;3;35;223;327;363;205;31;36;215;32;37;42;223;213;329;312;379;351;35;237;;;;;;;;;;;;
SP2;18/03/2018;Gimnastic;Cordoba;0;2;A;0;1;A;239;32;3;245;34;28;25;325;27;24;32;275;257;341;287;238;32;28;25;33;288;39;257;245;341;324;3;278;37;196;;;;;;;;;;;;
SP2;18/03/2018;Numancia;Tenerife;2;0;H;0;0;D;239;3;32;24;31;31;24;3;3;237;3;3;254;319;31;245;29;3;245;313;31;42;255;241;323;302;32;301;36;25;;;;;;;;;;;;
SP2;18/03/2018;Oviedo;Granada;2;1;H;1;1;D;245;32;289;255;31;29;245;3;295;25;29;29;255;315;313;25;3;28;25;3;31;42;258;248;32;301;313;293;34;255;;;;;;;;;;;;
SP2;18/03/2018;Valladolid;Almeria;2;1;H;0;1;A;157;4;55;165;38;525;16;38;525;161;37;52;162;409;597;165;36;48;162;39;575;42;167;16;409;381;597;527;40;192;;;;;;;;;;;;
SP2;18/03/2018;Vallecano;Reus Deportiu;3;2;H;2;1;H;144;42;75;145;425;725;145;415;675;144;4;7;147;427;869;144;4;7;145;43;8;42;15;145;433;409;916;706;39;204;;;;;;;;;;;;
SP2;19/03/2018;Huesca;Sp Gijon;0;2;A;0;1;A;25;3;3;24;325;3;24;315;29;24;31;29;255;333;297;225;32;3;245;325;3;40;255;24;333;314;326;291;35;215;;;;;;;;;;;;
SP2;24/03/2018;Albacete;Leonesa;0;0;D;0;0;D;183;325;475;185;33;46;185;325;435;187;32;42;193;332;472;185;32;42;19;33;45;40;195;187;333;324;475;432;35;23;;;;;;;;;;;;
SP2;24/03/2018;Cordoba;Oviedo;1;1;D;0;1;A;21;32;36;225;32;33;22;32;;;;275;226;339;34;215;31;33;225;33;33;38;235;22;34;321;36;323;35;222;;;;;;;;;;;;
SP2;24/03/2018;Lugo;Valladolid;0;0;D;0;0;D;275;325;254;27;325;26;265;325;255;;;;278;346;263;262;325;25;27;34;26;38;28;265;35;328;265;254;36;196;;;;;;;;;;;;
SP2;24/03/2018;Reus Deportiu;Almeria;1;0;H;1;0;H;204;3;409;205;31;4;205;295;;;;34;211;304;438;21;288;375;21;3;42;38;213;207;31;298;438;393;34;285;;;;;;;;;;;;
SP2;24/03/2018;Sp Gijon;Vallecano;1;0;H;0;0;D;214;32;35;225;325;32;22;32;32;22;32;31;226;341;341;215;32;32;225;33;33;39;227;22;345;324;35;319;37;205;;;;;;;;;;;;
SP2;25/03/2018;Alcorcon;Gimnastic;1;0;H;1;0;H;18;325;5;18;325;5;18;33;;;;33;183;336;533;18;32;45;18;34;5;36;185;18;345;328;533;467;32;243;;;;;;;;;;;;
SP2;25/03/2018;Barcelona B;Osasuna;0;2;A;0;1;A;262;3;287;265;3;29;265;295;275;28;3;25;292;302;28;25;29;29;28;3;28;38;292;267;31;295;29;275;34;26;;;;;;;;;;;;
SP2;25/03/2018;Granada;Numancia;1;0;H;0;0;D;2;329;379;2;325;39;205;315;365;205;31;36;214;338;376;215;31;33;205;325;39;40;216;206;341;321;39;359;35;234;;;;;;;;;;;;
SP2;25/03/2018;Tenerife;Lorca;2;0;H;1;0;H;136;45;95;134;475;95;135;45;8;;;;14;482;941;136;433;8;136;475;95;37;14;136;484;452;95;83;35;195;;;;;;;;;;;;
SP2;25/03/2018;Zaragoza;Sevilla B;0;1;A;0;1;A;133;475;11;133;46;11;13;48;;;;85;132;528;1165;129;475;10;133;54;9;38;133;13;54;489;1165;959;36;187;;;;;;;;;;;;
SP2;26/03/2018;Cadiz;Huesca;1;1;D;0;1;A;225;287;37;22;295;37;22;29;36;22;3;34;234;302;368;225;28;35;225;3;37;38;234;221;307;292;375;354;33;3;;;;;;;;;;;;
SP2;31/03/2018;Leonesa;Zaragoza;0;1;A;0;1;A;289;31;25;275;32;255;27;325;25;27;32;245;289;32;269;27;32;245;28;32;26;39;291;276;33;317;269;251;37;202;;;;;;;;;;;;
SP2;31/03/2018;Numancia;Cordoba;2;1;H;2;1;H;195;329;4;187;325;433;195;33;38;2;32;37;202;338;418;2;33;35;205;33;39;39;205;196;34;327;433;381;36;219;;;;;;;;;;;;
SP2;31/03/2018;Oviedo;Alcorcon;0;1;A;0;0;D;195;31;433;195;31;425;195;305;42;2;29;4;204;315;449;2;29;4;2;31;44;39;206;196;325;307;449;408;34;278;;;;;;;;;;;;
SP2;31/03/2018;Valladolid;Reus Deportiu;1;0;H;1;0;H;153;379;65;155;375;625;155;36;6;157;35;65;159;378;729;16;34;6;157;37;7;39;16;155;379;36;729;633;34;239;;;;;;;;;;;;
SP2;01/04/2018;Almeria;Sp Gijon;1;3;A;0;1;A;339;31;225;31;31;235;32;31;225;32;31;225;338;322;236;32;31;22;34;313;23;37;34;319;323;309;236;227;35;227;;;;;;;;;;;;
SP2;01/04/2018;Gimnastic;Lugo;3;0;H;1;0;H;262;3;287;26;295;285;26;31;27;255;3;275;267;32;291;26;31;262;263;313;288;35;275;257;325;309;291;275;34;23;;;;;;;;;;;;
SP2;01/04/2018;Lorca;Granada;3;2;H;1;0;H;4;339;19;42;33;19;41;335;185;4;325;187;45;347;193;38;33;191;433;35;187;37;45;406;358;334;195;189;36;23;;;;;;;;;;;;
SP2;01/04/2018;Osasuna;Tenerife;0;1;A;0;0;D;214;3;379;21;3;38;215;305;355;215;3;34;223;312;381;215;3;34;22;31;37;38;225;214;325;305;381;353;35;255;;;;;;;;;;;;
SP2;01/04/2018;Sevilla B;Barcelona B;3;1;H;0;0;D;31;287;254;3;285;26;285;3;255;28;3;25;304;318;259;28;3;25;29;31;26;39;315;287;32;302;263;252;35;243;;;;;;;;;;;;
SP2;01/04/2018;Vallecano;Cadiz;1;1;D;1;1;D;183;325;475;185;325;45;18;33;44;185;32;433;189;338;485;18;325;44;183;34;475;38;191;184;36;329;485;438;34;241;;;;;;;;;;;;
SP2;06/04/2018;Cadiz;Almeria;0;0;D;0;0;D;16;339;7;162;35;625;165;34;575;167;33;575;163;356;743;162;33;6;165;35;65;41;17;163;36;34;743;611;35;263;;;;;;;;;;;;
SP2;07/04/2018;Albacete;Vallecano;0;1;A;0;0;D;3;3;25;3;295;255;3;305;24;3;3;24;319;316;249;288;3;245;31;31;245;41;319;299;319;302;255;243;36;243;;;;;;;;;;;;
SP2;07/04/2018;Alcorcon;Numancia;0;1;A;0;0;D;214;3;375;23;3;34;22;3;345;22;29;34;227;299;392;22;3;33;225;3;37;41;23;22;314;297;392;348;36;269;;;;;;;;;;;;
SP2;07/04/2018;Barcelona B;Leonesa;0;1;A;0;1;A;195;31;433;195;31;44;2;32;375;2;32;36;202;333;425;205;325;34;205;33;39;41;209;199;343;321;44;38;37;22;;;;;;;;;;;;
SP2;07/04/2018;Granada;Osasuna;1;1;D;0;0;D;185;339;433;187;32;475;185;325;435;187;31;425;189;338;486;185;32;42;191;33;45;41;197;187;34;323;486;433;36;239;;;;;;;;;;;;
SP2;07/04/2018;Zaragoza;Huesca;1;0;H;0;0;D;225;3;35;235;3;33;23;31;31;23;31;31;248;309;33;225;32;3;238;32;313;41;248;231;321;308;35;317;37;22;;;;;;;;;;;;
SP2;08/04/2018;Cordoba;Lorca;1;0;H;0;0;D;161;36;6;16;36;65;16;39;525;16;38;52;16;421;596;16;375;5;16;4;575;40;162;158;421;386;65;547;36;181;;;;;;;;;;;;
SP2;08/04/2018;Gimnastic;Valladolid;1;0;H;0;0;D;329;325;22;33;31;23;32;32;22;31;32;22;334;334;232;3;32;225;33;33;225;39;334;318;335;319;232;223;34;214;;;;;;;;;;;;
SP2;08/04/2018;Lugo;Oviedo;0;1;A;0;0;D;26;3;287;25;295;31;255;3;285;255;29;28;271;304;302;25;3;28;263;31;288;41;271;255;314;298;31;286;36;25;;;;;;;;;;;;
SP2;08/04/2018;Sp Gijon;Reus Deportiu;2;1;H;2;0;H;144;4;8;144;42;8;145;405;725;144;39;75;147;432;835;144;38;75;145;42;8;39;15;144;434;406;835;745;35;217;;;;;;;;;;;;
SP2;08/04/2018;Tenerife;Sevilla B;2;0;H;0;0;D;144;42;75;14;425;875;14;44;675;14;425;7;144;475;794;14;433;7;144;45;8;41;145;14;475;438;875;72;36;176;;;;;;;;;;;;
SP2;12/04/2018;Huesca;Albacete;0;0;D;0;0;D;161;339;5;16;35;65;16;35;6;16;34;6;163;369;685;157;33;65;162;36;65;37;165;159;369;347;685;611;32;25;;;;;;;;;;;;
SP2;14/04/2018;Leonesa;Tenerife;3;2;H;3;1;H;275;3;275;27;32;265;26;315;265;26;31;26;274;326;279;26;32;26;27;325;27;42;275;263;334;316;285;266;38;214;;;;;;;;;;;;
SP2;14/04/2018;Lorca;Alcorcon;1;1;D;1;1;D;325;3;237;325;3;24;305;295;24;3;29;24;322;316;248;3;3;24;32;3;245;42;325;308;32;299;25;24;36;27;;;;;;;;;;;;
SP2;14/04/2018;Numancia;Lugo;2;0;H;0;0;D;172;339;525;175;35;5;175;345;465;175;33;46;177;369;515;18;33;45;175;36;5;42;18;175;371;345;525;467;35;225;;;;;;;;;;;;
SP2;14/04/2018;Reus Deportiu;Cadiz;1;0;H;0;0;D;26;3;287;275;28;295;26;27;305;255;27;3;266;294;318;262;262;31;27;275;32;42;285;259;3;277;32;303;34;34;;;;;;;;;;;;
SP2;15/04/2018;Almeria;Albacete;1;1;D;0;1;A;229;289;35;225;3;35;225;295;34;23;287;33;239;313;344;238;28;33;23;3;35;41;239;227;313;296;37;336;36;275;;;;;;;;;;;;
SP2;15/04/2018;Osasuna;Cordoba;1;1;D;0;1;A;195;329;4;191;325;44;19;33;41;191;32;4;192;349;451;191;325;4;193;34;43;41;197;19;352;331;451;404;36;226;;;;;;;;;;;;
SP2;15/04/2018;Oviedo;Gimnastic;1;0;H;1;0;H;16;35;65;165;35;6;165;35;55;161;34;55;165;374;639;165;34;55;165;36;6;38;17;163;374;348;65;565;32;235;;;;;;;;;;;;
SP2;15/04/2018;Sevilla B;Granada;0;0;D;0;0;D;42;32;195;39;325;2;375;335;195;36;33;195;402;361;198;36;33;2;39;35;195;41;42;374;361;336;205;195;39;204;;;;;;;;;;;;
SP2;15/04/2018;Valladolid;Sp Gijon;0;1;A;0;1;A;237;3;325;25;31;295;235;315;295;237;31;287;248;339;302;238;32;288;24;33;3;40;25;239;339;316;325;29;37;208;;;;;;;;;;;;
SP2;15/04/2018;Vallecano;Zaragoza;2;1;H;0;0;D;166;36;525;172;35;525;17;365;47;17;35;46;172;385;526;173;36;45;17;38;5;41;18;17;388;361;526;47;39;2;;;;;;;;;;;;
SP2;16/04/2018;Huesca;Barcelona B;2;1;H;0;0;D;175;339;5;172;36;5;175;345;455;175;33;46;178;365;518;18;33;45;18;35;48;41;183;175;365;344;518;461;36;221;;;;;;;;;;;;
SP2;20/04/2018;Cordoba;Sevilla B;3;0;H;2;0;H;15;4;7;15;42;65;15;395;625;153;39;6;153;424;707;157;38;55;153;42;625;41;157;151;424;398;707;616;39;192;;;;;;;;;;;;
SP2;20/04/2018;Oviedo;Valladolid;1;2;A;0;0;D;204;32;379;21;325;36;205;31;37;205;3;36;213;321;401;215;31;34;21;32;39;41;216;209;328;313;401;363;36;244;;;;;;;;;;;;
SP2;21/04/2018;Albacete;Reus Deportiu;0;1;A;0;0;D;22;27;42;225;275;39;225;275;37;22;28;35;234;272;417;23;28;35;23;29;37;42;234;224;29;276;42;373;34;31;;;;;;;;;;;;
SP2;21/04/2018;Gimnastic;Numancia;0;0;D;0;0;D;287;3;262;27;3;28;27;305;26;27;3;26;283;316;279;27;31;26;28;313;27;40;287;268;321;304;28;264;34;223;;;;;;;;;;;;
SP2;21/04/2018;Tenerife;Huesca;2;4;A;2;1;H;204;3;42;215;32;36;205;315;355;21;31;35;217;329;378;22;32;32;21;325;375;42;22;209;339;316;42;353;37;221;;;;;;;;;;;;
SP2;21/04/2018;Zaragoza;Almeria;2;1;H;0;0;D;155;4;6;157;39;6;155;385;575;157;37;58;157;403;693;157;36;6;157;39;625;42;16;155;403;381;693;588;39;21;;;;;;;;;;;;
SP2;22/04/2018;Alcorcon;Osasuna;0;0;D;0;0;D;26;289;3;265;28;31;26;275;3;255;28;29;277;287;312;26;275;3;263;288;31;41;277;26;292;279;312;296;35;304;;;;;;;;;;;;
SP2;22/04/2018;Barcelona B;Vallecano;2;3;A;0;1;A;325;32;225;325;325;225;32;32;22;32;32;22;344;344;223;31;32;225;33;33;225;41;344;319;344;324;23;219;39;205;;;;;;;;;;;;
SP2;22/04/2018;Cadiz;Sp Gijon;0;0;D;0;0;D;25;289;31;26;285;31;26;285;29;255;287;287;272;298;306;25;3;288;263;3;3;40;272;257;305;289;31;29;34;271;;;;;;;;;;;;
SP2;22/04/2018;Granada;Leonesa;3;3;D;1;0;H;16;375;575;16;38;575;16;375;525;161;37;52;163;403;605;165;375;48;165;39;55;41;167;16;403;375;605;527;39;188;;;;;;;;;;;;
SP2;22/04/2018;Lugo;Lorca;1;1;D;0;0;D;166;36;525;167;37;525;165;365;495;166;36;48;17;385;551;162;36;55;167;38;525;40;174;166;385;363;551;497;38;198;;;;;;;;;;;;
SP2;27/04/2018;Reus Deportiu;Zaragoza;1;1;D;0;1;A;287;287;275;285;3;265;28;29;26;28;29;26;295;308;273;27;29;275;29;3;27;42;297;281;31;293;28;266;36;259;;;;;;;;;;;;
SP2;28/04/2018;Almeria;Barcelona B;1;0;H;0;0;D;26;325;27;255;325;28;26;31;27;26;3;27;275;329;276;26;3;275;263;32;28;43;275;259;33;311;28;271;36;221;;;;;;;;;;;;
SP2;28/04/2018;Huesca;Granada;2;1;H;2;1;H;195;35;379;2;33;39;195;33;37;195;325;37;201;347;407;205;325;35;2;34;39;43;206;198;35;331;407;368;38;21;;;;;;;;;;;;
SP2;28/04/2018;Osasuna;Lugo;1;1;D;0;0;D;153;375;7;155;38;675;15;38;625;153;36;65;156;4;726;157;36;6;153;39;7;43;157;153;403;373;75;639;37;225;;;;;;;;;;;;
SP2;28/04/2018;Sevilla B;Alcorcon;1;0;H;0;0;D;36;3;22;35;3;225;35;295;22;34;3;22;366;321;225;34;31;215;36;313;22;43;366;344;321;302;228;218;32;25;;;;;;;;;;;;
SP2;28/04/2018;Valladolid;Cadiz;1;1;D;0;0;D;204;325;375;21;32;37;205;31;365;21;3;36;211;329;397;21;31;36;21;32;38;43;22;208;329;313;397;363;36;249;;;;;;;;;;;;
SP2;29/04/2018;Leonesa;Cordoba;2;1;H;1;0;H;237;325;3;235;33;3;235;33;285;23;325;29;237;349;311;238;33;28;24;33;3;42;242;233;349;327;311;293;40;191;;;;;;;;;;;;
SP2;29/04/2018;Lorca;Gimnastic;1;0;H;0;0;D;3;31;245;285;32;255;275;315;25;275;31;25;299;336;251;27;31;26;28;32;26;40;3;279;336;312;26;249;34;225;;;;;;;;;;;;
SP2;29/04/2018;Numancia;Oviedo;3;0;H;2;0;H;2;32;4;191;33;42;195;31;415;2;3;39;203;321;442;2;3;4;2;313;433;42;208;197;33;31;442;4;36;262;;;;;;;;;;;;
SP2;29/04/2018;Sp Gijon;Albacete;2;1;H;1;1;D;164;36;55;162;37;575;165;345;55;166;33;55;167;368;622;17;34;5;167;35;6;41;172;164;37;346;622;547;34;25;;;;;;;;;;;;
SP2;29/04/2018;Vallecano;Tenerife;3;1;H;1;1;D;161;375;55;162;39;55;165;375;495;166;37;48;168;394;547;165;38;475;165;39;525;42;172;164;395;374;55;498;39;184;;;;;;;;;;;;
SP2;04/05/2018;Alcorcon;Leonesa;0;0;D;0;0;D;19;3;5;2;3;44;19;31;435;191;31;42;195;314;499;191;31;42;193;325;45;42;201;192;325;305;5;447;36;242;;;;;;;;;;;;
SP2;05/05/2018;Barcelona B;Reus Deportiu;0;1;A;0;1;A;175;329;525;18;34;475;18;33;455;18;325;45;183;354;501;185;32;44;18;34;48;43;187;18;356;333;525;452;36;25;;;;;;;;;;;;
SP2;05/05/2018;Cordoba;Huesca;2;4;A;0;2;A;254;31;287;26;3;29;25;315;275;25;31;27;261;335;287;26;32;262;255;33;28;43;27;253;335;315;29;273;37;211;;;;;;;;;;;;
SP2;05/05/2018;Numancia;Valladolid;0;1;A;0;0;D;204;329;36;205;325;38;205;32;355;21;31;35;217;33;377;205;32;36;205;33;38;43;217;206;34;32;4;359;36;23;;;;;;;;;;;;
SP2;05/05/2018;Tenerife;Almeria;0;0;D;0;0;D;15;375;75;157;37;65;155;375;6;153;37;6;157;396;71;157;36;6;155;39;7;43;158;154;406;375;75;622;37;216;;;;;;;;;;;;
SP2;05/05/2018;Zaragoza;Sp Gijon;2;1;H;2;0;H;27;31;27;27;295;285;255;31;27;26;31;265;268;333;28;26;32;262;263;325;275;42;275;261;333;311;285;268;36;218;;;;;;;;;;;;
SP2;06/05/2018;Albacete;Cadiz;1;1;D;1;1;D;275;262;31;29;27;29;275;265;295;265;28;28;298;263;319;275;275;28;28;28;3;42;298;277;295;266;319;292;37;303;;;;;;;;;;;;
SP2;06/05/2018;Gimnastic;Osasuna;0;2;A;0;2;A;287;289;27;28;29;28;27;295;27;275;29;262;287;312;277;275;29;27;288;3;27;42;288;274;314;294;28;268;37;262;;;;;;;;;;;;
SP2;06/05/2018;Lugo;Sevilla B;1;0;H;1;0;H;166;35;55;167;35;575;165;36;525;167;35;52;167;387;583;167;36;5;167;375;55;42;172;164;387;36;6;523;38;21;;;;;;;;;;;;
SP2;06/05/2018;Oviedo;Lorca;2;0;H;1;0;H;136;433;10;14;44;85;135;43;85;136;433;95;141;461;978;14;4;85;136;45;105;41;141;137;475;433;105;87;39;21;;;;;;;;;;;;
SP2;07/05/2018;Granada;Vallecano;0;2;A;0;0;D;262;32;27;27;32;265;26;325;26;255;32;26;271;339;274;26;32;262;263;33;27;40;271;26;34;321;274;262;38;203;;;;;;;;;;;;
SP2;11/05/2018;Lorca;Numancia;2;1;H;1;0;H;4;329;195;37;33;205;375;325;2;38;31;2;383;362;203;375;32;195;42;33;195;41;42;378;362;327;205;198;35;23;;;;;;;;;;;;
SP2;12/05/2018;Osasuna;Oviedo;2;1;H;0;1;A;2;31;42;2;31;425;2;305;4;205;3;39;203;331;407;2;3;4;205;31;42;42;211;2;331;308;433;398;33;27;;;;;;;;;;;;
SP2;12/05/2018;Reus Deportiu;Tenerife;1;1;D;1;1;D;275;279;287;28;29;28;26;295;28;26;29;275;284;315;271;275;29;27;28;3;28;42;284;268;316;293;3;273;33;258;;;;;;;;;;;;
SP2;12/05/2018;Sp Gijon;Barcelona B;2;3;A;1;2;A;153;4;6;157;39;6;155;4;575;153;38;58;155;441;587;157;38;55;155;41;625;41;158;153;441;4;625;562;39;19;;;;;;;;;;;;
SP2;12/05/2018;Valladolid;Albacete;3;2;H;1;1;D;164;339;6;162;36;625;165;34;55;167;33;525;169;342;641;162;34;6;167;36;575;42;173;165;363;343;641;557;36;238;;;;;;;;;;;;
SP2;13/05/2018;Almeria;Granada;2;0;H;1;0;H;279;31;26;265;31;28;27;31;255;27;31;255;285;307;276;26;32;26;28;32;263;41;285;269;323;307;28;261;37;22;;;;;;;;;;;;
SP2;13/05/2018;Huesca;Alcorcon;1;1;D;0;1;A;166;35;55;17;34;55;17;33;525;17;33;5;172;335;622;17;34;5;173;35;55;41;178;169;351;335;622;527;34;238;;;;;;;;;;;;
SP2;13/05/2018;Leonesa;Lugo;1;1;D;1;0;H;175;36;475;172;37;475;17;365;45;173;35;45;174;408;457;173;35;46;173;37;5;41;18;173;408;365;5;447;39;204;;;;;;;;;;;;
SP2;13/05/2018;Sevilla B;Gimnastic;1;0;H;0;0;D;339;31;225;34;3;23;325;315;22;325;31;22;331;338;226;31;31;23;34;32;225;41;36;324;338;314;23;221;36;221;;;;;;;;;;;;
SP2;13/05/2018;Vallecano;Cordoba;1;2;A;1;0;H;15;4;65;155;39;625;15;41;575;15;4;55;152;427;684;157;38;55;153;43;6;41;157;151;453;409;684;572;35;165;;;;;;;;;;;;
SP2;14/05/2018;Cadiz;Zaragoza;2;0;H;1;0;H;237;289;339;245;29;325;24;29;31;24;29;3;251;302;322;24;3;3;255;3;31;39;255;242;313;292;339;309;31;255;;;;;;;;;;;;
SP2;18/05/2018;Tenerife;Sp Gijon;1;0;H;0;0;D;25;33;28;255;31;29;24;305;26;25;32;27;257;345;281;245;325;275;255;33;28;39;259;249;345;324;29;274;38;204;;;;;;;;;;;;
SP2;19/05/2018;Gimnastic;Leonesa;5;3;H;0;2;A;204;31;4;21;32;37;195;31;34;205;32;35;206;343;376;205;325;35;205;34;37;41;214;204;352;325;4;355;37;217;;;;;;;;;;;;
SP2;19/05/2018;Granada;Reus Deportiu;1;0;H;1;0;H;175;33;525;178;33;5;17;305;46;18;32;46;181;326;55;18;325;46;18;33;5;41;188;178;342;324;55;48;35;25;;;;;;;;;;;;
SP2;19/05/2018;Lorca;Valladolid;1;5;A;1;1;D;45;34;183;42;35;187;385;33;175;39;34;185;442;35;189;42;35;18;41;36;19;41;45;404;368;346;192;184;37;19;;;;;;;;;;;;
SP2;19/05/2018;Oviedo;Sevilla B;2;1;H;1;0;H;14;42;9;14;42;9;135;385;75;14;4;85;14;456;961;136;433;85;14;45;9;41;143;139;456;419;10;851;37;22;;;;;;;;;;;;
SP2;20/05/2018;Alcorcon;Vallecano;4;0;H;1;0;H;32;31;235;33;32;225;3;3;215;32;31;22;338;32;233;34;325;21;33;325;23;41;34;319;329;314;235;223;36;225;;;;;;;;;;;;
SP2;20/05/2018;Barcelona B;Cadiz;3;1;H;3;0;H;26;3;29;265;3;285;245;285;27;255;29;28;258;324;29;26;3;275;263;31;29;41;28;257;324;3;29;28;35;25;;;;;;;;;;;;
SP2;20/05/2018;Cordoba;Almeria;2;0;H;1;0;H;166;34;575;17;35;55;16;34;46;17;34;48;172;379;515;175;35;45;17;37;52;41;176;169;38;355;575;486;36;217;;;;;;;;;;;;
SP2;20/05/2018;Numancia;Osasuna;1;1;D;0;0;D;225;3;35;225;31;34;21;29;325;22;29;34;224;33;343;23;3;32;225;31;36;41;235;221;33;302;36;336;34;262;;;;;;;;;;;;
SP2;20/05/2018;Zaragoza;Albacete;4;1;H;3;1;H;16;375;575;165;35;6;155;335;525;161;34;55;165;367;614;17;34;5;165;37;575;41;174;164;377;35;614;538;36;223;;;;;;;;;;;;
SP2;21/05/2018;Lugo;Huesca;0;2;A;0;2;A;45;3;195;4;31;205;36;31;185;;;;412;335;2;42;33;183;39;33;205;36;45;384;347;324;209;196;32;212;;;;;;;;;;;;
SP2;27/05/2018;Albacete;Barcelona B;0;0;D;0;0;D;27;3;28;265;31;275;26;315;26;262;3;265;264;345;27;26;31;27;27;32;275;39;27;261;345;312;28;267;34;223;;;;;;;;;;;;
SP2;27/05/2018;Almeria;Alcorcon;0;0;D;0;0;D;2;3;433;21;285;433;205;29;41;205;3;38;215;283;452;205;288;4;21;3;42;39;217;206;3;288;452;406;33;267;;;;;;;;;;;;
SP2;27/05/2018;Cadiz;Tenerife;1;1;D;0;0;D;153;36;75;155;4;6;155;365;6;157;35;6;157;405;634;157;36;6;157;38;65;39;16;155;405;374;75;599;34;223;;;;;;;;;;;;
SP2;27/05/2018;Huesca;Gimnastic;0;1;A;0;0;D;55;375;161;5;39;165;525;385;16;5;36;167;;;;5;36;167;525;38;167;27;575;516;395;377;167;162;27;196;;;;;;;;;;;;
SP2;27/05/2018;Leonesa;Oviedo;2;0;H;1;0;H;245;31;3;255;3;295;245;315;285;245;32;275;258;327;287;245;325;275;25;325;29;39;258;246;33;312;3;283;38;205;;;;;;;;;;;;
SP2;27/05/2018;Osasuna;Lorca;1;0;H;0;0;D;136;45;9;134;5;875;135;465;9;133;46;10;131;512;1208;133;46;9;133;48;105;38;136;132;523;476;1208;945;37;192;;;;;;;;;;;;
SP2;27/05/2018;Reus Deportiu;Cordoba;1;2;A;0;1;A;6;375;157;575;38;16;575;375;155;6;36;157;645;392;158;6;36;157;6;38;162;39;645;562;395;375;163;157;33;217;;;;;;;;;;;;
SP2;27/05/2018;Sevilla B;Numancia;2;1;H;1;0;H;55;375;161;5;38;167;525;365;165;52;35;167;569;388;165;5;36;167;55;375;167;39;569;508;389;366;171;165;36;212;;;;;;;;;;;;
SP2;27/05/2018;Sp Gijon;Granada;2;1;H;1;0;H;18;35;45;178;36;45;175;365;43;175;36;425;176;393;458;173;35;433;18;37;46;38;183;176;393;36;46;432;36;185;;;;;;;;;;;;
SP2;27/05/2018;Vallecano;Lugo;1;0;H;1;0;H;13;475;12;13;5;115;13;5;925;128;5;10;127;564;1306;13;5;9;13;525;115;39;131;128;564;505;1306;1022;35;17;;;;;;;;;;;;
SP2;27/05/2018;Zaragoza;Valladolid;3;2;H;1;0;H;214;3;375;22;31;35;22;32;325;22;31;325;;;;22;32;32;225;32;34;38;235;221;32;306;375;335;33;21;;;;;;;;;;;;
SP2;01/06/2018;Lorca;Sevilla B;2;1;H;1;0;H;2;34;375;215;325;34;205;335;34;21;33;33;215;344;354;21;34;325;21;35;35;40;219;207;35;335;375;342;39;193;;;;;;;;;;;;
SP2;02/06/2018;Alcorcon;Reus Deportiu;3;0;H;2;0;H;21;2;75;;;;215;205;8;;;;;;;;;;;;;11;233;214;207;202;9;792;9;235;;;;;;;;;;;;
SP2;02/06/2018;Barcelona B;Zaragoza;0;2;A;0;1;A;34;34;195;36;36;195;35;345;2;35;34;2;377;355;202;34;35;2;37;35;2;39;377;35;361;342;208;199;34;181;;;;;;;;;;;;
SP2;02/06/2018;Cordoba;Sp Gijon;3;0;H;2;0;H;175;35;475;172;37;46;175;36;445;173;36;44;179;358;498;175;36;433;175;36;5;38;179;173;384;358;5;454;36;184;;;;;;;;;;;;
SP2;02/06/2018;Gimnastic;Vallecano;2;0;H;2;0;H;144;4;8;145;41;725;145;42;625;15;4;58;148;445;712;15;4;6;15;43;65;39;153;147;452;415;8;642;34;168;;;;;;;;;;;;
SP2;02/06/2018;Granada;Cadiz;2;1;H;1;0;H;65;36;157;6;37;157;575;365;155;575;36;16;67;368;162;55;36;162;625;375;16;39;67;585;388;364;17;158;35;216;;;;;;;;;;;;
SP2;02/06/2018;Lugo;Almeria;1;1;D;0;0;D;65;42;15;;;;575;395;155;55;39;153;624;417;156;6;38;153;625;42;153;37;65;575;427;401;157;153;35;184;;;;;;;;;;;;
SP2;02/06/2018;Numancia;Leonesa;2;1;H;1;0;H;2;33;35;;;;21;34;325;21;325;32;218;365;324;2;34;35;215;34;34;37;223;21;365;335;35;327;33;205;;;;;;;;;;;;
SP2;02/06/2018;Oviedo;Huesca;2;1;H;1;0;H;144;433;55;153;4;6;15;415;6;15;4;6;153;437;636;15;4;6;15;433;65;37;154;149;441;415;689;595;32;175;;;;;;;;;;;;
SP2;02/06/2018;Tenerife;Albacete;1;1;D;0;1;A;525;375;166;;;;49;36;165;5;35;167;517;392;169;45;35;175;54;37;167;38;54;486;392;36;175;168;34;214;;;;;;;;;;;;
SP2;02/06/2018;Valladolid;Osasuna;2;0;H;1;0;H;22;31;35;225;32;32;225;315;315;225;31;31;233;329;325;23;31;31;225;33;33;39;235;223;338;319;35;317;34;215;;;;;;;;;;;;
SP2;17/08/2018;Albacete;La Coruna;1;1;D;0;0;D;29;3;26;3;28;27;29;29;26;;;;302;296;274;28;288;26;;;;34;304;29;3;289;274;262;28;262;25;154;15;;;;;;;;;
SP2;17/08/2018;Cadiz;Almeria;1;0;H;0;0;D;161;36;6;167;35;575;165;335;6;;;;168;341;689;162;325;6;17;34;6;34;171;165;36;336;689;597;28;27;255;151;148;;;;;;;;;
SP2;18/08/2018;Alcorcon;Sp Gijon;1;1;D;0;0;D;24;32;3;24;295;33;245;285;31;;;;261;291;321;23;3;31;25;3;313;33;262;244;32;292;33;309;27;262;252;15;148;;;;;;;;;
SP2;18/08/2018;Cordoba;Numancia;3;3;D;1;0;H;24;31;31;245;31;3;24;3;305;;;;247;304;324;245;3;29;255;31;3;34;255;241;31;302;327;302;28;235;228;163;159;;;;;;;;;
SP2;18/08/2018;Elche;Granada;0;0;D;0;0;D;24;3;32;255;3;3;25;29;3;;;;262;292;316;27;29;27;25;3;313;34;27;251;3;291;32;3;28;255;244;154;151;;;;;;;;;
SP2;18/08/2018;Lugo;Malaga;1;2;A;1;0;H;3;3;25;31;295;25;305;285;25;;;;322;284;266;31;3;23;31;3;255;34;322;305;3;289;266;249;28;257;247;154;15;;;;;;;;;
SP2;19/08/2018;Las Palmas;Reus Deportiu;2;0;H;1;0;H;172;325;55;172;33;575;175;325;5;;;;181;312;598;175;33;46;175;34;52;32;181;174;34;32;598;519;28;23;22;169;163;;;;;;;;;
SP2;19/08/2018;Mallorca;Osasuna;1;0;H;1;0;H;225;3;35;24;31;31;225;295;335;;;;235;301;355;22;3;33;23;31;34;33;24;229;31;296;355;327;27;253;245;154;151;;;;;;;;;
SP2;19/08/2018;Oviedo;Extremadura UD;1;1;D;1;0;H;166;34;575;167;36;55;165;345;55;;;;167;355;636;17;33;5;17;35;575;33;173;166;36;342;636;539;27;236;225;164;16;;;;;;;;;
SP2;19/08/2018;Zaragoza;Rayo Majadahonda;2;1;H;2;0;H;172;34;525;172;33;575;17;34;525;;;;171;342;614;173;34;46;173;35;55;33;173;169;35;336;614;523;29;225;215;172;167;;;;;;;;;
SP2;20/08/2018;Gimnastic;Tenerife;1;1;D;1;0;H;262;31;275;255;32;285;;;;;;;272;295;299;25;3;28;263;31;288;31;272;257;32;301;299;28;27;24;229;161;158;;;;;;;;;
SP2;24/08/2018;Extremadura UD;La Coruna;0;1;A;0;0;D;38;31;21;36;32;215;355;315;21;;;;383;325;216;35;325;21;36;325;215;35;383;355;33;317;219;212;31;233;224;17;163;;;;;;;;;
SP2;24/08/2018;Malaga;Alcorcon;1;0;H;0;0;D;172;325;55;175;34;525;175;33;495;;;;18;357;511;175;34;48;175;34;54;35;181;176;357;336;55;492;28;256;247;156;151;;;;;;;;;
SP2;25/08/2018;Cordoba;Oviedo;2;4;A;0;2;A;25;3;3;25;31;3;25;3;285;;;;267;303;297;25;31;288;26;31;29;43;272;255;318;303;302;29;34;23;224;17;163;;;;;;;;;
SP2;25/08/2018;Las Palmas;Albacete;1;1;D;1;0;H;17;33;575;172;33;575;17;33;525;;;;173;343;59;175;34;48;173;35;55;43;179;172;355;338;59;536;34;23;223;169;163;;;;;;;;;
SP2;25/08/2018;Numancia;Cadiz;1;1;D;1;1;D;214;287;4;215;29;4;215;295;365;;;;228;291;393;22;29;36;22;31;37;43;231;22;312;294;4;371;34;279;256;153;149;;;;;;;;;
SP2;25/08/2018;Reus Deportiu;Zaragoza;0;0;D;0;0;D;42;287;21;36;295;225;35;305;215;;;;357;31;228;35;288;225;37;31;22;43;42;352;326;302;229;221;34;252;242;16;154;;;;;;;;;
SP2;26/08/2018;Almeria;Tenerife;1;1;D;1;0;H;28;29;275;28;3;27;29;295;25;;;;308;298;263;29;3;25;3;3;26;43;312;291;314;296;275;257;34;243;23;163;158;;;;;;;;;
SP2;26/08/2018;Granada;Lugo;1;1;D;1;0;H;18;33;475;185;32;475;18;33;46;;;;181;352;487;175;35;45;18;34;5;34;185;179;355;331;5;459;27;238;23;161;157;;;;;;;;;
SP2;26/08/2018;Osasuna;Elche;1;1;D;0;0;D;18;31;525;185;31;5;185;315;465;;;;182;333;532;183;32;46;183;33;5;34;187;182;335;316;532;469;28;255;24;157;153;;;;;;;;;
SP2;26/08/2018;Sp Gijon;Gimnastic;2;0;H;1;0;H;161;35;625;162;36;6;16;35;6;;;;161;349;744;162;36;58;16;375;625;32;163;16;375;351;744;605;26;225;216;169;166;;;;;;;;;
SP2;27/08/2018;Rayo Majadahonda;Mallorca;0;1;A;0;1;A;28;33;245;3;29;26;29;295;25;;;;312;3;259;29;3;25;3;3;26;43;312;292;33;299;274;252;33;243;232;163;157;;;;;;;;;
SP2;31/08/2018;Alcorcon;Mallorca;1;0;H;1;0;H;225;29;36;235;285;35;23;28;35;;;;242;286;371;23;288;35;23;29;37;35;242;232;295;286;371;346;27;294;279;145;14;;;;;;;;;
SP2;01/09/2018;Cadiz;Oviedo;1;1;D;0;0;D;225;29;36;24;28;35;23;28;345;;;;244;288;353;238;29;33;238;29;35;45;247;235;301;285;37;346;27;294;278;147;142;;;;;;;;;
SP2;01/09/2018;Elche;Reus Deportiu;0;2;A;0;1;A;204;29;433;205;3;42;205;295;395;;;;208;321;406;2;32;39;205;3;43;45;213;204;325;307;435;402;34;289;274;148;143;;;;;;;;;
SP2;01/09/2018;Lugo;Numancia;3;2;H;0;2;A;24;287;34;255;29;31;245;295;305;;;;264;292;313;25;29;31;255;3;31;45;266;25;309;294;34;309;34;247;234;162;157;;;;;;;;;
SP2;01/09/2018;Tenerife;La Coruna;2;2;D;0;1;A;237;287;34;245;29;325;235;295;32;;;;242;302;338;245;29;31;24;31;32;45;248;237;318;298;342;324;34;25;237;163;156;;;;;;;;;
SP2;01/09/2018;Zaragoza;Las Palmas;1;1;D;1;0;H;22;3;36;225;295;36;22;305;34;;;;225;312;365;22;32;33;225;32;35;45;231;222;328;307;37;344;36;231;225;169;163;;;;;;;;;
SP2;02/09/2018;Albacete;Cordoba;3;0;H;2;0;H;195;31;433;2;32;4;19;33;395;;;;195;348;419;191;34;39;2;33;4;34;202;195;348;328;433;386;30;225;212;175;169;;;;;;;;;
SP2;02/09/2018;Gimnastic;Rayo Majadahonda;0;1;A;0;0;D;21;31;38;215;295;39;21;3;37;;;;212;313;402;215;31;35;21;32;38;34;216;21;325;306;402;369;29;243;234;16;156;;;;;;;;;
SP2;02/09/2018;Granada;Osasuna;2;0;H;1;0;H;21;31;38;215;3;38;215;295;36;;;;226;292;392;215;31;35;22;31;37;34;226;216;31;298;392;36;28;251;243;155;152;;;;;;;;;
SP2;02/09/2018;Sp Gijon;Extremadura UD;2;0;H;0;0;D;15;36;8;153;375;725;15;38;7;;;;148;403;847;15;38;75;153;38;75;33;153;149;403;377;847;714;29;217;209;177;17;;;;;;;;;
SP2;03/09/2018;Almeria;Malaga;0;1;A;0;0;D;35;29;23;35;29;23;34;285;23;;;;364;292;236;33;29;238;35;29;238;45;368;341;308;289;241;23;29;282;265;15;145;;;;;;;;;
SP2;07/09/2018;Las Palmas;Gimnastic;4;0;H;1;0;H;14;36;11;142;425;825;143;395;78;;;;145;41;989;144;42;7;144;42;85;38;147;142;44;406;11;815;36;216;206;18;172;;;;;;;;;
SP2;07/09/2018;Mallorca;Cadiz;1;0;H;0;0;D;25;28;33;245;28;34;245;275;32;;;;259;284;338;25;28;31;26;28;325;38;263;249;29;278;35;322;33;3;284;148;139;;;;;;;;;
SP2;08/09/2018;Malaga;Tenerife;1;0;H;1;0;H;2;31;42;205;31;4;2;3;4;;;;208;298;445;205;32;375;205;31;42;41;212;203;32;303;45;399;36;25;244;157;151;;;;;;;;;
SP2;08/09/2018;Osasuna;Almeria;3;1;H;1;1;D;164;33;625;165;34;625;163;335;61;;;;167;343;704;162;36;58;167;34;625;41;171;164;36;338;704;601;36;263;252;153;148;;;;;;;;;
SP2;08/09/2018;Oviedo;Zaragoza;0;4;A;0;1;A;2;3;433;2;3;433;197;3;415;;;;205;298;46;2;32;39;205;31;42;41;21;2;32;303;46;407;36;25;241;16;153;;;;;;;;;
SP2;09/09/2018;Cordoba;Alcorcon;0;0;D;0;0;D;24;29;33;25;285;325;245;29;3;;;;255;291;329;25;3;3;25;3;313;40;256;246;307;292;33;307;36;262;243;158;152;;;;;;;;;
SP2;09/09/2018;Extremadura UD;Granada;1;3;A;0;1;A;36;28;23;34;29;235;33;295;23;;;;342;302;24;32;31;23;33;31;238;40;36;329;318;297;24;23;36;251;242;158;152;;;;;;;;;
SP2;09/09/2018;La Coruna;Sp Gijon;1;0;H;0;0;D;21;3;4;215;31;37;205;305;375;;;;216;308;395;215;31;35;21;31;39;39;223;211;32;302;41;368;35;238;233;163;156;;;;;;;;;
SP2;09/09/2018;Numancia;Elche;1;0;H;1;0;H;18;33;475;178;33;525;177;32;5;;;;181;323;56;18;32;475;18;33;525;40;185;178;339;32;56;489;36;25;24;16;153;;;;;;;;;
SP2;09/09/2018;Reus Deportiu;Albacete;1;2;A;0;1;A;31;29;25;31;285;26;3;275;26;;;;316;286;267;32;275;25;32;29;255;40;32;303;3;281;28;256;35;295;279;145;14;;;;;;;;;
SP2;10/09/2018;Rayo Majadahonda;Lugo;1;0;H;1;0;H;262;3;287;265;295;295;26;29;285;;;;268;295;305;26;3;288;27;3;29;40;275;261;308;291;31;286;36;262;237;162;154;;;;;;;;;
SP2;15/09/2018;Alcorcon;La Coruna;1;0;H;1;0;H;26;287;31;27;285;295;26;29;285;;;;272;294;3;26;3;288;263;3;3;40;28;262;305;29;31;289;34;26;247;155;151;;;;;;;;;
SP2;15/09/2018;Gimnastic;Osasuna;1;0;H;0;0;D;32;287;25;31;275;265;315;285;245;;;;335;287;259;3;3;25;31;3;255;40;335;308;306;288;265;249;34;269;253;153;149;;;;;;;;;
SP2;15/09/2018;Malaga;Cordoba;3;0;H;2;0;H;153;4;7;153;38;7;153;37;64;;;;155;375;791;153;38;65;153;4;7;40;158;152;4;378;791;661;39;207;201;185;177;;;;;;;;;
SP2;15/09/2018;Tenerife;Reus Deportiu;0;1;A;0;0;D;164;33;65;165;325;675;16;34;6;;;;164;362;645;16;36;6;165;35;65;40;173;164;362;341;675;593;34;275;249;155;15;;;;;;;;;
SP2;16/09/2018;Almeria;Zaragoza;2;1;H;0;0;D;325;31;23;33;31;23;315;295;235;;;;332;301;246;3;31;24;32;31;24;39;345;318;315;299;246;234;34;25;24;158;153;;;;;;;;;
SP2;16/09/2018;Elche;Mallorca;1;1;D;0;1;A;25;287;32;255;28;32;245;285;31;;;;262;282;329;25;288;31;25;3;32;39;265;25;301;285;329;31;34;282;267;148;144;;;;;;;;;
SP2;16/09/2018;Extremadura UD;Las Palmas;1;2;A;1;1;D;38;31;21;42;31;2;385;305;205;;;;424;302;211;35;325;21;38;32;21;38;43;379;34;309;215;206;33;233;225;162;159;;;;;;;;;
SP2;16/09/2018;Granada;Rayo Majadahonda;3;0;H;2;0;H;17;35;525;172;33;575;17;335;53;;;;172;337;613;173;35;48;173;35;54;39;176;17;353;336;63;532;34;23;224;167;161;;;;;;;;;
SP2;16/09/2018;Lugo;Oviedo;0;2;A;0;1;A;262;3;287;265;29;295;255;295;285;;;;269;3;298;25;31;28;263;313;288;39;275;258;32;299;298;285;34;241;231;163;157;;;;;;;;;
SP2;16/09/2018;Sp Gijon;Numancia;1;1;D;1;1;D;19;325;433;195;32;425;187;32;43;;;;193;32;478;191;34;4;191;34;43;38;198;189;34;322;478;426;35;225;218;17;164;;;;;;;;;
SP2;17/09/2018;Albacete;Cadiz;1;1;D;1;0;H;24;28;34;25;28;33;245;28;32;;;;259;28;338;25;288;31;25;29;33;39;26;246;298;281;34;318;34;285;271;147;142;;;;;;;;;
SP2;22/09/2018;Cordoba;Tenerife;1;1;D;0;1;A;287;3;26;28;295;275;27;295;265;;;;288;298;277;28;3;262;288;3;27;36;29;276;304;296;277;265;34;225;218;172;164;;;;;;;;;
SP2;22/09/2018;Osasuna;Sp Gijon;1;0;H;0;0;D;225;3;35;235;3;33;225;3;33;;;;232;323;339;21;32;35;23;31;34;35;245;227;323;304;35;326;30;25;244;155;151;;;;;;;;;
SP2;22/09/2018;Rayo Majadahonda;Extremadura UD;1;4;A;0;2;A;195;33;4;215;295;39;205;305;385;;;;21;308;41;215;31;36;21;32;38;36;215;207;33;303;41;379;31;24;231;16;156;;;;;;;;;
SP2;22/09/2018;Zaragoza;Lugo;0;2;A;0;1;A;157;36;65;162;36;6;157;36;58;;;;162;369;641;162;36;58;16;375;625;34;17;16;375;36;65;576;33;219;208;178;171;;;;;;;;;
SP2;23/09/2018;Cadiz;Alcorcon;0;2;A;0;2;A;204;32;375;205;285;46;2;29;435;;;;204;304;452;205;3;4;205;29;45;35;21;201;32;29;465;423;30;325;301;14;134;;;;;;;;;
SP2;23/09/2018;Las Palmas;Malaga;1;0;H;0;0;D;23;3;34;235;29;35;225;295;33;;;;235;298;359;235;3;325;238;31;33;33;238;229;31;296;359;328;29;25;236;157;154;;;;;;;;;
SP2;23/09/2018;Mallorca;Albacete;1;3;A;0;1;A;204;32;375;205;295;433;2;295;42;;;;203;305;447;205;31;39;205;3;43;35;207;202;32;297;447;407;31;277;27;146;142;;;;;;;;;
SP2;23/09/2018;Numancia;Almeria;0;2;A;0;1;A;19;32;433;195;32;433;187;315;44;;;;193;325;464;191;32;42;193;32;46;35;195;19;325;314;464;429;30;24;234;157;155;;;;;;;;;
SP2;23/09/2018;Oviedo;Elche;1;1;D;1;1;D;18;34;46;175;34;525;177;325;485;;;;179;331;542;183;33;46;18;34;5;34;183;176;34;329;542;484;30;239;229;16;158;;;;;;;;;
SP2;23/09/2018;Reus Deportiu;Gimnastic;1;1;D;0;1;A;21;3;4;215;3;38;215;295;365;;;;223;316;365;215;31;35;22;3;38;35;224;213;316;297;4;364;31;277;271;144;141;;;;;;;;;
SP2;24/09/2018;La Coruna;Granada;2;1;H;0;0;D;19;32;433;191;31;46;185;325;43;;;;188;342;465;188;33;42;191;33;45;34;192;188;342;324;465;423;30;23;223;165;16;;;;;;;;;
SP2;28/09/2018;Albacete;Zaragoza;2;2;D;2;0;H;237;31;31;24;3;325;235;3;31;;;;25;307;328;245;3;3;245;313;31;38;25;241;33;304;34;31;36;24;225;17;162;;;;;;;;;
SP2;29/09/2018;Granada;Cordoba;4;2;H;2;0;H;16;375;575;162;36;6;163;355;56;;;;168;357;6;165;37;525;162;38;575;38;17;163;38;358;6;55;36;21;203;185;175;;;;;;;;;
SP2;29/09/2018;Lugo;Mallorca;1;1;D;1;1;D;225;3;35;235;3;33;225;29;34;;;;237;292;367;235;288;34;23;3;35;37;24;23;305;29;37;341;32;26;241;16;153;;;;;;;;;
SP2;29/09/2018;Sp Gijon;Las Palmas;1;0;H;1;0;H;22;32;34;225;31;34;215;305;345;;;;225;309;372;22;31;34;22;32;35;37;238;221;325;306;372;342;32;23;221;17;163;;;;;;;;;
SP2;29/09/2018;Tenerife;Cadiz;1;0;H;1;0;H;204;29;433;215;31;37;21;29;39;;;;22;29;419;215;3;37;215;3;4;37;22;212;31;293;433;388;32;285;267;15;144;;;;;;;;;
SP2;30/09/2018;Alcorcon;Oviedo;2;0;H;1;0;H;22;29;38;225;285;38;22;28;37;;;;226;284;411;225;288;36;23;29;375;36;23;222;3;283;411;372;31;295;27;145;143;;;;;;;;;
SP2;30/09/2018;Almeria;Reus Deportiu;2;0;H;1;0;H;214;3;38;22;285;4;215;28;385;;;;224;279;43;215;29;38;215;3;4;36;23;217;3;283;43;387;31;305;279;145;14;;;;;;;;;
SP2;30/09/2018;Extremadura UD;Elche;2;2;D;2;0;H;24;3;32;23;31;33;24;29;31;;;;252;293;334;25;3;3;245;31;313;36;255;239;31;296;34;314;32;25;232;16;156;;;;;;;;;
SP2;30/09/2018;Gimnastic;La Coruna;1;3;A;1;1;D;35;3;225;33;31;23;34;295;225;;;;36;297;237;33;3;23;34;31;23;35;36;335;31;299;238;228;31;24;229;165;158;;;;;;;;;
SP2;30/09/2018;Malaga;Rayo Majadahonda;1;0;H;1;0;H;144;4;8;142;433;775;141;415;78;;;;143;433;859;144;39;8;144;42;85;38;146;142;45;411;875;778;36;221;208;177;171;;;;;;;;;
SP2;30/09/2018;Osasuna;Numancia;0;0;D;0;0;D;195;32;42;2;31;425;19;305;435;;;;198;316;46;2;31;4;195;32;44;36;2;195;325;309;465;423;32;26;243;155;152;;;;;;;;;
SP2;06/10/2018;Cordoba;Almeria;1;0;H;0;0;D;237;31;31;24;29;33;235;3;305;;;;248;31;322;245;3;3;245;31;313;37;25;239;32;302;33;309;32;23;218;17;164;;;;;;;;;
SP2;06/10/2018;Las Palmas;Alcorcon;0;0;D;0;0;D;19;31;45;187;32;475;19;305;45;;;;194;306;503;191;3;45;191;325;46;37;2;189;325;309;503;452;32;265;248;155;15;;;;;;;;;
SP2;06/10/2018;Mallorca;Tenerife;4;1;H;2;0;H;237;3;325;235;29;34;23;29;33;;;;24;293;358;24;3;31;24;3;33;37;245;233;31;293;358;331;32;265;25;155;149;;;;;;;;;
SP2;06/10/2018;Numancia;Extremadura UD;1;0;H;1;0;H;185;33;45;19;32;46;187;32;435;;;;193;318;483;191;325;42;19;33;46;37;195;188;345;322;499;443;33;23;217;17;165;;;;;;;;;
SP2;07/10/2018;Cadiz;Gimnastic;1;1;D;1;1;D;166;33;6;172;34;55;167;325;56;;;;174;333;598;17;33;55;173;34;575;36;175;17;35;33;6;551;32;27;254;155;148;;;;;;;;;
SP2;07/10/2018;Elche;Lugo;2;1;H;1;0;H;21;3;39;215;3;38;2;305;39;;;;21;314;411;21;31;375;21;32;39;36;215;207;325;308;415;378;31;255;238;16;154;;;;;;;;;
SP2;07/10/2018;La Coruna;Malaga;1;1;D;0;0;D;214;3;38;215;295;39;21;3;37;;;;22;295;407;215;31;36;215;313;38;35;22;213;32;301;407;369;31;263;243;16;152;;;;;;;;;
SP2;07/10/2018;Oviedo;Albacete;1;0;H;1;0;H;185;325;45;2;32;41;19;32;405;;;;199;326;436;195;325;4;193;33;44;36;2;194;345;32;45;406;31;23;217;171;165;;;;;;;;;
SP2;07/10/2018;Reus Deportiu;Granada;1;2;A;0;1;A;35;3;225;35;3;225;345;295;22;;;;36;321;223;34;31;22;37;3;225;36;37;347;321;301;23;222;32;28;258;151;147;;;;;;;;;
SP2;08/10/2018;Rayo Majadahonda;Sp Gijon;2;1;H;1;0;H;36;29;225;35;29;235;335;295;225;;;;363;293;238;325;3;235;34;3;238;34;363;337;315;294;24;229;30;25;239;16;153;;;;;;;;;
SP2;08/10/2018;Zaragoza;Osasuna;1;1;D;1;0;H;214;29;4;225;295;36;21;305;36;;;;218;316;382;22;31;34;22;313;36;35;225;215;325;302;4;354;31;245;23;165;157;;;;;;;;;
SP2;12/10/2018;Extremadura UD;Cadiz;2;1;H;0;1;A;275;29;28;27;29;29;275;28;28;;;;288;287;298;27;288;288;28;29;29;38;29;274;295;286;298;282;34;285;261;15;146;;;;;;;;;
SP2;12/10/2018;La Coruna;Elche;4;0;H;1;0;H;166;34;6;162;35;625;167;33;57;;;;17;336;66;165;34;58;17;34;6;38;175;166;355;337;67;588;36;247;236;165;156;;;;;;;;;
SP2;12/10/2018;Malaga;Albacete;2;1;H;0;0;D;166;33;6;16;35;65;167;33;56;;;;172;332;65;17;34;525;167;35;6;38;175;167;355;336;65;575;36;245;231;165;158;;;;;;;;;
SP2;13/10/2018;Almeria;Las Palmas;3;0;H;1;0;H;32;3;24;31;3;245;31;295;24;;;;328;293;256;29;3;255;31;3;255;45;328;31;311;296;26;246;35;246;235;163;157;;;;;;;;;
SP2;13/10/2018;Numancia;Zaragoza;1;0;H;0;0;D;225;3;35;24;31;31;23;305;315;;;;247;306;328;238;3;32;238;31;33;45;247;235;317;304;35;32;36;228;22;171;165;;;;;;;;;
SP2;13/10/2018;Osasuna;Cordoba;3;1;H;1;0;H;161;34;65;162;35;625;167;35;52;;;;168;359;589;165;36;525;165;36;6;44;171;165;376;353;65;564;36;22;208;18;174;;;;;;;;;
SP2;13/10/2018;Sp Gijon;Reus Deportiu;1;1;D;0;0;D;166;325;65;165;34;625;163;335;59;;;;164;347;68;165;34;58;165;35;625;45;169;164;361;34;68;614;35;253;242;16;154;;;;;;;;;
SP2;14/10/2018;Granada;Mallorca;1;0;H;1;0;H;185;32;475;185;325;475;183;32;455;;;;186;324;513;188;33;42;19;33;45;31;195;186;345;318;513;449;28;24;225;165;159;;;;;;;;;
SP2;14/10/2018;Rayo Majadahonda;Oviedo;1;0;H;0;0;D;31;3;245;325;29;245;305;29;245;;;;326;292;258;29;3;255;31;31;25;37;33;308;31;293;26;245;34;255;24;16;153;;;;;;;;;
SP2;14/10/2018;Tenerife;Lugo;0;0;D;0;0;D;172;33;55;178;33;5;177;335;465;;;;18;338;528;18;33;46;18;34;5;37;185;176;36;335;55;482;36;225;21;176;169;;;;;;;;;
SP2;15/10/2018;Gimnastic;Alcorcon;1;3;A;0;3;A;31;29;25;3;295;255;295;28;26;;;;311;286;274;3;288;255;31;29;263;36;32;297;295;284;28;26;33;285;262;15;145;;;;;;;;;
SP2;19/10/2018;Elche;Malaga;2;0;H;1;0;H;34;29;237;33;29;24;315;285;24;;;;336;298;252;31;29;25;325;3;245;39;35;32;31;29;252;242;33;272;26;157;146;;;;;;;;;
SP2;20/10/2018;Alcorcon;Granada;1;0;H;0;0;D;23;29;35;245;285;33;23;285;335;;;;251;283;352;245;288;32;245;29;34;39;251;237;305;284;355;333;33;27;252;155;149;;;;;;;;;
SP2;20/10/2018;Cordoba;La Coruna;1;1;D;0;1;A;45;32;195;4;32;2;395;33;19;;;;426;331;199;38;325;2;4;33;2;39;45;389;35;324;205;197;37;215;206;18;173;;;;;;;;;
SP2;20/10/2018;Las Palmas;Numancia;3;0;H;2;0;H;183;31;5;187;31;5;18;32;465;;;;184;331;509;185;325;45;185;33;48;39;19;183;34;32;517;467;33;24;227;165;159;;;;;;;;;
SP2;20/10/2018;Oviedo;Osasuna;2;1;H;0;1;A;23;3;34;235;29;35;225;285;345;;;;238;296;362;24;29;325;238;29;35;39;24;228;305;289;37;342;33;265;249;155;15;;;;;;;;;
SP2;21/10/2018;Albacete;Almeria;1;1;D;0;0;D;21;3;4;215;31;37;22;295;35;;;;23;296;376;225;3;34;22;31;37;37;23;218;31;297;4;357;33;255;238;16;154;;;;;;;;;
SP2;21/10/2018;Cadiz;Sp Gijon;0;0;D;0;0;D;24;3;32;245;29;325;23;28;345;;;;24;285;37;238;29;33;238;3;34;36;25;235;3;282;37;34;32;29;272;145;142;;;;;;;;;
SP2;21/10/2018;Lugo;Gimnastic;1;0;H;1;0;H;19;31;45;191;32;45;187;32;435;;;;193;322;477;195;32;4;195;325;433;37;197;189;34;319;48;434;33;238;225;17;16;;;;;;;;;
SP2;21/10/2018;Mallorca;Extremadura UD;1;1;D;0;0;D;175;34;5;183;33;475;177;33;475;;;;18;338;523;18;33;475;18;33;52;37;185;178;355;33;525;475;33;23;218;17;164;;;;;;;;;
SP2;21/10/2018;Reus Deportiu;Rayo Majadahonda;2;1;H;0;0;D;214;29;39;22;3;37;22;285;36;;;;232;283;395;23;29;35;225;3;37;37;235;221;3;287;4;367;33;275;258;15;146;;;;;;;;;
SP2;21/10/2018;Zaragoza;Tenerife;1;1;D;0;0;D;22;287;375;23;32;32;225;31;325;;;;238;31;339;235;31;31;23;32;33;37;238;227;33;307;375;324;35;225;215;171;166;;;;;;;;;
SP2;26/10/2018;Sp Gijon;Cordoba;0;0;D;0;0;D;153;375;7;16;375;6;155;375;6;;;;158;391;674;157;38;58;157;38;65;34;162;157;391;371;746;608;33;21;2;188;177;;;;;;;;;
SP2;27/10/2018;Granada;Almeria;1;0;H;0;0;D;172;35;5;178;33;5;175;335;48;;;;178;337;545;18;33;475;18;33;525;37;181;176;36;334;545;49;35;23;219;17;164;;;;;;;;;
SP2;27/10/2018;La Coruna;Reus Deportiu;2;0;H;1;0;H;144;4;8;153;38;7;146;39;72;;;;147;42;765;144;4;75;15;39;8;37;153;147;43;389;8;728;33;235;224;17;161;;;;;;;;;
SP2;27/10/2018;Lugo;Cadiz;1;2;A;1;1;D;245;28;34;26;28;31;255;28;305;;;;264;293;316;26;288;3;263;29;31;37;265;254;3;282;34;306;33;29;271;15;143;;;;;;;;;
SP2;27/10/2018;Mallorca;Las Palmas;2;2;D;2;2;D;225;3;35;225;3;35;22;305;33;;;;236;304;35;23;31;32;23;313;34;37;238;226;325;303;355;334;34;23;22;17;164;;;;;;;;;
SP2;27/10/2018;Tenerife;Alcorcon;3;2;H;0;2;A;214;29;4;225;29;37;22;285;37;;;;233;285;389;225;288;36;225;29;38;36;235;223;3;286;4;366;32;29;272;15;143;;;;;;;;;
SP2;28/10/2018;Elche;Zaragoza;2;0;H;1;0;H;225;31;34;23;31;33;225;305;325;;;;237;302;353;235;3;32;23;31;33;35;238;228;325;304;353;327;32;23;22;17;163;;;;;;;;;
SP2;28/10/2018;Extremadura UD;Albacete;1;2;A;1;1;D;225;31;34;23;31;33;225;3;325;;;;236;309;345;235;3;32;238;31;33;36;24;229;32;303;345;32;34;23;218;17;164;;;;;;;;;
SP2;28/10/2018;Gimnastic;Oviedo;2;1;H;1;0;H;31;29;254;3;29;26;305;29;245;;;;326;296;255;31;29;25;313;3;25;36;326;305;31;29;265;249;33;26;242;16;153;;;;;;;;;
SP2;28/10/2018;Rayo Majadahonda;Osasuna;1;1;D;0;0;D;325;287;245;3;29;265;305;285;245;;;;328;284;263;31;288;25;32;29;255;36;328;303;305;287;265;251;32;26;242;16;152;;;;;;;;;
SP2;29/10/2018;Malaga;Numancia;2;0;H;1;0;H;17;33;575;175;34;525;17;335;51;;;;174;338;584;173;34;5;173;35;54;36;18;172;36;334;584;518;34;226;214;175;166;;;;;;;;;
SP2;02/11/2018;Albacete;Gimnastic;2;0;H;2;0;H;18;33;475;187;34;44;18;335;44;;;;187;337;493;188;33;42;187;33;475;38;19;184;35;331;495;446;36;211;203;187;176;;;;;;;;;
SP2;03/11/2018;Cordoba;Extremadura UD;4;2;H;1;1;D;21;31;375;21;325;36;21;32;345;;;;215;329;371;215;32;34;22;32;36;37;22;211;34;32;375;349;36;205;198;188;18;;;;;;;;;
SP2;03/11/2018;Las Palmas;La Coruna;1;1;D;0;0;D;22;3;36;23;31;33;225;31;325;;;;235;314;342;23;31;32;23;31;34;38;235;226;325;308;36;328;34;23;217;172;165;;;;;;;;;
SP2;03/11/2018;Numancia;Tenerife;2;0;H;0;0;D;23;31;325;23;295;35;225;295;33;;;;244;296;346;24;3;31;24;31;32;38;244;232;315;297;35;328;33;241;23;165;158;;;;;;;;;
SP2;03/11/2018;Osasuna;Malaga;2;1;H;0;1;A;24;287;34;235;295;34;235;285;33;;;;244;297;344;235;29;33;23;3;35;38;247;235;302;291;35;33;33;285;264;25;145;;;;;;;;;
SP2;03/11/2018;Reus Deportiu;Lugo;0;0;D;0;0;D;235;28;35;24;29;33;235;28;335;;;;25;28;361;245;288;32;245;29;34;37;25;239;295;285;361;332;33;285;266;15;145;;;;;;;;;
SP2;04/11/2018;Alcorcon;Rayo Majadahonda;2;0;H;1;0;H;175;32;575;175;33;55;173;32;53;;;;178;332;563;18;33;48;175;34;525;37;18;174;343;328;575;522;33;265;247;156;151;;;;;;;;;
SP2;04/11/2018;Almeria;Sp Gijon;2;1;H;1;1;D;225;28;38;24;29;33;23;29;335;;;;241;294;355;235;3;325;23;3;35;35;241;232;305;292;38;335;31;262;246;158;151;;;;;;;;;
SP2;04/11/2018;Cadiz;Elche;5;1;H;0;1;A;195;29;475;195;31;44;193;305;44;;;;2;318;443;195;31;42;195;313;45;37;202;195;325;308;475;43;33;28;264;151;145;;;;;;;;;
SP2;04/11/2018;Oviedo;Mallorca;1;1;D;1;0;H;204;3;41;215;31;37;205;31;375;;;;21;314;409;215;31;35;21;32;375;37;215;208;325;308;41;374;33;235;224;17;161;;;;;;;;;
SP2;04/11/2018;Zaragoza;Granada;0;2;A;0;2;A;245;3;31;24;31;31;235;31;3;;;;255;307;313;25;31;29;25;31;31;37;255;241;33;308;32;302;36;217;206;18;173;;;;;;;;;
SP2;10/11/2018;Cadiz;Reus Deportiu;2;0;H;1;0;H;15;35;9;157;34;8;153;345;75;;;;156;352;822;155;35;7;157;35;8;34;159;154;365;345;9;751;30;29;277;147;141;;;;;;;;;
SP2;10/11/2018;Elche;Las Palmas;0;0;D;0;0;D;25;3;3;26;3;29;25;305;285;;;;263;31;301;25;31;288;255;313;3;34;263;252;317;304;301;288;31;23;218;171;165;;;;;;;;;
SP2;10/11/2018;Extremadura UD;Osasuna;2;3;A;2;1;H;32;31;237;33;3;235;32;3;23;;;;334;313;239;31;31;235;325;31;238;34;337;318;318;304;241;234;30;241;23;164;158;;;;;;;;;
SP2;10/11/2018;La Coruna;Oviedo;4;0;H;1;0;H;175;34;55;17;34;575;173;33;495;;;;175;342;556;18;34;46;175;34;52;34;18;174;355;335;575;501;30;233;223;168;162;;;;;;;;;
SP2;10/11/2018;Lugo;Alcorcon;0;1;A;0;0;D;262;31;275;27;29;29;27;28;285;;;;279;287;303;262;29;288;27;3;29;34;28;269;31;285;305;286;30;283;267;149;144;;;;;;;;;
SP2;11/11/2018;Granada;Numancia;0;0;D;0;0;D;164;34;6;172;325;575;167;34;52;;;;171;339;606;173;34;5;173;34;575;38;175;169;355;337;606;534;34;23;219;172;164;;;;;;;;;
SP2;11/11/2018;Mallorca;Cordoba;3;0;H;0;0;D;17;35;525;183;32;5;175;345;46;;;;177;354;514;178;34;46;175;35;52;38;183;176;37;342;525;469;34;205;194;192;183;;;;;;;;;
SP2;11/11/2018;Rayo Majadahonda;Almeria;2;0;H;1;0;H;254;31;29;265;3;29;26;29;285;;;;277;289;303;255;3;288;263;31;29;38;277;262;31;292;303;287;33;25;236;162;156;;;;;;;;;
SP2;11/11/2018;Sp Gijon;Malaga;2;2;D;0;0;D;2;32;4;195;32;425;195;3;42;;;;205;31;439;205;31;39;205;313;41;38;206;2;32;306;45;404;33;275;258;155;147;;;;;;;;;
SP2;11/11/2018;Tenerife;Albacete;0;0;D;0;0;D;175;325;55;183;325;475;18;33;455;;;;184;341;489;188;33;433;183;34;475;38;191;182;35;329;55;451;34;23;218;172;165;;;;;;;;;
SP2;12/11/2018;Gimnastic;Zaragoza;1;3;A;1;1;D;262;29;287;27;29;29;265;295;275;;;;284;297;287;27;3;275;27;31;28;33;284;267;31;296;29;276;30;239;227;165;159;;;;;;;;;
SP2;16/11/2018;Las Palmas;Granada;2;2;D;1;0;H;23;31;33;23;3;34;22;305;33;;;;238;309;349;23;3;33;238;313;33;38;238;228;32;305;349;327;35;235;221;172;164;;;;;;;;;
SP2;17/11/2018;Malaga;Gimnastic;2;0;H;1;0;H;133;475;10;134;46;105;133;44;96;;;;133;46;1207;133;46;10;133;46;11;37;137;133;485;448;1207;1009;35;222;211;175;17;;;;;;;;;
SP2;17/11/2018;Osasuna;Tenerife;2;0;H;2;0;H;175;325;525;175;325;55;175;33;485;;;;179;337;531;175;325;525;18;34;5;36;181;176;355;33;55;491;33;23;219;171;164;;;;;;;;;
SP2;17/11/2018;Oviedo;Sp Gijon;2;1;H;2;0;H;214;3;38;22;295;37;22;295;35;;;;229;302;37;22;3;36;23;3;35;37;235;222;31;296;38;347;33;255;243;16;153;;;;;;;;;
SP2;17/11/2018;Reus Deportiu;Extremadura UD;1;4;A;1;1;D;225;3;35;225;3;35;225;295;34;;;;236;301;355;225;3;34;225;31;35;37;236;225;311;297;36;34;33;265;249;156;15;;;;;;;;;
SP2;17/11/2018;Zaragoza;Mallorca;2;2;D;0;2;A;22;29;375;225;29;37;215;305;345;;;;222;311;377;215;3;36;22;325;35;37;225;218;325;304;377;35;33;23;219;17;164;;;;;;;;;
SP2;18/11/2018;Albacete;Lugo;1;0;H;0;0;D;175;34;5;178;34;5;173;335;48;;;;181;332;529;175;325;525;18;34;5;37;181;176;36;334;53;486;34;23;216;175;166;;;;;;;;;
SP2;18/11/2018;Alcorcon;Elche;1;0;H;0;0;D;172;325;575;17;325;6;167;33;54;;;;175;34;571;17;33;55;173;34;575;37;175;17;35;329;6;539;33;26;248;156;151;;;;;;;;;
SP2;18/11/2018;Cordoba;Cadiz;1;3;A;0;0;D;287;3;262;31;295;25;295;295;25;;;;315;29;267;3;29;255;31;3;255;37;315;298;31;294;267;25;33;24;228;165;159;;;;;;;;;
SP2;18/11/2018;Numancia;Rayo Majadahonda;1;2;A;0;1;A;185;34;433;185;32;475;18;32;47;;;;185;317;538;18;32;5;183;33;5;37;188;182;34;321;538;472;33;238;224;17;162;;;;;;;;;
SP2;19/11/2018;Almeria;La Coruna;1;1;D;0;0;D;3;287;26;32;285;255;3;285;25;;;;32;279;273;3;29;255;3;31;255;37;32;301;31;287;273;254;33;26;243;159;152;;;;;;;;;
SP2;23/11/2018;Granada;Sp Gijon;1;2;A;0;1;A;157;375;625;165;35;6;165;36;51;;;;165;376;614;167;35;55;162;37;625;38;167;163;38;357;625;567;36;235;224;167;162;;;;;;;;;
SP2;24/11/2018;Cadiz;Las Palmas;4;1;H;2;0;H;2;31;42;195;31;44;197;31;4;;;;203;327;416;205;31;39;2;32;42;38;207;2;327;311;44;397;34;26;245;158;152;;;;;;;;;
SP2;24/11/2018;Gimnastic;Almeria;2;2;D;1;2;A;3;29;26;29;29;27;295;285;255;;;;312;293;268;29;29;26;31;3;255;38;32;295;302;29;27;258;34;265;244;158;152;;;;;;;;;
SP2;24/11/2018;La Coruna;Osasuna;2;0;H;1;0;H;19;33;42;185;32;475;19;315;425;;;;193;315;485;188;32;45;193;33;44;38;195;19;335;317;485;436;34;235;225;167;16;;;;;;;;;
SP2;24/11/2018;Lugo;Cordoba;2;1;H;2;0;H;19;32;433;19;33;44;19;325;405;;;;198;324;444;195;32;42;195;34;41;38;2;193;345;324;444;407;37;215;207;18;172;;;;;;;;;
SP2;25/11/2018;Alcorcon;Zaragoza;2;0;H;0;0;D;183;325;475;183;32;5;183;315;46;;;;189;319;504;185;32;46;187;33;475;38;193;185;336;318;504;459;34;25;234;162;156;;;;;;;;;
SP2;25/11/2018;Elche;Albacete;0;1;A;0;1;A;214;31;36;215;31;37;215;31;345;;;;228;316;355;215;31;35;22;32;35;38;228;218;326;31;37;342;34;238;225;17;161;;;;;;;;;
SP2;25/11/2018;Extremadura UD;Malaga;1;0;H;1;0;H;375;31;21;4;31;205;365;305;21;;;;397;304;219;36;32;21;375;325;21;38;4;367;325;306;22;211;34;24;229;166;159;;;;;;;;;
SP2;25/11/2018;Mallorca;Numancia;1;0;H;1;0;H;185;34;433;18;34;475;187;32;425;;;;193;32;476;185;325;45;191;34;43;38;196;189;34;32;476;434;37;231;22;172;164;;;;;;;;;
SP2;25/11/2018;Oviedo;Reus Deportiu;3;0;H;0;0;D;161;36;6;162;35;625;155;355;65;;;;158;365;723;155;35;7;16;36;7;38;162;157;38;357;723;638;34;26;242;16;153;;;;;;;;;
SP2;25/11/2018;Tenerife;Rayo Majadahonda;2;1;H;1;0;H;175;35;475;178;35;475;175;34;475;;;;178;365;484;173;35;48;175;35;52;38;18;176;365;344;52;466;34;235;223;17;161;;;;;;;;;
SP2;30/11/2018;Zaragoza;Cadiz;0;1;A;0;1;A;26;287;31;255;29;31;265;28;29;;;;288;275;313;27;28;29;275;29;29;38;288;265;298;282;32;295;33;28;259;153;147;;;;;;;;;
SP2;01/12/2018;Almeria;Extremadura UD;1;1;D;1;1;D;185;33;475;191;31;46;187;32;42;;;;193;331;457;185;33;44;19;34;433;38;2;19;345;323;475;426;33;225;217;175;165;;;;;;;;;
SP2;01/12/2018;Cordoba;Elche;1;1;D;0;1;A;225;3;35;23;31;33;22;315;325;;;;23;311;357;22;31;34;225;325;34;38;23;222;33;312;357;33;36;206;198;188;18;;;;;;;;;
SP2;01/12/2018;Malaga;Granada;0;1;A;0;0;D;2;31;42;21;31;39;205;3;395;;;;211;309;414;205;3;4;21;31;4;38;215;206;316;304;42;389;33;265;246;157;151;;;;;;;;;
SP2;01/12/2018;Reus Deportiu;Mallorca;0;2;A;0;0;D;375;3;214;34;31;225;355;295;215;;;;372;312;223;36;3;22;36;31;22;38;375;349;315;299;235;22;33;275;255;155;148;;;;;;;;;
SP2;01/12/2018;Sp Gijon;Tenerife;2;1;H;0;0;D;195;3;45;205;3;425;197;305;405;;;;205;308;443;195;3;433;2;32;42;38;205;198;325;305;45;415;33;245;23;165;158;;;;;;;;;
SP2;02/12/2018;Albacete;Alcorcon;2;1;H;1;0;H;26;28;31;255;29;31;25;285;3;;;;259;297;318;25;288;31;255;3;31;38;265;251;301;289;32;303;33;27;249;156;15;;;;;;;;;
SP2;02/12/2018;Las Palmas;Oviedo;0;0;D;0;0;D;172;325;575;175;34;525;175;34;475;;;;179;352;498;173;34;5;175;35;52;38;18;175;36;34;575;484;33;23;22;17;163;;;;;;;;;
SP2;02/12/2018;Numancia;Gimnastic;3;0;H;0;0;D;157;34;75;167;35;575;16;355;59;;;;163;367;636;157;35;65;16;37;65;38;167;16;38;354;75;594;33;235;224;17;161;;;;;;;;;
SP2;02/12/2018;Osasuna;Lugo;1;0;H;0;0;D;153;35;8;157;37;65;15;38;64;;;;153;403;687;15;38;7;153;39;7;38;157;152;41;38;8;649;36;215;206;18;173;;;;;;;;;
SP2;02/12/2018;Rayo Majadahonda;La Coruna;0;0;D;0;0;D;36;32;21;37;3;22;355;305;21;;;;377;312;221;36;31;215;37;32;215;38;38;351;325;31;221;214;33;235;224;17;161;;;;;;;;;
SP2;07/12/2018;Tenerife;Extremadura UD;0;0;D;0;0;D;172;36;475;175;36;475;177;345;45;;;;183;35;494;178;34;475;175;36;5;37;185;177;37;348;5;459;35;21;202;185;177;;;;;;;;;
SP2;08/12/2018;Albacete;Osasuna;2;2;D;2;1;H;26;3;29;26;3;29;255;3;28;;;;269;313;289;262;3;28;263;31;288;34;273;258;315;3;297;282;29;23;219;17;164;;;;;;;;;
SP2;08/12/2018;Gimnastic;Granada;0;1;A;0;1;A;433;3;2;42;31;2;395;32;195;;;;417;326;204;4;31;2;41;32;2;34;433;394;335;318;205;198;31;23;219;17;164;;;;;;;;;
SP2;08/12/2018;La Coruna;Numancia;2;2;D;2;0;H;15;375;75;148;38;8;15;38;67;;;;151;4;755;147;39;75;15;39;75;34;155;149;41;384;8;699;32;22;209;178;171;;;;;;;;;
SP2;08/12/2018;Mallorca;Malaga;1;2;A;0;1;A;25;3;3;265;29;295;26;285;295;;;;276;285;309;262;29;29;26;3;3;34;276;261;3;286;31;294;29;27;252;155;149;;;;;;;;;
SP2;08/12/2018;Oviedo;Almeria;1;2;A;1;2;A;195;32;42;195;31;45;195;315;405;;;;2;316;448;2;31;4;205;32;41;34;205;198;33;311;45;408;29;24;226;165;16;;;;;;;;;
SP2;09/12/2018;Alcorcon;Reus Deportiu;0;1;A;0;1;A;136;42;11;142;39;10;14;395;92;;;;14;432;948;138;4;10;14;41;11;34;145;14;435;403;11;914;29;28;252;157;149;;;;;;;;;
SP2;09/12/2018;Cadiz;Rayo Majadahonda;1;0;H;0;0;D;153;38;65;153;39;675;15;38;69;;;;15;407;744;15;38;7;15;39;75;34;155;15;41;383;76;679;29;235;224;169;161;;;;;;;;;
SP2;09/12/2018;Elche;Sp Gijon;0;0;D;0;0;D;25;29;31;24;3;32;23;295;32;;;;242;303;34;235;29;33;245;3;325;34;25;237;31;295;34;316;29;25;231;164;158;;;;;;;;;
SP2;09/12/2018;Lugo;Las Palmas;4;2;H;2;1;H;245;3;31;25;3;31;25;3;285;;;;263;3;309;255;29;3;255;3;31;34;27;253;315;296;31;289;29;235;221;171;163;;;;;;;;;
SP2;09/12/2018;Zaragoza;Cordoba;0;0;D;0;0;D;172;35;5;18;34;475;173;345;465;;;;177;359;504;175;34;48;18;35;48;34;182;177;37;341;505;458;31;21;201;185;177;;;;;;;;;
SP2;14/12/2018;Malaga;Cadiz;1;0;H;0;0;D;2;29;45;205;29;44;197;285;45;;;;205;296;484;195;29;46;2;29;475;35;206;2;301;289;484;445;32;325;3;142;136;;;;;;;;;
SP2;15/12/2018;Granada;Oviedo;1;0;H;0;0;D;166;35;55;172;34;55;17;34;52;;;;174;335;592;17;33;55;175;35;525;35;176;171;36;336;592;531;33;231;218;173;166;;;;;;;;;
SP2;15/12/2018;Numancia;Albacete;1;2;A;0;2;A;204;31;4;195;325;41;195;315;395;;;;2;327;427;195;325;4;2;325;41;35;21;2;335;315;427;394;30;235;222;17;162;;;;;;;;;
SP2;15/12/2018;Reus Deportiu;Cordoba;1;1;D;1;1;D;29;31;25;3;29;265;285;3;25;;;;287;319;259;288;31;25;3;313;25;32;306;288;323;308;265;248;27;25;234;162;156;;;;;;;;;
SP2;15/12/2018;Sp Gijon;Mallorca;1;0;H;0;0;D;2;31;42;2;32;41;19;315;42;;;;197;329;437;191;32;42;195;33;42;35;2;196;335;318;445;407;30;255;236;165;156;;;;;;;;;
SP2;16/12/2018;Almeria;Lugo;1;1;D;1;1;D;195;32;41;21;3;4;197;315;39;;;;204;325;413;195;32;4;195;33;43;35;21;2;331;314;43;393;30;239;227;165;16;;;;;;;;;
SP2;16/12/2018;Extremadura UD;Gimnastic;0;1;A;0;0;D;172;33;55;175;34;525;173;34;48;;;;181;341;514;175;34;5;175;35;52;35;181;175;36;335;55;491;31;22;211;177;169;;;;;;;;;
SP2;16/12/2018;La Coruna;Zaragoza;3;1;H;3;1;H;155;35;75;162;36;6;157;37;56;;;;158;385;644;157;37;6;16;38;625;35;165;158;4;369;75;585;31;205;196;191;182;;;;;;;;;
SP2;16/12/2018;Las Palmas;Tenerife;1;1;D;1;0;H;2;32;4;195;31;44;195;315;405;;;;204;316;432;195;31;42;2;325;42;35;204;196;33;313;44;406;30;235;222;17;162;;;;;;;;;
SP2;16/12/2018;Osasuna;Alcorcon;2;1;H;0;0;D;175;34;5;175;34;525;177;325;485;;;;183;336;502;18;325;48;18;34;5;35;185;178;345;329;525;479;30;255;242;16;153;;;;;;;;;
SP2;16/12/2018;Rayo Majadahonda;Elche;1;3;A;0;0;D;23;32;31;24;3;325;225;3;325;;;;238;307;343;23;3;33;238;313;325;35;24;231;32;301;345;324;30;25;236;161;155;;;;;;;;;
SP2;21/12/2018;Mallorca;Gimnastic;2;0;H;1;0;H;15;375;75;153;375;7;15;375;69;;;;154;381;787;15;37;75;153;38;75;33;155;151;405;376;787;692;31;226;217;175;167;;;;;;;;;
SP2;21/12/2018;Tenerife;Granada;1;1;D;0;1;A;237;29;33;255;29;31;235;295;32;;;;252;3;332;24;29;32;25;3;313;33;265;246;305;291;332;31;28;262;246;16;152;;;;;;;;;
SP2;22/12/2018;Cadiz;La Coruna;3;0;H;1;0;H;24;29;33;255;29;31;24;285;32;;;;254;284;344;24;288;325;25;29;33;36;255;243;298;286;344;322;31;266;248;156;151;;;;;;;;;
SP2;22/12/2018;Cordoba;Las Palmas;4;1;H;1;0;H;24;33;287;25;33;28;245;31;285;;;;259;318;298;245;32;288;25;33;29;36;26;249;33;314;3;286;34;215;204;181;175;;;;;;;;;
SP2;22/12/2018;Elche;Almeria;2;2;D;1;0;H;21;32;36;215;3;38;21;3;365;;;;221;306;386;215;31;36;215;32;37;36;225;215;32;304;39;363;31;25;236;162;156;;;;;;;;;
SP2;22/12/2018;Lugo;Sp Gijon;0;0;D;0;0;D;25;3;3;255;3;3;26;295;28;;;;271;308;294;26;3;288;263;3;3;36;271;258;31;297;3;288;31;25;235;162;157;;;;;;;;;
SP2;22/12/2018;Oviedo;Malaga;0;0;D;0;0;D;264;28;3;275;28;295;27;28;28;;;;279;294;297;27;288;288;275;29;29;36;285;269;295;285;301;288;31;292;271;15;143;;;;;;;;;
SP2;22/12/2018;Zaragoza;Extremadura UD;2;1;H;0;1;A;185;34;433;187;33;45;18;335;44;;;;187;334;484;183;325;46;187;34;45;36;19;184;355;333;49;444;34;211;203;185;176;;;;;;;;;
SP2;23/12/2018;Albacete;Rayo Majadahonda;1;0;H;0;0;D;161;34;65;165;34;625;165;34;56;;;;168;347;623;165;34;6;17;35;6;35;17;165;365;341;65;571;32;225;215;175;167;;;;;;;;;
SP2;23/12/2018;Alcorcon;Numancia;1;1;D;1;0;H;18;32;5;178;31;575;177;315;52;;;;183;316;556;178;31;55;18;325;54;35;187;179;329;315;575;512;31;28;259;152;147;;;;;;;;;
SP2;23/12/2018;Reus Deportiu;Osasuna;0;1;A;0;1;A;475;3;19;5;3;19;445;3;19;;;;483;308;197;45;31;191;45;32;195;34;5;444;32;303;2;194;30;275;253;155;149;;;;;;;;;
SP2;04/01/2019;Granada;Albacete;1;1;D;0;0;D;195;3;45;19;31;475;195;3;43;;;;201;3;492;195;3;44;2;313;433;36;205;197;315;301;492;439;31;255;238;162;156;;;;;;;;;
SP2;04/01/2019;Tenerife;Elche;2;1;H;1;1;D;195;32;42;195;31;45;19;31;425;;;;2;31;475;191;31;44;2;325;42;36;202;196;33;308;475;429;33;245;231;165;159;;;;;;;;;
SP2;05/01/2019;Extremadura UD;Alcorcon;3;0;H;1;0;H;275;31;262;275;29;285;28;285;27;;;;296;285;287;28;288;275;28;3;28;36;296;279;31;287;287;275;31;27;252;155;149;;;;;;;;;
SP2;05/01/2019;Sp Gijon;Zaragoza;1;2;A;1;2;A;19;34;4;195;325;42;19;315;415;;;;195;324;458;188;325;433;193;34;42;36;2;192;345;324;458;414;33;225;216;176;167;;;;;;;;;
SP2;06/01/2019;Almeria;Mallorca;2;0;H;1;0;H;23;31;325;23;3;34;225;3;325;;;;234;307;35;23;3;33;23;31;34;35;236;228;316;302;35;331;31;241;228;165;16;;;;;;;;;
SP2;06/01/2019;Gimnastic;Cordoba;1;0;H;0;0;D;245;32;29;27;31;275;255;305;28;;;;267;302;302;255;3;288;255;32;29;35;27;256;32;306;302;282;31;228;217;175;166;;;;;;;;;
SP2;06/01/2019;La Coruna;Lugo;0;0;D;0;0;D;14;433;85;14;433;85;137;43;84;;;;14;433;961;138;42;95;14;44;9;35;142;139;465;428;961;844;32;21;2;185;179;;;;;;;;;
SP2;06/01/2019;Malaga;Reus Deportiu;0;3;A;0;1;A;116;575;26;119;6;195;118;55;23;;;;121;609;1649;117;58;23;118;6;26;33;121;118;635;57;27;1974;29;245;229;165;159;;;;;;;;;
SP2;06/01/2019;Osasuna;Cadiz;2;1;H;2;1;H;205;31;4;205;3;42;2;3;41;;;;205;299;46;195;3;44;2;31;43;35;206;201;315;299;46;415;31;265;251;155;15;;;;;;;;;
SP2;07/01/2019;Numancia;Oviedo;2;3;A;0;1;A;21;31;375;22;3;37;215;295;355;;;;228;294;386;215;3;37;22;31;36;35;228;219;31;296;386;358;31;264;247;155;151;;;;;;;;;
SP2;07/01/2019;Rayo Majadahonda;Las Palmas;0;0;D;0;0;D;275;3;275;285;3;265;265;295;27;;;;279;304;286;27;3;275;275;31;275;40;285;271;311;3;286;274;34;229;22;172;165;;;;;;;;;
SP2;11/01/2019;Cadiz;Granada;0;0;D;0;0;D;245;28;33;245;28;34;24;275;325;;;;254;28;357;24;275;34;25;29;325;38;254;242;29;279;357;334;34;285;267;15;145;;;;;;;;;
SP2;12/01/2019;Albacete;Sp Gijon;1;1;D;0;1;A;22;31;35;22;3;37;22;295;345;;;;228;302;374;22;3;36;225;31;35;38;23;222;31;297;374;349;34;255;24;161;155;;;;;;;;;
SP2;12/01/2019;Las Palmas;Osasuna;4;1;H;3;0;H;23;3;34;23;31;33;23;305;315;;;;241;312;332;23;31;325;238;32;313;38;241;232;32;306;345;32;34;251;219;172;165;;;;;;;;;
SP2;12/01/2019;Mallorca;La Coruna;1;0;H;0;0;D;275;29;28;275;285;29;27;29;275;;;;292;288;288;28;288;275;28;3;28;38;292;274;305;29;29;278;34;255;238;162;155;;;;;;;;;
SP2;12/01/2019;Oviedo;Tenerife;1;0;H;1;0;H;2;31;42;205;31;4;2;3;405;;;;207;301;447;2;3;42;205;31;42;38;21;203;315;301;447;405;34;256;241;16;154;;;;;;;;;
SP2;12/01/2019;Reus Deportiu;Numancia;1;1;D;0;1;A;4;3;21;38;3;215;375;3;21;;;;382;321;215;375;31;21;39;3;215;38;4;373;321;302;22;212;34;29;267;15;144;;;;;;;;;
SP2;13/01/2019;Alcorcon;Almeria;0;0;D;0;0;D;19;31;45;19;31;475;195;295;435;;;;2;299;483;195;3;46;2;31;44;37;203;196;313;3;483;438;34;28;261;152;146;;;;;;;;;
SP2;13/01/2019;Cordoba;Rayo Majadahonda;1;1;D;0;1;A;195;33;4;205;31;4;2;315;38;;;;209;309;421;2;32;39;205;33;39;37;21;201;338;319;45;387;36;219;207;181;173;;;;;;;;;
SP2;13/01/2019;Elche;Gimnastic;1;0;H;0;0;D;18;32;5;185;32;475;18;325;47;;;;184;329;515;18;32;5;183;33;5;37;186;182;34;323;515;472;34;24;227;166;16;;;;;;;;;
SP2;13/01/2019;Lugo;Extremadura UD;1;1;D;1;0;H;21;3;4;215;32;36;215;305;34;;;;222;308;381;215;31;36;22;31;36;37;225;217;32;305;4;353;35;225;215;175;167;;;;;;;;;
SP2;13/01/2019;Zaragoza;Malaga;0;2;A;0;1;A;275;287;28;28;295;275;27;285;28;;;;282;29;297;275;28;288;288;29;28;37;288;275;3;287;297;278;34;28;26;152;146;;;;;;;;;
SP2;19/01/2019;Almeria;Cadiz;0;0;D;0;0;D;255;27;325;25;28;325;24;28;32;;;;248;288;349;24;275;34;25;29;33;37;256;245;295;282;349;324;33;288;267;15;144;;;;;;;;;
SP2;19/01/2019;Malaga;Lugo;2;1;H;0;1;A;153;36;75;155;37;7;15;37;68;;;;152;392;743;15;37;75;15;38;8;37;155;151;392;372;8;709;34;251;237;163;156;;;;;;;;;
SP2;19/01/2019;Numancia;Cordoba;3;2;H;3;0;H;175;33;525;17;34;55;17;345;5;;;;174;357;538;17;33;55;175;36;5;37;176;171;37;345;55;507;36;22;209;181;171;;;;;;;;;
SP2;19/01/2019;Rayo Majadahonda;Zaragoza;2;2;D;1;0;H;245;29;325;265;29;295;25;295;29;;;;261;297;315;25;3;3;26;3;3;37;265;253;31;295;325;297;34;24;229;167;16;;;;;;;;;
SP2;19/01/2019;Reus Deportiu;Las Palmas;0;1;A;;;;;;;;;;;;;;;;;;;;;;;;;;;;;;;;;;;;;;;;;;;;;
SP2;20/01/2019;Extremadura UD;Oviedo;0;2;A;0;1;A;28;3;27;285;295;27;275;295;265;;;;294;292;283;288;288;27;29;3;27;36;295;282;304;294;283;266;33;255;239;162;155;;;;;;;;;
SP2;20/01/2019;La Coruna;Albacete;2;0;H;1;0;H;165;34;6;167;36;55;165;35;53;;;;168;359;582;167;34;58;167;36;55;36;172;167;37;351;6;534;34;225;216;175;167;;;;;;;;;
SP2;20/01/2019;Osasuna;Mallorca;2;0;H;1;0;H;175;32;55;178;33;5;175;33;48;;;;179;344;523;175;325;5;183;33;5;36;183;178;35;329;55;486;34;24;226;167;161;;;;;;;;;
SP2;20/01/2019;Sp Gijon;Alcorcon;2;0;H;1;0;H;21;287;42;21;29;41;205;285;405;;;;218;292;42;21;288;4;215;29;42;36;22;211;3;288;43;401;34;305;283;145;14;;;;;;;;;
SP2;20/01/2019;Tenerife;Gimnastic;2;0;H;1;0;H;153;375;7;16;35;65;157;36;63;;;;157;382;671;155;36;7;157;37;7;36;161;157;385;361;7;631;34;25;236;162;156;;;;;;;;;
SP2;21/01/2019;Granada;Elche;2;1;H;2;0;H;16;34;7;162;35;65;163;34;58;;;;167;341;666;162;34;65;167;35;625;36;17;163;36;343;7;598;34;24;229;165;159;;;;;;;;;
SP2;25/01/2019;Zaragoza;Oviedo;2;0;H;0;0;D;235;29;34;23;295;35;225;295;33;;;;238;298;363;23;29;34;23;3;35;37;238;231;31;297;363;336;33;259;245;16;153;;;;;;;;;
SP2;26/01/2019;Almeria;Osasuna;0;1;A;0;0;D;262;287;3;27;285;295;26;29;285;;;;275;295;299;262;288;29;275;288;3;37;28;266;305;288;3;286;33;26;245;157;152;;;;;;;;;
SP2;26/01/2019;Cadiz;Mallorca;1;1;D;0;1;A;205;29;433;205;29;44;2;295;405;;;;208;295;458;2;288;44;21;288;44;37;21;204;303;292;46;419;33;28;261;152;146;;;;;;;;;
SP2;26/01/2019;Elche;Numancia;1;1;D;1;1;D;23;3;34;235;295;34;23;3;32;;;;238;3;352;23;288;35;24;3;33;37;24;232;315;297;352;327;33;241;228;168;16;;;;;;;;;
SP2;26/01/2019;Lugo;Rayo Majadahonda;3;2;H;2;0;H;21;3;4;21;31;39;205;305;38;;;;213;304;415;21;3;39;215;313;38;37;215;208;32;304;425;381;33;246;233;165;157;;;;;;;;;
SP2;26/01/2019;Tenerife;Malaga;0;0;D;0;0;D;27;28;3;275;28;295;26;285;29;;;;267;297;308;262;28;3;27;29;3;37;28;263;3;285;312;293;33;285;264;155;146;;;;;;;;;
SP2;27/01/2019;Albacete;Reus Deportiu;1;0;H;;;;;;;;;;;;;;;;;;;;;;;;;;;;;;;;;;;;;;;;;;;;;
SP2;27/01/2019;Alcorcon;Cordoba;2;1;H;0;1;A;16;34;7;162;36;625;16;345;58;;;;164;351;665;162;34;65;165;35;625;36;167;162;37;346;7;602;33;24;226;167;16;;;;;;;;;
SP2;27/01/2019;Gimnastic;Las Palmas;0;0;D;0;0;D;29;3;26;29;3;26;285;295;255;;;;308;295;268;3;288;26;3;3;26;34;308;29;31;295;27;258;33;241;229;165;159;;;;;;;;;
SP2;27/01/2019;Granada;Extremadura UD;0;0;D;0;0;D;153;36;75;153;38;7;155;365;64;;;;155;358;812;15;37;75;157;39;65;36;16;153;39;366;835;691;35;221;21;18;171;;;;;;;;;
SP2;27/01/2019;Sp Gijon;La Coruna;1;2;A;1;2;A;255;287;31;265;29;3;26;29;285;;;;276;293;301;262;28;3;27;29;3;36;276;262;305;289;31;291;33;259;242;16;153;;;;;;;;;
SP2;01/02/2019;Malaga;Almeria;1;1;D;1;0;H;18;325;5;172;33;55;18;305;51;;;;186;316;553;18;3;55;18;32;54;35;186;18;33;311;56;52;33;305;279;146;141;;;;;;;;;
SP2;02/02/2019;Cordoba;Albacete;1;3;A;1;0;H;245;31;3;26;31;285;25;315;275;;;;263;327;285;25;31;288;255;313;3;35;263;253;33;313;3;281;33;219;208;18;172;;;;;;;;;
SP2;02/02/2019;La Coruna;Tenerife;0;0;D;0;0;D;155;375;65;155;375;675;157;365;61;;;;158;375;687;155;36;7;157;38;7;35;159;156;4;367;7;632;33;227;218;175;165;;;;;;;;;
SP2;02/02/2019;Numancia;Lugo;3;0;H;1;0;H;175;35;475;175;36;475;175;335;47;;;;179;363;477;175;34;48;175;35;5;35;182;177;363;343;5;464;32;23;219;171;165;;;;;;;;;
SP2;02/02/2019;Rayo Majadahonda;Gimnastic;1;0;H;1;0;H;17;33;575;18;32;525;175;325;49;;;;181;332;536;175;32;525;18;33;525;35;182;177;345;326;575;499;32;25;234;162;156;;;;;;;;;
SP2;03/02/2019;Extremadura UD;Sp Gijon;0;3;A;0;0;D;26;29;3;27;28;3;265;29;28;;;;284;292;293;27;288;288;27;3;288;34;284;268;305;289;3;285;32;255;238;16;155;;;;;;;;;
SP2;03/02/2019;Mallorca;Alcorcon;2;0;H;2;0;H;24;28;34;24;28;35;235;275;34;;;;246;28;365;238;275;35;245;29;34;34;246;237;29;278;368;345;32;305;285;145;139;;;;;;;;;
SP2;03/02/2019;Osasuna;Granada;1;0;H;0;0;D;19;31;45;187;32;475;187;315;445;;;;192;328;469;185;32;45;191;325;46;34;195;188;338;321;475;441;32;255;243;16;153;;;;;;;;;
SP2;03/02/2019;Oviedo;Cadiz;2;1;H;2;1;H;225;29;36;24;28;35;235;275;34;;;;244;287;359;238;275;35;238;29;35;34;25;238;29;282;36;341;32;31;279;147;141;;;;;;;;;
SP2;03/02/2019;Reus Deportiu;Elche;0;1;A;;;;;;;;;;;;;;;;;;;;;;;;;;;;;;;;;;;;;;;;;;;;;
SP2;04/02/2019;Las Palmas;Zaragoza;1;1;D;1;1;D;18;33;475;183;34;46;18;33;44;;;;19;332;47;185;325;45;185;34;46;34;19;183;35;331;49;447;33;225;212;175;168;;;;;;;;;
SP2;08/02/2019;Sp Gijon;Osasuna;0;2;A;0;1;A;237;3;32;24;3;32;24;295;305;;;;253;299;333;245;3;31;25;3;313;35;253;243;31;297;333;311;32;255;241;16;154;;;;;;;;;
SP2;09/02/2019;Elche;Oviedo;1;2;A;0;0;D;237;3;325;23;3;34;235;295;315;;;;252;3;325;238;31;31;245;3;325;34;252;238;311;298;34;319;31;265;252;155;15;;;;;;;;;
SP2;09/02/2019;Extremadura UD;Rayo Majadahonda;1;1;D;0;0;D;225;29;36;23;3;34;22;305;33;;;;231;31;355;22;31;34;225;32;34;35;231;224;32;306;36;337;32;23;223;17;162;;;;;;;;;
SP2;09/02/2019;Gimnastic;Reus Deportiu;1;0;H;;;;;;;;;;;;;;;;;;;;;;;;;;;;;;;;;;;;;;;;;;;;;
SP2;09/02/2019;Lugo;Zaragoza;1;2;A;1;0;H;245;31;31;235;31;32;24;305;295;;;;251;312;314;245;3;3;25;31;31;35;251;241;32;307;325;304;32;238;223;17;163;;;;;;;;;
SP2;09/02/2019;Tenerife;Cordoba;0;2;A;0;1;A;166;34;6;162;36;6;165;35;53;;;;168;373;553;163;36;55;167;36;575;34;17;165;375;357;6;539;33;216;206;181;173;;;;;;;;;
SP2;10/02/2019;Albacete;Mallorca;2;0;H;1;0;H;195;33;4;19;33;433;193;315;405;;;;199;324;437;191;32;42;195;33;43;34;2;193;337;321;455;414;32;245;234;165;157;;;;;;;;;
SP2;10/02/2019;Alcorcon;Cadiz;1;2;A;1;0;H;22;28;4;22;28;4;22;275;38;;;;233;291;38;22;28;38;225;28;4;34;233;222;293;282;4;378;33;345;318;137;133;;;;;;;;;
SP2;10/02/2019;Almeria;Numancia;1;0;H;1;0;H;215;31;375;22;295;37;22;295;345;;;;224;306;379;215;3;37;22;31;37;34;235;22;31;298;379;354;32;262;246;157;151;;;;;;;;;
SP2;10/02/2019;Granada;La Coruna;0;1;A;0;0;D;24;3;32;235;3;33;24;29;315;;;;25;295;337;24;288;325;24;3;33;34;25;24;305;294;339;32;32;265;249;156;151;;;;;;;;;
SP2;10/02/2019;Malaga;Las Palmas;0;0;D;0;0;D;185;33;45;185;32;475;183;315;47;;;;189;315;515;183;32;475;185;33;48;33;191;185;33;316;515;469;31;26;248;157;151;;;;;;;;;
SP2;15/02/2019;Cordoba;Granada;1;2;A;1;2;A;33;3;23;31;3;245;315;295;235;;;;347;291;25;325;29;238;325;3;245;32;347;319;31;293;25;241;30;247;233;165;157;;;;;;;;;
SP2;16/02/2019;Cadiz;Tenerife;2;0;H;0;0;D;195;3;45;195;31;45;195;3;425;;;;202;302;469;195;31;433;2;31;44;31;205;197;315;301;47;433;28;285;264;151;145;;;;;;;;;
SP2;16/02/2019;Elche;Extremadura UD;2;0;H;1;0;H;2;32;4;2;31;42;2;31;39;;;;21;322;397;2;31;4;2;32;42;32;21;2;33;313;425;398;29;25;236;161;155;;;;;;;;;
SP2;16/02/2019;La Coruna;Gimnastic;1;1;D;0;0;D;13;475;11;13;475;13;131;455;10;;;;131;503;1102;129;475;12;13;5;12;32;135;13;52;472;13;1094;31;215;205;181;173;;;;;;;;;
SP2;16/02/2019;Oviedo;Alcorcon;1;0;H;0;0;D;205;287;433;215;285;41;21;28;4;;;;218;289;428;21;288;4;215;29;41;32;22;214;3;283;433;398;29;31;29;145;138;;;;;;;;;
SP2;16/02/2019;Zaragoza;Albacete;0;0;D;0;0;D;21;3;39;22;3;37;22;305;33;;;;226;309;368;22;31;34;225;313;35;32;231;222;32;303;39;34;29;235;223;17;162;;;;;;;;;
SP2;17/02/2019;Las Palmas;Sp Gijon;1;0;H;1;0;H;205;3;4;21;3;4;2;305;39;;;;209;312;418;2;31;4;205;32;4;31;211;204;325;306;42;389;29;25;239;161;155;;;;;;;;;
SP2;17/02/2019;Mallorca;Lugo;3;0;H;1;0;H;2;31;42;205;31;4;2;31;385;;;;206;324;409;2;31;4;205;32;4;31;209;202;33;313;42;388;29;25;234;162;156;;;;;;;;;
SP2;17/02/2019;Numancia;Osasuna;1;1;D;1;0;H;275;3;275;275;3;275;27;29;275;;;;293;29;286;28;29;27;28;3;28;31;293;275;3;291;288;275;29;25;238;161;155;;;;;;;;;
SP2;17/02/2019;Rayo Majadahonda;Malaga;0;1;A;0;0;D;29;29;27;3;29;265;285;275;27;;;;307;28;283;29;28;27;29;29;275;31;307;289;29;28;285;271;29;285;269;15;144;;;;;;;;;
SP2;17/02/2019;Reus Deportiu;Almeria;0;1;A;;;;;;;;;;;;;;;;;;;;;;;;;;;;;;;;;;;;;;;;;;;;;
SP2;22/02/2019;Tenerife;Mallorca;2;2;D;0;1;A;22;31;35;215;3;38;21;3;365;;;;221;301;404;215;3;375;215;31;375;35;222;215;32;301;404;37;32;26;247;16;152;;;;;;;;;
SP2;23/02/2019;Albacete;Oviedo;0;0;D;0;0;D;225;3;35;215;295;37;225;295;34;;;;236;303;353;23;29;34;23;3;35;35;236;226;31;298;37;342;32;26;246;28;26;;;;;;;;;
SP2;23/02/2019;Alcorcon;Las Palmas;2;0;H;0;0;D;225;3;35;23;285;36;225;29;35;;;;234;297;367;225;29;36;23;3;35;35;235;227;302;291;375;352;32;28;264;151;145;;;;;;;;;
SP2;23/02/2019;Gimnastic;Cadiz;2;3;A;1;2;A;4;3;21;41;29;21;4;29;205;;;;443;287;216;4;29;21;42;3;21;35;443;404;305;291;218;209;32;29;269;15;144;;;;;;;;;
SP2;23/02/2019;Osasuna;Zaragoza;1;0;H;0;0;D;17;35;525;175;35;5;17;34;51;;;;174;351;552;17;34;525;173;35;54;35;177;172;36;343;552;508;34;225;212;176;17;;;;;;;;;
SP2;24/02/2019;Almeria;Cordoba;3;1;H;1;1;D;155;35;75;162;36;6;157;375;58;;;;159;401;596;157;38;6;16;38;625;33;162;158;401;375;75;585;32;219;207;18;173;;;;;;;;;
SP2;24/02/2019;Extremadura UD;Numancia;0;1;A;0;1;A;237;3;325;235;3;32;235;3;31;;;;247;305;33;24;29;32;245;3;325;34;247;238;315;298;335;317;32;25;236;165;156;;;;;;;;;
SP2;24/02/2019;Granada;Reus Deportiu;1;0;H;;;;;;;;;;;;;;;;;;;;;;;;;;;;;;;;;;;;;;;;;;;;;
SP2;24/02/2019;Lugo;Elche;2;2;D;0;1;A;22;31;35;215;3;38;22;305;34;;;;229;306;366;22;3;35;225;313;35;34;23;221;315;303;38;348;32;235;224;168;162;;;;;;;;;
SP2;24/02/2019;Malaga;La Coruna;0;0;D;0;0;D;25;29;31;27;26;33;25;28;315;;;;267;282;326;255;28;31;255;29;32;34;27;253;295;28;33;314;32;295;274;148;142;;;;;;;;;
SP2;24/02/2019;Sp Gijon;Rayo Majadahonda;2;3;A;0;1;A;157;35;7;162;36;6;157;365;58;;;;161;383;61;157;37;6;16;375;625;34;165;16;39;366;7;586;32;225;217;173;166;;;;;;;;;
SP2;02/03/2019;Cadiz;Albacete;1;0;H;0;0;D;19;31;45;191;31;46;193;31;42;;;;196;322;455;191;31;44;193;32;46;34;2;193;326;312;46;432;31;26;248;156;151;;;;;;;;;
SP2;02/03/2019;Cordoba;Malaga;1;1;D;0;0;D;36;29;225;36;295;225;33;295;225;;;;36;301;234;34;29;23;34;3;238;34;36;34;31;296;238;229;31;252;239;161;155;;;;;;;;;
SP2;02/03/2019;Osasuna;Gimnastic;1;0;H;1;0;H;14;42;9;14;38;115;138;405;9;;;;138;418;1147;136;4;11;14;42;10;34;145;139;44;407;115;954;31;235;226;167;161;;;;;;;;;
SP2;03/03/2019;Las Palmas;Extremadura UD;1;1;D;1;1;D;153;36;75;16;37;6;157;365;6;;;;158;382;666;155;37;65;16;375;625;33;16;157;39;368;75;616;32;22;21;178;17;;;;;;;;;
SP2;03/03/2019;Mallorca;Elche;1;1;D;0;1;A;195;31;433;191;31;46;193;305;43;;;;198;306;477;191;3;46;195;313;45;33;201;194;32;306;49;441;31;255;239;16;155;;;;;;;;;
SP2;03/03/2019;Numancia;Sp Gijon;1;2;A;1;2;A;25;3;3;25;3;31;245;29;305;;;;255;297;325;255;288;3;25;3;313;33;265;248;305;294;325;306;31;265;247;158;152;;;;;;;;;
SP2;03/03/2019;Oviedo;Lugo;1;1;D;1;0;H;17;33;575;178;34;5;173;335;495;;;;176;344;548;173;33;525;175;34;54;33;18;174;355;335;575;513;31;235;222;17;163;;;;;;;;;
SP2;03/03/2019;Rayo Majadahonda;Granada;0;3;A;0;1;A;325;29;245;32;3;24;295;295;25;;;;305;308;261;3;3;245;3;3;26;33;325;3;31;297;261;249;31;25;238;162;155;;;;;;;;;
SP2;03/03/2019;Reus Deportiu;Tenerife;0;1;A;;;;;;;;;;;;;;;;;;;;;;;;;;;;;;;;;;;;;;;;;;;;;
SP2;03/03/2019;Zaragoza;Almeria;1;2;A;0;0;D;2;3;433;21;3;4;205;3;385;;;;212;3;426;205;3;4;21;31;39;33;215;207;315;3;433;393;31;24;228;166;159;;;;;;;;;
SP2;04/03/2019;La Coruna;Alcorcon;2;2;D;1;1;D;161;34;65;167;33;625;163;33;62;;;;167;322;753;162;34;65;165;34;65;33;17;164;35;334;753;626;31;275;259;152;147;;;;;;;;;
SP2;09/03/2019;Elche;Cadiz;1;0;H;1;0;H;32;29;245;32;3;24;305;285;25;;;;319;292;262;31;288;25;32;29;255;34;325;308;303;292;262;248;30;275;258;155;147;;;;;;;;;
SP2;09/03/2019;Gimnastic;Albacete;1;0;H;0;0;D;31;29;25;32;3;24;3;295;245;;;;308;31;257;3;3;245;31;3;255;34;32;303;31;298;257;246;30;265;246;157;152;;;;;;;;;
SP2;09/03/2019;Mallorca;Oviedo;1;0;H;0;0;D;225;29;36;235;295;34;225;295;335;;;;233;313;348;23;3;33;238;29;36;34;238;229;313;299;36;336;30;27;255;155;149;;;;;;;;;
SP2;09/03/2019;Sp Gijon;Almeria;1;0;H;0;0;D;195;3;45;191;32;45;19;315;425;;;;195;323;46;191;31;44;2;313;433;34;2;194;33;314;46;427;30;25;238;161;156;;;;;;;;;
SP2;10/03/2019;Extremadura UD;Cordoba;3;0;H;2;0;H;19;31;46;191;325;44;193;325;395;;;;204;323;42;195;325;4;195;33;42;33;204;195;34;325;46;402;32;225;214;175;168;;;;;;;;;
SP2;10/03/2019;Granada;Zaragoza;1;0;H;1;0;H;18;325;5;18;35;46;18;335;45;;;;183;339;501;178;33;48;18;34;5;33;186;181;35;335;501;458;30;235;224;17;162;;;;;;;;;
SP2;10/03/2019;La Coruna;Las Palmas;0;1;A;0;0;D;172;33;55;167;37;525;17;34;495;;;;175;357;52;173;34;5;175;34;54;33;179;172;37;344;55;501;31;23;22;17;165;;;;;;;;;
SP2;10/03/2019;Lugo;Reus Deportiu;1;0;H;;;;;;;;;;;;;;;;;;;;;;;;;;;;;;;;;;;;;;;;;;;;;
SP2;10/03/2019;Rayo Majadahonda;Alcorcon;2;0;H;1;0;H;255;287;31;25;3;31;255;285;295;;;;263;31;3;25;3;3;263;29;31;33;265;254;31;291;31;298;30;295;272;149;143;;;;;;;;;
SP2;10/03/2019;Tenerife;Numancia;1;1;D;1;0;H;195;32;42;195;32;433;19;315;415;;;;192;339;448;188;325;433;191;325;45;33;197;192;339;322;455;418;30;255;24;161;155;;;;;;;;;
SP2;11/03/2019;Malaga;Osasuna;1;2;A;1;0;H;245;28;33;235;29;34;24;28;33;;;;25;296;335;24;288;325;25;29;325;32;25;239;3;287;345;327;29;3;278;148;141;;;;;;;;;
SP2;16/03/2019;Albacete;Extremadura UD;1;0;H;0;0;D;19;32;433;191;32;45;197;31;405;;;;204;309;445;195;31;42;2;32;42;33;205;198;326;309;45;407;29;25;234;162;157;;;;;;;;;
SP2;16/03/2019;Alcorcon;Tenerife;1;1;D;1;0;H;21;3;4;21;31;39;21;29;39;;;;217;308;397;21;3;38;215;3;4;34;217;21;32;299;41;381;30;295;275;146;141;;;;;;;;;
SP2;16/03/2019;Cadiz;Lugo;1;1;D;0;0;D;17;33;575;17;34;55;165;335;56;;;;167;344;65;163;34;6;167;35;6;35;175;166;35;335;65;564;31;255;239;161;155;;;;;;;;;
SP2;16/03/2019;Zaragoza;Elche;1;0;H;1;0;H;2;33;38;205;32;38;195;32;39;;;;2;33;423;195;32;42;2;325;41;34;205;198;336;32;423;387;31;226;215;175;167;;;;;;;;;
SP2;17/03/2019;Almeria;Granada;0;0;D;0;0;D;27;29;287;27;29;29;27;285;28;;;;289;291;288;28;28;28;28;288;29;33;289;274;3;286;294;279;30;275;26;152;147;;;;;;;;;
SP2;17/03/2019;Cordoba;Sp Gijon;1;2;A;1;1;D;3;3;25;;;;3;305;24;;;;327;299;252;31;3;24;31;313;245;32;327;303;315;301;254;242;30;232;221;171;164;;;;;;;;;
SP2;17/03/2019;Las Palmas;Mallorca;1;2;A;1;1;D;2;31;42;195;32;433;197;315;4;;;;197;326;443;195;32;42;2;325;42;34;202;197;33;316;443;401;31;245;232;165;157;;;;;;;;;
SP2;17/03/2019;Osasuna;Rayo Majadahonda;3;0;H;1;0;H;15;38;75;153;4;65;15;375;67;;;;152;382;784;15;37;75;153;38;75;34;155;151;405;379;805;691;32;225;216;175;166;;;;;;;;;
SP2;17/03/2019;Oviedo;Gimnastic;2;0;H;0;0;D;172;325;55;178;33;5;173;32;52;;;;175;328;6;17;32;58;175;33;575;34;18;174;337;321;6;529;31;27;252;155;149;;;;;;;;;
SP2;17/03/2019;Reus Deportiu;La Coruna;0;1;A;;;;;;;;;;;;;;;;;;;;;;;;;;;;;;;;;;;;;;;;;;;;;
SP2;18/03/2019;Numancia;Malaga;1;1;D;1;0;H;275;287;28;28;28;29;275;275;28;;;;284;282;304;27;28;29;28;28;3;32;287;273;288;278;304;286;29;305;283;145;139;;;;;;;;;
SP2;22/03/2019;La Coruna;Almeria;0;0;D;0;0;D;172;325;55;165;34;575;17;33;54;;;;174;342;599;17;33;58;173;34;375;34;176;17;355;336;599;547;31;25;239;161;155;;;;;;;;;
SP2;22/03/2019;Tenerife;Osasuna;3;2;H;0;2;A;28;29;275;28;29;27;275;29;27;;;;304;281;289;288;288;27;288;3;27;34;304;282;3;288;289;273;31;252;241;161;154;;;;;;;;;
SP2;23/03/2019;Elche;Alcorcon;3;1;H;2;1;H;245;29;32;24;29;32;24;28;32;;;;248;297;337;238;29;325;245;3;33;34;251;242;3;287;337;323;30;3;275;147;142;;;;;;;;;
SP2;23/03/2019;Lugo;Albacete;0;3;A;0;1;A;245;3;32;23;3;33;245;295;3;;;;26;302;312;245;3;3;255;3;31;34;26;245;31;299;33;305;30;25;234;163;157;;;;;;;;;
SP2;24/03/2019;Cadiz;Cordoba;1;1;D;0;0;D;15;36;8;148;39;725;148;385;69;;;;15;396;775;147;39;75;15;4;75;34;151;148;415;388;8;718;32;228;216;175;167;;;;;;;;;
SP2;24/03/2019;Extremadura UD;Reus Deportiu;1;0;H;;;;;;;;;;;;;;;;;;;;;;;;;;;;;;;;;;;;;;;;;;;;;
SP2;24/03/2019;Gimnastic;Malaga;0;1;A;0;0;D;375;3;215;37;29;22;37;285;22;;;;385;295;228;37;288;22;4;29;22;34;4;372;3;289;228;22;30;3;285;145;139;;;;;;;;;
SP2;24/03/2019;Granada;Las Palmas;1;1;D;0;0;D;18;32;5;175;33;5;177;325;49;;;;182;335;516;175;325;525;175;34;54;34;182;177;346;329;54;495;30;26;244;16;152;;;;;;;;;
SP2;24/03/2019;Rayo Majadahonda;Numancia;4;0;H;3;0;H;24;3;32;245;295;31;245;295;3;;;;263;296;313;255;288;3;255;3;31;34;263;248;305;294;335;307;30;26;239;16;155;;;;;;;;;
SP2;24/03/2019;Sp Gijon;Oviedo;1;0;H;1;0;H;215;287;4;205;3;4;215;29;365;;;;228;29;394;22;288;375;225;3;37;34;228;217;305;293;4;373;30;27;253;155;149;;;;;;;;;
SP2;25/03/2019;Mallorca;Zaragoza;3;0;H;1;0;H;19;3;475;19;325;425;19;325;405;;;;193;335;448;188;33;42;193;34;42;33;196;191;345;327;475;414;31;223;209;18;171;;;;;;;;;
SP2;29/03/2019;Malaga;Sp Gijon;1;1;D;0;1;A;205;29;433;2;295;45;2;295;405;;;;21;299;451;21;288;4;205;31;42;34;215;204;31;295;451;418;30;29;27;15;143;;;;;;;;;
SP2;30/03/2019;Albacete;Tenerife;2;2;D;1;1;D;225;3;35;215;32;35;22;295;345;;;;229;303;369;225;29;36;23;3;35;34;23;222;32;3;37;35;30;26;246;157;151;;;;;;;;;
SP2;30/03/2019;Almeria;Rayo Majadahonda;2;2;D;1;0;H;172;325;55;175;34;525;173;34;49;;;;177;343;541;175;325;525;175;34;525;34;18;174;365;337;55;5;31;23;215;175;167;;;;;;;;;
SP2;30/03/2019;Numancia;Granada;2;1;H;0;0;D;26;287;3;26;285;31;26;285;295;;;;273;294;302;262;288;29;27;29;3;34;275;263;3;286;31;294;30;285;265;151;145;;;;;;;;;
SP2;31/03/2019;Alcorcon;Lugo;0;0;D;0;0;D;18;32;5;183;32;5;18;315;48;;;;183;336;506;183;32;48;18;325;525;34;19;181;34;321;525;482;30;265;249;155;15;;;;;;;;;
SP2;31/03/2019;Cordoba;Mallorca;3;2;H;1;0;H;32;31;23;31;31;24;305;31;23;;;;332;322;235;32;31;23;32;32;238;34;332;314;33;313;245;232;32;225;213;175;168;;;;;;;;;
SP2;31/03/2019;Las Palmas;Elche;0;1;A;0;0;D;17;325;575;18;325;5;173;34;48;;;;175;351;541;175;33;5;175;34;54;33;18;175;357;336;575;496;30;225;217;173;166;;;;;;;;;
SP2;31/03/2019;Osasuna;Extremadura UD;1;0;H;1;0;H;144;4;8;144;42;775;145;405;72;;;;144;42;853;142;4;85;145;41;85;34;15;144;445;409;86;766;33;225;206;181;173;;;;;;;;;
SP2;31/03/2019;Oviedo;La Coruna;1;1;D;1;0;H;26;3;29;265;285;3;26;285;29;;;;272;289;31;262;28;3;27;29;3;34;28;264;3;285;31;294;30;285;268;15;144;;;;;;;;;
SP2;31/03/2019;Reus Deportiu;Cadiz;0;1;A;;;;;;;;;;;;;;;;;;;;;;;;;;;;;;;;;;;;;;;;;;;;;
SP2;01/04/2019;Zaragoza;Gimnastic;3;0;H;3;0;H;175;35;5;18;325;5;18;33;45;;;;181;337;516;178;325;5;18;34;5;33;19;181;35;329;516;471;30;24;224;167;161;;;;;;;;;
SP2;05/04/2019;Tenerife;Sp Gijon;0;1;A;0;1;A;215;32;35;225;3;35;22;305;335;;;;232;31;36;225;3;34;23;313;34;32;233;223;325;304;36;342;30;245;233;165;158;;;;;;;;;
SP2;06/04/2019;Extremadura UD;Almeria;1;0;H;0;0;D;225;31;34;235;31;32;235;3;31;;;;246;304;331;235;3;32;245;31;313;30;246;237;32;303;34;315;26;25;236;162;156;;;;;;;;;
SP2;06/04/2019;Granada;Malaga;1;0;H;1;0;H;205;31;4;21;3;4;205;29;4;;;;215;297;422;21;29;4;21;3;42;32;215;208;31;296;43;4;28;3;278;146;141;;;;;;;;;
SP2;06/04/2019;La Coruna;Rayo Majadahonda;0;2;A;0;0;D;14;4;10;142;4;95;141;42;74;;;;141;449;839;138;433;85;14;45;9;32;145;14;47;43;10;811;31;205;197;191;181;;;;;;;;;
SP2;06/04/2019;Oviedo;Las Palmas;1;1;D;0;0;D;23;31;325;235;31;325;225;29;34;;;;231;302;365;23;29;35;23;3;35;31;238;229;31;295;365;337;27;266;254;154;148;;;;;;;;;
SP2;07/04/2019;Alcorcon;Albacete;0;1;A;0;1;A;23;3;34;245;285;33;23;29;335;;;;24;312;334;23;3;33;238;29;35;31;245;234;312;294;36;331;28;29;275;15;142;;;;;;;;;
SP2;07/04/2019;Elche;Cordoba;1;0;H;1;0;H;18;31;55;183;325;475;18;33;45;;;;185;337;491;178;34;475;183;34;48;31;19;182;35;329;55;461;28;243;227;165;16;;;;;;;;;
SP2;07/04/2019;Gimnastic;Numancia;2;0;H;1;0;H;275;3;275;28;29;28;27;285;28;;;;28;293;296;27;288;288;275;3;288;31;285;273;3;287;296;281;28;28;262;152;146;;;;;;;;;
SP2;07/04/2019;Lugo;Osasuna;2;2;D;1;0;H;4;32;2;4;32;2;39;315;197;;;;424;307;209;4;31;2;39;325;205;30;424;39;328;312;211;202;27;25;23;164;159;;;;;;;;;
SP2;07/04/2019;Mallorca;Reus Deportiu;1;0;H;;;;;;;;;;;;;;;;;;;;;;;;;;;;;;;;;;;;;;;;;;;;;
SP2;08/04/2019;Cadiz;Zaragoza;3;3;D;1;2;A;18;35;45;175;33;525;177;325;47;;;;182;32;556;175;33;5;18;34;5;31;185;178;35;327;556;492;28;245;232;165;157;;;;;;;;;
SP2;12/04/2019;Sp Gijon;Granada;1;0;H;1;0;H;225;31;34;23;3;34;225;29;34;;;;237;301;362;22;3;35;23;31;34;33;237;228;312;3;362;338;29;265;246;158;152;;;;;;;;;
SP2;13/04/2019;Almeria;Gimnastic;3;0;H;2;0;H;17;36;5;175;34;525;17;34;495;;;;172;371;514;17;35;5;17;36;54;31;18;172;371;346;575;508;27;24;228;166;16;;;;;;;;;
SP2;13/04/2019;Malaga;Extremadura UD;1;2;A;0;1;A;153;36;75;165;33;675;16;35;61;;;;159;361;721;155;35;7;157;36;75;33;165;158;375;352;75;658;29;25;238;16;155;;;;;;;;;
SP2;13/04/2019;Osasuna;La Coruna;2;1;H;2;1;H;2;31;42;2;31;425;2;31;39;;;;203;319;429;195;31;42;2;313;433;33;21;201;33;312;433;401;29;243;23;165;159;;;;;;;;;
SP2;13/04/2019;Rayo Majadahonda;Tenerife;1;3;A;1;1;D;25;287;31;26;3;29;245;305;285;;;;263;288;323;245;3;3;255;31;3;32;263;251;325;299;323;298;30;225;212;18;169;;;;;;;;;
SP2;14/04/2019;Albacete;Elche;1;1;D;0;0;D;2;3;433;191;31;46;195;31;405;;;;204;302;456;195;31;42;205;32;4;32;206;198;33;308;46;42;29;25;233;162;157;;;;;;;;;
SP2;14/04/2019;Cordoba;Lugo;0;4;A;0;1;A;237;31;31;255;3;295;24;31;29;;;;256;311;309;245;3;3;245;31;31;32;256;246;33;305;31;297;31;22;209;178;171;;;;;;;;;
SP2;14/04/2019;Las Palmas;Cadiz;0;3;A;0;0;D;205;32;375;225;31;34;21;3;365;;;;22;313;379;215;3;37;215;31;38;32;225;216;32;305;39;358;29;265;248;157;151;;;;;;;;;
SP2;14/04/2019;Numancia;Mallorca;1;1;D;1;0;H;245;31;31;255;295;3;255;29;29;;;;268;293;311;245;3;3;255;31;3;32;268;252;31;294;325;299;29;255;241;16;154;;;;;;;;;
SP2;14/04/2019;Reus Deportiu;Oviedo;0;1;A;;;;;;;;;;;;;;;;;;;;;;;;;;;;;;;;;;;;;;;;;;;;;
SP2;14/04/2019;Zaragoza;Alcorcon;0;2;A;0;1;A;2;3;433;215;29;4;21;3;37;;;;213;307;412;21;3;39;215;3;4;32;22;211;32;299;433;383;29;262;241;16;153;;;;;;;;;
SP2;19/04/2019;Alcorcon;Malaga;1;4;A;1;2;A;27;28;3;265;27;31;27;27;295;;;;295;264;313;27;27;3;28;28;3;34;295;274;282;269;313;297;31;325;3;141;136;;;;;;;;;
SP2;19/04/2019;Zaragoza;Reus Deportiu;1;0;H;;;;;;;;;;;;;;;;;;;;;;;;;;;;;;;;;;;;;;;;;;;;;
SP2;20/04/2019;Albacete;Las Palmas;4;2;H;3;2;H;21;3;34;205;295;41;205;3;38;;;;213;315;398;205;31;39;21;313;39;34;215;207;324;306;41;38;31;26;243;16;153;;;;;;;;;
SP2;20/04/2019;Gimnastic;Sp Gijon;0;0;D;0;0;D;3;3;25;3;285;26;295;29;25;;;;309;294;268;3;288;26;3;3;26;34;32;298;31;291;268;253;31;265;248;157;151;;;;;;;;;
SP2;20/04/2019;Lugo;Granada;1;2;A;0;1;A;275;3;237;285;31;255;28;295;26;;;;291;32;263;28;31;255;288;31;263;34;295;28;32;305;275;258;31;255;241;16;153;;;;;;;;;
SP2;20/04/2019;Mallorca;Rayo Majadahonda;2;0;H;2;0;H;166;33;6;167;36;525;165;355;52;;;;167;369;576;163;36;55;165;36;6;33;17;164;38;358;6;535;31;21;202;185;177;;;;;;;;;
SP2;21/04/2019;Cadiz;Numancia;2;1;H;1;0;H;172;33;55;178;31;55;175;325;5;;;;177;332;568;173;32;55;175;33;55;34;181;176;35;323;568;512;31;255;242;16;153;;;;;;;;;
SP2;21/04/2019;La Coruna;Extremadura UD;1;2;A;0;1;A;15;36;85;15;37;775;15;385;68;;;;148;411;777;147;39;75;15;39;75;34;155;149;42;386;85;708;33;221;211;179;169;;;;;;;;;
SP2;21/04/2019;Oviedo;Cordoba;3;3;D;2;1;H;16;375;6;165;36;55;16;35;59;;;;159;366;693;16;35;65;16;37;65;33;165;16;375;35;693;603;30;243;231;163;157;;;;;;;;;
SP2;21/04/2019;Tenerife;Almeria;1;3;A;0;1;A;22;3;36;23;3;33;22;31;335;;;;229;307;363;22;3;36;23;31;34;33;23;221;33;303;365;342;31;23;216;177;166;;;;;;;;;
SP2;22/04/2019;Elche;Osasuna;1;2;A;1;0;H;275;32;26;3;31;24;29;31;245;;;;301;32;255;29;31;25;3;32;25;34;305;292;33;311;26;244;31;23;218;171;164;;;;;;;;;
SP2;26/04/2019;Numancia;La Coruna;1;2;A;0;2;A;32;31;237;35;3;22;33;3;225;;;;346;303;239;33;3;23;325;31;238;34;355;327;312;299;24;232;30;26;241;16;154;;;;;;;;;
SP2;27/04/2019;Almeria;Oviedo;0;1;A;0;0;D;22;32;34;215;31;35;215;305;345;;;;225;305;377;22;3;36;22;313;36;32;227;219;325;304;377;35;29;25;234;163;157;;;;;;;;;
SP2;27/04/2019;Extremadura UD;Tenerife;1;0;H;1;0;H;23;32;31;24;295;32;235;305;31;;;;252;294;336;238;3;31;24;32;313;33;252;238;32;298;336;316;30;23;22;171;164;;;;;;;;;
SP2;27/04/2019;Malaga;Mallorca;0;1;A;0;0;D;2;325;4;205;3;4;205;3;39;;;;212;295;436;2;3;42;205;31;41;33;215;205;325;301;436;401;30;265;249;156;15;;;;;;;;;
SP2;27/04/2019;Osasuna;Albacete;2;0;H;0;0;D;18;32;525;175;35;475;175;34;47;;;;175;354;553;173;33;525;18;34;5;33;185;177;36;336;553;48;30;23;217;172;165;;;;;;;;;
SP2;28/04/2019;Cordoba;Zaragoza;0;3;A;0;0;D;29;33;24;28;33;245;275;325;245;;;;293;332;254;288;32;245;288;33;25;33;298;281;345;325;26;245;31;192;185;203;192;;;;;;;;;
SP2;28/04/2019;Granada;Gimnastic;2;0;H;2;0;H;145;38;10;153;37;7;147;385;7;;;;146;392;921;144;37;9;15;39;85;33;153;147;41;382;10;771;30;225;214;175;167;;;;;;;;;
SP2;28/04/2019;Las Palmas;Lugo;4;1;H;3;0;H;166;36;525;165;36;525;167;35;5;;;;172;358;547;17;34;525;173;36;52;33;175;169;375;351;55;508;31;22;21;177;17;;;;;;;;;
SP2;28/04/2019;Rayo Majadahonda;Cadiz;1;1;D;0;1;A;3;32;245;31;32;23;305;305;24;;;;306;318;253;3;31;24;313;32;24;33;33;303;321;309;253;239;30;23;22;171;164;;;;;;;;;
SP2;28/04/2019;Reus Deportiu;Alcorcon;0;1;A;;;;;;;;;;;;;;;;;;;;;;;;;;;;;;;;;;;;;;;;;;;;;
SP2;28/04/2019;Sp Gijon;Elche;1;1;D;1;0;H;19;31;45;187;31;46;187;315;43;;;;195;32;463;188;325;44;19;33;46;33;195;189;34;319;465;433;30;255;24;16;154;;;;;;;;;
SP2;03/05/2019;Cordoba;Reus Deportiu;1;0;H;;;;;;;;;;;;;;;;;;;;;;;;;;;;;;;;;;;;;;;;;;;;;
SP2;04/05/2019;Alcorcon;Osasuna;0;0;D;0;0;D;3;31;245;3;3;255;295;295;245;;;;308;302;262;3;3;25;3;31;255;33;313;297;315;298;262;25;30;26;244;157;152;;;;;;;;;
SP2;04/05/2019;Gimnastic;Extremadura UD;0;1;A;0;0;D;245;31;3;245;31;3;245;3;295;;;;255;307;314;245;3;3;245;31;31;33;26;247;315;304;315;296;30;235;224;17;162;;;;;;;;;
SP2;04/05/2019;Tenerife;Las Palmas;2;1;H;0;0;D;215;32;35;205;325;375;21;325;34;;;;217;335;358;21;325;35;215;33;35;33;22;211;345;328;375;342;32;215;207;18;173;;;;;;;;;
SP2;04/05/2019;Zaragoza;La Coruna;0;1;A;0;0;D;237;31;31;255;31;29;245;31;285;;;;255;323;298;25;31;29;25;32;3;33;267;248;33;313;31;287;32;22;209;18;172;;;;;;;;;
SP2;05/05/2019;Albacete;Numancia;0;0;D;0;0;D;195;32;42;195;31;425;197;31;395;;;;204;308;447;205;31;39;205;32;4;33;21;198;329;313;49;406;29;24;226;165;16;;;;;;;;;
SP2;05/05/2019;Elche;Rayo Majadahonda;2;1;H;0;0;D;185;35;42;18;33;5;18;345;42;;;;184;36;454;18;35;44;18;36;46;33;19;182;37;348;5;43;32;21;202;185;177;;;;;;;;;
SP2;05/05/2019;Lugo;Almeria;4;2;H;2;1;H;21;325;36;215;32;35;215;32;325;;;;224;341;337;215;33;33;22;33;34;32;235;217;341;325;36;33;31;225;213;175;169;;;;;;;;;
SP2;05/05/2019;Mallorca;Sp Gijon;2;1;H;1;1;D;195;33;4;195;33;39;19;335;395;;;;192;347;434;195;33;4;191;34;43;33;205;193;355;335;434;393;32;223;213;175;169;;;;;;;;;
SP2;05/05/2019;Oviedo;Granada;1;1;D;0;0;D;245;29;32;235;29;34;24;285;32;;;;237;306;346;238;3;32;245;3;33;32;25;239;307;292;346;322;29;285;264;15;145;;;;;;;;;
SP2;06/05/2019;Cadiz;Malaga;1;1;D;1;1;D;21;287;42;215;29;38;215;29;36;;;;227;302;376;22;29;37;225;29;38;32;227;218;306;293;42;366;30;29;272;15;142;;;;;;;;;
SP2;10/05/2019;Granada;Tenerife;2;1;H;2;0;H;161;375;55;162;37;575;157;355;6;;;;16;367;713;157;36;65;157;375;7;34;162;159;38;358;713;614;32;236;226;169;162;;;;;;;;;
SP2;10/05/2019;Osasuna;Reus Deportiu;1;0;H;;;;;;;;;;;;;;;;;;;;;;;;;;;;;;;;;;;;;;;;;;;;;
SP2;11/05/2019;Extremadura UD;Zaragoza;0;3;A;0;1;A;225;31;34;225;31;34;22;31;32;;;;235;302;342;225;31;325;23;32;325;34;235;227;33;311;343;324;32;22;211;176;17;;;;;;;;;
SP2;11/05/2019;Gimnastic;Mallorca;2;1;H;1;0;H;525;36;166;5;36;172;51;35;167;;;;522;386;167;525;37;165;55;35;173;34;575;512;394;361;173;167;31;231;223;17;162;;;;;;;;;
SP2;11/05/2019;Numancia;Alcorcon;2;0;H;1;0;H;185;31;5;19;31;475;187;31;45;;;;191;307;487;188;31;46;191;325;46;34;195;19;33;311;5;45;30;27;256;155;147;;;;;;;;;
SP2;11/05/2019;Sp Gijon;Lugo;0;0;D;0;0;D;21;33;35;215;32;36;215;32;325;;;;223;311;36;21;32;35;215;33;35;34;225;217;34;32;36;336;32;206;198;19;181;;;;;;;;;
SP2;12/05/2019;Almeria;Elche;5;3;H;3;2;H;2;32;4;195;31;45;195;32;39;;;;203;302;439;205;31;39;205;32;41;32;212;199;34;314;45;401;30;222;213;175;168;;;;;;;;;
SP2;12/05/2019;La Coruna;Cadiz;1;1;D;1;0;H;18;325;5;183;32;5;183;315;47;;;;187;314;499;183;31;5;185;325;5;33;19;184;335;317;51;472;30;27;253;155;148;;;;;;;;;
SP2;12/05/2019;Las Palmas;Cordoba;1;0;H;1;0;H;157;375;6;157;39;6;153;4;56;;;;152;428;589;15;42;6;153;41;65;33;166;153;435;405;65;575;31;19;182;205;197;;;;;;;;;
SP2;12/05/2019;Rayo Majadahonda;Albacete;2;3;A;1;3;A;28;3;27;29;295;265;275;31;255;;;;289;319;257;28;31;255;28;32;263;33;29;278;33;312;27;255;32;221;209;18;171;;;;;;;;;
SP2;13/05/2019;Malaga;Oviedo;3;0;H;2;0;H;2;29;45;215;29;4;205;29;4;;;;212;289;426;205;29;42;21;3;42;33;215;208;305;29;45;402;30;295;271;148;143;;;;;;;;;
SP2;17/05/2019;Zaragoza;Sp Gijon;4;2;H;1;1;D;185;34;433;195;34;39;19;34;39;;;;194;347;423;191;34;39;19;35;42;35;2;192;36;34;433;392;33;205;196;192;181;;;;;;;;;
SP2;18/05/2019;Alcorcon;Extremadura UD;0;1;A;0;0;D;237;31;31;23;32;32;235;3;305;;;;245;325;3;235;31;31;24;313;32;38;246;236;34;31;33;306;33;255;24;16;153;;;;;;;;;
SP2;18/05/2019;Elche;Tenerife;3;0;H;1;0;H;22;31;35;23;33;31;22;325;31;;;;228;326;33;22;325;32;225;33;33;38;23;223;345;326;35;313;35;205;197;187;18;;;;;;;;;
SP2;19/05/2019;Cadiz;Osasuna;0;0;D;0;0;D;22;3;36;225;31;34;225;3;33;;;;232;308;341;225;31;33;23;313;34;37;235;225;32;305;365;332;33;255;24;16;153;;;;;;;;;
SP2;19/05/2019;Cordoba;Gimnastic;4;3;H;3;0;H;24;32;3;235;325;31;235;32;295;;;;243;335;295;238;325;29;245;33;3;37;245;237;341;324;31;294;35;215;202;183;175;;;;;;;;;
SP2;19/05/2019;Las Palmas;Rayo Majadahonda;3;2;H;0;1;A;185;34;433;187;35;42;185;35;395;;;;193;336;419;183;35;42;185;36;43;35;197;188;365;346;433;397;33;195;186;201;19;;;;;;;;;
SP2;19/05/2019;Lugo;La Coruna;1;0;H;0;0;D;32;31;23;32;32;23;305;315;23;;;;323;326;23;31;32;23;31;325;238;35;326;309;335;32;24;229;33;22;208;18;171;;;;;;;;;
SP2;19/05/2019;Mallorca;Almeria;1;0;H;0;0;D;166;36;525;17;36;525;167;355;495;;;;174;334;553;17;34;525;17;36;54;36;178;169;38;354;575;505;34;22;207;18;172;;;;;;;;;
SP2;19/05/2019;Oviedo;Numancia;1;0;H;0;0;D;185;32;475;191;31;46;19;315;425;;;;191;321;456;188;32;44;191;325;46;37;197;19;335;317;475;43;33;25;236;162;155;;;;;;;;;
SP2;19/05/2019;Reus Deportiu;Malaga;0;1;A;;;;;;;;;;;;;;;;;;;;;;;;;;;;;;;;;;;;;;;;;;;;;
SP2;20/05/2019;Albacete;Granada;0;1;A;0;0;D;25;3;3;275;3;275;26;29;28;;;;279;286;294;262;3;28;27;3;29;37;279;263;312;295;3;283;33;265;248;156;15;;;;;;;;;
SP2;24/05/2019;Malaga;Zaragoza;3;1;H;0;1;A;145;38;85;153;38;7;15;39;66;;;;147;432;797;144;4;8;15;41;75;27;155;147;432;398;9;683;26;214;203;182;174;;;;;;;;;
SP2;25/05/2019;Osasuna;Las Palmas;2;0;H;1;0;H;215;31;33;24;31;31;245;31;29;;;;25;302;315;24;31;3;245;32;3;30;255;24;33;306;33;301;29;215;204;183;175;;;;;;;;;
SP2;25/05/2019;Rayo Majadahonda;Cordoba;0;0;D;0;0;D;122;525;11;126;575;11;123;56;11;;;;126;578;971;118;55;13;122;6;15;30;13;124;625;567;15;1084;27;165;159;24;226;;;;;;;;;
SP2;25/05/2019;Sp Gijon;Albacete;0;2;A;0;1;A;225;31;34;22;32;34;215;315;34;;;;222;33;338;215;32;34;215;32;36;31;227;215;335;32;363;336;28;23;218;171;164;;;;;;;;;
SP2;26/05/2019;Almeria;Alcorcon;0;0;D;0;0;D;23;3;34;26;3;29;265;305;27;;;;27;303;287;262;3;28;27;313;28;30;276;261;32;301;32;28;27;23;217;171;165;;;;;;;;;
SP2;26/05/2019;Extremadura UD;Lugo;0;0;D;0;0;D;19;32;4;178;35;475;175;345;46;;;;176;371;459;173;35;48;;;;30;19;176;371;346;495;459;30;22;208;179;171;;;;;;;;;
SP2;26/05/2019;Gimnastic;Elche;3;3;D;0;1;A;4;31;205;36;32;215;36;315;205;;;;38;32;211;37;32;205;38;325;21;30;4;362;335;317;225;207;27;23;217;173;165;;;;;;;;;
SP2;26/05/2019;Granada;Cadiz;1;1;D;1;0;H;166;36;525;17;35;55;163;345;58;;;;163;358;607;162;35;6;165;35;625;31;171;163;37;348;63;568;27;255;238;16;154;;;;;;;;;
SP2;26/05/2019;Numancia;Reus Deportiu;1;0;H;;;;;;;;;;;;;;;;;;;;;;;;;;;;;;;;;;;;;;;;;;;;;
SP2;26/05/2019;Tenerife;Oviedo;2;1;H;1;0;H;21;31;38;215;32;35;21;315;35;;;;212;321;372;21;32;35;21;325;37;30;224;211;335;317;38;352;29;225;215;175;167;;;;;;;;;
SP2;27/05/2019;La Coruna;Mallorca;1;0;H;0;0;D;205;33;375;215;32;36;205;315;365;;;;211;329;367;205;32;375;205;325;39;31;215;205;335;318;4;365;27;235;221;17;161;;;;;;;;;
SP2;31/05/2019;Cordoba;Osasuna;2;3;A;0;2;A;38;35;195;34;325;2;355;34;197;;;;367;353;207;36;34;2;36;35;205;37;38;354;36;34;21;201;34;191;184;201;193;;;;;;;;;
SP2;01/06/2019;Alcorcon;Gimnastic;0;1;A;0;1;A;2;34;375;187;32;39;19;335;385;;;;199;334;422;2;325;39;205;34;38;37;205;196;355;33;422;386;34;205;196;189;181;;;;;;;;;
SP2;02/06/2019;Las Palmas;Almeria;0;0;D;0;0;D;26;3;29;235;31;285;255;315;27;;;;263;324;279;255;31;28;255;325;288;34;263;253;335;315;292;277;31;211;203;183;176;;;;;;;;;
SP2;02/06/2019;Reus Deportiu;Sp Gijon;0;1;A;;;;;;;;;;;;;;;;;;;;;;;;;;;;;;;;;;;;;;;;;;;;;
SP2;04/06/2019;Albacete;Malaga;1;2;A;0;1;A;23;3;34;24;28;31;225;295;335;;;;247;283;344;245;27;34;238;3;34;37;248;233;31;289;355;335;32;262;247;157;151;;;;;;;;;
SP2;04/06/2019;Cadiz;Extremadura UD;0;1;A;0;1;A;14;42;85;14;39;775;14;415;81;;;;138;433;907;136;42;10;14;433;10;37;142;139;47;421;10;853;32;221;212;175;168;;;;;;;;;
SP2;04/06/2019;Elche;La Coruna;0;0;D;0;0;D;65;36;157;6;375;157;66;395;148;;;;636;42;15;7;4;147;75;4;15;37;75;65;435;399;157;15;34;217;207;18;172;;;;;;;;;
SP2;04/06/2019;Lugo;Tenerife;0;0;D;0;0;D;275;22;35;29;21;36;305;205;37;;;;307;215;349;;;;255;22;33;29;325;294;23;211;42;366;22;275;248;157;149;;;;;;;;;
SP2;04/06/2019;Mallorca;Granada;1;1;D;0;0;D;275;287;28;27;265;28;27;29;275;;;;271;295;294;28;27;29;28;3;28;36;28;272;3;286;296;28;31;255;24;159;153;;;;;;;;;
SP2;04/06/2019;Oviedo;Rayo Majadahonda;4;3;H;1;1;D;161;4;525;157;4;475;155;395;55;;;;161;45;466;155;42;525;16;41;55;36;164;157;46;408;575;514;34;201;193;194;184;;;;;;;;;
SP2;04/06/2019;Zaragoza;Numancia;0;0;D;0;0;D;23;33;31;23;3;3;23;315;3;;;;24;335;3;235;32;3;238;325;313;36;25;235;335;317;315;302;34;205;196;193;182;;;;;;;;;
SP2;08/06/2019;Almeria;Albacete;3;0;H;0;0;D;183;3;5;191;3;41;195;295;44;;;;198;308;448;2;3;433;2;31;44;35;206;196;316;3;5;424;31;238;226;17;16;;;;;;;;;
SP2;08/06/2019;Extremadura UD;Mallorca;0;0;D;0;0;D;21;27;45;;;;205;285;41;;;;204;299;441;205;3;4;21;31;4;26;23;206;31;291;45;402;23;23;217;175;166;;;;;;;;;
SP2;08/06/2019;Granada;Alcorcon;2;1;H;2;0;H;157;375;55;148;4;575;155;375;6;;;;151;394;551;157;375;58;157;38;65;36;166;157;41;373;65;57;32;23;215;17;164;;;;;;;;;
SP2;08/06/2019;La Coruna;Cordoba;2;0;H;1;0;H;125;525;11;122;5;12;123;54;12;;;;12;575;1479;122;55;15;125;575;13;36;127;123;625;549;15;1211;33;187;174;213;203;;;;;;;;;
SP2;08/06/2019;Malaga;Elche;3;0;H;1;0;H;175;325;5;175;31;49;173;315;54;;;;168;328;533;175;32;525;18;33;525;35;182;175;34;319;575;514;31;225;213;175;166;;;;;;;;;
SP2;08/06/2019;Rayo Majadahonda;Reus Deportiu;1;0;H;;;;;;;;;;;;;;;;;;;;;;;;;;;;;;;;;;;;;;;;;;;;;
SP2;08/06/2019;Osasuna;Oviedo;1;0;H;0;0;D;31;32;23;285;33;225;295;33;23;;;;316;325;235;3;32;235;29;34;24;36;316;295;35;325;25;232;34;195;186;2;19;;;;;;;;;
SP2;08/06/2019;Sp Gijon;Cadiz;1;0;H;1;0;H;525;34;172;475;325;172;49;34;173;;;;49;341;169;5;35;17;54;34;175;34;54;491;356;335;18;173;31;245;226;165;159;;;;;;;;;
SP2;09/06/2019;Gimnastic;Lugo;1;1;D;0;0;D;27;3;28;26;3;26;275;285;275;;;;281;292;287;262;31;27;27;31;28;33;29;269;32;293;287;272;30;24;223;17;161;;;;;;;;;
SP2;09/06/2019;Numancia;Las Palmas;1;1;D;1;0;H;17;35;5;165;35;475;167;355;495;;;;169;372;506;17;36;48;173;37;5;32;176;169;38;357;525;48;29;216;203;183;174;;;;;;;;;
SP2;09/06/2019;Tenerife;Zaragoza;1;0;H;0;0;D;255;32;28;24;33;26;25;32;27;;;;253;34;278;245;34;27;255;33;28;33;265;247;348;328;285;27;32;204;194;193;182;;;;;;;;;
SP2;17/08/2019;Lugo;Extremadura UD;0;0;D;0;0;D;237;32;3;255;32;285;245;31;3;;;;249;319;312;24;31;3;255;31;3;;;;;;;;;;;;;;;;;;;;;
SP2;17/08/2019;Santander;Malaga;0;1;A;0;0;D;287;31;255;295;29;265;285;29;27;;;;289;297;284;29;288;262;29;29;28;;;;;;;;;;;;;;;;;;;;;
SP2;17/08/2019;Almeria;Albacete;3;0;H;0;0;D;237;31;31;24;3;32;235;305;32;;;;238;309;343;23;31;32;24;31;32;;;;;;;;;;;;;;;;;;;;;
SP2;17/08/2019;Elche;Fuenlabrada;0;2;A;0;2;A;19;325;433;2;32;4;197;31;425;;;;202;309;463;195;3;44;195;313;45;;;;;;;;;;;;;;;;;;;;;
SP2;17/08/2019;Vallecano;Mirandes;2;2;D;2;1;H;153;375;7;153;375;7;153;395;64;;;;151;398;796;147;39;75;153;4;7;;;;;;;;;;;;;;;;;;;;;
SP2;17/08/2019;Zaragoza;Tenerife;2;0;H;1;0;H;2;33;38;2;325;4;195;33;41;;;;197;339;432;185;33;433;195;33;43;;;;;;;;;;;;;;;;;;;;;
SP2;18/08/2019;La Coruna;Oviedo;3;2;H;1;0;H;175;33;525;178;33;525;177;325;51;;;;183;309;597;175;325;525;18;325;54;;;;;;;;;;;;;;;;;;;;;
SP2;18/08/2019;Numancia;Alcorcon;0;1;A;0;0;D;195;33;4;2;3;44;2;31;42;;;;206;301;458;195;31;42;2;313;433;;;;;;;;;;;;;;;;;;;;;
SP2;18/08/2019;Girona;Sp Gijon;1;1;D;0;0;D;22;31;35;225;29;375;22;3;365;;;;221;312;38;215;31;36;22;31;37;;;;;;;;;;;;;;;;;;;;;
SP2;18/08/2019;Cadiz;Ponferradina;3;1;H;0;1;A;166;35;55;167;34;6;17;335;57;;;;169;342;645;163;34;6;17;34;6;;;;;;;;;;;;;;;;;;;;;
SP2;18/08/2019;Las Palmas;Huesca;0;1;A;0;0;D;225;325;32;23;32;32;23;315;32;;;;237;336;317;225;32;32;23;32;33;;;;;;;;;;;;;;;;;;;;;
SP2;23/08/2019;Albacete;Girona;1;0;H;0;0;D;225;3;32;235;295;33;24;3;32;;;;254;306;318;24;3;31;245;3;325;;;;;;;;;;;;;;;;;;;;;
SP2;24/08/2019;Oviedo;Lugo;1;1;D;1;0;H;18;35;4;175;36;46;175;345;485;;;;174;36;543;173;34;5;175;35;525;;;;;;;;;;;;;;;;;;;;;
SP2;24/08/2019;Santander;Almeria;1;1;D;1;0;H;21;3;35;215;32;34;22;3;355;;;;229;307;367;22;3;35;225;31;35;;;;;;;;;;;;;;;;;;;;;
SP2;24/08/2019;Mirandes;Cadiz;1;2;A;0;0;D;27;31;27;27;295;28;275;295;275;;;;288;302;281;28;29;27;28;3;28;;;;;;;;;;;;;;;;;;;;;
SP2;24/08/2019;Alcorcon;Elche;1;2;A;1;0;H;2;31;4;21;31;375;205;31;39;;;;212;312;41;205;31;39;21;31;39;;;;;;;;;;;;;;;;;;;;;
SP2;24/08/2019;Malaga;Las Palmas;1;1;D;0;0;D;18;33;42;191;32;425;195;325;415;;;;2;316;462;191;32;42;195;32;44;;;;;;;;;;;;;;;;;;;;;
SP2;25/08/2019;Ponferradina;Zaragoza;1;1;D;0;0;D;26;3;27;27;3;275;27;305;275;;;;286;3;284;275;29;275;28;3;28;;;;;;;;;;;;;;;;;;;;;
SP2;25/08/2019;Sp Gijon;Vallecano;1;1;D;1;0;H;2;3;375;215;31;35;21;31;365;;;;216;328;374;21;32;36;21;32;375;;;;;;;;;;;;;;;;;;;;;
SP2;25/08/2019;Huesca;La Coruna;3;1;H;2;0;H;237;3;29;24;31;3;25;305;3;;;;254;315;31;24;31;3;245;31;31;;;;;;;;;;;;;;;;;;;;;
SP2;25/08/2019;Tenerife;Numancia;3;2;H;1;0;H;175;34;433;183;325;46;183;325;47;;;;188;32;523;18;32;5;185;33;48;;;;;;;;;;;;;;;;;;;;;
SP2;25/08/2019;Extremadura UD;Fuenlabrada;1;2;A;0;1;A;215;31;325;225;29;35;225;3;35;;;;233;293;379;225;3;34;23;3;35;;;;;;;;;;;;;;;;;;;;;
SP2;30/08/2019;Zaragoza;Elche;1;0;H;0;0;D;18;34;46;185;33;46;183;345;44;;;;188;349;465;188;33;42;183;35;46;;;;;;;;;;;;;;;;;;;;;
SP2;31/08/2019;Fuenlabrada;Oviedo;2;1;H;1;1;D;24;31;31;26;295;295;26;305;285;;;;269;325;281;255;3;288;263;31;29;;;;;;;;;;;;;;;;;;;;;
SP2;31/08/2019;Numancia;Mirandes;2;0;H;0;0;D;19;31;45;195;32;433;197;315;42;;;;2;326;439;191;32;42;195;325;433;;;;;;;;;;;;;;;;;;;;;
SP2;31/08/2019;Almeria;Huesca;1;0;H;1;0;H;23;32;31;24;31;31;24;31;31;;;;244;324;316;24;31;3;238;313;32;;;;;;;;;;;;;;;;;;;;;
SP2;31/08/2019;Las Palmas;Santander;2;2;D;0;1;A;23;3;34;235;31;325;23;305;325;;;;246;306;331;23;3;33;24;31;325;;;;;;;;;;;;;;;;;;;;;
SP2;01/09/2019;Lugo;Alcorcon;2;4;A;1;2;A;225;29;36;23;3;34;235;3;33;;;;245;292;353;235;29;33;245;29;34;;;;;;;;;;;;;;;;;;;;;
SP2;01/09/2019;Sp Gijon;Albacete;2;0;H;0;0;D;19;325;433;191;32;45;195;325;41;;;;194;341;443;191;32;42;191;33;45;;;;;;;;;;;;;;;;;;;;;
SP2;01/09/2019;Vallecano;La Coruna;3;1;H;2;1;H;215;3;375;22;31;35;22;32;34;;;;22;338;353;215;32;34;22;33;35;;;;;;;;;;;;;;;;;;;;;
SP2;01/09/2019;Girona;Malaga;1;0;H;1;0;H;185;31;5;185;34;45;187;32;46;;;;187;351;466;188;325;44;187;325;48;;;;;;;;;;;;;;;;;;;;;
SP2;01/09/2019;Ponferradina;Tenerife;4;0;H;1;0;H;245;36;262;26;31;285;255;305;285;;;;26;332;287;25;32;28;263;31;29;;;;;;;;;;;;;;;;;;;;;
SP2;01/09/2019;Cadiz;Extremadura UD;2;1;H;1;0;H;161;34;65;17;35;525;167;35;57;;;;168;364;603;163;35;58;165;36;6;;;;;;;;;;;;;;;;;;;;;
SP2;06/09/2019;Santander;Cadiz;1;2;A;0;1;A;287;29;27;28;285;285;29;285;27;;;;3;293;278;27;288;288;3;288;27;;;;;;;;;;;;;;;;;;;;;
SP2;07/09/2019;La Coruna;Albacete;0;1;A;0;0;D;166;34;6;167;35;575;17;345;53;;;;174;342;583;17;33;55;175;35;525;;;;;;;;;;;;;;;;;;;;;
SP2;07/09/2019;Malaga;Almeria;0;1;A;0;1;A;24;3;32;24;295;325;25;295;305;;;;251;317;312;24;31;3;25;3;313;;;;;;;;;;;;;;;;;;;;;
SP2;07/09/2019;Extremadura UD;Numancia;0;0;D;0;0;D;215;287;4;215;295;39;215;305;37;;;;217;316;39;21;31;37;21;313;39;;;;;;;;;;;;;;;;;;;;;
SP2;07/09/2019;Fuenlabrada;Ponferradina;1;1;D;0;1;A;205;31;4;21;3;4;2;315;395;;;;208;318;416;2;31;4;205;313;41;;;;;;;;;;;;;;;;;;;;;
SP2;07/09/2019;Tenerife;Las Palmas;0;0;D;0;0;D;205;31;4;205;31;4;205;325;38;;;;21;324;4;2;325;375;205;325;39;;;;;;;;;;;;;;;;;;;;;
SP2;08/09/2019;Huesca;Sp Gijon;1;0;H;0;0;D;2;31;42;2;31;42;2;32;39;;;;212;308;418;2;31;4;205;32;4;;;;;;;;;;;;;;;;;;;;;
SP2;08/09/2019;Girona;Vallecano;3;1;H;1;0;H;215;3;375;21;32;375;215;315;355;;;;214;325;384;21;32;36;215;32;37;;;;;;;;;;;;;;;;;;;;;
SP2;08/09/2019;Elche;Lugo;1;1;D;1;0;H;21;31;38;2;31;42;205;32;38;;;;207;321;418;2;32;39;205;33;39;;;;;;;;;;;;;;;;;;;;;
SP2;08/09/2019;Mirandes;Oviedo;2;1;H;1;1;D;27;31;27;235;33;3;245;305;3;;;;255;331;294;25;32;28;23;313;34;;;;;;;;;;;;;;;;;;;;;
SP2;08/09/2019;Alcorcon;Zaragoza;0;3;A;0;2;A;25;29;31;245;29;325;25;3;305;;;;267;292;315;25;29;31;25;3;313;;;;;;;;;;;;;;;;;;;;;
SP2;13/09/2019;Vallecano;Santander;2;0;H;1;0;H;18;325;475;175;35;5;177;355;455;;;;179;354;514;173;34;5;18;35;48;;;;;;;;;;;;;;;;;;;;;
SP2;14/09/2019;Mirandes;Malaga;1;1;D;0;0;D;27;287;29;265;29;295;27;295;285;;;;282;296;293;27;29;28;27;3;288;;;;;;;;;;;;;;;;;;;;;
SP2;14/09/2019;Numancia;Huesca;1;0;H;0;0;D;33;3;23;32;32;23;31;31;235;;;;31;325;247;3;31;24;313;32;24;;;;;;;;;;;;;;;;;;;;;
SP2;14/09/2019;Las Palmas;Almeria;0;3;A;0;1;A;245;287;325;25;3;31;25;3;295;;;;246;321;316;25;3;3;255;3;31;;;;;;;;;;;;;;;;;;;;;
SP2;14/09/2019;Cadiz;Girona;2;0;H;1;0;H;215;31;36;23;31;33;225;3;35;;;;233;303;363;22;3;35;23;3;35;;;;;;;;;;;;;;;;;;;;;
SP2;14/09/2019;Ponferradina;Alcorcon;1;1;D;1;0;H;23;31;325;235;295;34;235;3;325;;;;242;299;347;235;3;325;24;31;325;;;;;;;;;;;;;;;;;;;;;
SP2;15/09/2019;Albacete;Tenerife;0;4;A;0;2;A;23;3;34;23;3;34;24;3;32;;;;247;299;338;23;31;32;245;3;325;;;;;;;;;;;;;;;;;;;;;
SP2;15/09/2019;Oviedo;Elche;0;2;A;0;1;A;19;31;45;185;34;44;183;34;44;;;;181;375;461;183;35;42;183;35;46;;;;;;;;;;;;;;;;;;;;;
SP2;15/09/2019;Zaragoza;Extremadura UD;3;1;H;1;0;H;161;34;65;165;34;625;165;36;55;;;;167;371;592;163;35;58;167;36;6;;;;;;;;;;;;;;;;;;;;;
SP2;15/09/2019;Lugo;Fuenlabrada;2;0;H;2;0;H;25;29;32;24;29;33;25;3;305;;;;258;3;319;245;3;3;25;3;313;;;;;;;;;;;;;;;;;;;;;
SP2;15/09/2019;Sp Gijon;La Coruna;1;1;D;1;0;H;237;29;33;225;295;36;235;3;33;;;;236;302;356;23;29;34;24;3;33;;;;;;;;;;;;;;;;;;;;;
SP2;17/09/2019;Almeria;Girona;3;1;H;1;0;H;2;31;42;195;32;41;2;315;405;;;;206;321;421;215;31;36;2;32;42;;;;;;;;;;;;;;;;;;;;;
SP2;17/09/2019;Malaga;Vallecano;1;1;D;1;0;H;26;32;275;24;31;3;255;305;285;;;;267;323;286;255;31;28;263;313;288;;;;;;;;;;;;;;;;;;;;;
SP2;17/09/2019;Santander;Mirandes;4;0;H;2;0;H;205;31;4;205;3;4;2;315;405;;;;204;325;425;2;31;4;2;32;42;;;;;;;;;;;;;;;;;;;;;
SP2;17/09/2019;Alcorcon;Cadiz;3;0;H;1;0;H;33;28;245;34;28;24;32;285;25;;;;33;285;263;34;288;235;325;288;255;;;;;;;;;;;;;;;;;;;;;
SP2;18/09/2019;Huesca;Albacete;0;1;A;0;1;A;172;34;525;175;33;5;173;35;51;;;;171;351;588;17;34;55;17;35;575;;;;;;;;;;;;;;;;;;;;;
SP2;18/09/2019;Lugo;Ponferradina;2;2;D;2;0;H;24;3;32;25;3;3;24;315;3;;;;249;314;318;24;31;3;245;313;31;;;;;;;;;;;;;;;;;;;;;
SP2;18/09/2019;La Coruna;Numancia;3;3;D;0;1;A;18;32;5;18;32;5;183;335;465;;;;183;344;508;178;33;48;18;34;5;;;;;;;;;;;;;;;;;;;;;
SP2;19/09/2019;Elche;Tenerife;1;1;D;1;0;H;21;3;4;2;31;4;21;32;36;;;;22;305;397;21;31;37;215;325;36;;;;;;;;;;;;;;;;;;;;;
SP2;19/09/2019;Oviedo;Extremadura UD;1;1;D;0;0;D;172;35;5;172;35;5;177;34;49;;;;181;34;53;178;325;5;175;34;52;;;;;;;;;;;;;;;;;;;;;
SP2;19/09/2019;Las Palmas;Sp Gijon;1;0;H;0;0;D;26;3;29;26;29;295;265;3;285;;;;263;31;301;25;31;288;263;31;29;;;;;;;;;;;;;;;;;;;;;
SP2;20/09/2019;Mirandes;Alcorcon;2;2;D;2;1;H;26;3;26;275;295;28;275;29;28;;;;293;297;28;27;3;275;29;29;28;;;;;;;;;;;;;;;;;;;;;
SP2;21/09/2019;Cadiz;La Coruna;0;0;D;0;0;D;245;31;3;25;3;31;245;3;31;;;;248;318;315;25;3;3;25;3;32;;;;;;;;;;;;;;;;;;;;;
SP2;21/09/2019;Zaragoza;Lugo;0;0;D;0;0;D;14;42;9;142;44;775;147;42;68;;;;147;436;756;142;433;75;145;42;8;;;;;;;;;;;;;;;;;;;;;
SP2;21/09/2019;Vallecano;Almeria;1;1;D;0;0;D;225;31;34;235;3;33;23;315;325;;;;234;321;337;23;31;32;23;32;33;;;;;;;;;;;;;;;;;;;;;
SP2;21/09/2019;Albacete;Malaga;1;0;H;0;0;D;25;29;31;26;285;31;255;29;305;;;;274;282;317;255;28;31;26;29;313;;;;;;;;;;;;;;;;;;;;;
SP2;22/09/2019;Ponferradina;Oviedo;2;1;H;0;0;D;27;3;28;275;32;26;275;305;27;;;;28;307;284;275;31;26;275;31;275;;;;;;;;;;;;;;;;;;;;;
SP2;22/09/2019;Girona;Las Palmas;1;0;H;0;0;D;15;38;75;15;4;7;153;39;65;;;;151;408;761;15;38;7;153;39;7;;;;;;;;;;;;;;;;;;;;;
SP2;22/09/2019;Numancia;Elche;1;1;D;1;1;D;195;33;4;187;34;44;195;33;405;;;;199;327;444;191;325;42;195;33;42;;;;;;;;;;;;;;;;;;;;;
SP2;22/09/2019;Sp Gijon;Santander;1;1;D;1;0;H;172;325;575;167;35;575;17;345;54;;;;174;358;548;17;34;55;17;35;575;;;;;;;;;;;;;;;;;;;;;
SP2;22/09/2019;Extremadura UD;Huesca;0;1;A;0;1;A;29;3;26;;;;305;3;245;;;;318;298;26;;;;31;3;255;;;;;;;;;;;;;;;;;;;;;
SP2;22/09/2019;Tenerife;Fuenlabrada;0;1;A;0;0;D;;;;;;;195;32;415;;;;;;;;;;2;32;43;;;;;;;;;;;;;;;;;;;;;
SP2;27/09/2019;Las Palmas;Albacete;3;2;H;2;0;H;195;32;42;195;32;433;195;325;415;;;;197;332;444;205;32;38;193;33;433;;;;;;;;;;;;;;;;;;;;;
SP2;28/09/2019;Fuenlabrada;Vallecano;2;2;D;0;1;A;32;3;24;325;3;24;305;31;24;;;;318;328;241;3;31;24;313;32;24;;;;;;;;;;;;;;;;;;;;;
SP2;28/09/2019;Alcorcon;Extremadura UD;0;2;A;0;0;D;175;34;5;183;33;475;177;33;51;;;;179;34;539;173;33;525;18;33;525;;;;;;;;;;;;;;;;;;;;;
SP2;28/09/2019;Huesca;Girona;1;0;H;1;0;H;225;3;35;235;29;35;23;3;33;;;;236;317;338;215;31;35;23;31;34;;;;;;;;;;;;;;;;;;;;;
SP2;28/09/2019;Elche;Ponferradina;1;0;H;1;0;H;22;3;36;23;3;34;23;305;33;;;;232;321;342;215;31;35;23;31;34;;;;;;;;;;;;;;;;;;;;;
SP2;28/09/2019;Santander;Numancia;0;0;D;0;0;D;2;3;433;21;295;41;2;315;405;;;;204;339;402;205;32;37;205;313;41;;;;;;;;;;;;;;;;;;;;;
SP2;29/09/2019;Malaga;Sp Gijon;0;0;D;0;0;D;23;287;35;23;3;34;235;29;33;;;;236;314;343;24;3;31;23;3;35;;;;;;;;;;;;;;;;;;;;;
SP2;29/09/2019;Almeria;Cadiz;1;2;A;0;0;D;225;3;35;23;3;34;23;295;34;;;;236;315;341;21;32;36;23;3;35;;;;;;;;;;;;;;;;;;;;;
SP2;29/09/2019;Oviedo;Zaragoza;2;2;D;1;1;D;28;3;27;285;32;255;275;315;265;;;;292;322;262;3;31;245;28;32;263;;;;;;;;;;;;;;;;;;;;;
SP2;29/09/2019;La Coruna;Mirandes;1;1;D;0;0;D;157;36;65;157;37;65;157;375;62;;;;157;39;675;155;38;6;16;37;65;;;;;;;;;;;;;;;;;;;;;
SP2;29/09/2019;Lugo;Tenerife;1;4;A;1;2;A;262;3;287;255;32;28;26;31;28;;;;262;322;292;24;32;29;263;313;288;;;;;;;;;;;;;;;;;;;;;
SP2;01/10/2019;Albacete;Santander;0;0;D;0;0;D;215;3;375;215;3;38;225;3;355;;;;243;298;347;22;3;36;23;3;35;;;;;;;;;;;;;;;;;;;;;
SP2;01/10/2019;Extremadura UD;Elche;2;0;H;0;0;D;245;3;31;245;3;31;255;305;29;;;;26;307;309;25;3;3;26;3;3;;;;;;;;;;;;;;;;;;;;;
SP2;01/10/2019;Numancia;Fuenlabrada;1;0;H;1;0;H;22;31;35;22;3;37;22;305;36;;;;234;311;35;205;31;39;238;3;34;;;;;;;;;;;;;;;;;;;;;
SP2;01/10/2019;Vallecano;Alcorcon;1;1;D;1;0;H;157;375;6;165;37;55;163;375;55;;;;164;395;573;163;37;525;162;38;6;;;;;;;;;;;;;;;;;;;;;
SP2;02/10/2019;Cadiz;Huesca;1;0;H;0;0;D;21;31;38;2;3;42;205;305;4;;;;217;305;407;21;3;39;21;31;4;;;;;;;;;;;;;;;;;;;;;
SP2;02/10/2019;Mirandes;Lugo;1;1;D;0;0;D;245;29;325;24;295;32;245;295;315;;;;245;306;334;238;3;32;25;3;313;;;;;;;;;;;;;;;;;;;;;
SP2;02/10/2019;Ponferradina;Las Palmas;0;2;A;0;1;A;22;31;35;225;31;34;215;315;355;;;;221;332;355;23;31;32;215;32;37;;;;;;;;;;;;;;;;;;;;;
SP2;02/10/2019;Tenerife;Oviedo;0;1;A;0;1;A;19;31;45;191;325;44;19;33;42;;;;198;327;448;188;33;42;195;33;42;;;;;;;;;;;;;;;;;;;;;
SP2;03/10/2019;Sp Gijon;Almeria;4;2;H;4;1;H;22;32;34;225;295;36;225;3;355;;;;233;304;361;22;3;35;225;31;36;;;;;;;;;;;;;;;;;;;;;
SP2;03/10/2019;Zaragoza;Malaga;2;2;D;1;1;D;23;32;31;225;32;33;225;31;34;;;;223;336;345;22;32;325;225;313;35;;;;;;;;;;;;;;;;;;;;;
SP2;03/10/2019;Girona;La Coruna;3;1;H;2;0;H;21;33;35;205;31;4;215;31;365;;;;22;308;392;21;31;375;22;32;36;;;;;;;;;;;;;;;;;;;;;
SP2;04/10/2019;Alcorcon;Albacete;0;1;A;0;0;D;195;32;42;195;31;45;195;305;44;;;;201;334;421;25;3;3;2;31;45;;;;;;;;;;;;;;;;;;;;;
SP2;05/10/2019;Lugo;Las Palmas;0;2;A;0;0;D;31;29;255;28;295;275;285;305;26;;;;288;312;272;3;29;255;29;3;27;;;;;;;;;;;;;;;;;;;;;
SP2;05/10/2019;Elche;Vallecano;1;1;D;0;0;D;29;3;26;29;3;26;285;31;255;;;;309;302;264;28;31;255;29;31;26;;;;;;;;;;;;;;;;;;;;;
SP2;05/10/2019;Ponferradina;Mirandes;2;0;H;1;0;H;183;325;475;187;33;46;187;33;44;;;;189;326;503;175;33;5;185;33;48;;;;;;;;;;;;;;;;;;;;;
SP2;05/10/2019;Tenerife;Extremadura UD;1;2;A;1;1;D;2;31;42;215;31;37;205;32;375;;;;209;333;39;22;32;33;205;325;4;;;;;;;;;;;;;;;;;;;;;
SP2;06/10/2019;Fuenlabrada;Sp Gijon;2;0;H;0;0;D;28;287;28;28;285;285;275;29;28;;;;274;307;291;29;28;27;28;29;288;;;;;;;;;;;;;;;;;;;;;
SP2;06/10/2019;Oviedo;Numancia;1;1;D;1;0;H;172;34;525;175;34;525;173;35;5;;;;172;372;532;173;35;48;173;35;55;;;;;;;;;;;;;;;;;;;;;
SP2;06/10/2019;Zaragoza;Cadiz;0;2;A;0;0;D;21;3;38;205;325;375;205;315;38;;;;209;336;387;24;29;32;2;325;41;;;;;;;;;;;;;;;;;;;;;
SP2;06/10/2019;La Coruna;Almeria;0;0;D;0;0;D;21;3;4;22;295;375;22;305;36;;;;225;313;367;235;29;33;22;3;38;;;;;;;;;;;;;;;;;;;;;
SP2;06/10/2019;Huesca;Malaga;2;0;H;2;0;H;21;31;375;225;3;35;22;3;355;;;;217;322;379;215;3;37;22;31;37;;;;;;;;;;;;;;;;;;;;;
SP2;06/10/2019;Santander;Girona;0;3;A;0;1;A;245;3;32;24;3;325;245;305;31;;;;258;307;312;225;3;34;245;3;32;;;;;;;;;;;;;;;;;;;;;
SP2;11/10/2019;Vallecano;Tenerife;2;1;H;1;1;D;166;36;45;172;37;475;177;365;45;;;;179;373;476;178;34;46;175;37;48;;;;;;;;;;;;;;;;;;;;;
SP2;12/10/2019;Girona;Elche;0;2;A;0;1;A;155;38;65;157;38;625;163;375;55;;;;159;381;67;155;37;65;16;375;625;;;;;;;;;;;;;;;;;;;;;
SP2;12/10/2019;Almeria;Lugo;0;0;D;0;0;D;15;4;7;153;375;7;153;38;67;;;;152;396;776;15;38;7;15;39;8;;;;;;;;;;;;;;;;;;;;;
SP2;12/10/2019;Sp Gijon;Alcorcon;1;3;A;0;3;A;18;325;5;18;32;525;18;325;49;;;;183;341;513;178;33;48;18;33;525;;;;;;;;;;;;;;;;;;;;;
SP2;12/10/2019;Extremadura UD;Ponferradina;1;1;D;1;0;H;19;31;475;195;31;45;195;32;42;;;;198;328;447;191;32;433;193;325;45;;;;;;;;;;;;;;;;;;;;;
SP2;12/10/2019;Malaga;Cadiz;1;2;A;0;1;A;46;33;183;46;31;175;475;32;185;;;;503;334;18;44;31;191;5;32;187;;;;;;;;;;;;;;;;;;;;;
SP2;13/10/2019;Mirandes;Fuenlabrada;2;1;H;1;0;H;29;3;262;285;295;27;295;295;26;;;;297;304;271;27;3;27;29;3;263;;;;;;;;;;;;;;;;;;;;;
SP2;13/10/2019;Numancia;Zaragoza;0;1;A;0;0;D;32;31;23;32;32;23;31;315;235;;;;308;337;242;3;32;235;313;325;238;;;;;;;;;;;;;;;;;;;;;
SP2;13/10/2019;Albacete;Oviedo;1;2;A;1;0;H;22;31;34;23;32;32;23;305;33;;;;232;324;339;235;3;32;23;31;34;;;;;;;;;;;;;;;;;;;;;
SP2;13/10/2019;Huesca;Santander;1;1;D;0;0;D;16;4;525;162;36;6;157;375;64;;;;158;382;697;155;37;65;155;38;7;;;;;;;;;;;;;;;;;;;;;
SP2;13/10/2019;Las Palmas;La Coruna;3;0;H;2;0;H;245;3;31;255;29;31;25;305;3;;;;259;306;311;235;3;32;26;3;3;;;;;;;;;;;;;;;;;;;;;
SP2;16/10/2019;Fuenlabrada;Zaragoza;2;1;H;1;0;H;195;34;38;2;33;35;2;33;34;;;;203;351;38;2;35;36;205;34;35;;;;;;;;;;;;;;;;;;;;;
SP2;18/10/2019;Cadiz;Las Palmas;2;0;H;1;0;H;2;3;433;195;3;46;205;3;415;;;;208;301;45;183;31;5;205;31;41;;;;;;;;;;;;;;;;;;;;;
SP2;19/10/2019;Alcorcon;Almeria;2;2;D;1;0;H;245;3;31;235;295;34;235;29;34;;;;239;304;347;235;29;33;238;3;34;;;;;;;;;;;;;;;;;;;;;
SP2;19/10/2019;Ponferradina;Numancia;1;1;D;1;0;H;2;32;4;205;31;4;205;31;395;;;;209;318;413;2;31;4;205;32;4;;;;;;;;;;;;;;;;;;;;;
SP2;19/10/2019;Elche;Sp Gijon;0;1;A;0;1;A;237;31;31;255;3;3;245;3;31;;;;246;307;33;245;3;3;25;3;313;;;;;;;;;;;;;;;;;;;;;
SP2;19/10/2019;Lugo;Huesca;3;2;H;2;0;H;29;31;25;295;31;25;305;31;24;;;;313;32;248;31;31;235;313;31;245;;;;;;;;;;;;;;;;;;;;;
SP2;19/10/2019;Extremadura UD;Vallecano;0;3;A;0;1;A;31;32;23;31;32;23;315;32;23;;;;324;324;239;31;325;225;313;325;238;;;;;;;;;;;;;;;;;;;;;
SP2;20/10/2019;Fuenlabrada;Albacete;0;1;A;0;0;D;185;32;475;19;31;475;19;315;45;;;;193;317;496;185;31;475;187;325;48;;;;;;;;;;;;;;;;;;;;;
SP2;20/10/2019;La Coruna;Malaga;0;2;A;0;1;A;2;325;4;195;325;41;2;31;415;;;;199;329;44;195;31;42;2;313;433;;;;;;;;;;;;;;;;;;;;;
SP2;20/10/2019;Oviedo;Girona;4;2;H;2;1;H;25;31;29;26;295;3;255;305;29;;;;266;308;3;255;3;288;255;31;3;;;;;;;;;;;;;;;;;;;;;
SP2;20/10/2019;Tenerife;Santander;3;3;D;2;1;H;175;33;525;178;33;5;173;35;5;;;;175;37;511;17;36;5;175;34;54;;;;;;;;;;;;;;;;;;;;;
SP2;20/10/2019;Zaragoza;Mirandes;1;2;A;0;1;A;15;4;65;15;4;65;148;405;72;;;;148;41;842;144;39;8;15;4;75;;;;;;;;;;;;;;;;;;;;;
SP2;25/10/2019;Albacete;Cadiz;1;0;H;0;0;D;325;3;237;34;285;24;345;285;235;;;;353;292;244;32;29;245;34;29;245;;;;;;;;;;;;;;;;;;;;;
SP2;26/10/2019;Vallecano;Ponferradina;1;3;A;0;1;A;157;375;6;153;425;6;157;4;57;;;;153;422;599;157;39;55;157;4;6;;;;;;;;;;;;;;;;;;;;;
SP2;26/10/2019;Mirandes;Tenerife;0;0;D;0;0;D;25;31;29;265;295;29;265;3;285;;;;271;299;288;28;31;255;263;3;3;;;;;;;;;;;;;;;;;;;;;
SP2;26/10/2019;Santander;La Coruna;1;1;D;1;0;H;26;31;28;26;3;295;26;305;28;;;;272;308;28;255;31;28;27;31;28;;;;;;;;;;;;;;;;;;;;;
SP2;26/10/2019;Malaga;Oviedo;2;1;H;0;0;D;23;3;34;24;295;33;235;295;33;;;;237;301;338;255;3;29;238;31;33;;;;;;;;;;;;;;;;;;;;;
SP2;26/10/2019;Numancia;Lugo;3;1;H;1;1;D;195;32;42;2;31;425;197;325;4;;;;196;321;439;195;32;42;195;33;43;;;;;;;;;;;;;;;;;;;;;
SP2;27/10/2019;Girona;Alcorcon;0;0;D;0;0;D;161;34;65;16;37;6;163;355;58;;;;166;355;585;162;36;58;165;35;65;;;;;;;;;;;;;;;;;;;;;
SP2;27/10/2019;Sp Gijon;Zaragoza;4;0;H;2;0;H;23;3;34;24;3;32;23;32;315;;;;237;324;312;235;32;3;238;325;313;;;;;;;;;;;;;;;;;;;;;
SP2;27/10/2019;Huesca;Elche;2;0;H;1;0;H;157;34;75;16;37;625;16;36;6;;;;164;348;624;155;37;65;162;36;65;;;;;;;;;;;;;;;;;;;;;
SP2;27/10/2019;Las Palmas;Fuenlabrada;1;3;A;0;2;A;195;33;4;195;31;45;197;305;425;;;;201;299;459;18;33;475;2;31;44;;;;;;;;;;;;;;;;;;;;;
SP2;27/10/2019;Almeria;Extremadura UD;3;2;H;0;0;D;18;34;475;172;35;525;177;34;49;;;;176;34;523;173;34;5;18;34;5;;;;;;;;;;;;;;;;;;;;;
SP2;01/11/2019;Numancia;Albacete;1;0;H;0;0;D;21;32;36;225;3;35;22;295;37;;;;224;299;393;225;29;35;225;3;375;;;;;;;;;;;;;;;;;;;;;
SP2;01/11/2019;Cadiz;Sp Gijon;3;1;H;1;0;H;22;31;35;22;3;38;225;285;375;;;;23;298;379;215;288;39;23;29;37;;;;;;;;;;;;;;;;;;;;;
SP2;01/11/2019;Ponferradina;Malaga;1;0;H;0;0;D;275;3;275;275;295;28;275;29;28;;;;285;294;291;27;29;28;275;3;28;;;;;;;;;;;;;;;;;;;;;
SP2;01/11/2019;Oviedo;Almeria;0;0;D;0;0;D;237;3;33;23;3;34;235;31;32;;;;241;314;331;23;31;32;24;31;32;;;;;;;;;;;;;;;;;;;;;
SP2;02/11/2019;Fuenlabrada;La Coruna;1;1;D;1;0;H;237;3;32;23;31;33;235;305;325;;;;235;305;336;238;29;325;24;3;33;;;;;;;;;;;;;;;;;;;;;
SP2;02/11/2019;Alcorcon;Santander;1;0;H;1;0;H;2;31;42;195;31;44;205;305;4;;;;21;311;422;205;3;4;21;313;4;;;;;;;;;;;;;;;;;;;;;
SP2;02/11/2019;Tenerife;Huesca;0;0;D;0;0;D;275;32;255;285;31;26;275;31;265;;;;271;318;272;27;31;262;28;31;27;;;;;;;;;;;;;;;;;;;;;
SP2;03/11/2019;Extremadura UD;Girona;1;3;A;0;2;A;36;29;225;325;3;24;33;295;235;;;;342;295;239;33;29;235;32;3;245;;;;;;;;;;;;;;;;;;;;;
SP2;03/11/2019;Lugo;Vallecano;1;0;H;0;0;D;35;32;215;34;31;225;34;33;215;;;;359;317;219;35;31;215;35;325;22;;;;;;;;;;;;;;;;;;;;;
SP2;03/11/2019;Zaragoza;Las Palmas;3;0;H;2;0;H;183;36;42;19;35;4;187;35;415;;;;193;33;441;21;31;37;187;35;433;;;;;;;;;;;;;;;;;;;;;
SP2;03/11/2019;Elche;Mirandes;4;2;H;2;1;H;2;31;42;195;31;44;2;31;41;;;;204;31;451;195;31;42;2;32;42;;;;;;;;;;;;;;;;;;;;;
SP2;08/11/2019;Girona;Tenerife;1;0;H;0;0;D;18;33;475;18;33;5;18;335;475;;;;183;336;516;178;33;48;183;34;475;;;;;;;;;;;;;;;;;;;;;
SP2;09/11/2019;Huesca;Oviedo;3;1;H;2;1;H;155;4;6;16;37;625;16;365;6;;;;16;356;661;167;35;55;16;37;65;;;;;;;;;;;;;;;;;;;;;
SP2;09/11/2019;Mirandes;Extremadura UD;2;0;H;1;0;H;22;31;35;22;31;35;225;305;34;;;;228;31;365;215;31;35;225;31;35;;;;;;;;;;;;;;;;;;;;;
SP2;09/11/2019;Albacete;Lugo;0;1;A;0;0;D;18;32;5;183;32;5;183;325;475;;;;182;331;544;183;32;475;18;33;52;;;;;;;;;;;;;;;;;;;;;
SP2;09/11/2019;Sp Gijon;Numancia;0;1;A;0;1;A;183;32;475;18;325;5;183;325;485;;;;181;325;568;178;32;5;183;325;52;;;;;;;;;;;;;;;;;;;;;
SP2;09/11/2019;Las Palmas;Alcorcon;1;1;D;1;1;D;205;3;41;205;3;42;215;3;375;;;;223;292;408;215;31;36;21;31;39;;;;;;;;;;;;;;;;;;;;;
SP2;10/11/2019;La Coruna;Elche;1;3;A;1;1;D;175;33;525;18;33;5;183;33;47;;;;181;328;511;175;33;5;18;33;525;;;;;;;;;;;;;;;;;;;;;
SP2;10/11/2019;Almeria;Zaragoza;1;1;D;1;0;H;195;33;4;2;32;4;197;33;395;;;;206;322;421;205;31;38;2;33;4;;;;;;;;;;;;;;;;;;;;;
SP2;10/11/2019;Malaga;Fuenlabrada;0;0;D;0;0;D;205;31;4;195;31;44;205;3;425;;;;207;299;461;195;3;44;205;3;44;;;;;;;;;;;;;;;;;;;;;
SP2;10/11/2019;Santander;Ponferradina;2;2;D;0;0;D;215;31;36;22;31;35;22;305;35;;;;223;315;373;21;31;37;22;31;36;;;;;;;;;;;;;;;;;;;;;
SP2;10/11/2019;Vallecano;Cadiz;1;1;D;0;1;A;255;3;29;255;3;295;25;31;29;;;;255;317;292;21;31;375;255;31;3;;;;;;;;;;;;;;;;;;;;;
SP2;16/11/2019;Fuenlabrada;Huesca;3;2;H;1;0;H;275;3;27;3;29;265;295;29;265;;;;306;294;272;29;288;262;3;29;27;;;;;;;;;;;;;;;;;;;;;
SP2;16/11/2019;Extremadura UD;La Coruna;2;0;H;2;0;H;27;3;275;275;3;275;27;3;28;;;;27;305;297;262;29;288;27;3;29;;;;;;;;;;;;;;;;;;;;;
SP2;16/11/2019;Elche;Almeria;1;1;D;0;0;D;27;3;28;28;28;29;275;295;28;;;;281;295;294;275;288;28;28;29;288;;;;;;;;;;;;;;;;;;;;;
SP2;16/11/2019;Numancia;Vallecano;2;2;D;1;1;D;262;31;275;275;3;275;265;31;275;;;;278;307;287;27;3;275;27;31;28;;;;;;;;;;;;;;;;;;;;;
SP2;16/11/2019;Zaragoza;Albacete;0;1;A;0;0;D;18;34;475;18;34;475;18;34;475;;;;177;347;545;175;33;5;18;34;5;;;;;;;;;;;;;;;;;;;;;
SP2;17/11/2019;Ponferradina;Girona;1;1;D;0;0;D;3;3;25;3;3;255;315;3;245;;;;325;311;247;32;3;238;313;3;25;;;;;;;;;;;;;;;;;;;;;
SP2;17/11/2019;Alcorcon;Malaga;1;0;H;1;0;H;172;33;55;172;34;55;173;325;56;;;;174;342;592;167;33;6;173;33;6;;;;;;;;;;;;;;;;;;;;;
SP2;17/11/2019;Oviedo;Sp Gijon;0;0;D;0;0;D;23;3;34;24;29;33;235;3;33;;;;236;309;348;23;3;33;238;3;34;;;;;;;;;;;;;;;;;;;;;
SP2;17/11/2019;Lugo;Santander;1;1;D;0;1;A;25;3;3;27;295;285;255;3;295;;;;258;309;309;25;3;3;26;3;3;;;;;;;;;;;;;;;;;;;;;
SP2;17/11/2019;Mirandes;Las Palmas;2;1;H;2;1;H;24;3;32;255;29;31;25;295;3;;;;257;304;315;255;29;3;25;31;31;;;;;;;;;;;;;;;;;;;;;
SP2;17/11/2019;Tenerife;Cadiz;1;1;D;1;1;D;255;3;29;275;285;29;265;285;295;;;;275;294;302;262;288;29;27;29;3;;;;;;;;;;;;;;;;;;;;;
SP2;22/11/2019;Sp Gijon;Tenerife;0;2;A;0;0;D;19;32;433;187;31;5;19;325;43;;;;194;324;475;183;31;5;191;33;45;;;;;;;;;;;;;;;;;;;;;
SP2;23/11/2019;Vallecano;Zaragoza;0;1;A;0;0;D;18;35;45;187;34;433;185;35;425;;;;184;349;485;185;325;45;187;35;433;;;;;;;;;;;;;;;;;;;;;
SP2;23/11/2019;La Coruna;Alcorcon;0;0;D;0;0;D;2;33;375;2;31;42;205;31;395;;;;208;32;414;2;3;42;205;313;42;;;;;;;;;;;;;;;;;;;;;
SP2;23/11/2019;Santander;Extremadura UD;3;0;H;1;0;H;22;31;35;21;31;39;215;31;36;;;;222;303;393;215;3;37;215;313;375;;;;;;;;;;;;;;;;;;;;;
SP2;23/11/2019;Huesca;Ponferradina;2;0;H;1;0;H;16;36;6;162;36;6;157;37;63;;;;157;38;724;153;36;7;157;37;7;;;;;;;;;;;;;;;;;;;;;
SP2;24/11/2019;Almeria;Numancia;2;0;H;2;0;H;172;36;5;183;32;5;18;335;48;;;;179;343;531;175;33;5;18;33;525;;;;;;;;;;;;;;;;;;;;;
SP2;24/11/2019;Albacete;Mirandes;1;2;A;1;2;A;215;31;36;215;29;4;215;31;37;;;;214;312;403;215;3;37;215;3;4;;;;;;;;;;;;;;;;;;;;;
SP2;24/11/2019;Malaga;Elche;3;3;D;1;2;A;19;325;42;191;33;425;193;32;43;;;;194;336;451;188;325;433;193;325;45;;;;;;;;;;;;;;;;;;;;;
SP2;24/11/2019;Girona;Fuenlabrada;2;0;H;0;0;D;19;33;42;187;33;45;19;32;45;;;;191;328;485;188;32;45;19;33;46;;;;;;;;;;;;;;;;;;;;;
SP2;24/11/2019;Las Palmas;Oviedo;3;1;H;2;0;H;205;33;36;195;34;39;205;315;385;;;;204;323;425;2;31;4;205;32;4;;;;;;;;;;;;;;;;;;;;;
SP2;24/11/2019;Cadiz;Lugo;2;1;H;1;1;D;155;36;7;157;36;675;155;375;67;;;;155;387;74;15;38;7;155;375;7;;;;;;;;;;;;;;;;;;;;;
SP2;29/11/2019;Numancia;Malaga;0;0;D;0;0;D;23;31;32;235;3;32;225;305;335;;;;234;313;347;225;31;33;23;313;34;;;;;;;;;;;;;;;;;;;;;
SP2;30/11/2019;Alcorcon;Huesca;0;2;A;0;0;D;325;31;23;35;295;23;32;295;24;;;;339;306;242;32;3;235;33;29;25;;;;;;;;;;;;;;;;;;;;;
SP2;30/11/2019;Mirandes;Sp Gijon;0;0;D;0;0;D;237;3;32;235;3;33;235;295;33;;;;236;306;351;23;3;33;24;3;33;;;;;;;;;;;;;;;;;;;;;
SP2;30/11/2019;Ponferradina;Albacete;1;1;D;0;1;A;205;3;4;215;3;38;215;3;385;;;;221;297;407;21;3;38;21;31;39;;;;;;;;;;;;;;;;;;;;;
SP2;30/11/2019;Tenerife;Almeria;1;3;A;1;2;A;22;31;36;23;3;34;225;305;34;;;;235;313;346;225;3;34;23;3;35;;;;;;;;;;;;;;;;;;;;;
SP2;30/11/2019;Zaragoza;Girona;3;3;D;1;2;A;23;32;31;23;31;33;23;33;305;;;;233;34;321;23;32;31;23;325;325;;;;;;;;;;;;;;;;;;;;;
SP2;01/12/2019;Fuenlabrada;Cadiz;1;0;H;0;0;D;25;3;3;265;295;295;255;29;31;;;;258;304;314;255;29;3;26;29;313;;;;;;;;;;;;;;;;;;;;;
SP2;01/12/2019;Oviedo;Vallecano;2;1;H;1;1;D;27;31;27;265;31;285;27;31;265;;;;287;303;28;27;31;262;275;313;275;;;;;;;;;;;;;;;;;;;;;
SP2;01/12/2019;Elche;Santander;2;0;H;1;0;H;205;31;4;21;3;4;205;31;39;;;;216;302;415;205;31;39;205;32;4;;;;;;;;;;;;;;;;;;;;;
SP2;01/12/2019;Lugo;La Coruna;0;0;D;0;0;D;31;31;24;295;31;26;295;305;25;;;;31;305;26;3;3;245;31;3;255;;;;;;;;;;;;;;;;;;;;;
SP2;01/12/2019;Extremadura UD;Las Palmas;0;1;A;0;1;A;245;3;31;25;3;31;245;31;295;;;;251;331;299;235;32;3;25;313;3;;;;;;;;;;;;;;;;;;;;;
SP2;06/12/2019;Albacete;Extremadura UD;1;1;D;0;0;D;205;31;4;21;3;4;215;3;38;;;;221;3;402;2;31;4;22;3;38;;;;;;;;;;;;;;;;;;;;;
SP2;06/12/2019;Santander;Fuenlabrada;2;2;D;1;0;H;27;287;287;265;29;295;28;28;28;;;;293;289;288;262;29;288;288;29;28;;;;;;;;;;;;;;;;;;;;;
SP2;06/12/2019;Alcorcon;Oviedo;1;3;A;1;2;A;22;287;38;235;285;35;23;295;35;;;;238;294;365;225;29;36;23;3;35;;;;;;;;;;;;;;;;;;;;;
SP2;06/12/2019;Malaga;Tenerife;2;0;H;1;0;H;185;32;475;2;3;45;185;325;465;;;;187;341;484;195;32;42;185;33;475;;;;;;;;;;;;;;;;;;;;;
SP2;07/12/2019;Huesca;Vallecano;0;2;A;0;1;A;185;34;45;195;32;41;195;34;395;;;;197;349;421;191;34;39;195;34;41;;;;;;;;;;;;;;;;;;;;;
SP2;07/12/2019;Sp Gijon;Ponferradina;1;0;H;0;0;D;183;325;475;187;32;46;185;325;465;;;;187;341;485;18;325;475;187;325;48;;;;;;;;;;;;;;;;;;;;;
SP2;07/12/2019;Almeria;Mirandes;3;1;H;0;1;A;172;34;525;175;33;525;177;335;49;;;;179;338;545;175;33;5;18;34;5;;;;;;;;;;;;;;;;;;;;;
SP2;08/12/2019;Girona;Lugo;3;1;H;1;0;H;145;4;75;15;39;725;15;4;71;;;;149;406;82;144;4;8;15;4;8;;;;;;;;;;;;;;;;;;;;;
SP2;08/12/2019;La Coruna;Zaragoza;1;3;A;0;2;A;237;325;3;225;32;32;235;325;3;;;;245;332;307;225;325;31;24;32;31;;;;;;;;;;;;;;;;;;;;;
SP2;08/12/2019;Las Palmas;Numancia;3;1;H;2;0;H;21;32;36;21;31;39;215;32;355;;;;216;33;372;205;32;37;21;33;36;;;;;;;;;;;;;;;;;;;;;
SP2;08/12/2019;Cadiz;Elche;0;0;D;0;0;D;165;34;6;167;34;6;17;335;55;;;;174;335;608;17;33;55;173;34;575;;;;;;;;;;;;;;;;;;;;;
SP2;13/12/2019;Numancia;Girona;2;0;H;1;0;H;3;29;24;285;3;265;29;31;25;;;;304;309;258;288;3;255;3;31;255;;;;;;;;;;;;;;;;;;;;;
SP2;14/12/2019;Mirandes;Huesca;2;0;H;0;0;D;275;28;262;285;295;27;285;3;265;;;;29;302;275;28;3;262;29;3;27;;;;;;;;;;;;;;;;;;;;;
SP2;14/12/2019;Ponferradina;La Coruna;2;0;H;2;0;H;21;28;38;22;3;37;22;3;365;;;;221;307;383;215;3;37;22;313;36;;;;;;;;;;;;;;;;;;;;;
SP2;14/12/2019;Tenerife;Alcorcon;0;0;D;0;0;D;2;3;38;21;3;4;205;305;395;;;;212;303;42;2;31;4;205;313;41;;;;;;;;;;;;;;;;;;;;;
SP2;14/12/2019;Zaragoza;Santander;2;0;H;1;0;H;16;35;55;162;37;575;16;385;54;;;;159;404;61;16;375;55;162;39;575;;;;;;;;;;;;;;;;;;;;;
SP2;15/12/2019;Extremadura UD;Malaga;0;0;D;0;0;D;27;27;287;28;29;28;275;285;285;;;;286;282;298;27;288;288;28;29;288;;;;;;;;;;;;;;;;;;;;;
SP2;15/12/2019;Oviedo;Cadiz;0;2;A;0;1;A;23;275;34;24;295;325;235;29;335;;;;236;299;355;23;29;34;24;29;35;;;;;;;;;;;;;;;;;;;;;
SP2;15/12/2019;Elche;Las Palmas;2;3;A;2;0;H;24;28;31;255;295;3;255;295;3;;;;264;294;312;255;288;3;255;3;31;;;;;;;;;;;;;;;;;;;;;
SP2;15/12/2019;Lugo;Sp Gijon;1;2;A;0;1;A;32;3;237;33;3;235;315;3;24;;;;332;31;241;32;3;238;313;3;25;;;;;;;;;;;;;;;;;;;;;
SP2;15/12/2019;Fuenlabrada;Almeria;2;2;D;0;0;D;22;3;36;225;3;35;23;295;34;;;;238;297;354;23;29;34;238;3;34;;;;;;;;;;;;;;;;;;;;;
SP2;20/12/2019;La Coruna;Tenerife;2;1;H;1;0;H;237;31;31;235;31;32;24;295;32;;;;251;3;325;238;3;32;245;3;32;;;;;;;;;;;;;;;;;;;;;
SP2;21/12/2019;Albacete;Elche;0;1;A;0;0;D;205;31;4;21;32;37;21;31;37;;;;214;32;383;205;32;37;21;32;38;;;;;;;;;;;;;;;;;;;;;
SP2;21/12/2019;Malaga;Lugo;1;1;D;1;0;H;15;36;75;15;375;8;15;385;7;;;;15;408;761;147;39;75;15;39;8;;;;;;;;;;;;;;;;;;;;;
SP2;21/12/2019;Las Palmas;Vallecano;1;1;D;1;1;D;237;3;325;235;31;32;23;32;315;;;;231;321;338;225;32;32;238;32;32;;;;;;;;;;;;;;;;;;;;;
SP2;21/12/2019;Sp Gijon;Extremadura UD;0;1;A;0;0;D;166;33;6;17;33;6;17;34;54;;;;172;349;583;167;34;58;17;35;575;;;;;;;;;;;;;;;;;;;;;
SP2;21/12/2019;Santander;Oviedo;1;1;D;1;1;D;275;29;28;265;29;3;27;295;28;;;;288;292;286;27;3;27;28;3;28;;;;;;;;;;;;;;;;;;;;;
SP2;21/12/2019;Cadiz;Numancia;2;4;A;1;1;D;172;31;6;172;32;6;177;325;52;;;;178;325;591;173;325;55;175;33;575;;;;;;;;;;;;;;;;;;;;;
SP2;22/12/2019;Almeria;Ponferradina;2;3;A;1;0;H;175;34;5;178;34;5;18;335;48;;;;178;344;537;175;34;48;18;34;5;;;;;;;;;;;;;;;;;;;;;
SP2;22/12/2019;Huesca;Zaragoza;2;1;H;1;1;D;18;34;45;185;34;44;187;34;42;;;;192;342;445;185;34;42;19;34;433;;;;;;;;;;;;;;;;;;;;;
SP2;22/12/2019;Alcorcon;Fuenlabrada;1;1;D;1;0;H;237;29;33;255;275;33;245;28;33;;;;259;28;337;245;288;32;25;288;33;;;;;;;;;;;;;;;;;;;;;
SP2;22/12/2019;Girona;Mirandes;0;3;A;0;1;A;165;36;575;17;34;575;167;355;55;;;;168;356;599;165;35;55;17;35;575;;;;;;;;;;;;;;;;;;;;;
SP2;03/01/2020;Extremadura UD;Alcorcon;0;0;D;0;0;D;24;29;33;235;285;35;245;28;33;;;;253;284;342;245;275;33;255;28;33;;;;;;;;;;;;;;;;;;;;;
SP2;04/01/2020;Fuenlabrada;Las Palmas;0;0;D;0;0;D;215;32;35;23;31;33;225;305;345;;;;225;318;358;22;31;34;225;31;35;;;;;;;;;;;;;;;;;;;;;
SP2;04/01/2020;Ponferradina;Cadiz;0;0;D;0;0;D;245;287;33;245;285;33;25;285;315;;;;251;3;325;25;288;31;255;29;32;;;;;;;;;;;;;;;;;;;;;
SP2;04/01/2020;Lugo;Almeria;0;4;A;0;2;A;32;32;23;31;32;235;32;315;23;;;;345;308;235;32;32;225;33;313;238;;;;;;;;;;;;;;;;;;;;;
SP2;04/01/2020;Tenerife;Albacete;4;2;H;2;0;H;195;32;42;205;31;4;205;31;4;;;;206;316;422;2;31;4;205;31;42;;;;;;;;;;;;;;;;;;;;;
SP2;04/01/2020;Elche;Huesca;1;1;D;0;0;D;31;3;245;32;295;245;305;305;245;;;;317;315;246;31;3;24;313;31;245;;;;;;;;;;;;;;;;;;;;;
SP2;04/01/2020;Mirandes;Santander;0;0;D;0;0;D;175;34;5;178;33;525;177;335;49;;;;179;347;52;173;34;5;175;34;52;;;;;;;;;;;;;;;;;;;;;
SP2;05/01/2020;Numancia;La Coruna;0;1;A;0;0;D;21;32;36;22;3;37;215;31;355;;;;22;306;385;21;31;37;22;31;37;;;;;;;;;;;;;;;;;;;;;
SP2;05/01/2020;Vallecano;Girona;1;0;H;1;0;H;22;33;325;225;325;325;23;325;315;;;;238;313;333;23;31;32;23;325;325;;;;;;;;;;;;;;;;;;;;;
SP2;05/01/2020;Oviedo;Malaga;1;1;D;1;0;H;225;31;34;24;29;33;23;3;335;;;;234;303;355;23;3;33;23;3;35;;;;;;;;;;;;;;;;;;;;;
SP2;07/01/2020;Zaragoza;Sp Gijon;2;0;H;1;0;H;17;36;5;178;34;5;175;345;495;;;;177;35;53;17;34;525;18;34;5;;;;;;;;;;;;;;;;;;;;;
SP2;14/01/2020;Albacete;Fuenlabrada;1;1;D;1;0;H;26;275;32;245;28;33;25;275;335;;;;261;274;343;245;27;34;26;275;33;;;;;;;;;;;;;;;;;;;;;
SP2;14/01/2020;Sp Gijon;Elche;1;0;H;0;0;D;2;31;42;2;31;425;197;315;42;;;;21;303;428;205;3;4;21;31;4;;;;;;;;;;;;;;;;;;;;;
SP2;14/01/2020;Malaga;Ponferradina;1;0;H;1;0;H;205;3;42;2;31;42;2;315;405;;;;208;307;429;2;31;4;21;313;39;;;;;;;;;;;;;;;;;;;;;
SP2;14/01/2020;Las Palmas;Zaragoza;0;1;A;0;0;D;24;33;287;245;325;29;255;325;275;;;;255;339;284;25;325;275;25;33;288;;;;;;;;;;;;;;;;;;;;;
SP2;15/01/2020;Alcorcon;Numancia;2;2;D;0;0;D;215;3;375;215;3;38;215;3;38;;;;221;301;394;21;3;38;215;3;39;;;;;;;;;;;;;;;;;;;;;
SP2;15/01/2020;Huesca;Tenerife;2;1;H;2;1;H;166;36;525;172;34;55;17;345;54;;;;172;34;604;167;34;58;17;35;575;;;;;;;;;;;;;;;;;;;;;
SP2;15/01/2020;Vallecano;Lugo;1;0;H;1;0;H;144;433;7;145;41;775;145;43;72;;;;144;446;809;142;433;75;144;44;75;;;;;;;;;;;;;;;;;;;;;
SP2;15/01/2020;Cadiz;Mirandes;3;3;D;1;1;D;195;31;42;195;3;475;19;31;465;;;;195;303;517;188;32;45;19;32;475;;;;;;;;;;;;;;;;;;;;;
SP2;16/01/2020;La Coruna;Santander;2;1;H;1;1;D;195;31;433;2;295;45;205;305;41;;;;206;299;455;2;31;4;2;313;433;;;;;;;;;;;;;;;;;;;;;
SP2;16/01/2020;Girona;Extremadura UD;3;1;H;2;0;H;155;375;65;155;38;65;157;38;63;;;;156;387;713;152;37;7;157;375;7;;;;;;;;;;;;;;;;;;;;;
SP2;16/01/2020;Almeria;Oviedo;2;0;H;0;0;D;19;33;42;187;33;45;187;335;44;;;;188;335;48;18;33;46;187;33;475;;;;;;;;;;;;;;;;;;;;;
SP2;17/01/2020;Fuenlabrada;Malaga;0;0;D;0;0;D;22;287;4;23;28;38;235;28;365;;;;242;276;379;22;29;375;238;288;36;;;;;;;;;;;;;;;;;;;;;
SP2;18/01/2020;Numancia;Sp Gijon;2;0;H;1;0;H;225;3;35;23;3;34;24;3;325;;;;249;292;339;238;29;325;24;3;33;;;;;;;;;;;;;;;;;;;;;
SP2;18/01/2020;Lugo;Albacete;1;0;H;0;0;D;275;28;287;285;28;285;275;285;285;;;;294;275;297;262;29;288;28;3;28;;;;;;;;;;;;;;;;;;;;;
SP2;18/01/2020;Ponferradina;Vallecano;1;1;D;0;0;D;24;31;31;25;3;295;25;31;29;;;;265;302;302;24;32;29;255;31;3;;;;;;;;;;;;;;;;;;;;;
SP2;19/01/2020;Elche;Alcorcon;1;1;D;1;0;H;205;31;4;21;31;38;215;3;37;;;;225;297;388;215;3;37;215;31;38;;;;;;;;;;;;;;;;;;;;;
SP2;19/01/2020;La Coruna;Cadiz;1;0;H;0;0;D;25;287;32;26;285;31;265;285;295;;;;276;284;308;262;29;288;27;29;3;;;;;;;;;;;;;;;;;;;;;
SP2;19/01/2020;Oviedo;Huesca;1;1;D;0;0;D;275;287;287;275;285;29;275;295;28;;;;285;293;288;27;3;27;275;3;28;;;;;;;;;;;;;;;;;;;;;
SP2;19/01/2020;Santander;Las Palmas;1;1;D;0;0;D;27;287;29;28;285;285;28;295;275;;;;285;302;28;27;3;27;28;3;28;;;;;;;;;;;;;;;;;;;;;
SP2;19/01/2020;Extremadura UD;Almeria;1;2;A;1;1;D;31;29;25;31;29;255;305;29;255;;;;317;293;261;3;3;25;31;3;255;;;;;;;;;;;;;;;;;;;;;
SP2;19/01/2020;Tenerife;Girona;1;0;H;1;0;H;25;3;3;255;3;295;26;3;29;;;;27;299;299;255;31;28;263;31;29;;;;;;;;;;;;;;;;;;;;;
SP2;24/01/2020;Cadiz;Santander;1;0;H;0;0;D;155;34;8;162;33;7;157;345;71;;;;16;351;758;16;33;7;16;34;75;;;;;;;;;;;;;;;;;;;;;
SP2;25/01/2020;Huesca;Lugo;2;1;H;0;1;A;144;4;8;145;4;825;145;415;75;;;;145;418;884;142;4;85;145;41;85;;;;;;;;;;;;;;;;;;;;;
SP2;25/01/2020;Sp Gijon;Fuenlabrada;1;0;H;1;0;H;21;29;42;21;29;42;215;29;39;;;;22;288;418;215;29;38;215;3;4;;;;;;;;;;;;;;;;;;;;;
SP2;25/01/2020;Las Palmas;Tenerife;0;0;D;0;0;D;2;32;4;205;31;4;2;32;39;;;;204;321;422;2;31;4;2;325;41;;;;;;;;;;;;;;;;;;;;;
SP2;25/01/2020;Zaragoza;Numancia;1;0;H;0;0;D;166;36;55;167;36;55;167;36;52;;;;168;362;582;165;35;55;17;36;54;;;;;;;;;;;;;;;;;;;;;
SP2;26/01/2020;Malaga;Mirandes;2;2;D;1;0;H;195;33;4;195;325;41;193;32;43;;;;197;325;452;191;32;433;195;32;44;;;;;;;;;;;;;;;;;;;;;
SP2;26/01/2020;Albacete;La Coruna;0;1;A;0;1;A;25;28;325;255;3;3;245;285;325;;;;246;296;339;24;29;32;25;29;33;;;;;;;;;;;;;;;;;;;;;
SP2;26/01/2020;Almeria;Elche;0;2;A;0;0;D;18;325;5;175;35;5;175;345;485;;;;175;351;548;173;33;525;175;35;52;;;;;;;;;;;;;;;;;;;;;
SP2;26/01/2020;Alcorcon;Ponferradina;3;1;H;2;0;H;225;29;36;225;285;38;23;29;355;;;;235;282;386;225;29;36;23;3;36;;;;;;;;;;;;;;;;;;;;;
SP2;26/01/2020;Vallecano;Extremadura UD;1;1;D;0;0;D;16;35;65;16;36;6;163;365;57;;;;164;361;649;162;35;6;165;36;6;;;;;;;;;;;;;;;;;;;;;
SP2;26/01/2020;Girona;Oviedo;1;1;D;0;0;D;172;325;55;17;35;525;173;35;5;;;;172;354;567;17;34;525;173;35;54;;;;;;;;;;;;;;;;;;;;;
SP2;31/01/2020;Tenerife;Sp Gijon;2;1;H;2;0;H;24;29;325;245;285;33;24;285;335;;;;245;288;351;238;288;33;245;29;34;;;;;;;;;;;;;;;;;;;;;
SP2;01/02/2020;Extremadura UD;Lugo;1;0;H;1;0;H;18;325;5;187;33;45;183;325;475;;;;188;336;478;188;32;44;183;33;5;;;;;;;;;;;;;;;;;;;;;
SP2;01/02/2020;La Coruna;Las Palmas;2;1;H;1;0;H;225;3;35;22;295;375;225;295;35;;;;234;294;368;215;3;37;23;3;35;;;;;;;;;;;;;;;;;;;;;
SP2;01/02/2020;Ponferradina;Huesca;3;1;H;2;0;H;29;3;26;28;295;275;285;3;265;;;;295;295;277;28;31;26;29;3;27;;;;;;;;;;;;;;;;;;;;;
SP2;01/02/2020;Elche;Malaga;2;0;H;1;0;H;225;29;36;235;295;34;23;295;34;;;;237;292;363;225;3;34;23;3;35;;;;;;;;;;;;;;;;;;;;;
SP2;02/02/2020;Fuenlabrada;Girona;0;1;A;0;1;A;25;3;3;25;295;31;26;295;295;;;;267;296;306;26;3;288;26;3;3;;;;;;;;;;;;;;;;;;;;;
SP2;02/02/2020;Cadiz;Zaragoza;1;1;D;0;0;D;215;32;35;215;3;38;215;31;365;;;;222;297;396;21;3;38;22;31;37;;;;;;;;;;;;;;;;;;;;;
SP2;02/02/2020;Mirandes;Vallecano;0;0;D;0;0;D;25;3;3;265;295;295;255;31;285;;;;269;304;295;245;3;3;26;31;29;;;;;;;;;;;;;;;;;;;;;
SP2;02/02/2020;Numancia;Almeria;1;1;D;0;0;D;24;3;32;265;29;295;245;3;305;;;;256;297;321;25;29;31;255;3;31;;;;;;;;;;;;;;;;;;;;;
SP2;02/02/2020;Oviedo;Albacete;3;1;H;1;1;D;21;31;375;215;3;38;21;305;38;;;;214;31;399;21;3;38;215;31;38;;;;;;;;;;;;;;;;;;;;;
SP2;02/02/2020;Santander;Alcorcon;1;1;D;0;1;A;25;28;3;265;28;31;265;285;295;;;;273;285;31;262;288;29;27;29;3;;;;;;;;;;;;;;;;;;;;;
SP2;07/02/2020;Almeria;Santander;0;1;A;0;1;A;161;36;6;16;35;675;16;36;61;;;;162;362;678;155;35;7;16;37;65;;;;;;;;;;;;;;;;;;;;;
SP2;08/02/2020;Extremadura UD;Tenerife;2;4;A;0;2;A;24;287;33;235;29;34;245;29;32;;;;254;287;336;23;3;33;25;29;33;;;;;;;;;;;;;;;;;;;;;
SP2;08/02/2020;Girona;Huesca;1;0;H;0;0;D;2;31;42;21;32;37;205;315;39;;;;208;314;416;205;32;37;21;313;39;;;;;;;;;;;;;;;;;;;;;
SP2;08/02/2020;Las Palmas;Cadiz;1;2;A;0;1;A;255;287;31;255;275;325;255;28;315;;;;263;28;331;262;28;3;255;288;325;;;;;;;;;;;;;;;;;;;;;
SP2;08/02/2020;Zaragoza;Fuenlabrada;0;0;D;0;0;D;172;325;575;175;325;55;175;33;52;;;;178;328;581;167;33;6;18;33;54;;;;;;;;;;;;;;;;;;;;;
SP2;09/02/2020;Albacete;Ponferradina;1;1;D;0;1;A;245;29;32;26;285;31;25;285;32;;;;256;286;334;245;288;32;25;3;32;;;;;;;;;;;;;;;;;;;;;
SP2;09/02/2020;Alcorcon;La Coruna;0;1;A;0;0;D;245;287;325;255;27;34;25;275;33;;;;262;271;345;24;3;31;25;29;325;;;;;;;;;;;;;;;;;;;;;
SP2;09/02/2020;Sp Gijon;Mirandes;2;2;D;1;1;D;19;31;46;191;31;46;187;32;465;;;;188;327;497;205;31;38;191;313;48;;;;;;;;;;;;;;;;;;;;;
SP2;09/02/2020;Lugo;Elche;2;2;D;1;0;H;3;3;25;3;295;26;295;3;255;;;;322;286;263;288;3;26;3;3;26;;;;;;;;;;;;;;;;;;;;;
SP2;09/02/2020;Vallecano;Oviedo;1;1;D;0;1;A;175;34;5;175;35;5;177;35;47;;;;181;344;512;178;34;475;18;35;48;;;;;;;;;;;;;;;;;;;;;
SP2;09/02/2020;Malaga;Numancia;2;1;H;0;1;A;2;32;4;215;3;38;205;305;4;;;;211;303;426;21;31;37;21;31;4;;;;;;;;;;;;;;;;;;;;;
SP2;14/02/2020;La Coruna;Girona;2;2;D;1;0;H;3;28;27;285;29;275;295;285;265;;;;304;29;274;3;28;262;3;29;27;;;;;;;;;;;;;;;;;;;;;
SP2;15/02/2020;Huesca;Almeria;3;2;H;2;0;H;205;32;375;21;31;39;205;31;395;;;;207;312;424;2;32;29;205;32;4;;;;;;;;;;;;;;;;;;;;;
SP2;15/02/2020;Numancia;Las Palmas;1;1;D;0;0;D;245;3;31;24;29;33;25;295;305;;;;263;289;318;245;3;3;255;3;31;;;;;;;;;;;;;;;;;;;;;
SP2;15/02/2020;Oviedo;Alcorcon;1;2;A;0;2;A;21;29;36;225;3;35;22;295;365;;;;228;286;397;22;29;375;225;3;37;;;;;;;;;;;;;;;;;;;;;
SP2;15/02/2020;Elche;Zaragoza;1;2;A;1;2;A;287;29;25;29;295;265;29;3;26;;;;297;291;278;28;3;262;288;31;263;;;;;;;;;;;;;;;;;;;;;
SP2;16/02/2020;Fuenlabrada;Lugo;0;1;A;0;0;D;166;34;5;175;35;5;17;335;54;;;;17;342;62;17;34;55;173;34;575;;;;;;;;;;;;;;;;;;;;;
SP2;16/02/2020;Mirandes;Albacete;1;1;D;1;1;D;22;3;34;22;3;37;225;3;345;;;;232;3;364;22;31;34;23;31;34;;;;;;;;;;;;;;;;;;;;;
SP2;16/02/2020;Cadiz;Malaga;0;1;A;0;0;D;2;29;45;195;31;45;195;3;46;;;;197;303;497;191;3;48;195;3;48;;;;;;;;;;;;;;;;;;;;;
SP2;16/02/2020;Ponferradina;Extremadura UD;0;0;D;0;0;D;185;31;5;2;31;425;193;32;435;;;;193;316;491;188;325;433;195;325;44;;;;;;;;;;;;;;;;;;;;;
SP2;16/02/2020;Santander;Sp Gijon;0;2;A;0;1;A;262;3;287;28;29;28;265;29;295;;;;279;279;309;26;29;29;263;3;3;;;;;;;;;;;;;;;;;;;;;
SP2;16/02/2020;Tenerife;Vallecano;0;0;D;0;0;D;26;31;287;25;31;295;26;31;28;;;;269;3;299;255;3;287;27;3;29;;;;;;;;;;;;;;;;;;;;;
SP2;19/02/2020;Mirandes;Zaragoza;1;1;D;0;1;A;3;31;245;3;3;255;29;315;25;;;;305;302;263;262;32;262;3;32;25;;;;;;;;;;;;;;;;;;;;;
SP2;21/02/2020;Sp Gijon;Cadiz;1;0;H;0;0;D;26;27;325;265;265;33;255;265;335;;;;269;262;348;255;27;325;26;28;325;;;;;;;;;;;;;;;;;;;;;
SP2;22/02/2020;Alcorcon;Las Palmas;1;1;D;1;1;D;262;287;3;26;28;31;27;285;29;;;;279;284;304;262;29;287;263;3;3;;;;;;;;;;;;;;;;;;;;;
SP2;22/02/2020;Almeria;Fuenlabrada;0;0;D;0;0;D;19;31;45;191;31;46;195;31;44;;;;2;307;471;191;32;433;195;32;44;;;;;;;;;;;;;;;;;;;;;
SP2;22/02/2020;Girona;Ponferradina;2;0;H;2;0;H;172;35;5;18;32;525;175;34;5;;;;181;329;55;17;34;525;175;34;55;;;;;;;;;;;;;;;;;;;;;
SP2;22/02/2020;Tenerife;Elche;1;0;H;1;0;H;225;31;34;225;3;36;22;305;355;;;;224;301;381;22;31;34;22;313;36;;;;;;;;;;;;;;;;;;;;;
SP2;22/02/2020;Albacete;Numancia;2;1;H;0;1;A;235;29;34;24;29;34;235;285;345;;;;239;288;363;225;3;34;238;3;34;;;;;;;;;;;;;;;;;;;;;
SP2;23/02/2020;Lugo;Oviedo;1;0;H;1;0;H;31;3;245;295;29;265;31;295;245;;;;325;289;259;3;3;245;3;31;255;;;;;;;;;;;;;;;;;;;;;
SP2;23/02/2020;Zaragoza;La Coruna;3;1;H;2;1;H;18;32;525;187;325;46;183;33;465;;;;185;322;534;18;34;46;183;34;475;;;;;;;;;;;;;;;;;;;;;
SP2;23/02/2020;Extremadura UD;Mirandes;3;2;H;0;0;D;237;3;32;23;3;34;225;3;35;;;;229;297;377;22;3;36;23;31;34;;;;;;;;;;;;;;;;;;;;;
SP2;23/02/2020;Malaga;Santander;2;0;H;2;0;H;175;32;525;183;32;5;18;325;51;;;;182;322;556;178;32;5;18;33;525;;;;;;;;;;;;;;;;;;;;;
SP2;23/02/2020;Vallecano;Huesca;2;0;H;0;0;D;22;31;35;225;31;34;22;315;34;;;;232;304;357;22;31;34;225;313;35;;;;;;;;;;;;;;;;;;;;;
SP2;28/02/2020;Las Palmas;Malaga;1;1;D;0;0;D;237;29;33;24;29;33;245;285;335;;;;248;286;348;24;275;34;245;288;34;;;;;;;;;;;;;;;;;;;;;
SP2;29/02/2020;Huesca;Extremadura UD;2;2;D;1;1;D;155;375;65;157;37;65;157;37;63;;;;156;377;733;16;36;6;16;375;65;;;;;;;;;;;;;;;;;;;;;
SP2;29/02/2020;Ponferradina;Sp Gijon;1;0;H;1;0;H;237;29;33;255;28;325;24;295;325;;;;245;296;341;245;287;32;245;3;325;;;;;;;;;;;;;;;;;;;;;
SP2;29/02/2020;Cadiz;Almeria;2;1;H;1;1;D;21;3;4;215;285;39;21;295;395;;;;214;293;435;215;29;38;215;3;4;;;;;;;;;;;;;;;;;;;;;
SP2;29/02/2020;Albacete;Vallecano;1;1;D;1;1;D;26;3;29;265;285;3;27;29;28;;;;278;292;296;262;287;29;275;29;29;;;;;;;;;;;;;;;;;;;;;
SP2;29/02/2020;Santander;Zaragoza;2;2;D;0;0;D;38;32;205;37;3;22;36;32;21;;;;388;324;211;37;31;21;36;325;215;;;;;;;;;;;;;;;;;;;;;
SP2;01/03/2020;Mirandes;Girona;1;1;D;0;0;D;375;31;21;37;31;215;36;31;215;;;;371;317;22;37;31;21;37;313;22;;;;;;;;;;;;;;;;;;;;;
SP2;01/03/2020;Elche;Numancia;2;0;H;1;0;H;205;31;38;225;295;36;215;305;37;;;;218;301;402;215;3;37;215;31;38;;;;;;;;;;;;;;;;;;;;;
SP2;01/03/2020;La Coruna;Lugo;0;0;D;0;0;D;166;35;55;165;35;6;165;35;58;;;;165;358;642;163;34;6;165;35;65;;;;;;;;;;;;;;;;;;;;;
SP2;01/03/2020;Fuenlabrada;Alcorcon;3;4;A;1;3;A;22;287;38;22;29;38;22;29;375;;;;224;299;386;22;287;37;23;288;38;;;;;;;;;;;;;;;;;;;;;
SP2;01/03/2020;Oviedo;Tenerife;1;0;H;0;0;D;23;31;32;235;3;33;225;31;335;;;;231;306;357;225;3;34;238;31;33;;;;;;;;;;;;;;;;;;;;;
SP2;06/03/2020;Lugo;Cadiz;1;1;D;0;1;A;37;287;225;37;3;22;35;28;235;;;;368;286;239;38;29;215;36;288;238;;;;;;;;;;;;;;;;;;;;;
SP2;07/03/2020;Extremadura UD;Oviedo;1;2;A;0;1;A;27;287;287;255;295;3;275;29;28;;;;283;287;296;255;3;29;27;3;288;;;;;;;;;;;;;;;;;;;;;
SP2;07/03/2020;Girona;Albacete;1;1;D;1;0;H;161;35;6;16;36;65;163;355;59;;;;165;355;651;165;34;58;162;36;65;;;;;;;;;;;;;;;;;;;;;
SP2;07/03/2020;Huesca;Fuenlabrada;2;0;H;2;0;H;175;34;5;175;35;5;175;335;52;;;;174;342;585;183;325;46;175;34;55;;;;;;;;;;;;;;;;;;;;;
SP2;07/03/2020;Numancia;Santander;1;2;A;0;0;D;18;34;475;175;33;525;17;34;54;;;;174;337;591;18;325;48;17;35;575;;;;;;;;;;;;;;;;;;;;;
SP2;07/03/2020;Almeria;La Coruna;4;0;H;2;0;H;185;32;475;191;325;44;187;32;47;;;;191;315;511;195;31;433;187;33;475;;;;;;;;;;;;;;;;;;;;;
SP2;08/03/2020;Vallecano;Elche;2;3;A;1;0;H;2;32;4;2;325;39;205;32;385;;;;206;316;424;205;31;39;205;32;4;;;;;;;;;;;;;;;;;;;;;
SP2;08/03/2020;Malaga;Zaragoza;0;1;A;0;0;D;26;3;29;255;295;3;26;305;285;;;;269;297;302;24;3;31;27;3;29;;;;;;;;;;;;;;;;;;;;;
SP2;08/03/2020;Alcorcon;Mirandes;1;2;A;0;0;D;21;31;375;22;3;37;215;305;375;;;;22;294;408;21;3;375;215;313;38;;;;;;;;;;;;;;;;;;;;;
SP2;08/03/2020;Sp Gijon;Las Palmas;4;0;H;0;0;D;2;32;4;205;295;42;205;305;41;;;;209;302;437;22;29;37;205;31;42;;;;;;;;;;;;;;;;;;;;;
SP2;08/03/2020;Tenerife;Ponferradina;1;0;H;0;0;D;205;31;4;22;29;38;21;31;37;;;;221;296;402;21;31;37;21;32;38;;;;;;;;;;;;;;;;;;;;;
SP2;10/06/2020;Vallecano;Albacete;1;0;H;0;0;D;155;36;6;162;38;55;16;375;56;;;;16;393;618;157;37;6;162;37;625;;;;;;;;;;;;;;;;;;;;;
SP2;12/06/2020;Elche;Extremadura UD;1;1;D;1;0;H;205;31;4;21;31;38;215;31;36;;;;22;31;38;21;32;36;21;32;375;;;;;;;;;;;;;;;;;;;;;
SP2;12/06/2020;Fuenlabrada;Tenerife;1;0;H;1;0;H;25;29;31;265;28;31;26;285;31;;;;269;279;323;255;288;3;263;29;31;;;;;;;;;;;;;;;;;;;;;
SP2;12/06/2020;Malaga;Huesca;1;3;A;1;2;A;275;3;275;27;32;265;28;3;265;;;;285;312;271;28;3;262;29;3;27;;;;;;;;;;;;;;;;;;;;;
SP2;12/06/2020;Oviedo;Ponferradina;0;0;D;0;0;D;225;3;35;22;295;375;225;3;345;;;;233;298;364;22;3;35;23;3;35;;;;;;;;;;;;;;;;;;;;;
SP2;13/06/2020;Santander;Lugo;1;2;A;1;0;H;22;31;35;225;3;35;225;295;36;;;;232;302;361;225;29;36;225;3;37;;;;;;;;;;;;;;;;;;;;;
SP2;13/06/2020;Las Palmas;Girona;0;0;D;0;0;D;31;3;245;32;285;255;315;3;245;;;;319;306;25;31;3;245;31;3;255;;;;;;;;;;;;;;;;;;;;;
SP2;13/06/2020;Zaragoza;Alcorcon;1;3;A;0;0;D;172;35;475;178;34;5;177;345;48;;;;179;345;52;175;33;5;175;35;5;;;;;;;;;;;;;;;;;;;;;
SP2;14/06/2020;La Coruna;Sp Gijon;0;0;D;0;0;D;26;3;29;265;285;3;275;28;29;;;;285;279;302;27;288;288;27;3;29;;;;;;;;;;;;;;;;;;;;;
SP2;14/06/2020;Mirandes;Numancia;2;1;H;1;0;H;237;3;325;24;3;32;235;305;32;;;;239;306;339;235;3;32;245;31;313;;;;;;;;;;;;;;;;;;;;;
SP2;14/06/2020;Albacete;Almeria;0;1;A;0;1;A;3;3;25;285;295;27;29;3;26;;;;295;3;272;28;3;262;29;31;263;;;;;;;;;;;;;;;;;;;;;
SP2;14/06/2020;Cadiz;Vallecano;1;1;D;0;0;D;245;3;31;25;3;31;25;29;31;;;;259;291;323;25;288;31;245;3;32;;;;;;;;;;;;;;;;;;;;;
SP2;15/06/2020;Ponferradina;Elche;2;1;H;1;1;D;25;29;31;245;29;32;25;29;315;;;;255;289;332;245;288;32;245;3;32;;;;;;;;;;;;;;;;;;;;;
SP2;15/06/2020;Tenerife;Malaga;0;0;D;0;0;D;245;29;32;255;29;3;25;285;32;;;;253;285;341;245;28;325;25;29;33;;;;;;;;;;;;;;;;;;;;;
SP2;16/06/2020;Lugo;Zaragoza;1;3;A;0;1;A;4;33;195;41;32;195;395;325;2;;;;433;315;204;4;325;195;41;34;195;;;;;;;;;;;;;;;;;;;;;
SP2;16/06/2020;Girona;Santander;0;0;D;0;0;D;165;35;575;165;35;575;167;355;54;;;;168;364;592;165;35;55;167;36;575;;;;;;;;;;;;;;;;;;;;;
SP2;17/06/2020;Almeria;Las Palmas;0;1;A;0;1;A;18;34;475;183;325;46;187;33;445;;;;188;332;486;183;33;46;185;34;46;;;;;;;;;;;;;;;;;;;;;
SP2;17/06/2020;Extremadura UD;Albacete;0;1;A;0;1;A;245;3;31;255;28;31;25;29;31;;;;256;287;331;25;288;31;25;3;313;;;;;;;;;;;;;;;;;;;;;
SP2;17/06/2020;Oviedo;La Coruna;2;2;D;2;1;H;215;3;38;22;3;35;225;3;35;;;;229;303;367;22;3;35;22;31;36;;;;;;;;;;;;;;;;;;;;;
SP2;17/06/2020;Vallecano;Fuenlabrada;1;0;H;0;0;D;195;32;36;205;31;38;205;31;39;;;;209;305;429;21;3;39;21;313;4;;;;;;;;;;;;;;;;;;;;;
SP2;18/06/2020;Huesca;Mirandes;1;2;A;0;0;D;175;34;5;175;34;5;177;34;485;;;;179;335;546;175;34;48;175;35;5;;;;;;;;;;;;;;;;;;;;;
SP2;18/06/2020;Numancia;Cadiz;1;2;A;1;1;D;3;3;25;29;29;26;3;29;26;;;;316;289;265;3;288;255;3;3;26;;;;;;;;;;;;;;;;;;;;;
SP2;18/06/2020;Alcorcon;Sp Gijon;0;2;A;0;2;A;275;29;28;265;285;295;265;285;295;;;;271;282;316;255;288;3;263;3;3;;;;;;;;;;;;;;;;;;;;;
SP2;19/06/2020;Elche;Girona;1;0;H;0;0;D;31;29;25;29;29;26;305;29;255;;;;321;291;267;29;29;26;313;29;26;;;;;;;;;;;;;;;;;;;;;
SP2;20/06/2020;La Coruna;Vallecano;3;3;D;0;2;A;31;29;25;31;29;25;31;295;25;;;;336;289;259;31;3;245;31;31;25;;;;;;;;;;;;;;;;;;;;;
SP2;20/06/2020;Las Palmas;Lugo;1;0;H;0;0;D;19;33;375;195;32;41;193;32;43;;;;196;325;466;191;31;44;195;32;45;;;;;;;;;;;;;;;;;;;;;
SP2;20/06/2020;Zaragoza;Almeria;0;2;A;0;1;A;24;29;33;245;295;31;235;305;32;;;;24;31;343;235;3;325;245;31;313;;;;;;;;;;;;;;;;;;;;;
SP2;20/06/2020;Malaga;Extremadura UD;1;1;D;1;0;H;19;32;433;195;31;425;197;31;425;;;;204;303;472;195;31;42;195;32;44;;;;;;;;;;;;;;;;;;;;;
SP2;21/06/2020;Mirandes;Ponferradina;1;2;A;1;1;D;237;31;31;245;285;32;25;29;31;;;;261;29;331;25;288;31;245;3;32;;;;;;;;;;;;;;;;;;;;;
SP2;21/06/2020;Santander;Tenerife;1;2;A;0;1;A;32;29;25;295;28;265;305;285;26;;;;326;28;271;3;288;255;3;3;26;;;;;;;;;;;;;;;;;;;;;
SP2;21/06/2020;Albacete;Huesca;2;2;D;1;0;H;32;3;24;325;28;245;315;295;245;;;;338;292;255;32;29;24;313;3;25;;;;;;;;;;;;;;;;;;;;;
SP2;21/06/2020;Cadiz;Alcorcon;1;1;D;0;0;D;205;32;38;2;31;4;205;305;395;;;;213;306;426;205;3;4;205;313;41;;;;;;;;;;;;;;;;;;;;;
SP2;21/06/2020;Fuenlabrada;Numancia;2;0;H;1;0;H;24;29;325;235;29;33;235;29;335;;;;244;289;364;23;288;35;238;3;34;;;;;;;;;;;;;;;;;;;;;
SP2;22/06/2020;Sp Gijon;Oviedo;0;1;A;0;0;D;22;31;35;22;3;35;23;3;345;;;;237;306;345;225;3;34;23;3;35;;;;;;;;;;;;;;;;;;;;;
SP2;23/06/2020;Elche;La Coruna;0;1;A;0;0;D;23;29;35;235;29;34;235;3;33;;;;238;31;348;225;3;34;24;3;33;;;;;;;;;;;;;;;;;;;;;
SP2;23/06/2020;Lugo;Malaga;0;0;D;0;0;D;32;287;25;32;285;25;32;285;25;;;;338;288;258;32;28;25;32;29;255;;;;;;;;;;;;;;;;;;;;;
SP2;23/06/2020;Extremadura UD;Zaragoza;1;2;A;1;1;D;34;3;225;32;31;235;31;31;24;;;;333;318;241;31;31;235;313;325;238;;;;;;;;;;;;;;;;;;;;;
SP2;24/06/2020;Girona;Numancia;2;0;H;2;0;H;166;34;575;172;33;575;173;34;53;;;;176;331;588;167;35;55;173;35;55;;;;;;;;;;;;;;;;;;;;;
SP2;24/06/2020;Huesca;Cadiz;1;1;D;0;0;D;21;3;4;215;3;38;22;3;365;;;;226;301;376;22;3;36;22;31;37;;;;;;;;;;;;;;;;;;;;;
SP2;24/06/2020;Tenerife;Mirandes;4;1;H;2;0;H;22;29;375;22;29;375;22;305;36;;;;22;31;381;22;3;35;22;313;36;;;;;;;;;;;;;;;;;;;;;
SP2;24/06/2020;Albacete;Las Palmas;0;0;D;0;0;D;255;28;31;26;285;31;265;29;29;;;;282;288;295;262;3;28;27;3;29;;;;;;;;;;;;;;;;;;;;;
SP2;24/06/2020;Ponferradina;Santander;1;1;D;1;1;D;185;31;5;187;31;5;19;315;465;;;;193;31;508;183;32;475;187;32;5;;;;;;;;;;;;;;;;;;;;;
SP2;25/06/2020;Almeria;Alcorcon;0;1;A;0;1;A;18;33;475;178;33;5;187;325;455;;;;189;323;497;183;32;475;185;33;48;;;;;;;;;;;;;;;;;;;;;
SP2;25/06/2020;Vallecano;Sp Gijon;1;1;D;0;1;A;2;29;45;2;3;433;205;31;4;;;;207;309;432;21;31;375;21;313;39;;;;;;;;;;;;;;;;;;;;;
SP2;25/06/2020;Oviedo;Fuenlabrada;0;0;D;0;0;D;225;28;375;23;285;36;23;295;355;;;;229;298;375;23;288;35;23;3;35;;;;;;;;;;;;;;;;;;;;;
SP2;27/06/2020;La Coruna;Ponferradina;2;1;H;0;0;D;225;3;35;23;3;34;235;295;335;;;;245;297;34;235;29;33;238;3;34;;;;;;;;;;;;;;;;;;;;;
SP2;27/06/2020;Cadiz;Tenerife;0;2;A;0;1;A;2;3;42;205;295;42;205;3;405;;;;214;295;429;205;3;4;205;31;42;;;;;;;;;;;;;;;;;;;;;
SP2;27/06/2020;Las Palmas;Elche;1;1;D;1;1;D;245;29;32;25;295;31;255;3;295;;;;267;302;299;255;3;29;25;31;31;;;;;;;;;;;;;;;;;;;;;
SP2;27/06/2020;Santander;Albacete;1;2;A;1;0;H;26;3;29;265;285;3;265;29;29;;;;273;287;308;26;29;29;263;3;29;;;;;;;;;;;;;;;;;;;;;
SP2;28/06/2020;Mirandes;Almeria;2;2;D;1;2;A;3;287;26;3;285;265;295;295;26;;;;307;293;268;29;3;255;29;31;26;;;;;;;;;;;;;;;;;;;;;
SP2;28/06/2020;Sp Gijon;Lugo;2;0;H;1;0;H;175;325;525;183;31;525;185;32;48;;;;188;312;535;185;31;48;187;32;5;;;;;;;;;;;;;;;;;;;;;
SP2;28/06/2020;Malaga;Girona;2;0;H;1;0;H;3;287;262;3;285;265;295;29;265;;;;309;285;274;29;288;262;3;3;263;;;;;;;;;;;;;;;;;;;;;
SP2;28/06/2020;Numancia;Oviedo;1;0;H;1;0;H;23;29;35;24;285;34;24;29;325;;;;256;283;338;24;29;32;24;3;33;;;;;;;;;;;;;;;;;;;;;
SP2;28/06/2020;Fuenlabrada;Extremadura UD;1;1;D;1;1;D;245;3;31;25;3;31;26;295;295;;;;275;297;294;26;29;29;255;3;31;;;;;;;;;;;;;;;;;;;;;
SP2;29/06/2020;Alcorcon;Vallecano;3;2;H;1;1;D;3;287;26;285;285;28;295;295;26;;;;312;293;265;3;288;255;3;3;26;;;;;;;;;;;;;;;;;;;;;
SP2;29/06/2020;Zaragoza;Huesca;0;1;A;0;0;D;225;3;35;225;3;35;22;32;335;;;;223;32;359;22;31;34;23;32;33;;;;;;;;;;;;;;;;;;;;;
SP2;30/06/2020;Tenerife;La Coruna;1;1;D;0;0;D;205;325;37;205;32;38;21;31;375;;;;217;319;389;21;31;37;215;31;38;;;;;;;;;;;;;;;;;;;;;
SP2;30/06/2020;Elche;Cadiz;0;0;D;0;0;D;287;287;27;285;29;275;285;285;275;;;;299;289;286;288;28;275;29;29;28;;;;;;;;;;;;;;;;;;;;;
SP2;01/07/2020;Almeria;Sp Gijon;1;0;H;0;0;D;225;31;34;225;3;35;225;31;34;;;;231;315;357;225;3;34;225;31;35;;;;;;;;;;;;;;;;;;;;;
SP2;01/07/2020;Lugo;Numancia;3;1;H;1;0;H;255;31;287;26;295;295;27;295;28;;;;285;295;294;27;29;28;27;3;29;;;;;;;;;;;;;;;;;;;;;
SP2;01/07/2020;Oviedo;Mirandes;1;0;H;1;0;H;2;33;375;215;3;38;215;31;365;;;;223;305;392;215;31;35;215;32;37;;;;;;;;;;;;;;;;;;;;;
SP2;01/07/2020;Extremadura UD;Santander;3;1;H;2;0;H;21;31;38;21;3;4;215;305;375;;;;216;311;384;215;3;375;215;31;38;;;;;;;;;;;;;;;;;;;;;
SP2;01/07/2020;Ponferradina;Fuenlabrada;0;3;A;0;0;D;215;3;375;23;29;36;225;29;365;;;;227;297;393;22;288;375;23;29;37;;;;;;;;;;;;;;;;;;;;;
SP2;02/07/2020;Albacete;Alcorcon;1;1;D;0;1;A;24;31;3;255;29;31;25;29;315;;;;253;292;342;245;28;325;255;29;32;;;;;;;;;;;;;;;;;;;;;
SP2;02/07/2020;Huesca;Las Palmas;1;0;H;1;0;H;195;34;39;195;33;41;2;33;385;;;;204;334;413;2;325;38;2;33;4;;;;;;;;;;;;;;;;;;;;;
SP2;02/07/2020;Vallecano;Malaga;0;0;D;0;0;D;225;32;33;235;31;325;23;31;325;;;;234;325;338;225;31;325;238;31;325;;;;;;;;;;;;;;;;;;;;;
SP2;03/07/2020;Girona;Zaragoza;1;0;H;0;0;D;225;32;33;225;31;34;235;315;315;;;;243;31;327;235;3;325;23;313;34;;;;;;;;;;;;;;;;;;;;;
SP2;04/07/2020;Numancia;Extremadura UD;1;0;H;1;0;H;24;3;32;24;3;31;245;295;31;;;;257;292;325;24;29;32;245;3;32;;;;;;;;;;;;;;;;;;;;;
SP2;04/07/2020;Santander;Elche;1;2;A;1;0;H;42;31;2;38;31;205;38;31;21;;;;382;307;212;4;31;2;4;32;205;;;;;;;;;;;;;;;;;;;;;
SP2;04/07/2020;Almeria;Tenerife;1;2;A;1;1;D;237;3;32;235;3;32;24;31;315;;;;239;32;323;24;31;3;245;31;32;;;;;;;;;;;;;;;;;;;;;
SP2;04/07/2020;Cadiz;Oviedo;2;0;H;1;0;H;205;3;4;21;31;375;21;3;39;;;;215;298;419;21;3;38;21;31;4;;;;;;;;;;;;;;;;;;;;;
SP2;04/07/2020;Fuenlabrada;Mirandes;2;2;D;0;0;D;225;3;34;23;3;33;235;3;325;;;;245;293;345;23;3;33;24;3;33;;;;;;;;;;;;;;;;;;;;;
SP2;05/07/2020;La Coruna;Huesca;2;1;H;2;1;H;31;3;245;31;295;245;305;3;25;;;;327;298;257;288;3;255;31;3;255;;;;;;;;;;;;;;;;;;;;;
SP2;05/07/2020;Las Palmas;Ponferradina;3;0;H;0;0;D;22;3;36;22;3;35;225;305;345;;;;237;299;366;22;3;35;225;313;35;;;;;;;;;;;;;;;;;;;;;
SP2;05/07/2020;Malaga;Albacete;0;0;D;0;0;D;237;3;32;24;285;33;235;295;335;;;;24;294;354;24;288;325;24;3;33;;;;;;;;;;;;;;;;;;;;;
SP2;05/07/2020;Alcorcon;Lugo;2;2;D;1;0;H;205;31;4;205;3;4;21;305;385;;;;217;308;407;205;31;38;21;313;4;;;;;;;;;;;;;;;;;;;;;
SP2;06/07/2020;Sp Gijon;Girona;0;0;D;0;0;D;25;3;3;255;29;3;26;295;29;;;;279;294;301;26;31;28;263;3;3;;;;;;;;;;;;;;;;;;;;;
SP2;06/07/2020;Zaragoza;Vallecano;2;4;A;1;1;D;245;31;3;24;31;3;245;315;295;;;;257;315;3;23;32;31;245;313;31;;;;;;;;;;;;;;;;;;;;;
SP2;07/07/2020;Mirandes;Elche;1;0;H;0;0;D;23;3;34;23;3;33;235;305;325;;;;247;295;338;235;3;32;238;31;325;;;;;;;;;;;;;;;;;;;;;
SP2;07/07/2020;Fuenlabrada;Santander;1;0;H;0;0;D;157;36;65;16;37;575;157;365;65;;;;157;361;677;155;35;7;16;37;65;;;;;;;;;;;;;;;;;;;;;
SP2;07/07/2020;Extremadura UD;Cadiz;0;1;A;0;1;A;32;29;245;33;285;24;32;29;245;;;;328;292;254;32;288;245;32;29;255;;;;;;;;;;;;;;;;;;;;;
SP2;08/07/2020;Malaga;La Coruna;1;0;H;0;0;D;245;29;32;245;275;34;25;28;325;;;;265;267;347;245;288;32;255;288;325;;;;;;;;;;;;;;;;;;;;;
SP2;08/07/2020;Oviedo;Las Palmas;2;1;H;1;0;H;22;3;36;225;29;36;23;29;345;;;;242;282;367;23;288;35;23;3;35;;;;;;;;;;;;;;;;;;;;;
SP2;08/07/2020;Huesca;Alcorcon;2;1;H;2;1;H;195;33;4;195;325;4;193;325;42;;;;193;33;463;195;33;4;195;33;42;;;;;;;;;;;;;;;;;;;;;
SP2;08/07/2020;Ponferradina;Lugo;0;1;A;0;0;D;215;3;38;21;295;39;22;295;37;;;;226;297;385;215;3;37;22;3;375;;;;;;;;;;;;;;;;;;;;;
SP2;09/07/2020;Albacete;Sp Gijon;1;1;D;0;1;A;27;29;287;28;285;275;27;28;295;;;;279;279;31;27;28;29;275;288;3;;;;;;;;;;;;;;;;;;;;;
SP2;09/07/2020;Vallecano;Numancia;3;2;H;2;0;H;195;33;4;19;325;42;195;33;405;;;;197;324;452;188;35;4;195;34;41;;;;;;;;;;;;;;;;;;;;;
SP2;09/07/2020;Girona;Almeria;1;0;H;0;0;D;24;3;32;225;3;34;23;305;335;;;;232;314;344;235;3;325;238;3;34;;;;;;;;;;;;;;;;;;;;;
SP2;09/07/2020;Tenerife;Zaragoza;1;1;D;1;1;D;237;31;31;25;31;29;245;315;295;;;;251;308;316;238;32;3;245;32;3;;;;;;;;;;;;;;;;;;;;;
SP2;11/07/2020;Santander;Huesca;1;0;H;1;0;H;7;4;144;725;45;14;76;41;145;;;;902;401;147;8;4;144;85;4;145;;;;;;;;;;;;;;;;;;;;;
SP2;11/07/2020;Las Palmas;Mirandes;1;0;H;0;0;D;235;3;325;235;3;33;235;305;325;;;;238;306;341;225;31;325;23;31;34;;;;;;;;;;;;;;;;;;;;;
SP2;11/07/2020;Cadiz;Fuenlabrada;0;1;A;0;0;D;195;3;45;195;295;475;195;305;46;;;;197;307;492;191;3;46;195;31;475;;;;;;;;;;;;;;;;;;;;;
SP2;12/07/2020;La Coruna;Extremadura UD;2;3;A;1;0;H;;;;;;;16;375;56;;;;158;4;621;;;;162;37;6;;;;;;;;;;;;;;;;;;;;;
SP2;12/07/2020;Lugo;Girona;2;2;D;1;1;D;4;3;205;42;3;205;385;31;21;;;;417;303;213;37;31;21;38;32;21;;;;;;;;;;;;;;;;;;;;;
SP2;12/07/2020;Numancia;Ponferradina;1;0;H;0;0;D;237;287;34;24;285;34;24;295;325;;;;247;289;346;235;29;33;245;3;325;;;;;;;;;;;;;;;;;;;;;
SP2;12/07/2020;Zaragoza;Oviedo;2;4;A;0;2;A;205;31;38;21;31;38;21;315;365;;;;216;314;387;205;32;37;21;325;375;;;;;;;;;;;;;;;;;;;;;
SP2;13/07/2020;Almeria;Vallecano;3;2;H;3;0;H;255;31;287;255;31;29;265;31;275;;;;281;311;276;27;3;27;263;32;28;;;;;;;;;;;;;;;;;;;;;
SP2;13/07/2020;Sp Gijon;Malaga;2;1;H;2;0;H;25;28;32;26;275;32;255;28;315;;;;263;278;332;25;288;31;26;29;313;;;;;;;;;;;;;;;;;;;;;
SP2;13/07/2020;Alcorcon;Tenerife;0;0;D;0;0;D;275;287;287;275;285;29;275;29;28;;;;293;283;29;275;3;27;275;3;28;;;;;;;;;;;;;;;;;;;;;
SP2;13/07/2020;Elche;Albacete;2;0;H;0;0;D;23;3;34;23;3;34;24;295;325;;;;253;287;338;238;3;32;24;3;33;;;;;;;;;;;;;;;;;;;;;
SP2;17/07/2020;Albacete;Zaragoza;4;1;H;3;1;H;3;31;245;31;31;235;295;3;245;;;;303;318;253;29;31;25;3;325;245;;;;;;;;;;;;;;;;;;;;;
SP2;17/07/2020;Extremadura UD;Sp Gijon;2;0;H;2;0;H;39;32;2;;;;385;3;21;;;;396;318;212;39;31;205;39;32;21;;;;;;;;;;;;;;;;;;;;;
SP2;17/07/2020;Fuenlabrada;Elche;3;1;H;0;0;D;23;29;34;24;285;33;245;275;335;;;;251;28;352;24;275;34;245;28;35;;;;;;;;;;;;;;;;;;;;;
SP2;17/07/2020;Girona;Cadiz;2;1;H;1;0;H;155;36;7;155;35;7;155;35;725;;;;153;358;763;153;35;75;15;34;10;;;;;;;;;;;;;;;;;;;;;
SP2;17/07/2020;Huesca;Numancia;3;0;H;0;0;D;157;36;65;157;37;625;157;36;65;;;;157;375;723;153;37;7;16;375;65;;;;;;;;;;;;;;;;;;;;;
SP2;17/07/2020;Malaga;Alcorcon;2;0;H;1;0;H;237;29;33;225;29;36;245;275;33;;;;25;287;344;238;288;33;23;3;35;;;;;;;;;;;;;;;;;;;;;
SP2;17/07/2020;Mirandes;La Coruna;1;0;H;1;0;H;31;29;25;32;285;245;32;285;245;;;;332;292;252;31;3;245;31;3;255;;;;;;;;;;;;;;;;;;;;;
SP2;17/07/2020;Oviedo;Santander;1;0;H;1;0;H;14;4;9;;;;145;39;8;;;;145;412;915;142;4;9;145;41;85;;;;;;;;;;;;;;;;;;;;;
SP2;17/07/2020;Ponferradina;Almeria;2;1;H;1;1;D;26;3;287;29;285;27;265;285;28;;;;274;305;288;27;3;275;275;3;28;;;;;;;;;;;;;;;;;;;;;
SP2;17/07/2020;Tenerife;Lugo;1;2;A;0;0;D;166;35;55;175;33;5;17;34;55;;;;171;355;57;165;35;55;167;36;575;;;;;;;;;;;;;;;;;;;;;
SP2;17/07/2020;Vallecano;Las Palmas;2;2;D;1;1;D;16;35;65;16;36;6;157;36;65;;;;158;372;707;155;35;7;16;37;65;;;;;;;;;;;;;;;;;;;;;
SP2;20/07/2020;Las Palmas;Extremadura UD;5;1;H;4;0;H;19;34;4;185;32;4;2;315;395;;;;203;324;425;195;33;4;2;33;4;;;;;;;;;;;;;;;;;;;;;
SP2;20/07/2020;Alcorcon;Girona;2;0;H;0;0;D;237;287;34;23;295;31;24;29;315;;;;254;301;319;24;3;31;245;3;325;;;;;;;;;;;;;;;;;;;;;
SP2;20/07/2020;Almeria;Malaga;0;0;D;0;0;D;21;32;36;205;31;35;215;3;36;;;;22;319;369;21;31;37;215;32;37;;;;;;;;;;;;;;;;;;;;;
SP2;20/07/2020;Cadiz;Albacete;0;1;A;0;0;D;4;287;215;375;29;205;37;29;22;;;;374;311;222;37;3;215;38;3;22;;;;;;;;;;;;;;;;;;;;;
SP2;20/07/2020;Elche;Oviedo;2;1;H;1;1;D;15;41;65;148;4;575;153;375;7;;;;151;405;754;15;38;75;15;39;75;;;;;;;;;;;;;;;;;;;;;
SP2;20/07/2020;Lugo;Mirandes;2;1;H;0;1;A;145;41;75;142;4;7;15;38;7;;;;15;404;778;147;39;75;15;4;75;;;;;;;;;;;;;;;;;;;;;
SP2;20/07/2020;Numancia;Tenerife;2;1;H;1;0;H;145;41;75;14;4;725;15;385;7;;;;152;388;788;147;39;75;145;42;75;;;;;;;;;;;;;;;;;;;;;
SP2;20/07/2020;Santander;Vallecano;1;2;A;1;0;H;8;45;14;75;39;14;75;42;143;;;;821;44;144;8;44;14;85;44;14;;;;;;;;;;;;;;;;;;;;;
SP2;20/07/2020;Sp Gijon;Huesca;0;1;A;0;0;D;33;31;215;31;3;225;325;305;23;;;;336;315;236;32;31;23;325;313;238;;;;;;;;;;;;;;;;;;;;;
SP2;20/07/2020;Zaragoza;Ponferradina;2;1;H;1;0;H;21;33;35;2;34;36;215;315;345;;;;217;338;352;21;325;35;215;34;34;;;;;;;;;;;;;;;;;;;;;
SP2;07/08/2020;La Coruna;Fuenlabrada;2;1;H;0;1;A;21;32;36;2;32;35;215;3;365;;;;218;325;367;21;31;37;21;32;38;;;;;;;;;;;;;;;;;;;;;
SP2;12/09/2020;Ponferradina;Castellon;1;2;A;1;1;D;215;31;36;21;3;38;22;285;37;;;;226;297;384;21;31;37;22;31;37;;;;;;;;;;;;;;;;;;;;;
SP2;12/09/2020;Leganes;Las Palmas;1;0;H;0;0;D;185;33;45;195;32;41;19;31;44;;;;193;329;466;188;325;433;191;325;46;;;;;;;;;;;;;;;;;;;;;
SP2;12/09/2020;Sp Gijon;Logrones;1;0;H;0;0;D;2;32;4;191;32;42;205;3;41;;;;206;313;43;188;32;44;195;32;433;;;;;;;;;;;;;;;;;;;;;
SP2;12/09/2020;Espanol;Albacete;3;0;H;2;0;H;166;35;55;165;36;55;167;33;6;;;;168;348;641;165;35;55;167;35;6;;;;;;;;;;;;;;;;;;;;;
SP2;13/09/2020;Oviedo;Cartagena;0;0;D;0;0;D;21;31;38;21;31;37;22;295;36;;;;221;311;376;215;31;36;22;31;375;;;;;;;;;;;;;;;;;;;;;
SP2;13/09/2020;Mallorca;Vallecano;0;1;A;0;0;D;237;31;31;235;31;31;24;31;3;;;;245;333;302;225;325;31;24;32;31;;;;;;;;;;;;;;;;;;;;;
SP2;13/09/2020;Fuenlabrada;Lugo;2;0;H;0;0;D;21;31;38;22;3;36;22;29;365;;;;222;304;384;21;32;36;22;31;37;;;;;;;;;;;;;;;;;;;;;
SP2;13/09/2020;Mirandes;Alcorcon;0;0;D;0;0;D;287;3;262;29;285;265;285;285;265;;;;297;294;276;29;3;255;29;3;27;;;;;;;;;;;;;;;;;;;;;
SP2;13/09/2020;Tenerife;Malaga;2;0;H;1;0;H;18;34;475;18;34;45;18;32;49;;;;181;34;518;18;325;475;183;33;5;;;;;;;;;;;;;;;;;;;;;
SP2;19/09/2020;Mirandes;Oviedo;1;1;D;0;0;D;26;29;3;26;285;3;265;285;295;;;;286;284;295;262;3;28;27;29;3;;;;;;;;;;;;;;;;;;;;;
SP2;19/09/2020;Alcorcon;Tenerife;2;0;H;0;0;D;245;3;31;25;275;325;26;275;31;;;;273;27;331;25;288;31;255;29;32;;;;;;;;;;;;;;;;;;;;;
SP2;19/09/2020;Castellon;Malaga;0;1;A;0;1;A;23;275;375;23;28;36;23;275;375;;;;237;272;401;225;29;35;238;29;36;;;;;;;;;;;;;;;;;;;;;
SP2;19/09/2020;Vallecano;Sabadell;2;1;H;0;1;A;161;325;575;165;35;575;167;36;575;;;;168;366;572;163;36;55;167;36;575;;;;;;;;;;;;;;;;;;;;;
SP2;20/09/2020;Lugo;Leganes;2;1;H;0;1;A;375;3;205;37;3;215;4;295;21;;;;425;3;212;4;29;21;38;31;215;;;;;;;;;;;;;;;;;;;;;
SP2;20/09/2020;Espanol;Mallorca;0;0;D;0;0;D;17;33;5;175;33;5;173;33;55;;;;175;334;588;17;34;525;175;34;55;;;;;;;;;;;;;;;;;;;;;
SP2;20/09/2020;Albacete;Ponferradina;0;2;A;0;1;A;215;29;34;23;295;34;23;295;345;;;;237;297;357;23;29;34;238;29;35;;;;;;;;;;;;;;;;;;;;;
SP2;20/09/2020;Cartagena;Sp Gijon;0;1;A;0;0;D;275;287;262;29;275;28;295;27;275;;;;319;265;286;288;28;275;29;3;27;;;;;;;;;;;;;;;;;;;;;
SP2;20/09/2020;Las Palmas;Fuenlabrada;3;3;D;1;0;H;23;3;34;24;29;325;245;29;32;;;;257;296;32;24;29;32;24;3;33;;;;;;;;;;;;;;;;;;;;;
SP2;26/09/2020;Zaragoza;Las Palmas;2;2;D;1;1;D;185;3;5;195;295;45;19;315;47;;;;194;322;492;;;;191;31;46;;;;;;;;;;;;;;;;;;;;;
SP2;26/09/2020;Logrones;Castellon;1;1;D;0;0;D;245;28;33;25;28;32;245;285;33;;;;256;293;339;;;;24;29;33;;;;;;;;;;;;;;;;;;;;;
SP2;26/09/2020;Malaga;Alcorcon;1;0;H;1;0;H;255;29;31;25;28;32;265;28;3;;;;277;282;321;;;;255;288;31;;;;;;;;;;;;;;;;;;;;;
SP2;26/09/2020;Sp Gijon;Girona;2;0;H;0;0;D;262;29;29;26;285;295;27;29;285;;;;278;299;299;;;;263;29;29;;;;;;;;;;;;;;;;;;;;;
SP2;26/09/2020;Fuenlabrada;Albacete;1;0;H;0;0;D;19;3;475;2;295;44;2;295;44;;;;201;309;483;;;;2;3;44;;;;;;;;;;;;;;;;;;;;;
SP2;27/09/2020;Lugo;Almeria;0;2;A;0;2;A;29;287;27;285;29;27;28;3;265;;;;296;314;269;;;;29;3;27;;;;;;;;;;;;;;;;;;;;;
SP2;27/09/2020;Mallorca;Sabadell;1;0;H;0;0;D;17;33;55;175;34;5;173;34;55;;;;175;35;583;;;;173;35;55;;;;;;;;;;;;;;;;;;;;;
SP2;27/09/2020;Oviedo;Espanol;0;2;A;0;0;D;42;3;205;45;285;2;395;285;22;;;;427;291;222;;;;41;3;21;;;;;;;;;;;;;;;;;;;;;
SP2;27/09/2020;Ponferradina;Vallecano;3;0;H;3;0;H;32;29;245;31;29;25;31;295;25;;;;323;302;259;;;;31;3;255;;;;;;;;;;;;;;;;;;;;;
SP2;27/09/2020;Tenerife;Mirandes;1;2;A;1;1;D;19;31;45;185;32;46;19;32;45;;;;19;334;49;;;;193;32;46;;;;;;;;;;;;;;;;;;;;;
SP2;27/09/2020;Leganes;Cartagena;3;1;H;3;0;H;18;325;5;18;325;475;18;32;525;;;;182;326;574;;;;183;32;525;;;;;;;;;;;;;;;;;;;;;
SP2;03/10/2020;Alcorcon;Zaragoza;0;0;D;0;0;D;26;28;31;275;28;285;26;285;295;;;;277;286;316;27;3;275;26;3;288;;;;;;;;;;;;;;;;;;;;;
SP2;03/10/2020;Mirandes;Ponferradina;0;1;A;0;0;D;25;275;33;25;275;33;25;285;325;;;;254;287;349;255;288;3;25;29;313;;;;;;;;;;;;;;;;;;;;;
SP2;03/10/2020;Albacete;Oviedo;1;1;D;0;1;A;245;28;33;265;28;3;255;285;31;;;;266;293;323;28;288;275;26;28;31;;;;;;;;;;;;;;;;;;;;;
SP2;03/10/2020;Mallorca;Tenerife;2;0;H;1;0;H;195;3;45;19;3;475;2;3;44;;;;205;302;477;195;31;42;195;313;433;;;;;;;;;;;;;;;;;;;;;
SP2;03/10/2020;Las Palmas;Logrones;2;1;H;0;0;D;185;32;475;187;31;46;19;305;49;;;;193;313;523;185;31;475;191;31;46;;;;;;;;;;;;;;;;;;;;;
SP2;03/10/2020;Vallecano;Malaga;4;0;H;2;0;H;183;325;475;19;32;433;19;315;45;;;;195;322;487;185;31;475;187;32;46;;;;;;;;;;;;;;;;;;;;;
SP2;04/10/2020;Girona;Fuenlabrada;0;1;A;0;1;A;21;29;4;21;29;4;225;285;38;;;;226;294;407;22;288;375;215;29;37;;;;;;;;;;;;;;;;;;;;;
SP2;04/10/2020;Sabadell;Espanol;0;1;A;0;0;D;525;31;18;525;32;175;525;325;18;;;;553;34;18;46;3;191;5;32;175;;;;;;;;;;;;;;;;;;;;;
SP2;04/10/2020;Almeria;Sp Gijon;0;1;A;0;0;D;215;31;36;22;3;35;225;305;355;;;;229;317;361;205;3;4;22;29;36;;;;;;;;;;;;;;;;;;;;;
SP2;04/10/2020;Castellon;Leganes;2;0;H;1;0;H;35;29;23;375;28;225;35;285;235;;;;373;293;239;34;29;23;33;3;225;;;;;;;;;;;;;;;;;;;;;
SP2;04/10/2020;Cartagena;Lugo;2;1;H;1;0;H;26;29;3;265;285;29;265;29;29;;;;271;305;303;27;288;288;26;288;288;;;;;;;;;;;;;;;;;;;;;
SP2;10/10/2020;Sabadell;Mirandes;0;2;A;0;0;D;32;28;25;31;275;26;31;285;255;;;;336;287;262;32;28;25;313;29;25;;;;;;;;;;;;;;;;;;;;;
SP2;10/10/2020;Espanol;Alcorcon;1;0;H;0;0;D;155;38;6;157;37;6;16;37;625;;;;161;396;642;16;36;6;157;36;65;;;;;;;;;;;;;;;;;;;;;
SP2;10/10/2020;Logrones;Almeria;1;0;H;0;0;D;3;29;26;29;275;275;295;285;27;;;;31;288;28;3;275;27;29;29;263;;;;;;;;;;;;;;;;;;;;;
SP2;10/10/2020;Tenerife;Vallecano;1;0;H;0;0;D;275;28;29;27;295;275;27;285;285;;;;284;29;303;28;28;28;27;3;28;;;;;;;;;;;;;;;;;;;;;
SP2;11/10/2020;Fuenlabrada;Castellon;1;1;D;1;0;H;195;3;45;187;31;46;2;295;44;;;;206;302;471;191;3;475;193;31;42;;;;;;;;;;;;;;;;;;;;;
SP2;11/10/2020;Lugo;Mallorca;0;1;A;0;0;D;325;29;24;3;295;25;31;295;25;;;;305;301;273;31;28;255;3;29;25;;;;;;;;;;;;;;;;;;;;;
SP2;11/10/2020;Leganes;Girona;0;1;A;0;1;A;21;29;4;215;3;375;22;285;385;;;;224;295;405;205;288;42;21;29;38;;;;;;;;;;;;;;;;;;;;;
SP2;11/10/2020;Malaga;Las Palmas;0;0;D;0;0;D;25;3;3;245;3;3;26;3;285;;;;271;314;295;25;3;3;26;288;288;;;;;;;;;;;;;;;;;;;;;
SP2;11/10/2020;Zaragoza;Albacete;1;0;H;0;0;D;195;31;433;19;325;425;2;31;42;;;;201;318;451;2;31;4;195;31;41;;;;;;;;;;;;;;;;;;;;;
SP2;11/10/2020;Ponferradina;Cartagena;0;2;A;0;0;D;28;287;28;285;27;285;29;265;29;;;;3;27;308;262;28;3;27;275;288;;;;;;;;;;;;;;;;;;;;;
SP2;11/10/2020;Oviedo;Sp Gijon;1;0;H;1;0;H;32;28;25;33;28;245;325;285;25;;;;334;292;26;33;275;245;31;28;25;;;;;;;;;;;;;;;;;;;;;
SP2;17/10/2020;Albacete;Sabadell;3;0;H;1;0;H;23;3;34;23;29;34;23;29;35;;;;236;293;373;235;275;35;225;3;35;;;;;;;;;;;;;;;;;;;;;
SP2;17/10/2020;Castellon;Lugo;0;1;A;0;0;D;215;287;4;22;29;37;22;29;385;;;;216;296;43;225;28;37;22;3;36;;;;;;;;;;;;;;;;;;;;;
SP2;17/10/2020;Cartagena;Fuenlabrada;1;1;D;0;0;D;275;28;287;265;28;3;28;275;29;;;;292;28;301;262;27;31;275;29;28;;;;;;;;;;;;;;;;;;;;;
SP2;17/10/2020;Las Palmas;Almeria;2;0;H;1;0;H;255;287;31;25;295;3;265;28;3;;;;276;287;31;255;29;3;27;29;29;;;;;;;;;;;;;;;;;;;;;
SP2;17/10/2020;Logrones;Leganes;0;1;A;0;1;A;34;28;245;34;27;245;34;28;245;;;;349;283;255;32;27;26;32;29;245;;;;;;;;;;;;;;;;;;;;;
SP2;18/10/2020;Vallecano;Espanol;1;0;H;0;0;D;29;3;255;3;28;265;295;28;27;;;;305;289;278;3;27;27;288;29;26;;;;;;;;;;;;;;;;;;;;;
SP2;18/10/2020;Mirandes;Mallorca;0;0;D;0;0;D;262;287;287;265;285;29;28;28;285;;;;293;287;291;28;29;27;27;288;28;;;;;;;;;;;;;;;;;;;;;
SP2;18/10/2020;Zaragoza;Malaga;1;2;A;0;2;A;195;3;433;19;31;45;195;315;44;;;;197;322;462;195;3;44;191;31;433;;;;;;;;;;;;;;;;;;;;;
SP2;18/10/2020;Girona;Oviedo;1;0;H;0;0;D;205;31;4;195;31;433;205;305;41;;;;207;312;432;205;3;4;205;3;39;;;;;;;;;;;;;;;;;;;;;
SP2;18/10/2020;Sp Gijon;Tenerife;1;1;D;0;0;D;22;3;36;225;275;375;235;28;36;;;;243;279;381;22;3;36;225;29;34;;;;;;;;;;;;;;;;;;;;;
SP2;21/10/2020;Espanol;Mirandes;2;0;H;2;0;H;153;4;6;15;39;675;153;39;7;;;;152;395;796;15;37;75;15;38;75;;;;;;;;;;;;;;;;;;;;;
SP2;21/10/2020;Las Palmas;Castellon;2;1;H;0;0;D;21;31;4;205;3;4;215;305;375;;;;217;314;392;21;3;38;215;3;375;;;;;;;;;;;;;;;;;;;;;
SP2;21/10/2020;Lugo;Girona;3;0;H;0;0;D;3;31;245;32;295;24;315;29;245;;;;329;298;254;325;29;238;31;3;245;;;;;;;;;;;;;;;;;;;;;
SP2;21/10/2020;Ponferradina;Tenerife;1;0;H;1;0;H;275;29;28;29;265;29;285;275;285;;;;298;274;301;28;275;288;27;29;288;;;;;;;;;;;;;;;;;;;;;
SP2;21/10/2020;Almeria;Cartagena;1;1;D;0;1;A;205;3;4;215;29;38;215;31;37;;;;216;322;384;235;288;34;215;31;36;;;;;;;;;;;;;;;;;;;;;
SP2;21/10/2020;Fuenlabrada;Logrones;0;0;D;0;0;D;2;3;42;2;295;44;205;295;43;;;;209;293;465;2;3;433;2;313;41;;;;;;;;;;;;;;;;;;;;;
SP2;22/10/2020;Leganes;Zaragoza;1;0;H;0;0;D;23;3;34;235;285;34;235;285;35;;;;239;288;375;235;29;33;23;3;32;;;;;;;;;;;;;;;;;;;;;
SP2;22/10/2020;Malaga;Sp Gijon;1;0;H;1;0;H;262;29;29;265;28;295;275;28;285;;;;287;286;298;255;28;31;27;288;28;;;;;;;;;;;;;;;;;;;;;
SP2;22/10/2020;Mallorca;Albacete;0;0;D;0;0;D;205;31;4;21;3;38;215;305;38;;;;215;311;402;225;29;36;21;3;375;;;;;;;;;;;;;;;;;;;;;
SP2;22/10/2020;Oviedo;Vallecano;0;0;D;0;0;D;3;3;25;29;29;265;295;29;26;;;;308;294;272;3;28;262;29;29;255;;;;;;;;;;;;;;;;;;;;;
SP2;24/10/2020;Cartagena;Las Palmas;3;0;H;2;0;H;23;3;34;245;28;33;245;28;335;;;;253;283;352;;;;;;;;;;;;;;;;;;;;;;;;;;;
SP2;24/10/2020;Logrones;Lugo;2;3;A;1;0;H;27;28;3;25;275;325;26;275;305;;;;275;282;318;;;;255;288;31;;;;;;;;;;;;;;;;;;;;;
SP2;24/10/2020;Almeria;Fuenlabrada;3;0;H;1;0;H;23;29;35;225;285;37;23;285;365;;;;233;287;39;;;;238;29;34;;;;;;;;;;;;;;;;;;;;;
SP2;24/10/2020;Castellon;Girona;0;1;A;0;1;A;287;287;27;28;285;275;28;28;28;;;;289;286;296;;;;288;29;27;;;;;;;;;;;;;;;;;;;;;
SP2;25/10/2020;Sp Gijon;Ponferradina;2;1;H;0;1;A;225;275;375;225;275;38;23;295;35;;;;;;;;;;22;29;36;;;;;;;;;;;;;;;;;;;;;
SP2;25/10/2020;Leganes;Oviedo;2;1;H;0;0;D;185;3;5;19;31;46;195;305;48;;;;193;309;513;;;;191;3;44;;;;;;;;;;;;;;;;;;;;;
SP2;25/10/2020;Tenerife;Espanol;0;0;D;0;0;D;31;29;25;32;265;265;335;27;255;;;;355;268;264;;;;3;288;245;;;;;;;;;;;;;;;;;;;;;
SP2;25/10/2020;Albacete;Vallecano;2;1;H;1;0;H;31;3;25;3;29;255;31;28;255;;;;321;289;267;;;;3;288;25;;;;;;;;;;;;;;;;;;;;;
SP2;25/10/2020;Malaga;Mirandes;1;1;D;1;0;H;22;3;36;22;295;36;225;295;36;;;;231;298;377;;;;23;29;33;;;;;;;;;;;;;;;;;;;;;
SP2;25/10/2020;Zaragoza;Sabadell;0;0;D;0;0;D;185;34;45;175;33;5;185;32;48;;;;188;336;5;;;;187;325;45;;;;;;;;;;;;;;;;;;;;;
SP2;26/10/2020;Alcorcon;Mallorca;0;2;A;0;2;A;28;28;28;275;265;3;285;265;29;;;;309;264;303;;;;275;28;28;;;;;;;;;;;;;;;;;;;;;
SP2;27/10/2020;Girona;Cartagena;2;1;H;1;1;D;2;3;433;21;3;38;215;29;41;;;;218;296;432;21;288;4;21;29;41;;;;;;;;;;;;;;;;;;;;;
SP2;28/10/2020;Albacete;Las Palmas;1;1;D;1;0;H;255;29;31;26;275;31;26;28;305;;;;269;283;326;24;28;34;25;29;313;;;;;;;;;;;;;;;;;;;;;
SP2;28/10/2020;Castellon;Almeria;1;2;A;0;1;A;287;28;275;29;275;275;29;28;275;;;;307;282;284;28;288;275;28;288;275;;;;;;;;;;;;;;;;;;;;;
SP2;28/10/2020;Espanol;Ponferradina;2;0;H;1;0;H;15;36;85;157;35;675;153;38;725;;;;151;397;813;16;35;65;15;375;75;;;;;;;;;;;;;;;;;;;;;
SP2;28/10/2020;Oviedo;Logrones;2;3;A;1;0;H;225;28;38;235;28;35;235;285;345;;;;238;302;354;25;275;325;238;288;34;;;;;;;;;;;;;;;;;;;;;
SP2;29/10/2020;Alcorcon;Sp Gijon;1;2;A;0;0;D;28;28;28;27;27;3;28;28;28;;;;292;29;29;28;275;288;275;28;28;;;;;;;;;;;;;;;;;;;;;
SP2;29/10/2020;Mallorca;Malaga;3;1;H;1;0;H;195;31;42;195;31;42;205;305;42;;;;207;32;418;215;288;39;205;29;4;;;;;;;;;;;;;;;;;;;;;
SP2;29/10/2020;Mirandes;Zaragoza;1;0;H;0;0;D;29;3;262;29;295;26;275;295;27;;;;285;31;278;29;29;26;28;29;263;;;;;;;;;;;;;;;;;;;;;
SP2;29/10/2020;Tenerife;Lugo;1;1;D;1;0;H;2;28;475;2;285;46;2;3;44;;;;201;311;463;2;288;45;195;3;433;;;;;;;;;;;;;;;;;;;;;
SP2;29/10/2020;Sabadell;Leganes;1;0;H;0;0;D;;;;;;;45;3;2;;;;455;306;203;;;;;;;;;;;;;;;;;;;;;;;;;;;
SP2;29/10/2020;Vallecano;Fuenlabrada;2;0;H;0;0;D;2;3;42;2;31;41;21;305;4;;;;208;314;427;215;29;38;205;3;39;;;;;;;;;;;;;;;;;;;;;
SP2;31/10/2020;Cartagena;Albacete;3;1;H;3;0;H;21;29;375;21;3;38;215;3;375;;;;221;31;387;;;;;;;;;;;;;;;;;;;;;;;;;;;
SP2;31/10/2020;Las Palmas;Oviedo;1;2;A;0;2;A;2;29;4;21;3;38;215;3;38;;;;218;306;394;;;;215;3;38;;;;;;;;;;;;;;;;;;;;;
SP2;01/11/2020;Leganes;Mirandes;1;0;H;0;0;D;195;29;4;205;295;41;21;295;41;;;;211;294;443;;;;205;3;39;;;;;;;;;;;;;;;;;;;;;
SP2;01/11/2020;Zaragoza;Mallorca;0;0;D;0;0;D;27;29;27;28;29;27;285;29;27;;;;302;289;277;;;;28;29;263;;;;;;;;;;;;;;;;;;;;;
SP2;01/11/2020;Fuenlabrada;Tenerife;1;1;D;1;0;H;245;26;36;255;26;34;25;265;35;;;;258;267;362;;;;245;28;32;;;;;;;;;;;;;;;;;;;;;
SP2;01/11/2020;Ponferradina;Sabadell;0;3;A;0;1;A;175;325;525;183;32;475;183;325;49;;;;183;328;521;;;;175;325;5;;;;;;;;;;;;;;;;;;;;;
SP2;01/11/2020;Lugo;Vallecano;1;0;H;1;0;H;35;3;215;33;31;225;34;305;225;;;;357;313;228;;;;34;3;22;;;;;;;;;;;;;;;;;;;;;
SP2;01/11/2020;Almeria;Girona;0;0;D;0;0;D;245;29;31;26;29;295;265;28;3;;;;271;285;314;;;;25;29;3;;;;;;;;;;;;;;;;;;;;;
SP2;02/11/2020;Logrones;Alcorcon;1;0;H;1;0;H;25;262;34;265;265;32;26;27;32;;;;271;272;338;;;;25;288;3;;;;;;;;;;;;;;;;;;;;;
SP2;02/11/2020;Sp Gijon;Castellon;1;0;H;1;0;H;195;275;5;2;285;45;205;28;47;;;;207;279;517;;;;2;29;42;;;;;;;;;;;;;;;;;;;;;
SP2;02/11/2020;Malaga;Espanol;0;3;A;0;1;A;42;29;2;4;31;2;42;3;205;;;;436;31;207;;;;41;3;2;;;;;;;;;;;;;;;;;;;;;
SP2;04/11/2020;Zaragoza;Girona;2;2;D;0;1;A;225;31;34;225;3;34;235;295;34;;;;24;307;343;23;29;34;23;3;34;;;;;;;;;;;;;;;;;;;;;
SP2;05/11/2020;Alcorcon;Ponferradina;0;1;A;0;0;D;26;287;3;265;275;3;265;28;3;;;;279;285;308;26;288;3;255;288;29;;;;;;;;;;;;;;;;;;;;;
SP2;05/11/2020;Sabadell;Almeria;1;2;A;1;1;D;32;287;25;31;28;255;335;28;245;;;;354;282;252;34;275;24;31;288;245;;;;;;;;;;;;;;;;;;;;;
SP2;06/11/2020;Albacete;Leganes;0;0;D;0;0;D;4;29;21;4;29;21;4;285;22;;;;411;291;227;34;275;24;38;288;22;;;;;;;;;;;;;;;;;;;;;
SP2;07/11/2020;Cartagena;Logrones;0;1;A;0;0;D;215;3;38;215;295;38;22;29;385;;;;221;297;41;22;3;35;215;3;375;;;;;;;;;;;;;;;;;;;;;
SP2;07/11/2020;Mirandes;Sp Gijon;1;0;H;1;0;H;287;275;287;28;27;29;295;27;28;;;;311;269;294;28;27;29;28;288;28;;;;;;;;;;;;;;;;;;;;;
SP2;07/11/2020;Espanol;Lugo;2;1;H;1;1;D;144;4;8;144;4;8;147;395;8;;;;145;413;917;147;4;7;144;39;85;;;;;;;;;;;;;;;;;;;;;
SP2;08/11/2020;Sabadell;Malaga;1;2;A;1;1;D;275;275;3;285;27;285;27;27;305;;;;274;276;328;28;27;29;27;275;288;;;;;;;;;;;;;;;;;;;;;
SP2;08/11/2020;Alcorcon;Fuenlabrada;0;3;A;0;1;A;262;29;29;275;285;28;27;285;29;;;;28;294;298;275;29;275;27;28;28;;;;;;;;;;;;;;;;;;;;;
SP2;08/11/2020;Vallecano;Almeria;0;1;A;0;0;D;2;3;433;2;3;42;205;3;42;;;;204;314;444;215;3;37;2;3;42;;;;;;;;;;;;;;;;;;;;;
SP2;08/11/2020;Mallorca;Ponferradina;3;0;H;2;0;H;175;33;525;175;325;525;18;32;525;;;;183;33;537;191;31;45;175;313;525;;;;;;;;;;;;;;;;;;;;;
SP2;08/11/2020;Oviedo;Castellon;4;0;H;1;0;H;21;29;4;205;3;4;215;3;385;;;;215;314;398;21;288;4;215;288;38;;;;;;;;;;;;;;;;;;;;;
SP2;08/11/2020;Tenerife;Zaragoza;1;0;H;1;0;H;22;3;36;22;3;36;225;3;36;;;;226;306;377;235;288;34;22;288;36;;;;;;;;;;;;;;;;;;;;;
SP2;09/11/2020;Girona;Las Palmas;1;1;D;0;1;A;225;31;34;225;31;33;23;295;345;;;;236;306;354;23;29;34;225;288;35;;;;;;;;;;;;;;;;;;;;;
SP2;13/11/2020;Zaragoza;Oviedo;1;2;A;1;1;D;325;28;245;29;29;26;305;285;26;;;;318;289;273;262;288;29;3;29;26;;;;;;;;;;;;;;;;;;;;;
SP2;14/11/2020;Fuenlabrada;Espanol;1;1;D;0;1;A;42;29;205;42;29;205;395;285;22;;;;414;295;221;4;288;21;39;3;21;;;;;;;;;;;;;;;;;;;;;
SP2;14/11/2020;Almeria;Mirandes;2;1;H;2;1;H;195;3;45;195;3;45;2;305;43;;;;205;303;461;195;31;42;195;32;41;;;;;;;;;;;;;;;;;;;;;
SP2;14/11/2020;Girona;Mallorca;0;1;A;0;1;A;26;28;31;255;28;31;27;28;295;;;;281;285;306;26;275;31;27;28;3;;;;;;;;;;;;;;;;;;;;;
SP2;14/11/2020;Lugo;Albacete;1;0;H;0;0;D;225;32;33;225;31;33;225;305;345;;;;228;319;356;23;3;33;23;3;34;;;;;;;;;;;;;;;;;;;;;
SP2;15/11/2020;Leganes;Alcorcon;1;0;H;0;0;D;16;35;65;165;325;65;163;335;675;;;;166;335;732;163;325;7;162;325;65;;;;;;;;;;;;;;;;;;;;;
SP2;15/11/2020;Ponferradina;Malaga;1;1;D;0;1;A;23;275;38;22;275;4;225;275;39;;;;228;279;421;23;28;36;22;288;36;;;;;;;;;;;;;;;;;;;;;
SP2;15/11/2020;Castellon;Cartagena;2;1;H;0;0;D;287;28;287;265;285;29;275;285;28;;;;286;29;295;28;288;275;27;29;275;;;;;;;;;;;;;;;;;;;;;
SP2;15/11/2020;Logrones;Sabadell;1;0;H;0;0;D;215;31;36;22;29;37;225;3;355;;;;23;316;354;22;288;37;23;3;325;;;;;;;;;;;;;;;;;;;;;
SP2;15/11/2020;Las Palmas;Tenerife;1;0;H;0;0;D;255;287;31;255;28;31;265;285;29;;;;277;289;307;25;288;31;25;3;29;;;;;;;;;;;;;;;;;;;;;
SP2;16/11/2020;Sp Gijon;Vallecano;1;1;D;0;0;D;225;32;33;22;32;325;23;305;335;;;;239;316;335;22;31;34;22;3;34;;;;;;;;;;;;;;;;;;;;;
SP2;20/11/2020;Alcorcon;Lugo;1;0;H;0;0;D;27;275;3;265;275;3;27;27;3;;;;283;279;317;28;28;28;27;275;3;;;;;;;;;;;;;;;;;;;;;
SP2;20/11/2020;Espanol;Girona;1;2;A;1;0;H;155;36;7;16;34;675;157;36;65;;;;158;365;804;147;375;8;155;36;7;;;;;;;;;;;;;;;;;;;;;
SP2;21/11/2020;Malaga;Leganes;1;2;A;0;1;A;287;3;24;31;285;25;32;28;25;;;;336;293;254;34;275;24;31;288;255;;;;;;;;;;;;;;;;;;;;;
SP2;21/11/2020;Mirandes;Cartagena;4;1;H;1;0;H;237;287;31;245;3;3;24;29;325;;;;246;299;342;24;28;34;25;29;313;;;;;;;;;;;;;;;;;;;;;
SP2;21/11/2020;Vallecano;Castellon;2;1;H;2;0;H;16;36;55;167;35;525;165;36;575;;;;166;381;578;167;35;55;165;35;575;;;;;;;;;;;;;;;;;;;;;
SP2;21/11/2020;Oviedo;Fuenlabrada;1;1;D;1;0;H;22;3;34;225;285;36;23;285;36;;;;233;289;388;238;28;34;23;29;35;;;;;;;;;;;;;;;;;;;;;
SP2;22/11/2020;Sabadell;Las Palmas;3;1;H;2;0;H;262;3;262;28;29;275;28;285;275;;;;288;303;28;3;288;26;275;288;27;;;;;;;;;;;;;;;;;;;;;
SP2;22/11/2020;Mallorca;Sp Gijon;0;0;D;0;0;D;19;31;42;195;31;425;195;305;44;;;;196;322;468;195;3;44;195;29;44;;;;;;;;;;;;;;;;;;;;;
SP2;22/11/2020;Tenerife;Logrones;0;1;A;0;1;A;19;325;433;191;31;44;195;3;45;;;;196;309;496;195;3;44;191;3;45;;;;;;;;;;;;;;;;;;;;;
SP2;22/11/2020;Ponferradina;Zaragoza;2;1;H;0;0;D;237;3;3;245;3;3;255;29;3;;;;264;294;319;255;288;3;25;29;3;;;;;;;;;;;;;;;;;;;;;
SP2;23/11/2020;Albacete;Almeria;1;2;A;0;1;A;;;;3;28;265;295;29;255;;;;308;301;266;;;;;;;;;;;;;;;;;;;;;;;;;;;
SP2;24/11/2020;Castellon;Alcorcon;0;2;A;0;2;A;23;29;35;23;28;36;245;27;34;;;;252;28;365;23;28;36;24;28;34;;;;;;;;;;;;;;;;;;;;;
SP2;24/11/2020;Girona;Malaga;0;1;A;0;1;A;2;3;433;2;31;4;2;3;42;;;;211;306;438;195;3;44;2;3;433;;;;;;;;;;;;;;;;;;;;;
SP2;24/11/2020;Lugo;Oviedo;0;0;D;0;0;D;31;29;25;295;28;265;315;275;255;;;;336;28;268;31;275;26;31;288;255;;;;;;;;;;;;;;;;;;;;;
SP2;25/11/2020;Las Palmas;Mirandes;0;2;A;0;1;A;205;3;4;205;3;4;21;295;385;;;;22;301;404;215;29;38;21;3;39;;;;;;;;;;;;;;;;;;;;;
SP2;25/11/2020;Sp Gijon;Sabadell;3;1;H;1;0;H;175;33;525;18;325;475;18;32;525;;;;179;328;582;175;32;525;175;33;525;;;;;;;;;;;;;;;;;;;;;
SP2;25/11/2020;Zaragoza;Vallecano;1;2;A;1;0;H;33;3;23;325;295;235;32;3;235;;;;336;309;243;32;3;238;32;3;24;;;;;;;;;;;;;;;;;;;;;
SP2;25/11/2020;Cartagena;Mallorca;1;2;A;0;0;D;31;287;255;285;28;28;29;285;26;;;;304;299;27;29;28;27;3;288;26;;;;;;;;;;;;;;;;;;;;;
SP2;25/11/2020;Fuenlabrada;Ponferradina;1;1;D;0;0;D;205;3;433;205;295;41;21;29;4;;;;213;298;437;215;288;39;21;3;39;;;;;;;;;;;;;;;;;;;;;
SP2;26/11/2020;Leganes;Espanol;2;0;H;1;0;H;29;32;245;29;29;26;31;28;255;;;;318;293;265;29;28;27;29;28;26;;;;;;;;;;;;;;;;;;;;;
SP2;26/11/2020;Logrones;Albacete;2;0;H;1;0;H;21;29;4;205;31;39;21;3;395;;;;207;313;404;22;29;37;21;29;39;;;;;;;;;;;;;;;;;;;;;
SP2;26/11/2020;Almeria;Tenerife;2;0;H;0;0;D;205;3;4;2;3;42;197;31;42;;;;201;322;442;21;31;37;205;3;39;;;;;;;;;;;;;;;;;;;;;
SP2;27/11/2020;Alcorcon;Girona;1;0;H;0;0;D;29;275;28;295;26;285;29;265;285;;;;311;271;297;;;;29;275;28;;;;;;;;;;;;;;;;;;;;;
SP2;27/11/2020;Malaga;Lugo;2;2;D;0;2;A;255;287;31;25;285;31;25;275;32;;;;258;294;334;;;;255;28;32;;;;;;;;;;;;;;;;;;;;;
SP2;28/11/2020;Sabadell;Fuenlabrada;1;2;A;1;1;D;31;29;25;29;285;27;305;285;255;;;;323;294;261;;;;3;288;26;;;;;;;;;;;;;;;;;;;;;
SP2;28/11/2020;Vallecano;Cartagena;0;0;D;0;0;D;175;34;5;175;34;5;173;34;525;;;;174;35;574;;;;173;34;525;;;;;;;;;;;;;;;;;;;;;
SP2;28/11/2020;Mirandes;Castellon;1;1;D;1;0;H;19;32;433;187;32;45;195;31;43;;;;199;311;478;;;;193;32;433;;;;;;;;;;;;;;;;;;;;;
SP2;29/11/2020;Albacete;Tenerife;0;2;A;0;0;D;29;287;27;29;27;28;29;275;275;;;;31;281;282;;;;288;28;263;;;;;;;;;;;;;;;;;;;;;
SP2;29/11/2020;Espanol;Zaragoza;2;0;H;0;0;D;155;36;75;153;36;725;155;375;675;;;;156;375;774;;;;155;36;65;;;;;;;;;;;;;;;;;;;;;
SP2;29/11/2020;Mallorca;Logrones;4;0;H;2;0;H;172;33;55;18;33;475;175;335;5;;;;176;356;538;;;;18;32;48;;;;;;;;;;;;;;;;;;;;;
SP2;29/11/2020;Ponferradina;Leganes;3;2;H;2;2;D;33;29;237;32;285;245;315;28;25;;;;348;292;248;;;;31;288;245;;;;;;;;;;;;;;;;;;;;;
SP2;29/11/2020;Las Palmas;Sp Gijon;3;2;H;0;2;A;255;29;3;255;28;31;26;285;295;;;;274;293;306;;;;25;288;3;;;;;;;;;;;;;;;;;;;;;
SP2;30/11/2020;Oviedo;Almeria;1;2;A;0;1;A;245;29;31;245;285;325;255;28;305;;;;273;277;326;;;;25;29;3;;;;;;;;;;;;;;;;;;;;;
SP2;01/12/2020;Fuenlabrada;Malaga;0;2;A;0;1;A;183;31;5;18;31;525;185;31;5;;;;189;321;529;183;31;5;183;313;5;;;;;;;;;;;;;;;;;;;;;
SP2;01/12/2020;Girona;Mirandes;1;0;H;1;0;H;245;28;325;25;285;31;245;29;315;;;;267;299;314;255;28;31;255;288;31;;;;;;;;;;;;;;;;;;;;;
SP2;02/12/2020;Cartagena;Espanol;1;3;A;0;0;D;42;31;2;39;3;21;385;305;205;;;;414;322;207;375;3;21;375;313;21;;;;;;;;;;;;;;;;;;;;;
SP2;02/12/2020;Leganes;Vallecano;1;0;H;1;0;H;225;287;36;225;285;36;24;285;335;;;;245;292;353;235;288;34;24;29;33;;;;;;;;;;;;;;;;;;;;;
SP2;02/12/2020;Logrones;Ponferradina;1;2;A;0;1;A;225;3;35;23;295;34;235;29;33;;;;241;303;348;235;288;34;23;29;35;;;;;;;;;;;;;;;;;;;;;
SP2;02/12/2020;Castellon;Zaragoza;1;0;H;0;0;D;28;287;275;28;28;28;275;28;28;;;;287;291;293;275;288;28;275;29;28;;;;;;;;;;;;;;;;;;;;;
SP2;02/12/2020;Lugo;Las Palmas;1;1;D;1;1;D;262;287;3;27;28;29;27;285;285;;;;277;294;301;275;28;288;275;28;288;;;;;;;;;;;;;;;;;;;;;
SP2;03/12/2020;Almeria;Mallorca;0;1;A;0;0;D;;;;26;295;285;27;29;28;;;;28;299;293;27;29;28;263;29;28;;;;;;;;;;;;;;;;;;;;;
SP2;03/12/2020;Oviedo;Alcorcon;1;1;D;0;0;D;;;;21;29;4;225;285;365;;;;23;289;395;22;288;38;215;29;37;;;;;;;;;;;;;;;;;;;;;
SP2;03/12/2020;Tenerife;Sabadell;1;2;A;1;2;A;;;;167;36;525;173;335;525;;;;173;362;546;17;34;525;167;34;55;;;;;;;;;;;;;;;;;;;;;
SP2;03/12/2020;Sp Gijon;Albacete;0;0;D;0;0;D;;;;18;3;55;185;305;5;;;;185;315;564;185;32;46;183;31;48;;;;;;;;;;;;;;;;;;;;;
SP2;05/12/2020;Vallecano;Logrones;2;1;H;2;1;H;166;34;575;167;34;55;173;33;55;;;;171;346;609;;;;167;34;575;;;;;;;;;;;;;;;;;;;;;
SP2;05/12/2020;Ponferradina;Las Palmas;0;0;D;0;0;D;235;29;33;23;29;35;245;285;325;;;;252;286;348;;;;24;29;33;;;;;;;;;;;;;;;;;;;;;
SP2;05/12/2020;Mirandes;Lugo;0;0;D;0;0;D;2;29;45;2;29;45;205;29;42;;;;212;295;447;;;;205;29;42;;;;;;;;;;;;;;;;;;;;;
SP2;05/12/2020;Malaga;Cartagena;1;2;A;1;1;D;24;3;32;25;3;3;24;3;31;;;;241;318;329;;;;245;3;313;;;;;;;;;;;;;;;;;;;;;
SP2;06/12/2020;Alcorcon;Almeria;0;1;A;0;0;D;3;28;27;325;285;245;3;275;265;;;;32;281;274;;;;29;288;26;;;;;;;;;;;;;;;;;;;;;
SP2;06/12/2020;Espanol;Sp Gijon;2;0;H;0;0;D;175;34;5;175;34;5;18;325;49;;;;183;338;519;;;;18;3;525;;;;;;;;;;;;;;;;;;;;;
SP2;06/12/2020;Albacete;Girona;0;2;A;0;0;D;325;28;25;295;28;265;305;28;255;;;;334;283;263;;;;3;288;25;;;;;;;;;;;;;;;;;;;;;
SP2;06/12/2020;Sabadell;Oviedo;0;1;A;0;0;D;325;287;245;32;28;25;33;285;24;;;;347;29;25;;;;32;29;238;;;;;;;;;;;;;;;;;;;;;
SP2;06/12/2020;Zaragoza;Fuenlabrada;1;0;H;0;0;D;28;3;27;29;29;265;275;29;27;;;;288;302;281;;;;275;29;27;;;;;;;;;;;;;;;;;;;;;
SP2;07/12/2020;Tenerife;Leganes;0;0;D;0;0;D;287;28;287;285;28;28;285;275;28;;;;299;283;29;;;;28;28;275;;;;;;;;;;;;;;;;;;;;;
SP2;07/12/2020;Mallorca;Castellon;3;1;H;2;0;H;153;375;7;153;37;7;155;37;675;;;;154;389;763;;;;153;35;7;;;;;;;;;;;;;;;;;;;;;
SP2;09/12/2020;Almeria;Zaragoza;1;0;H;0;0;D;185;31;475;183;3;525;19;305;48;;;;191;308;534;185;31;48;185;32;475;;;;;;;;;;;;;;;;;;;;;
SP2;09/12/2020;Sabadell;Alcorcon;1;1;D;0;0;D;255;3;27;27;28;29;275;285;28;;;;287;296;289;28;28;28;28;288;28;;;;;;;;;;;;;;;;;;;;;
SP2;10/12/2020;Girona;Logrones;2;0;H;0;0;D;;;;167;35;525;167;35;55;;;;172;355;568;175;33;5;167;33;55;;;;;;;;;;;;;;;;;;;;;
SP2;11/12/2020;Lugo;Ponferradina;1;0;H;0;0;D;275;287;29;275;275;29;27;275;295;;;;283;281;315;;;;27;288;29;;;;;;;;;;;;;;;;;;;;;
SP2;11/12/2020;Oviedo;Tenerife;4;2;H;2;1;H;25;29;31;25;275;325;25;27;325;;;;262;282;343;;;;255;28;32;;;;;;;;;;;;;;;;;;;;;
SP2;12/12/2020;Leganes;Mallorca;0;1;A;0;0;D;262;27;32;26;265;32;27;27;3;;;;292;269;314;;;;27;28;3;;;;;;;;;;;;;;;;;;;;;
SP2;12/12/2020;Castellon;Albacete;3;0;H;1;0;H;21;3;375;215;3;37;22;29;365;;;;225;304;382;;;;22;29;37;;;;;;;;;;;;;;;;;;;;;
SP2;12/12/2020;Fuenlabrada;Mirandes;0;1;A;0;0;D;22;29;35;225;29;35;225;29;355;;;;23;301;376;;;;225;3;35;;;;;;;;;;;;;;;;;;;;;
SP2;13/12/2020;Logrones;Espanol;0;3;A;0;2;A;65;3;165;575;325;17;575;325;173;;;;623;334;174;;;;575;33;165;;;;;;;;;;;;;;;;;;;;;
SP2;13/12/2020;Almeria;Malaga;3;1;H;1;1;D;195;3;45;205;29;425;2;3;42;;;;202;311;459;;;;2;3;41;;;;;;;;;;;;;;;;;;;;;
SP2;13/12/2020;Las Palmas;Alcorcon;0;0;D;0;0;D;22;31;35;23;295;34;23;295;345;;;;236;309;35;;;;225;288;35;;;;;;;;;;;;;;;;;;;;;
SP2;13/12/2020;Cartagena;Sabadell;1;2;A;0;0;D;2;325;375;2;32;39;2;325;38;;;;2;353;4;;;;2;31;39;;;;;;;;;;;;;;;;;;;;;
SP2;13/12/2020;Sp Gijon;Zaragoza;1;0;H;0;0;D;185;31;475;195;31;433;195;31;44;;;;196;325;458;;;;193;3;44;;;;;;;;;;;;;;;;;;;;;
SP2;14/12/2020;Girona;Vallecano;0;0;D;0;0;D;262;31;27;265;31;27;27;29;28;;;;281;301;29;;;;27;288;275;;;;;;;;;;;;;;;;;;;;;
SP2;18/12/2020;Ponferradina;Oviedo;1;0;H;1;0;H;325;29;24;32;3;235;335;285;24;;;;354;297;245;29;288;262;34;288;238;;;;;;;;;;;;;;;;;;;;;
SP2;19/12/2020;Sabadell;Castellon;1;1;D;0;1;A;27;32;27;25;295;3;255;295;295;;;;267;299;309;24;29;32;263;29;29;;;;;;;;;;;;;;;;;;;;;
SP2;19/12/2020;Mallorca;Fuenlabrada;2;3;A;1;2;A;161;34;65;162;36;575;163;36;6;;;;163;385;617;162;36;58;165;34;6;;;;;;;;;;;;;;;;;;;;;
SP2;19/12/2020;Zaragoza;Lugo;1;0;H;0;0;D;237;31;31;235;31;31;235;295;33;;;;241;302;349;23;3;33;24;29;33;;;;;;;;;;;;;;;;;;;;;
SP2;20/12/2020;Alcorcon;Cartagena;2;1;H;2;0;H;215;31;35;23;3;33;225;29;36;;;;23;3;376;225;29;36;225;288;35;;;;;;;;;;;;;;;;;;;;;
SP2;20/12/2020;Espanol;Almeria;2;1;H;1;0;H;166;375;5;17;34;525;17;335;575;;;;173;341;607;16;34;65;17;33;525;;;;;;;;;;;;;;;;;;;;;
SP2;20/12/2020;Vallecano;Las Palmas;2;0;H;0;0;D;18;34;475;185;33;45;183;325;48;;;;183;343;503;185;31;475;18;32;475;;;;;;;;;;;;;;;;;;;;;
SP2;20/12/2020;Malaga;Logrones;0;0;D;0;0;D;215;29;38;215;285;39;22;29;38;;;;22;297;411;22;29;37;215;288;375;;;;;;;;;;;;;;;;;;;;;
SP2;21/12/2020;Mirandes;Albacete;0;2;A;0;2;A;185;32;475;183;32;475;19;31;46;;;;188;33;494;185;31;48;18;31;5;;;;;;;;;;;;;;;;;;;;;
SP2;21/12/2020;Sp Gijon;Leganes;1;1;D;0;0;D;245;31;3;25;295;3;25;285;31;;;;253;302;326;255;29;3;245;28;32;;;;;;;;;;;;;;;;;;;;;
SP2;21/12/2020;Tenerife;Girona;2;0;H;2;0;H;24;3;32;245;28;325;245;28;33;;;;255;29;337;24;288;33;245;28;32;;;;;;;;;;;;;;;;;;;;;
SP2;02/01/2021;Fuenlabrada;Leganes;0;0;D;0;0;D;31;28;26;29;28;275;3;275;265;;;;313;29;271;3;27;27;31;28;263;;;;;;;;;;;;;;;;;;;;;
SP2;02/01/2021;Vallecano;Alcorcon;2;1;H;1;0;H;172;33;575;175;33;5;173;34;525;;;;173;354;568;175;325;525;175;33;525;;;;;;;;;;;;;;;;;;;;;
SP2;02/01/2021;Logrones;Mirandes;2;1;H;1;1;D;262;29;287;26;285;3;27;28;285;;;;286;29;295;275;28;288;275;28;29;;;;;;;;;;;;;;;;;;;;;
SP2;02/01/2021;Cartagena;Zaragoza;1;1;D;0;0;D;25;29;31;26;285;3;255;29;295;;;;267;298;31;26;288;3;26;29;3;;;;;;;;;;;;;;;;;;;;;
SP2;03/01/2021;Castellon;Tenerife;0;1;A;0;0;D;28;3;27;275;29;275;285;29;265;;;;304;307;265;29;288;262;28;288;27;;;;;;;;;;;;;;;;;;;;;
SP2;03/01/2021;Las Palmas;Espanol;1;0;H;1;0;H;475;3;19;46;3;191;45;31;19;;;;501;323;19;475;31;185;433;325;185;;;;;;;;;;;;;;;;;;;;;
SP2;03/01/2021;Albacete;Malaga;1;1;D;0;0;D;262;28;3;27;28;29;265;28;29;;;;277;288;308;27;275;3;263;28;29;;;;;;;;;;;;;;;;;;;;;
SP2;03/01/2021;Almeria;Ponferradina;3;1;H;3;0;H;183;31;5;178;325;5;19;305;48;;;;193;313;51;188;31;46;183;313;46;;;;;;;;;;;;;;;;;;;;;
SP2;03/01/2021;Oviedo;Mallorca;2;2;D;1;2;A;31;3;245;32;29;24;305;285;255;;;;317;295;264;31;28;255;313;3;238;;;;;;;;;;;;;;;;;;;;;
SP2;04/01/2021;Girona;Sabadell;0;0;D;0;0;D;17;33;575;172;33;525;175;33;525;;;;177;348;545;173;325;55;173;32;525;;;;;;;;;;;;;;;;;;;;;
SP2;04/01/2021;Lugo;Sp Gijon;0;0;D;0;0;D;275;287;287;235;29;33;25;28;325;;;;256;293;333;25;275;325;25;275;313;;;;;;;;;;;;;;;;;;;;;
SP2;08/01/2021;Zaragoza;Logrones;2;0;H;1;0;H;2;3;433;2;31;4;2;3;42;;;;205;319;437;2;3;42;195;31;433;;;;;;;;;;;;;;;;;;;;;
SP2;09/01/2021;Malaga;Oviedo;1;1;D;1;0;H;3;28;27;29;28;27;295;275;27;;;;311;287;275;29;28;27;3;28;27;;;;;;;;;;;;;;;;;;;;;
SP2;10/01/2021;Mallorca;Las Palmas;0;1;A;0;1;A;161;35;575;162;35;6;167;34;6;;;;167;353;645;167;35;55;165;34;55;;;;;;;;;;;;;;;;;;;;;
SP2;10/01/2021;Tenerife;Cartagena;3;0;H;1;0;H;195;29;42;205;3;4;205;305;395;;;;207;317;424;21;31;375;2;31;39;;;;;;;;;;;;;;;;;;;;;
SP2;10/01/2021;Espanol;Castellon;2;0;H;2;0;H;145;4;75;145;4;75;147;4;775;;;;143;436;91;142;4;85;144;38;8;;;;;;;;;;;;;;;;;;;;;
SP2;11/01/2021;Ponferradina;Girona;1;1;D;0;1;A;255;3;3;26;285;3;26;285;3;;;;275;29;308;255;29;3;255;288;29;;;;;;;;;;;;;;;;;;;;;
SP2;11/01/2021;Sp Gijon;Fuenlabrada;2;1;H;1;0;H;24;28;31;25;27;33;25;285;32;;;;253;295;336;245;288;32;238;288;325;;;;;;;;;;;;;;;;;;;;;
SP2;11/01/2021;Sabadell;Lugo;1;1;D;1;0;H;29;275;28;285;28;275;29;28;27;;;;304;291;277;3;275;27;28;28;27;;;;;;;;;;;;;;;;;;;;;
SP2;19/01/2021;Mirandes;Vallecano;0;2;A;0;2;A;34;287;237;33;285;24;325;285;245;;;;347;294;251;34;28;24;33;288;24;;;;;;;;;;;;;;;;;;;;;
SP2;22/01/2021;Fuenlabrada;Alcorcon;0;0;D;0;0;D;25;28;32;25;275;325;25;265;335;;;;26;279;35;255;275;32;245;275;34;;;;;;;;;;;;;;;;;;;;;
SP2;22/01/2021;Albacete;Zaragoza;1;0;H;1;0;H;32;287;245;31;285;255;31;28;255;;;;326;291;265;32;275;255;313;28;255;;;;;;;;;;;;;;;;;;;;;
SP2;23/01/2021;Vallecano;Mallorca;1;3;A;1;3;A;24;3;31;24;29;32;245;285;32;;;;25;3;333;245;28;325;24;29;325;;;;;;;;;;;;;;;;;;;;;
SP2;23/01/2021;Girona;Espanol;1;0;H;1;0;H;42;29;195;375;295;215;38;305;21;;;;403;316;213;375;3;215;39;31;205;;;;;;;;;;;;;;;;;;;;;
SP2;23/01/2021;Lugo;Tenerife;2;0;H;1;0;H;28;3;27;285;275;285;285;285;27;;;;3;287;284;29;28;27;29;28;275;;;;;;;;;;;;;;;;;;;;;
SP2;23/01/2021;Malaga;Ponferradina;0;2;A;0;1;A;23;31;34;235;275;35;235;285;35;;;;237;292;372;238;28;34;23;288;35;;;;;;;;;;;;;;;;;;;;;
SP2;24/01/2021;Almeria;Sabadell;2;2;D;1;0;H;157;36;65;157;36;65;16;375;6;;;;158;385;69;16;35;65;157;36;6;;;;;;;;;;;;;;;;;;;;;
SP2;24/01/2021;Logrones;Oviedo;0;0;D;0;0;D;31;3;245;33;285;24;33;285;24;;;;352;296;243;33;28;245;32;288;24;;;;;;;;;;;;;;;;;;;;;
SP2;24/01/2021;Castellon;Sp Gijon;2;0;H;1;0;H;29;287;27;285;28;275;295;275;265;;;;315;285;274;29;28;27;29;28;263;;;;;;;;;;;;;;;;;;;;;
SP2;24/01/2021;Las Palmas;Leganes;2;1;H;0;0;D;32;29;245;32;285;245;325;285;245;;;;34;297;248;34;28;24;32;28;245;;;;;;;;;;;;;;;;;;;;;
SP2;25/01/2021;Cartagena;Mirandes;0;2;A;0;2;A;24;28;34;24;28;34;25;28;315;;;;265;285;328;238;28;34;245;29;31;;;;;;;;;;;;;;;;;;;;;
SP2;26/01/2021;Alcorcon;Albacete;1;2;A;1;1;D;195;3;45;205;295;41;205;29;43;;;;209;304;452;205;288;433;205;29;433;;;;;;;;;;;;;;;;;;;;;
SP2;29/01/2021;Zaragoza;Ponferradina;1;0;H;1;0;H;166;35;55;175;34;5;173;335;55;;;;174;347;595;;;;17;34;55;;;;;;;;;;;;;;;;;;;;;
SP2;30/01/2021;Oviedo;Albacete;0;1;A;0;0;D;18;32;5;178;325;5;18;335;48;;;;183;352;491;178;325;5;18;33;5;;;;;;;;;;;;;;;;;;;;;
SP2;30/01/2021;Alcorcon;Malaga;0;1;A;0;0;D;23;287;36;24;29;325;24;28;345;;;;241;292;363;24;275;34;238;288;34;;;;;;;;;;;;;;;;;;;;;
SP2;30/01/2021;Mallorca;Girona;1;0;H;0;0;D;17;33;575;172;33;55;175;33;525;;;;176;341;568;175;325;525;175;33;525;;;;;;;;;;;;;;;;;;;;;
SP2;30/01/2021;Almeria;Castellon;3;1;H;1;0;H;175;32;525;175;325;525;177;325;5;;;;178;341;551;18;32;5;18;33;5;;;;;;;;;;;;;;;;;;;;;
SP2;31/01/2021;Sp Gijon;Cartagena;0;0;D;0;0;D;185;33;45;19;32;433;19;325;44;;;;189;344;46;188;325;44;185;313;45;;;;;;;;;;;;;;;;;;;;;
SP2;31/01/2021;Espanol;Vallecano;2;3;A;2;0;H;215;287;4;21;295;39;225;3;35;;;;235;3;364;215;29;375;215;3;36;;;;;;;;;;;;;;;;;;;;;
SP2;31/01/2021;Mirandes;Las Palmas;2;0;H;1;0;H;23;3;34;225;3;34;225;29;355;;;;233;291;382;23;288;35;225;29;35;;;;;;;;;;;;;;;;;;;;;
SP2;31/01/2021;Tenerife;Fuenlabrada;1;1;D;0;1;A;225;275;38;225;275;38;24;265;375;;;;244;267;4;235;27;36;23;28;35;;;;;;;;;;;;;;;;;;;;;
SP2;01/02/2021;Leganes;Lugo;3;2;H;2;1;H;18;34;475;175;35;46;175;335;5;;;;178;353;526;175;33;5;175;313;525;;;;;;;;;;;;;;;;;;;;;
SP2;01/02/2021;Sabadell;Logrones;0;0;D;0;0;D;23;29;35;23;285;35;235;28;35;;;;24;284;377;238;29;325;23;29;33;;;;;;;;;;;;;;;;;;;;;
SP2;05/02/2021;Albacete;Mallorca;0;1;A;0;0;D;475;3;19;475;29;195;46;305;195;;;;49;32;195;433;288;205;475;313;187;;;;;;;;;;;;;;;;;;;;;
SP2;06/02/2021;Cartagena;Oviedo;2;0;H;1;0;H;29;29;26;29;29;265;29;285;265;;;;304;293;276;3;275;27;3;288;263;;;;;;;;;;;;;;;;;;;;;
SP2;06/02/2021;Logrones;Sp Gijon;0;4;A;0;2;A;31;29;25;3;295;25;325;285;245;;;;337;293;253;325;28;245;32;28;255;;;;;;;;;;;;;;;;;;;;;
SP2;06/02/2021;Fuenlabrada;Almeria;1;1;D;0;0;D;31;29;25;31;275;26;305;285;255;;;;323;285;269;32;288;245;31;3;245;;;;;;;;;;;;;;;;;;;;;
SP2;07/02/2021;Girona;Leganes;0;2;A;0;0;D;275;3;275;265;295;28;27;295;275;;;;277;309;287;27;29;28;27;288;275;;;;;;;;;;;;;;;;;;;;;
SP2;07/02/2021;Malaga;Zaragoza;1;2;A;0;2;A;27;287;29;285;28;28;275;27;295;;;;295;277;301;27;27;3;27;275;288;;;;;;;;;;;;;;;;;;;;;
SP2;07/02/2021;Castellon;Mirandes;0;1;A;0;0;D;33;28;245;325;28;245;32;285;25;;;;332;298;252;32;288;245;31;29;245;;;;;;;;;;;;;;;;;;;;;
SP2;07/02/2021;Vallecano;Tenerife;0;1;A;0;0;D;18;32;55;175;32;55;18;32;525;;;;181;327;566;191;3;46;18;32;475;;;;;;;;;;;;;;;;;;;;;
SP2;07/02/2021;Las Palmas;Sabadell;0;1;A;0;0;D;2;3;433;2;3;425;205;3;4;;;;21;307;431;2;3;42;2;3;4;;;;;;;;;;;;;;;;;;;;;
SP2;08/02/2021;Ponferradina;Alcorcon;2;0;H;1;0;H;24;29;325;235;29;33;255;28;305;;;;268;288;32;255;28;31;245;288;31;;;;;;;;;;;;;;;;;;;;;
SP2;08/02/2021;Lugo;Espanol;1;1;D;1;0;H;475;29;195;46;285;2;46;29;197;;;;512;29;202;42;29;205;42;3;195;;;;;;;;;;;;;;;;;;;;;
SP2;12/02/2021;Sabadell;Zaragoza;1;1;D;0;1;A;32;262;262;3;265;275;29;285;26;;;;311;289;278;29;275;275;29;3;26;;;;;;;;;;;;;;;;;;;;;
SP2;13/02/2021;Cartagena;Vallecano;2;2;D;1;1;D;33;3;23;32;285;245;325;29;245;;;;341;3;246;325;275;25;325;29;24;;;;;;;;;;;;;;;;;;;;;
SP2;13/02/2021;Mirandes;Girona;3;3;D;2;1;H;22;3;35;23;3;33;23;29;34;;;;235;299;366;238;288;33;23;29;35;;;;;;;;;;;;;;;;;;;;;
SP2;13/02/2021;Tenerife;Ponferradina;1;0;H;0;0;D;2;3;42;2;3;42;2;295;43;;;;204;296;484;2;3;42;195;31;433;;;;;;;;;;;;;;;;;;;;;
SP2;14/02/2021;Mallorca;Espanol;1;2;A;0;1;A;275;262;3;285;26;3;275;28;285;;;;286;289;297;275;275;29;263;29;28;;;;;;;;;;;;;;;;;;;;;
SP2;14/02/2021;Almeria;Las Palmas;3;1;H;1;0;H;18;35;45;185;34;425;183;345;43;;;;184;365;458;183;34;433;18;325;46;;;;;;;;;;;;;;;;;;;;;
SP2;14/02/2021;Alcorcon;Logrones;1;0;H;1;0;H;195;287;475;2;29;44;205;305;4;;;;203;32;435;215;29;38;2;29;42;;;;;;;;;;;;;;;;;;;;;
SP2;14/02/2021;Leganes;Albacete;3;1;H;2;0;H;16;34;7;165;33;625;163;335;65;;;;164;342;741;17;33;55;165;33;575;;;;;;;;;;;;;;;;;;;;;
SP2;14/02/2021;Sp Gijon;Malaga;1;0;H;0;0;D;195;31;433;2;31;41;2;295;43;;;;2;309;472;21;3;39;2;29;42;;;;;;;;;;;;;;;;;;;;;
SP2;15/02/2021;Castellon;Fuenlabrada;1;2;A;1;2;A;35;287;23;34;29;23;335;29;235;;;;35;299;242;325;288;24;325;288;238;;;;;;;;;;;;;;;;;;;;;
SP2;15/02/2021;Oviedo;Lugo;3;1;H;1;1;D;2;287;475;205;28;45;205;29;44;;;;204;302;467;215;28;4;2;29;42;;;;;;;;;;;;;;;;;;;;;
SP2;17/02/2021;Leganes;Almeria;2;1;H;0;1;A;215;275;42;225;265;4;225;275;38;;;;23;28;413;22;28;38;22;3;36;;;;;;;;;;;;;;;;;;;;;
SP2;19/02/2021;Ponferradina;Mirandes;1;0;H;0;0;D;3;29;25;31;29;25;31;285;25;;;;33;291;262;262;288;29;32;29;245;;;;;;;;;;;;;;;;;;;;;
SP2;20/02/2021;Espanol;Sabadell;1;0;H;0;0;D;15;4;65;145;41;725;147;41;7;;;;148;437;761;147;4;7;145;41;75;;;;;;;;;;;;;;;;;;;;;
SP2;20/02/2021;Albacete;Sp Gijon;0;1;A;0;1;A;36;28;23;34;285;235;36;285;23;;;;37;296;235;34;275;24;36;28;23;;;;;;;;;;;;;;;;;;;;;
SP2;20/02/2021;Las Palmas;Cartagena;2;0;H;2;0;H;23;3;34;225;29;35;235;3;325;;;;238;314;341;24;288;325;238;29;33;;;;;;;;;;;;;;;;;;;;;
SP2;21/02/2021;Leganes;Tenerife;1;0;H;0;0;D;22;29;375;22;28;38;23;275;37;;;;234;283;396;22;28;38;22;288;36;;;;;;;;;;;;;;;;;;;;;
SP2;21/02/2021;Mallorca;Almeria;2;0;H;1;0;H;215;29;38;215;29;38;215;29;385;;;;217;295;425;225;288;36;21;313;35;;;;;;;;;;;;;;;;;;;;;
SP2;21/02/2021;Girona;Castellon;2;1;H;2;0;H;183;32;475;183;32;475;183;32;47;;;;183;339;51;195;31;42;183;32;46;;;;;;;;;;;;;;;;;;;;;
SP2;21/02/2021;Lugo;Logrones;1;1;D;0;0;D;21;29;4;21;3;38;215;295;39;;;;22;302;402;215;29;39;215;288;38;;;;;;;;;;;;;;;;;;;;;
SP2;21/02/2021;Malaga;Vallecano;2;0;H;2;0;H;34;3;23;34;3;225;34;29;235;;;;358;295;241;35;3;22;34;29;225;;;;;;;;;;;;;;;;;;;;;
SP2;22/02/2021;Fuenlabrada;Oviedo;2;2;D;0;1;A;225;27;39;23;27;38;235;265;37;;;;244;272;391;23;27;375;23;288;34;;;;;;;;;;;;;;;;;;;;;
SP2;22/02/2021;Zaragoza;Alcorcon;0;1;A;0;0;D;205;31;38;2;31;4;215;3;375;;;;215;32;391;2;31;4;205;29;4;;;;;;;;;;;;;;;;;;;;;
SP2;26/02/2021;Sabadell;Albacete;0;0;D;0;0;D;21;3;39;215;31;36;215;3;37;;;;218;319;389;23;3;33;21;31;37;;;;;;;;;;;;;;;;;;;;;
SP2;26/02/2021;Cartagena;Leganes;1;0;H;0;0;D;375;31;21;375;295;215;385;3;21;;;;396;317;217;36;28;23;39;3;21;;;;;;;;;;;;;;;;;;;;;
SP2;27/02/2021;Vallecano;Ponferradina;1;1;D;0;0;D;185;3;525;187;295;5;19;305;49;;;;188;317;532;;;;187;325;46;;;;;;;;;;;;;;;;;;;;;
SP2;27/02/2021;Almeria;Lugo;4;1;H;1;1;D;161;36;575;167;34;55;165;35;575;;;;168;364;607;;;;165;35;575;;;;;;;;;;;;;;;;;;;;;
SP2;27/02/2021;Castellon;Las Palmas;4;0;H;1;0;H;262;287;3;265;28;295;265;28;295;;;;274;287;313;;;;263;288;3;;;;;;;;;;;;;;;;;;;;;
SP2;27/02/2021;Logrones;Mallorca;0;1;A;0;1;A;45;31;19;475;295;191;46;295;195;;;;51;307;194;;;;46;31;191;;;;;;;;;;;;;;;;;;;;;
SP2;28/02/2021;Fuenlabrada;Girona;1;1;D;0;1;A;255;29;3;26;285;3;255;29;3;;;;265;3;31;;;;25;288;3;;;;;;;;;;;;;;;;;;;;;
SP2;28/02/2021;Sp Gijon;Espanol;1;1;D;1;1;D;35;3;225;36;285;225;35;295;225;;;;363;305;233;;;;34;29;225;;;;;;;;;;;;;;;;;;;;;
SP2;28/02/2021;Tenerife;Alcorcon;3;1;H;0;0;D;21;3;4;21;295;39;21;285;42;;;;211;297;448;;;;2;29;42;;;;;;;;;;;;;;;;;;;;;
SP2;28/02/2021;Oviedo;Zaragoza;1;0;H;0;0;D;23;262;38;24;265;36;235;27;37;;;;241;277;388;;;;23;288;34;;;;;;;;;;;;;;;;;;;;;
SP2;01/03/2021;Mirandes;Malaga;1;0;H;0;0;D;225;3;35;225;295;35;23;285;345;;;;237;298;364;;;;225;29;34;;;;;;;;;;;;;;;;;;;;;
SP2;05/03/2021;Espanol;Oviedo;1;1;D;1;0;H;175;33;525;172;33;525;173;315;575;;;;179;338;565;167;34;58;175;33;525;;;;;;;;;;;;;;;;;;;;;
SP2;06/03/2021;Zaragoza;Tenerife;1;0;H;1;0;H;245;28;32;245;285;325;255;27;315;;;;271;276;332;245;275;33;26;28;31;;;;;;;;;;;;;;;;;;;;;
SP2;06/03/2021;Las Palmas;Vallecano;1;1;D;0;1;A;325;29;245;33;29;235;32;29;245;;;;343;29;252;32;28;25;313;3;245;;;;;;;;;;;;;;;;;;;;;
SP2;06/03/2021;Leganes;Castellon;0;0;D;0;0;D;157;375;575;16;36;6;163;34;65;;;;165;354;681;155;35;7;16;35;65;;;;;;;;;;;;;;;;;;;;;
SP2;06/03/2021;Albacete;Logrones;1;1;D;0;0;D;23;29;34;23;285;35;235;285;345;;;;242;295;356;23;29;34;238;28;35;;;;;;;;;;;;;;;;;;;;;
SP2;07/03/2021;Malaga;Sabadell;2;0;H;0;0;D;205;29;433;215;295;375;215;285;39;;;;22;292;42;215;288;39;21;29;38;;;;;;;;;;;;;;;;;;;;;
SP2;07/03/2021;Ponferradina;Sp Gijon;2;2;D;0;1;A;3;28;262;285;28;275;29;28;27;;;;305;29;278;275;288;28;28;28;275;;;;;;;;;;;;;;;;;;;;;
SP2;07/03/2021;Mallorca;Cartagena;2;1;H;1;0;H;161;36;575;16;35;625;163;35;6;;;;166;357;645;16;35;65;162;34;6;;;;;;;;;;;;;;;;;;;;;
SP2;07/03/2021;Girona;Almeria;0;1;A;0;0;D;287;29;262;285;28;275;28;295;265;;;;293;302;277;28;29;27;275;3;26;;;;;;;;;;;;;;;;;;;;;
SP2;08/03/2021;Alcorcon;Mirandes;4;0;H;0;0;D;25;287;33;24;28;34;25;28;325;;;;253;289;343;245;28;325;245;28;32;;;;;;;;;;;;;;;;;;;;;
SP2;08/03/2021;Lugo;Fuenlabrada;0;0;D;0;0;D;28;287;28;265;275;3;28;275;28;;;;291;284;297;275;288;28;27;288;275;;;;;;;;;;;;;;;;;;;;;
SP2;12/03/2021;Cartagena;Ponferradina;1;1;D;1;0;H;23;29;34;23;29;34;23;29;345;;;;236;299;37;24;3;31;225;3;35;;;;;;;;;;;;;;;;;;;;;
SP2;12/03/2021;Vallecano;Zaragoza;3;2;H;1;2;A;2;3;433;2;295;433;205;3;42;;;;205;312;456;205;3;4;2;31;42;;;;;;;;;;;;;;;;;;;;;
SP2;13/03/2021;Fuenlabrada;Las Palmas;1;2;A;1;1;D;22;29;38;22;3;35;215;295;375;;;;217;307;403;225;3;35;215;3;38;;;;;;;;;;;;;;;;;;;;;
SP2;13/03/2021;Girona;Lugo;1;1;D;0;1;A;195;33;4;195;32;41;195;315;41;;;;202;319;442;2;3;42;205;3;42;;;;;;;;;;;;;;;;;;;;;
SP2;13/03/2021;Castellon;Sabadell;2;1;H;1;0;H;22;3;36;22;3;35;23;29;35;;;;238;294;366;23;3;33;238;29;34;;;;;;;;;;;;;;;;;;;;;
SP2;13/03/2021;Mirandes;Espanol;2;2;D;1;1;D;45;31;19;45;31;191;45;31;19;;;;473;318;196;44;32;188;44;31;193;;;;;;;;;;;;;;;;;;;;;
SP2;14/03/2021;Logrones;Malaga;0;1;A;0;1;A;31;28;255;295;28;265;3;27;265;;;;32;274;281;3;28;262;3;28;26;;;;;;;;;;;;;;;;;;;;;
SP2;14/03/2021;Sp Gijon;Mallorca;2;0;H;1;0;H;31;29;25;3;285;26;305;275;26;;;;316;285;274;32;28;25;3;28;26;;;;;;;;;;;;;;;;;;;;;
SP2;14/03/2021;Tenerife;Albacete;2;0;H;0;0;D;165;33;65;162;34;625;165;335;625;;;;166;349;68;173;32;55;162;325;65;;;;;;;;;;;;;;;;;;;;;
SP2;14/03/2021;Oviedo;Leganes;1;3;A;0;1;A;29;28;275;285;27;285;29;275;27;;;;303;286;283;275;288;28;29;275;27;;;;;;;;;;;;;;;;;;;;;
SP2;15/03/2021;Almeria;Alcorcon;0;0;D;0;0;D;18;31;525;183;32;475;183;31;5;;;;185;316;565;185;33;44;18;325;46;;;;;;;;;;;;;;;;;;;;;
SP2;19/03/2021;Las Palmas;Girona;1;2;A;1;0;H;25;29;31;265;28;295;26;285;3;;;;276;289;315;27;275;3;255;3;29;;;;;;;;;;;;;;;;;;;;;
SP2;20/03/2021;Sabadell;Sp Gijon;1;1;D;1;0;H;325;29;245;34;285;235;33;275;25;;;;343;285;256;35;27;24;33;28;245;;;;;;;;;;;;;;;;;;;;;
SP2;20/03/2021;Mallorca;Oviedo;0;0;D;0;0;D;175;31;55;178;31;55;18;315;525;;;;181;325;565;178;31;525;18;32;5;;;;;;;;;;;;;;;;;;;;;
SP2;20/03/2021;Leganes;Fuenlabrada;0;2;A;0;0;D;166;34;575;165;36;55;17;34;55;;;;169;362;589;175;325;525;17;33;575;;;;;;;;;;;;;;;;;;;;;
SP2;20/03/2021;Espanol;Logrones;4;0;H;3;0;H;136;433;85;136;45;9;137;44;9;;;;136;475;1106;135;433;10;136;433;10;;;;;;;;;;;;;;;;;;;;;
SP2;21/03/2021;Ponferradina;Almeria;2;1;H;0;1;A;36;275;23;35;27;24;35;275;24;;;;373;278;247;35;28;235;32;3;23;;;;;;;;;;;;;;;;;;;;;
SP2;21/03/2021;Malaga;Tenerife;1;1;D;1;0;H;287;275;287;28;27;29;28;27;29;;;;288;277;293;235;275;35;27;275;29;;;;;;;;;;;;;;;;;;;;;
SP2;21/03/2021;Lugo;Castellon;0;0;D;0;0;D;22;3;36;22;3;35;22;295;365;;;;224;304;386;215;3;37;215;3;36;;;;;;;;;;;;;;;;;;;;;
SP2;21/03/2021;Alcorcon;Vallecano;0;3;A;0;2;A;35;3;225;34;295;23;34;3;23;;;;355;316;23;33;28;245;33;29;23;;;;;;;;;;;;;;;;;;;;;
SP2;22/03/2021;Albacete;Cartagena;2;0;H;1;0;H;262;29;287;26;29;29;27;28;285;;;;282;291;298;27;288;288;275;28;28;;;;;;;;;;;;;;;;;;;;;
SP2;22/03/2021;Zaragoza;Mirandes;1;0;H;1;0;H;245;29;32;24;28;34;25;275;325;;;;257;286;34;235;28;35;245;288;313;;;;;;;;;;;;;;;;;;;;;
SP2;26/03/2021;Sp Gijon;Alcorcon;0;0;D;0;0;D;2;28;475;195;285;475;21;275;45;;;;211;284;492;215;275;42;2;288;46;;;;;;;;;;;;;;;;;;;;;
SP2;26/03/2021;Castellon;Espanol;1;3;A;1;2;A;65;38;153;65;38;153;675;365;155;;;;683;392;159;55;33;17;7;37;153;;;;;;;;;;;;;;;;;;;;;
SP2;27/03/2021;Oviedo;Ponferradina;1;1;D;1;1;D;185;32;45;19;32;433;195;315;43;;;;194;331;457;205;3;4;193;31;45;;;;;;;;;;;;;;;;;;;;;
SP2;27/03/2021;Almeria;Leganes;1;1;D;0;0;D;21;3;38;22;295;36;215;31;355;;;;22;33;361;235;29;33;22;3;36;;;;;;;;;;;;;;;;;;;;;
SP2;27/03/2021;Cartagena;Malaga;1;1;D;1;0;H;262;28;3;275;285;285;27;275;29;;;;282;281;31;29;275;275;275;28;29;;;;;;;;;;;;;;;;;;;;;
SP2;27/03/2021;Logrones;Zaragoza;1;1;D;1;0;H;32;3;23;33;285;24;34;28;24;;;;353;292;245;31;275;26;34;288;238;;;;;;;;;;;;;;;;;;;;;
SP2;28/03/2021;Lugo;Sabadell;0;1;A;0;1;A;24;3;32;24;295;32;24;29;33;;;;244;299;346;24;288;325;238;288;32;;;;;;;;;;;;;;;;;;;;;
SP2;28/03/2021;Girona;Albacete;2;1;H;0;0;D;185;3;475;191;32;425;195;31;43;;;;2;317;454;18;31;525;191;31;433;;;;;;;;;;;;;;;;;;;;;
SP2;28/03/2021;Tenerife;Las Palmas;1;1;D;1;1;D;2;31;42;2;3;42;2;3;42;;;;207;304;451;2;31;4;195;3;42;;;;;;;;;;;;;;;;;;;;;
SP2;29/03/2021;Fuenlabrada;Mallorca;4;1;H;3;0;H;31;3;245;31;285;25;305;275;26;;;;321;281;273;32;29;24;3;29;25;;;;;;;;;;;;;;;;;;;;;
SP2;30/03/2021;Alcorcon;Oviedo;1;1;D;1;0;H;3;275;255;3;275;265;3;265;27;;;;314;285;279;31;262;27;3;275;27;;;;;;;;;;;;;;;;;;;;;
SP2;30/03/2021;Malaga;Almeria;0;3;A;0;2;A;36;29;225;34;3;225;345;3;225;;;;358;316;232;35;3;22;34;31;225;;;;;;;;;;;;;;;;;;;;;
SP2;30/03/2021;Ponferradina;Logrones;2;2;D;0;1;A;18;31;433;191;31;45;19;31;46;;;;19;333;493;191;31;45;187;31;48;;;;;;;;;;;;;;;;;;;;;
SP2;30/03/2021;Vallecano;Sp Gijon;0;1;A;0;1;A;205;3;4;205;3;4;215;29;39;;;;22;304;41;21;288;4;215;3;38;;;;;;;;;;;;;;;;;;;;;
SP2;31/03/2021;Albacete;Castellon;0;1;A;0;0;D;25;29;31;255;29;3;25;29;305;;;;26;3;318;255;28;31;25;29;31;;;;;;;;;;;;;;;;;;;;;
SP2;31/03/2021;Sabadell;Girona;2;2;D;2;1;H;29;275;26;285;285;27;285;28;275;;;;295;289;287;29;275;275;28;288;275;;;;;;;;;;;;;;;;;;;;;
SP2;01/04/2021;Espanol;Fuenlabrada;4;0;H;3;0;H;165;35;575;165;34;575;165;34;6;;;;17;341;637;167;33;6;162;34;6;;;;;;;;;;;;;;;;;;;;;
SP2;01/04/2021;Mallorca;Leganes;1;0;H;1;0;H;21;29;36;22;295;36;22;285;375;;;;227;293;397;22;275;39;215;288;375;;;;;;;;;;;;;;;;;;;;;
SP2;01/04/2021;Las Palmas;Lugo;6;1;H;3;1;H;19;3;4;205;31;38;205;325;375;;;;203;349;391;205;32;375;2;3;4;;;;;;;;;;;;;;;;;;;;;
SP2;01/04/2021;Zaragoza;Cartagena;0;0;D;0;0;D;22;29;37;22;29;37;23;285;35;;;;239;295;362;225;288;36;225;29;35;;;;;;;;;;;;;;;;;;;;;
SP2;02/04/2021;Almeria;Vallecano;0;1;A;0;0;D;225;3;32;24;31;3;24;315;305;;;;242;329;322;238;29;325;238;32;3;;;;;;;;;;;;;;;;;;;;;
SP2;03/04/2021;Logrones;Tenerife;1;0;H;0;0;D;38;3;21;375;285;22;36;3;22;;;;382;317;219;4;288;21;375;29;22;;;;;;;;;;;;;;;;;;;;;
SP2;03/04/2021;Girona;Ponferradina;3;1;H;1;0;H;22;3;33;23;295;34;23;295;335;;;;234;314;349;22;3;325;23;3;34;;;;;;;;;;;;;;;;;;;;;
SP2;03/04/2021;Castellon;Oviedo;1;0;H;0;0;D;34;3;225;31;295;245;33;3;23;;;;342;314;236;31;28;255;33;29;24;;;;;;;;;;;;;;;;;;;;;
SP2;04/04/2021;Sp Gijon;Mirandes;1;2;A;0;0;D;;;;167;33;6;167;33;6;;;;166;338;641;183;3;525;17;32;55;;;;;;;;;;;;;;;;;;;;;
SP2;04/04/2021;Albacete;Espanol;0;3;A;0;1;A;65;38;153;7;37;153;675;38;153;;;;746;384;156;65;34;162;65;37;153;;;;;;;;;;;;;;;;;;;;;
SP2;04/04/2021;Leganes;Sabadell;2;1;H;2;0;H;161;35;6;167;35;55;165;345;6;;;;165;362;64;;;;162;34;6;;;;;;;;;;;;;;;;;;;;;
SP2;04/04/2021;Lugo;Malaga;0;1;A;0;0;D;25;3;3;275;27;3;265;275;305;;;;271;281;324;;;;255;28;3;;;;;;;;;;;;;;;;;;;;;
SP2;04/04/2021;Las Palmas;Mallorca;1;1;D;0;1;A;35;31;22;37;29;22;37;29;22;;;;393;29;23;;;;36;29;22;;;;;;;;;;;;;;;;;;;;;
SP2;05/04/2021;Cartagena;Alcorcon;2;1;H;2;0;H;245;3;31;25;28;32;255;285;305;;;;266;297;312;;;;255;28;3;;;;;;;;;;;;;;;;;;;;;
SP2;05/04/2021;Fuenlabrada;Zaragoza;0;1;A;0;0;D;24;3;31;235;285;34;245;28;33;;;;253;289;343;;;;238;288;32;;;;;;;;;;;;;;;;;;;;;
SP2;09/04/2021;Tenerife;Sp Gijon;1;0;H;0;0;D;24;275;35;235;275;36;245;265;35;;;;252;275;375;25;275;325;24;275;35;;;;;;;;;;;;;;;;;;;;;
SP2;10/04/2021;Ponferradina;Fuenlabrada;0;0;D;0;0;D;275;29;27;26;31;275;285;29;265;;;;3;304;27;288;3;26;28;29;275;;;;;;;;;;;;;;;;;;;;;
SP2;10/04/2021;Oviedo;Las Palmas;0;0;D;0;0;D;2;31;375;205;31;38;205;32;38;;;;206;341;39;21;31;37;21;3;39;;;;;;;;;;;;;;;;;;;;;
SP2;10/04/2021;Vallecano;Girona;2;1;H;1;1;D;183;32;475;191;32;425;19;325;43;;;;187;35;463;21;3;38;19;32;44;;;;;;;;;;;;;;;;;;;;;
SP2;11/04/2021;Malaga;Albacete;2;0;H;1;0;H;195;32;42;191;32;425;195;315;43;;;;196;331;45;195;31;42;19;31;44;;;;;;;;;;;;;;;;;;;;;
SP2;11/04/2021;Zaragoza;Almeria;2;1;H;1;1;D;32;275;26;3;275;265;305;275;265;;;;32;283;272;31;27;262;29;288;26;;;;;;;;;;;;;;;;;;;;;
SP2;11/04/2021;Mallorca;Lugo;2;0;H;1;0;H;153;375;7;155;375;65;155;375;675;;;;153;388;781;157;35;7;155;36;65;;;;;;;;;;;;;;;;;;;;;
SP2;11/04/2021;Mirandes;Logrones;0;1;A;0;0;D;2;31;4;21;32;36;215;3;375;;;;221;308;388;21;3;39;205;3;38;;;;;;;;;;;;;;;;;;;;;
SP2;11/04/2021;Sabadell;Cartagena;1;1;D;1;0;H;25;29;31;245;285;32;25;285;31;;;;259;297;323;255;28;31;25;288;3;;;;;;;;;;;;;;;;;;;;;
SP2;11/04/2021;Espanol;Leganes;2;1;H;1;0;H;18;32;5;185;31;475;18;315;5;;;;193;306;525;175;31;58;183;31;475;;;;;;;;;;;;;;;;;;;;;
SP2;12/04/2021;Alcorcon;Castellon;2;1;H;1;1;D;2;29;45;215;285;4;21;295;4;;;;214;304;418;22;28;39;205;29;4;;;;;;;;;;;;;;;;;;;;;
SP2;14/04/2021;Vallecano;Mirandes;0;1;A;0;0;D;17;34;55;165;35;575;17;335;575;;;;171;355;606;191;32;433;167;34;575;;;;;;;;;;;;;;;;;;;;;
SP2;16/04/2021;Fuenlabrada;Sabadell;2;2;D;0;1;A;185;34;433;19;32;44;19;32;43;;;;194;338;458;195;325;4;187;325;45;;;;;;;;;;;;;;;;;;;;;
SP2;16/04/2021;Girona;Zaragoza;3;0;H;1;0;H;215;3;38;22;29;37;23;29;35;;;;236;296;376;215;28;4;23;29;35;;;;;;;;;;;;;;;;;;;;;
SP2;17/04/2021;Lugo;Alcorcon;1;3;A;0;1;A;275;28;29;265;28;295;275;275;29;;;;289;285;298;27;28;29;27;275;3;;;;;;;;;;;;;;;;;;;;;
SP2;17/04/2021;Castellon;Mallorca;1;0;H;1;0;H;4;33;195;45;3;195;44;3;197;;;;467;311;2;42;3;2;44;31;195;;;;;;;;;;;;;;;;;;;;;
SP2;17/04/2021;Las Palmas;Malaga;1;1;D;0;0;D;23;3;34;235;29;33;235;29;33;;;;241;303;347;238;29;325;24;29;33;;;;;;;;;;;;;;;;;;;;;
SP2;17/04/2021;Sp Gijon;Oviedo;0;1;A;0;1;A;215;3;375;215;3;37;225;29;355;;;;234;296;372;22;288;37;22;288;375;;;;;;;;;;;;;;;;;;;;;
SP2;18/04/2021;Albacete;Mirandes;1;0;H;0;0;D;275;29;28;275;285;285;27;29;28;;;;284;301;287;27;288;288;263;3;27;;;;;;;;;;;;;;;;;;;;;
SP2;18/04/2021;Logrones;Vallecano;0;0;D;0;0;D;33;32;225;32;32;225;315;31;235;;;;;;;31;31;238;31;31;23;;;;;;;;;;;;;;;;;;;;;
SP2;18/04/2021;Cartagena;Tenerife;0;0;D;0;0;D;27;287;29;26;285;3;27;285;28;;;;288;294;29;275;288;28;27;288;275;;;;;;;;;;;;;;;;;;;;;
SP2;19/04/2021;Leganes;Ponferradina;1;1;D;1;0;H;17;33;575;167;33;6;173;315;575;;;;177;319;634;173;33;525;17;33;525;;;;;;;;;;;;;;;;;;;;;
SP2;19/04/2021;Almeria;Espanol;1;1;D;0;0;D;3;32;24;3;3;245;305;32;235;;;;318;328;242;31;31;238;3;31;238;;;;;;;;;;;;;;;;;;;;;
SP2;21/04/2021;Mirandes;Tenerife;0;0;D;0;0;D;262;31;28;265;285;29;27;285;285;;;;;;;262;29;288;275;28;29;;;;;;;;;;;;;;;;;;;;;
SP2;23/04/2021;Zaragoza;Sp Gijon;0;0;D;0;0;D;31;27;27;295;265;285;295;265;28;;;;308;279;29;288;262;29;3;27;28;;;;;;;;;;;;;;;;;;;;;
SP2;24/04/2021;Logrones;Cartagena;0;1;A;0;0;D;275;275;287;275;275;29;27;285;28;;;;287;287;298;28;275;288;288;28;28;;;;;;;;;;;;;;;;;;;;;
SP2;24/04/2021;Malaga;Fuenlabrada;0;1;A;0;1;A;29;28;275;295;285;265;29;28;27;;;;303;291;279;288;28;275;29;288;27;;;;;;;;;;;;;;;;;;;;;
SP2;24/04/2021;Espanol;Las Palmas;4;0;H;3;0;H;15;4;6;148;4;7;153;4;625;;;;152;402;759;147;375;8;15;39;7;;;;;;;;;;;;;;;;;;;;;
SP2;24/04/2021;Ponferradina;Lugo;2;0;H;1;0;H;195;3;433;2;31;41;197;315;41;;;;203;329;421;2;31;4;195;31;433;;;;;;;;;;;;;;;;;;;;;
SP2;25/04/2021;Oviedo;Girona;0;1;A;0;0;D;23;3;325;23;3;33;235;3;325;;;;244;31;334;23;3;33;23;29;33;;;;;;;;;;;;;;;;;;;;;
SP2;25/04/2021;Mirandes;Almeria;1;1;D;1;1;D;31;29;25;3;295;25;29;3;255;;;;303;305;267;31;3;24;288;31;245;;;;;;;;;;;;;;;;;;;;;
SP2;25/04/2021;Alcorcon;Leganes;1;2;A;1;1;D;325;275;26;32;27;26;305;275;26;;;;32;285;271;3;288;26;3;288;255;;;;;;;;;;;;;;;;;;;;;
SP2;25/04/2021;Tenerife;Castellon;1;1;D;1;0;H;183;32;5;183;32;475;185;32;46;;;;191;326;488;183;32;48;183;31;475;;;;;;;;;;;;;;;;;;;;;
SP2;26/04/2021;Vallecano;Albacete;2;2;D;1;0;H;157;35;7;157;35;675;16;37;625;;;;16;375;688;157;35;7;157;36;6;;;;;;;;;;;;;;;;;;;;;
SP2;26/04/2021;Sabadell;Mallorca;1;0;H;1;0;H;42;29;205;433;295;2;4;295;21;;;;421;297;218;42;29;205;39;3;205;;;;;;;;;;;;;;;;;;;;;
SP2;30/04/2021;Lugo;Zaragoza;2;2;D;1;0;H;3;29;255;295;265;28;295;27;27;;;;311;282;284;29;27;28;3;28;27;;;;;;;;;;;;;;;;;;;;;
SP2;01/05/2021;Girona;Tenerife;1;0;H;1;0;H;21;3;4;21;31;37;21;305;38;;;;213;316;404;21;3;39;21;3;39;;;;;;;;;;;;;;;;;;;;;
SP2;01/05/2021;Almeria;Oviedo;2;2;D;2;0;H;175;33;5;18;325;475;185;325;45;;;;188;339;474;2;3;433;185;325;46;;;;;;;;;;;;;;;;;;;;;
SP2;01/05/2021;Mallorca;Mirandes;2;1;H;1;0;H;161;35;6;162;34;625;163;33;675;;;;165;356;67;17;32;6;162;35;6;;;;;;;;;;;;;;;;;;;;;
SP2;02/05/2021;Fuenlabrada;Cartagena;2;1;H;1;0;H;19;31;45;195;31;425;2;31;41;;;;201;334;419;21;29;4;2;29;433;;;;;;;;;;;;;;;;;;;;;
SP2;02/05/2021;Espanol;Malaga;3;0;H;2;0;H;13;475;13;133;475;95;133;49;10;;;;132;513;1143;135;433;10;129;475;11;;;;;;;;;;;;;;;;;;;;;
SP2;02/05/2021;Castellon;Logrones;0;0;D;0;0;D;25;27;33;245;27;34;25;27;335;;;;256;278;353;245;262;35;245;275;325;;;;;;;;;;;;;;;;;;;;;
SP2;02/05/2021;Leganes;Sp Gijon;0;0;D;0;0;D;21;28;433;215;28;4;22;275;395;;;;23;283;406;22;27;42;215;275;4;;;;;;;;;;;;;;;;;;;;;
SP2;02/05/2021;Las Palmas;Ponferradina;2;0;H;1;0;H;21;31;375;22;3;35;215;31;35;;;;219;325;371;215;31;36;21;31;36;;;;;;;;;;;;;;;;;;;;;
SP2;03/05/2021;Sabadell;Vallecano;2;0;H;0;0;D;4;34;19;4;34;191;395;315;2;;;;426;326;203;42;31;195;39;32;195;;;;;;;;;;;;;;;;;;;;;
SP2;03/05/2021;Albacete;Alcorcon;0;1;A;0;1;A;29;28;262;285;275;28;29;275;27;;;;298;285;289;3;27;275;28;28;275;;;;;;;;;;;;;;;;;;;;;
SP2;07/05/2021;Tenerife;Almeria;0;1;A;0;0;D;33;275;25;325;275;25;315;29;245;;;;341;295;253;32;27;26;32;3;24;;;;;;;;;;;;;;;;;;;;;
SP2;08/05/2021;Ponferradina;Albacete;0;1;A;0;1;A;245;3;31;235;31;31;245;29;31;;;;255;302;323;22;3;36;25;29;31;;;;;;;;;;;;;;;;;;;;;
SP2;08/05/2021;Zaragoza;Espanol;0;0;D;0;0;D;525;3;185;525;295;185;48;305;19;;;;523;312;191;44;3;195;45;325;187;;;;;;;;;;;;;;;;;;;;;
SP2;08/05/2021;Alcorcon;Las Palmas;0;0;D;0;0;D;215;29;38;215;28;4;225;275;385;;;;233;277;411;21;31;375;22;29;37;;;;;;;;;;;;;;;;;;;;;
SP2;08/05/2021;Malaga;Mallorca;1;1;D;1;1;D;4;325;195;39;32;2;4;32;2;;;;42;337;2;39;31;205;42;32;195;;;;;;;;;;;;;;;;;;;;;
SP2;09/05/2021;Mirandes;Fuenlabrada;2;1;H;1;1;D;26;28;31;255;28;31;27;28;29;;;;281;287;304;262;288;29;263;288;288;;;;;;;;;;;;;;;;;;;;;
SP2;09/05/2021;Oviedo;Sabadell;2;1;H;2;1;H;18;31;5;185;32;46;19;325;45;;;;188;336;485;195;31;42;183;313;46;;;;;;;;;;;;;;;;;;;;;
SP2;09/05/2021;Cartagena;Castellon;1;0;H;0;0;D;205;31;375;205;32;37;215;315;35;;;;219;335;358;2;31;4;21;31;36;;;;;;;;;;;;;;;;;;;;;
SP2;09/05/2021;Logrones;Girona;1;4;A;0;2;A;33;28;245;33;28;245;33;285;24;;;;348;298;244;33;275;245;325;28;24;;;;;;;;;;;;;;;;;;;;;
SP2;10/05/2021;Vallecano;Leganes;1;1;D;0;1;A;24;287;325;24;285;33;235;28;35;;;;239;287;374;245;29;31;23;29;33;;;;;;;;;;;;;;;;;;;;;
SP2;10/05/2021;Sp Gijon;Lugo;1;0;H;0;0;D;18;31;525;175;31;575;183;31;525;;;;186;322;534;173;31;58;18;3;525;;;;;;;;;;;;;;;;;;;;;
SP2;14/05/2021;Espanol;Cartagena;0;2;A;0;1;A;17;34;55;17;34;525;173;335;55;;;;174;348;576;178;33;48;17;34;55;;;;;;;;;;;;;;;;;;;;;
SP2;15/05/2021;Castellon;Ponferradina;0;2;A;0;1;A;21;31;38;21;31;37;22;31;35;;;;221;322;357;21;31;375;22;3;36;;;;;;;;;;;;;;;;;;;;;
SP2;15/05/2021;Lugo;Mirandes;2;1;H;0;1;A;195;31;42;195;33;39;197;325;395;;;;199;338;409;23;3;33;195;32;42;;;;;;;;;;;;;;;;;;;;;
SP2;15/05/2021;Almeria;Albacete;1;1;D;1;1;D;155;37;65;157;375;6;16;385;575;;;;161;393;602;16;36;6;16;37;6;;;;;;;;;;;;;;;;;;;;;
SP2;15/05/2021;Las Palmas;Zaragoza;0;2;A;0;1;A;27;287;29;27;28;29;275;285;275;;;;286;291;286;262;28;3;27;3;275;;;;;;;;;;;;;;;;;;;;;
SP2;16/05/2021;Sabadell;Tenerife;0;2;A;0;1;A;237;29;325;24;295;32;24;295;32;;;;239;309;332;27;28;29;24;29;313;;;;;;;;;;;;;;;;;;;;;
SP2;16/05/2021;Fuenlabrada;Vallecano;1;2;A;0;2;A;36;28;23;32;285;245;325;295;235;;;;334;304;241;33;29;235;313;3;238;;;;;;;;;;;;;;;;;;;;;
SP2;16/05/2021;Mallorca;Alcorcon;2;0;H;1;0;H;165;31;6;167;32;625;17;31;675;;;;17;32;707;17;31;65;167;32;6;;;;;;;;;;;;;;;;;;;;;
SP2;16/05/2021;Leganes;Logrones;3;0;H;1;0;H;16;34;575;157;36;625;165;34;6;;;;165;357;636;163;33;65;162;33;65;;;;;;;;;;;;;;;;;;;;;
SP2;17/05/2021;Oviedo;Malaga;1;0;H;0;0;D;205;28;45;22;25;46;225;26;42;;;;232;258;463;205;29;42;205;288;4;;;;;;;;;;;;;;;;;;;;;
SP2;17/05/2021;Girona;Sp Gijon;1;0;H;1;0;H;237;275;36;26;255;34;255;26;335;;;;273;262;35;245;28;325;238;288;325;;;;;;;;;;;;;;;;;;;;;
SP2;18/05/2021;Cartagena;Almeria;3;2;H;1;1;D;33;32;215;35;3;22;32;305;235;;;;346;305;238;34;3;225;32;32;23;;;;;;;;;;;;;;;;;;;;;
SP2;18/05/2021;Albacete;Lugo;1;1;D;1;1;D;275;287;287;265;28;3;275;28;285;;;;285;289;295;28;275;288;28;288;28;;;;;;;;;;;;;;;;;;;;;
SP2;18/05/2021;Ponferradina;Espanol;1;4;A;0;2;A;42;32;195;425;3;2;39;32;2;;;;418;336;2;42;32;195;4;33;195;;;;;;;;;;;;;;;;;;;;;
SP2;19/05/2021;Alcorcon;Sabadell;2;0;H;1;0;H;2;275;4;21;29;4;21;295;395;;;;214;307;4;215;288;39;215;29;4;;;;;;;;;;;;;;;;;;;;;
SP2;19/05/2021;Logrones;Fuenlabrada;1;0;H;0;0;D;225;29;31;235;295;33;23;3;335;;;;234;312;339;225;3;35;225;29;36;;;;;;;;;;;;;;;;;;;;;
SP2;19/05/2021;Mirandes;Leganes;0;0;D;0;0;D;42;28;19;44;3;195;42;3;2;;;;454;312;199;433;29;205;41;31;2;;;;;;;;;;;;;;;;;;;;;
SP2;19/05/2021;Tenerife;Mallorca;0;1;A;0;1;A;525;275;19;475;27;205;47;285;197;;;;501;289;201;44;275;21;44;29;205;;;;;;;;;;;;;;;;;;;;;
SP2;20/05/2021;Malaga;Girona;0;1;A;0;0;D;42;29;195;38;3;21;4;3;205;;;;414;312;208;4;29;21;39;3;205;;;;;;;;;;;;;;;;;;;;;
SP2;20/05/2021;Sp Gijon;Las Palmas;1;0;H;0;0;D;166;325;5;175;32;55;17;325;6;;;;172;332;624;173;31;58;17;325;55;;;;;;;;;;;;;;;;;;;;;
SP2;20/05/2021;Vallecano;Oviedo;4;1;H;3;1;H;17;34;475;167;34;55;17;34;575;;;;168;353;606;17;33;55;17;325;55;;;;;;;;;;;;;;;;;;;;;
SP2;20/05/2021;Zaragoza;Castellon;3;0;H;1;0;H;185;3;433;187;32;45;195;315;43;;;;19;331;466;195;31;433;193;3;44;;;;;;;;;;;;;;;;;;;;;
SP2;23/05/2021;Espanol;Tenerife;1;1;D;0;1;A;15;39;65;153;4;6;153;4;65;;;;153;402;774;162;36;58;15;39;7;;;;;;;;;;;;;;;;;;;;;
SP2;23/05/2021;Mallorca;Zaragoza;2;1;H;0;1;A;183;31;475;185;31;475;18;32;5;;;;183;337;533;185;31;48;18;325;5;;;;;;;;;;;;;;;;;;;;;
SP2;24/05/2021;Oviedo;Mirandes;1;1;D;1;0;H;237;3;31;235;3;32;25;29;31;;;;261;292;325;24;3;31;245;3;31;;;;;;;;;;;;;;;;;;;;;
SP2;24/05/2021;Almeria;Logrones;2;1;H;2;0;H;145;35;7;15;375;75;155;38;625;;;;155;389;751;153;36;7;155;375;65;;;;;;;;;;;;;;;;;;;;;
SP2;24/05/2021;Castellon;Vallecano;0;2;A;0;0;D;39;3;2;375;31;21;375;305;21;;;;408;312;213;37;31;21;37;313;21;;;;;;;;;;;;;;;;;;;;;
SP2;24/05/2021;Fuenlabrada;Sp Gijon;0;0;D;0;0;D;42;34;175;433;34;183;44;325;19;;;;47;335;191;46;31;188;433;325;19;;;;;;;;;;;;;;;;;;;;;
SP2;24/05/2021;Girona;Alcorcon;1;0;H;0;0;D;21;31;35;205;32;37;22;315;345;;;;218;329;369;21;31;37;21;313;375;;;;;;;;;;;;;;;;;;;;;
SP2;24/05/2021;Las Palmas;Albacete;3;2;H;2;0;H;21;3;325;23;31;32;225;3;34;;;;234;309;355;215;3;37;22;31;35;;;;;;;;;;;;;;;;;;;;;
SP2;24/05/2021;Leganes;Malaga;1;0;H;0;0;D;153;36;65;15;39;675;16;37;625;;;;155;378;79;15;37;8;15;375;75;;;;;;;;;;;;;;;;;;;;;
SP2;24/05/2021;Lugo;Cartagena;2;1;H;1;0;H;157;35;575;16;36;6;163;365;575;;;;162;388;613;163;35;58;162;36;6;;;;;;;;;;;;;;;;;;;;;
SP2;24/05/2021;Sabadell;Ponferradina;2;0;H;2;0;H;172;34;45;175;35;475;175;345;49;;;;176;356;531;175;33;5;18;33;5;;;;;;;;;;;;;;;;;;;;;
SP2;29/05/2021;Tenerife;Oviedo;2;2;D;0;1;A;2;32;375;215;32;34;21;3;36;;;;216;318;39;21;3;37;21;325;35;;;;;;;;;;;;;;;;;;;;;
SP2;30/05/2021;Albacete;Fuenlabrada;1;2;A;0;1;A;29;325;24;28;325;245;29;3;245;;;;308;327;248;3;3;24;28;32;245;;;;;;;;;;;;;;;;;;;;;
SP2;30/05/2021;Alcorcon;Espanol;1;0;H;1;0;H;245;31;29;245;31;295;25;31;285;;;;252;322;307;25;3;29;245;32;28;;;;;;;;;;;;;;;;;;;;;
SP2;30/05/2021;Cartagena;Girona;1;1;D;0;0;D;3;3;25;3;295;25;315;31;23;;;;316;296;264;3;288;25;29;31;24;;;;;;;;;;;;;;;;;;;;;
SP2;30/05/2021;Logrones;Las Palmas;0;1;A;0;0;D;14;45;7;144;44;675;137;45;825;;;;141;452;819;14;433;75;14;433;75;;;;;;;;;;;;;;;;;;;;;
SP2;30/05/2021;Malaga;Castellon;3;0;H;1;0;H;21;3;38;21;3;38;22;31;335;;;;217;322;381;215;3;35;215;3;35;;;;;;;;;;;;;;;;;;;;;
SP2;30/05/2021;Mirandes;Sabadell;0;2;A;0;0;D;45;35;175;45;35;178;44;365;173;;;;455;38;181;45;35;175;475;35;173;;;;;;;;;;;;;;;;;;;;;
SP2;30/05/2021;Ponferradina;Mallorca;2;2;D;1;1;D;525;35;166;525;35;167;525;36;165;;;;563;374;169;55;34;165;5;36;167;;;;;;;;;;;;;;;;;;;;;
SP2;30/05/2021;Sp Gijon;Almeria;0;2;A;0;0;D;19;33;4;195;35;37;185;34;41;;;;197;368;39;195;34;375;187;34;4;;;;;;;;;;;;;;;;;;;;;
SP2;30/05/2021;Vallecano;Lugo;0;1;A;0;1;A;157;41;55;157;39;575;157;4;55;;;;158;438;562;155;39;55;155;39;55;;;;;;;;;;;;;;;;;;;;;
SP2;30/05/2021;Zaragoza;Leganes;0;5;A;0;3;A;31;32;23;295;32;24;3;325;23;;;;312;339;239;3;31;235;3;32;23;;;;;;;;;;;;;;;;;;;;;
SP2;13/08/2021;Huesca;Eibar;2;0;H;1;0;H;215;3;38;21;31;375;225;285;345;;;;23;308;373;24;28;325;22;31;35;;;;;;;;;;;;;;;;;;;;;
SP2;13/08/2021;Zaragoza;Ibiza;0;0;D;0;0;D;225;31;35;215;285;39;225;275;35;;;;236;295;377;175;31;525;23;288;35;;;;;;;;;;;;;;;;;;;;;
SP2;14/08/2021;Sociedad B;Leganes;1;0;H;0;0;D;375;325;205;41;285;21;365;295;21;;;;427;298;215;44;3;191;38;31;21;;;;;;;;;;;;;;;;;;;;;
SP2;14/08/2021;Girona;Amorebieta;2;0;H;0;0;D;166;325;575;162;34;65;163;33;65;;;;172;347;598;165;325;6;17;34;55;;;;;;;;;;;;;;;;;;;;;
SP2;14/08/2021;Ponferradina;Alcorcon;1;0;H;0;0;D;25;29;31;25;275;33;25;26;31;;;;262;281;339;255;275;31;255;28;32;;;;;;;;;;;;;;;;;;;;;
SP2;15/08/2021;Sp Gijon;Burgos;1;0;H;0;0;D;166;34;575;17;33;575;17;325;55;;;;172;35;591;165;33;58;167;34;55;;;;;;;;;;;;;;;;;;;;;
SP2;15/08/2021;Oviedo;Lugo;2;2;D;2;0;H;2;3;433;2;295;425;205;285;42;;;;207;304;451;2;29;42;2;3;41;;;;;;;;;;;;;;;;;;;;;
SP2;15/08/2021;Fuenlabrada;Tenerife;1;2;A;0;1;A;25;3;31;245;275;34;245;265;31;;;;265;281;334;24;275;33;245;288;31;;;;;;;;;;;;;;;;;;;;;
SP2;15/08/2021;Las Palmas;Valladolid;1;1;D;0;0;D;28;31;26;295;27;275;295;27;26;;;;314;291;27;29;28;262;288;288;26;;;;;;;;;;;;;;;;;;;;;
SP2;16/08/2021;Malaga;Mirandes;0;0;D;0;0;D;215;31;36;215;285;39;215;28;37;;;;222;298;403;22;288;36;215;29;37;;;;;;;;;;;;;;;;;;;;;
SP2;16/08/2021;Cartagena;Almeria;1;3;A;0;2;A;3;3;25;325;28;245;3;27;245;;;;331;291;258;31;28;25;31;29;245;;;;;;;;;;;;;;;;;;;;;
SP2;20/08/2021;Valladolid;Zaragoza;2;0;H;1;0;H;166;36;55;17;34;525;17;315;55;;;;174;349;588;175;32;5;167;34;575;;;;;;;;;;;;;;;;;;;;;
SP2;20/08/2021;Almeria;Oviedo;2;1;H;2;1;H;17;34;55;175;34;5;173;33;5;;;;174;358;565;18;325;46;17;35;525;;;;;;;;;;;;;;;;;;;;;
SP2;21/08/2021;Lugo;Sociedad B;0;0;D;0;0;D;25;29;31;25;295;3;245;28;295;;;;264;297;315;237;29;32;25;3;3;;;;;;;;;;;;;;;;;;;;;
SP2;21/08/2021;Tenerife;Sp Gijon;0;0;D;0;0;D;24;3;31;24;285;33;245;27;315;;;;253;289;343;245;275;325;245;28;33;;;;;;;;;;;;;;;;;;;;;
SP2;21/08/2021;Alcorcon;Fuenlabrada;0;2;A;0;0;D;25;29;31;255;28;31;25;265;305;;;;261;284;335;25;287;3;25;288;313;;;;;;;;;;;;;;;;;;;;;
SP2;22/08/2021;Ibiza;Malaga;2;2;D;1;0;H;25;29;31;25;285;31;25;27;3;;;;26;293;326;27;28;287;255;28;31;;;;;;;;;;;;;;;;;;;;;
SP2;22/08/2021;Eibar;Ponferradina;0;1;A;0;0;D;17;35;525;172;35;5;17;325;5;;;;172;361;56;188;31;44;17;33;525;;;;;;;;;;;;;;;;;;;;;
SP2;22/08/2021;Girona;Las Palmas;0;0;D;0;0;D;195;33;4;2;3;425;195;29;42;;;;2;316;46;19;31;433;193;31;42;;;;;;;;;;;;;;;;;;;;;
SP2;22/08/2021;Huesca;Cartagena;2;0;H;0;0;D;175;3;6;178;31;55;175;305;525;;;;181;321;577;19;29;48;18;32;475;;;;;;;;;;;;;;;;;;;;;
SP2;23/08/2021;Mirandes;Amorebieta;2;0;H;0;0;D;205;32;375;21;3;38;21;285;37;;;;216;304;413;21;3;375;21;3;37;;;;;;;;;;;;;;;;;;;;;
SP2;23/08/2021;Leganes;Burgos;0;0;D;0;0;D;17;35;525;165;35;55;175;315;49;;;;179;336;552;166;33;55;173;33;5;;;;;;;;;;;;;;;;;;;;;
SP2;27/08/2021;Las Palmas;Huesca;2;1;H;2;0;H;29;29;27;285;285;27;275;28;26;;;;301;3;276;275;27;29;288;3;263;;;;;;;;;;;;;;;;;;;;;
SP2;27/08/2021;Malaga;Alcorcon;1;0;H;1;0;H;215;3;38;225;285;36;225;26;38;;;;229;293;399;235;275;34;22;28;39;;;;;;;;;;;;;;;;;;;;;
SP2;28/08/2021;Sp Gijon;Mirandes;2;1;H;1;0;H;175;34;5;18;32;5;175;31;525;;;;177;339;568;183;3;5;175;32;55;;;;;;;;;;;;;;;;;;;;;
SP2;28/08/2021;Leganes;Ibiza;1;2;A;0;0;D;18;34;475;18;325;475;183;31;46;;;;186;335;499;183;31;475;18;325;5;;;;;;;;;;;;;;;;;;;;;
SP2;28/08/2021;Oviedo;Tenerife;0;0;D;0;0;D;24;31;3;25;295;3;24;28;3;;;;248;306;329;255;28;3;255;28;3;;;;;;;;;;;;;;;;;;;;;
SP2;28/08/2021;Ponferradina;Girona;2;1;H;1;0;H;3;31;245;295;295;255;305;28;245;;;;337;298;249;3;29;25;313;29;25;;;;;;;;;;;;;;;;;;;;;
SP2;29/08/2021;Amorebieta;Almeria;2;1;H;1;1;D;433;33;19;433;32;19;42;305;195;;;;444;331;197;39;3;205;42;313;193;;;;;;;;;;;;;;;;;;;;;
SP2;29/08/2021;Lugo;Valladolid;0;2;A;0;1;A;36;31;215;4;29;21;37;28;215;;;;388;294;229;37;29;215;36;29;22;;;;;;;;;;;;;;;;;;;;;
SP2;29/08/2021;Sociedad B;Fuenlabrada;0;0;D;0;0;D;25;29;31;24;27;35;245;26;32;;;;259;275;353;235;275;34;245;28;32;;;;;;;;;;;;;;;;;;;;;
SP2;29/08/2021;Burgos;Eibar;0;1;A;0;0;D;34;3;23;33;29;235;34;285;225;;;;358;318;227;34;28;235;35;288;225;;;;;;;;;;;;;;;;;;;;;
SP2;30/08/2021;Zaragoza;Cartagena;0;1;A;0;0;D;215;32;35;215;29;38;21;28;375;;;;22;3;406;215;3;36;21;3;37;;;;;;;;;;;;;;;;;;;;;
SP2;03/09/2021;Girona;Sp Gijon;1;2;A;0;1;A;215;29;4;22;285;375;22;265;38;;;;228;288;413;245;275;325;22;288;38;;;;;;;;;;;;;;;;;;;;;
SP2;04/09/2021;Eibar;Leganes;1;1;D;1;1;D;22;3;35;22;3;35;225;285;345;;;;229;31;365;225;29;34;225;3;35;;;;;;;;;;;;;;;;;;;;;
SP2;04/09/2021;Cartagena;Sociedad B;1;0;H;0;0;D;225;29;36;23;28;36;23;265;365;;;;235;28;398;225;28;36;23;29;35;;;;;;;;;;;;;;;;;;;;;
SP2;04/09/2021;Tenerife;Ponferradina;2;0;H;0;0;D;19;3;475;19;3;475;2;285;43;;;;205;297;475;2;28;45;2;3;44;;;;;;;;;;;;;;;;;;;;;
SP2;04/09/2021;Almeria;Malaga;2;0;H;0;0;D;172;33;525;175;33;5;173;32;5;;;;176;342;571;172;32;525;173;34;525;;;;;;;;;;;;;;;;;;;;;
SP2;04/09/2021;Fuenlabrada;Lugo;1;1;D;1;1;D;19;31;45;2;295;433;205;275;44;;;;206;291;485;195;287;45;2;3;44;;;;;;;;;;;;;;;;;;;;;
SP2;05/09/2021;Burgos;Valladolid;3;0;H;3;0;H;375;29;22;36;285;225;36;28;22;;;;381;301;228;36;28;225;36;29;22;;;;;;;;;;;;;;;;;;;;;
SP2;05/09/2021;Ibiza;Amorebieta;1;1;D;0;1;A;205;3;42;205;3;41;22;28;37;;;;223;298;401;21;287;39;205;3;39;;;;;;;;;;;;;;;;;;;;;
SP2;05/09/2021;Alcorcon;Zaragoza;1;2;A;1;0;H;225;29;36;235;28;35;225;27;36;;;;232;289;39;237;28;33;238;28;33;;;;;;;;;;;;;;;;;;;;;
SP2;05/09/2021;Mirandes;Las Palmas;4;2;H;3;1;H;255;287;31;255;28;31;25;27;295;;;;267;288;321;255;28;3;255;288;29;;;;;;;;;;;;;;;;;;;;;
SP2;06/09/2021;Huesca;Oviedo;1;2;A;0;1;A;175;33;55;183;325;46;175;32;48;;;;181;338;536;175;32;5;175;325;5;;;;;;;;;;;;;;;;;;;;;
SP2;10/09/2021;Sp Gijon;Leganes;2;1;H;1;0;H;23;29;34;235;29;33;23;275;34;;;;235;304;365;235;29;32;238;288;34;;;;;;;;;;;;;;;;;;;;;
SP2;11/09/2021;Amorebieta;Burgos;2;2;D;1;1;D;245;31;3;245;3;3;25;28;3;;;;262;299;316;24;29;31;245;288;31;;;;;;;;;;;;;;;;;;;;;
SP2;11/09/2021;Sociedad B;Eibar;2;3;A;0;1;A;3;3;245;295;295;255;3;275;25;;;;312;294;264;287;287;262;29;288;255;;;;;;;;;;;;;;;;;;;;;
SP2;11/09/2021;Las Palmas;Ibiza;1;1;D;0;1;A;21;32;35;22;32;33;22;3;335;;;;;;;22;31;33;21;313;35;;;;;;;;;;;;;;;;;;;;;
SP2;11/09/2021;Mirandes;Alcorcon;1;3;A;1;1;D;23;31;32;235;3;32;235;275;32;;;;244;289;353;235;29;325;238;288;325;;;;;;;;;;;;;;;;;;;;;
SP2;12/09/2021;Oviedo;Cartagena;2;0;H;1;0;H;195;32;42;195;31;42;195;295;42;;;;197;323;459;215;29;37;193;3;44;;;;;;;;;;;;;;;;;;;;;
SP2;12/09/2021;Valladolid;Tenerife;0;2;A;0;2;A;205;31;38;215;3;37;215;275;38;;;;217;295;418;195;3;433;21;29;38;;;;;;;;;;;;;;;;;;;;;
SP2;12/09/2021;Ponferradina;Almeria;1;0;H;0;0;D;29;33;24;31;33;225;31;315;22;;;;326;354;222;29;32;235;313;32;225;;;;;;;;;;;;;;;;;;;;;
SP2;12/09/2021;Fuenlabrada;Zaragoza;1;1;D;1;0;H;237;3;32;24;3;31;235;275;325;;;;245;291;35;235;29;325;238;29;325;;;;;;;;;;;;;;;;;;;;;
SP2;12/09/2021;Malaga;Girona;2;0;H;1;0;H;237;31;31;24;3;31;245;27;3;;;;263;29;324;24;29;31;245;29;31;;;;;;;;;;;;;;;;;;;;;
SP2;13/09/2021;Lugo;Huesca;3;2;H;1;2;A;35;31;215;37;29;22;365;28;215;;;;395;297;225;38;275;22;35;3;215;;;;;;;;;;;;;;;;;;;;;
SP2;17/09/2021;Alcorcon;Almeria;0;4;A;0;3;A;32;3;237;31;295;245;305;285;24;;;;334;299;254;35;31;21;32;3;24;;;;;;;;;;;;;;;;;;;;;
SP2;18/09/2021;Ibiza;Oviedo;1;1;D;1;0;H;26;28;3;265;285;29;25;275;295;;;;263;293;316;262;28;29;255;288;31;;;;;;;;;;;;;;;;;;;;;
SP2;18/09/2021;Leganes;Amorebieta;1;0;H;1;0;H;165;35;6;165;35;55;163;34;575;;;;164;376;599;17;325;55;165;34;6;;;;;;;;;;;;;;;;;;;;;
SP2;18/09/2021;Zaragoza;Sociedad B;1;1;D;1;1;D;19;32;433;191;31;45;195;295;42;;;;195;322;462;2;29;42;193;31;45;;;;;;;;;;;;;;;;;;;;;
SP2;18/09/2021;Girona;Valladolid;1;0;H;0;0;D;245;3;3;265;285;295;26;27;3;;;;27;285;315;275;287;27;26;29;3;;;;;;;;;;;;;;;;;;;;;
SP2;18/09/2021;Cartagena;Lugo;2;1;H;1;1;D;22;29;36;215;29;38;22;275;37;;;;229;285;398;225;28;36;225;29;36;;;;;;;;;;;;;;;;;;;;;
SP2;19/09/2021;Huesca;Fuenlabrada;0;0;D;0;0;D;183;33;475;187;31;475;183;31;47;;;;184;33;509;19;3;44;185;313;46;;;;;;;;;;;;;;;;;;;;;
SP2;19/09/2021;Ponferradina;Malaga;4;0;H;2;0;H;237;3;32;24;27;35;24;26;325;;;;252;278;355;235;287;33;24;28;325;;;;;;;;;;;;;;;;;;;;;
SP2;19/09/2021;Eibar;Sp Gijon;3;2;H;1;1;D;21;29;4;215;29;38;22;275;365;;;;223;299;391;22;28;37;22;29;36;;;;;;;;;;;;;;;;;;;;;
SP2;19/09/2021;Tenerife;Mirandes;1;2;A;1;0;H;17;325;55;175;34;5;167;325;55;;;;171;347;584;195;29;45;175;32;5;;;;;;;;;;;;;;;;;;;;;
SP2;20/09/2021;Burgos;Las Palmas;0;0;D;0;0;D;245;3;3;27;295;28;25;285;295;;;;258;305;309;275;287;27;255;29;29;;;;;;;;;;;;;;;;;;;;;
SP2;24/09/2021;Sociedad B;Huesca;0;2;A;0;1;A;31;29;237;32;285;245;305;28;24;;;;338;3;251;32;28;245;32;3;24;;;;;;;;;;;;;;;;;;;;;
SP2;24/09/2021;Almeria;Tenerife;3;1;H;0;0;D;21;32;36;21;31;37;22;29;35;;;;227;305;386;191;31;42;215;313;35;;;;;;;;;;;;;;;;;;;;;
SP2;25/09/2021;Ibiza;Burgos;2;0;H;1;0;H;21;29;38;215;295;37;215;28;375;;;;22;299;398;23;29;33;215;3;375;;;;;;;;;;;;;;;;;;;;;
SP2;25/09/2021;Amorebieta;Eibar;1;1;D;1;1;D;45;3;185;425;31;195;43;295;195;;;;467;31;199;433;31;191;42;32;195;;;;;;;;;;;;;;;;;;;;;
SP2;25/09/2021;Las Palmas;Ponferradina;2;1;H;2;0;H;195;3;4;2;325;38;205;3;39;;;;203;326;415;21;3;37;2;313;41;;;;;;;;;;;;;;;;;;;;;
SP2;26/09/2021;Mirandes;Leganes;1;2;A;1;1;D;27;29;27;28;295;265;27;28;265;;;;28;302;285;27;288;275;275;29;27;;;;;;;;;;;;;;;;;;;;;
SP2;26/09/2021;Sp Gijon;Malaga;2;1;H;0;1;A;18;32;45;185;32;46;183;31;47;;;;183;334;511;18;32;475;18;313;48;;;;;;;;;;;;;;;;;;;;;
SP2;26/09/2021;Oviedo;Girona;0;0;D;0;0;D;26;29;275;275;29;275;265;28;27;;;;282;297;288;26;288;288;27;29;275;;;;;;;;;;;;;;;;;;;;;
SP2;26/09/2021;Lugo;Zaragoza;1;1;D;1;1;D;275;3;262;275;29;275;27;275;27;;;;281;298;288;262;29;28;275;288;27;;;;;;;;;;;;;;;;;;;;;
SP2;26/09/2021;Valladolid;Alcorcon;2;0;H;1;0;H;172;34;5;175;34;5;173;325;5;;;;176;343;547;17;33;525;173;33;5;;;;;;;;;;;;;;;;;;;;;
SP2;27/09/2021;Fuenlabrada;Cartagena;2;1;H;1;0;H;19;3;433;19;3;475;19;29;44;;;;194;313;482;205;28;42;193;3;433;;;;;;;;;;;;;;;;;;;;;
SP2;01/10/2021;Ponferradina;Valladolid;2;2;D;0;0;D;35;31;22;31;31;215;35;3;21;;;;376;321;222;29;3;25;35;32;215;;;;;;;;;;;;;;;;;;;;;
SP2;02/10/2021;Amorebieta;Sp Gijon;1;1;D;1;0;H;35;3;23;32;3;215;34;28;225;;;;363;293;237;34;287;23;34;31;225;;;;;;;;;;;;;;;;;;;;;
SP2;02/10/2021;Huesca;Tenerife;1;2;A;1;1;D;195;325;433;2;29;38;197;295;42;;;;199;314;458;2;31;39;2;313;41;;;;;;;;;;;;;;;;;;;;;
SP2;02/10/2021;Zaragoza;Oviedo;0;0;D;0;0;D;225;29;38;225;285;32;22;275;35;;;;23;299;372;237;287;32;225;29;36;;;;;;;;;;;;;;;;;;;;;
SP2;02/10/2021;Alcorcon;Sociedad B;1;4;A;1;2;A;225;3;36;215;295;34;22;28;35;;;;23;298;372;22;3;34;22;3;36;;;;;;;;;;;;;;;;;;;;;
SP2;03/10/2021;Eibar;Ibiza;3;1;H;1;1;D;172;34;55;173;325;45;175;325;49;;;;175;352;537;17;33;525;17;34;5;;;;;;;;;;;;;;;;;;;;;
SP2;03/10/2021;Malaga;Fuenlabrada;1;0;H;1;0;H;245;3;32;23;28;32;245;27;315;;;;25;287;344;235;287;325;24;29;313;;;;;;;;;;;;;;;;;;;;;
SP2;03/10/2021;Burgos;Mirandes;1;0;H;1;0;H;22;31;36;225;275;33;22;285;35;;;;226;301;378;23;3;32;22;3;34;;;;;;;;;;;;;;;;;;;;;
SP2;03/10/2021;Las Palmas;Cartagena;4;1;H;3;0;H;2;32;42;187;31;4;2;295;4;;;;206;312;427;188;32;42;195;32;39;;;;;;;;;;;;;;;;;;;;;
SP2;03/10/2021;Leganes;Lugo;1;1;D;0;0;D;157;36;7;157;37;525;163;34;6;;;;163;365;637;166;33;55;16;35;6;;;;;;;;;;;;;;;;;;;;;
SP2;04/10/2021;Girona;Almeria;1;2;A;0;0;D;245;31;31;255;295;265;26;295;275;;;;271;311;287;26;3;275;255;313;27;;;;;;;;;;;;;;;;;;;;;
SP2;08/10/2021;Valladolid;Malaga;1;1;D;0;1;A;166;35;575;17;325;48;17;325;525;;;;175;35;58;191;32;42;17;34;55;;;;;;;;;;;;;;;;;;;;;
SP2;09/10/2021;Lugo;Girona;1;0;H;0;0;D;287;31;262;265;295;255;275;285;255;;;;289;305;275;29;3;25;29;29;263;;;;;;;;;;;;;;;;;;;;;
SP2;09/10/2021;Mirandes;Eibar;3;3;D;1;2;A;4;31;2;34;3;205;365;305;205;;;;386;329;21;33;31;22;36;32;21;;;;;;;;;;;;;;;;;;;;;
SP2;09/10/2021;Almeria;Las Palmas;1;1;D;1;0;H;175;35;5;178;33;42;175;33;47;;;;179;35;504;175;33;48;175;35;48;;;;;;;;;;;;;;;;;;;;;
SP2;09/10/2021;Oviedo;Sp Gijon;1;1;D;1;0;H;25;31;3;245;28;287;26;27;3;;;;272;285;312;27;288;275;25;29;31;;;;;;;;;;;;;;;;;;;;;
SP2;10/10/2021;Sociedad B;Ponferradina;1;1;D;0;0;D;237;31;32;235;29;295;23;295;305;;;;239;313;332;235;3;31;238;31;3;;;;;;;;;;;;;;;;;;;;;
SP2;10/10/2021;Cartagena;Ibiza;5;1;H;3;0;H;237;32;32;225;295;31;24;285;295;;;;257;3;316;238;3;31;238;3;31;;;;;;;;;;;;;;;;;;;;;
SP2;10/10/2021;Alcorcon;Burgos;1;0;H;0;0;D;245;3;325;24;287;29;245;275;3;;;;257;291;328;255;3;28;245;3;29;;;;;;;;;;;;;;;;;;;;;
SP2;10/10/2021;Fuenlabrada;Leganes;2;1;H;1;1;D;25;3;31;245;28;29;255;275;285;;;;274;29;304;262;288;288;25;29;3;;;;;;;;;;;;;;;;;;;;;
SP2;10/10/2021;Tenerife;Amorebieta;2;1;H;1;0;H;157;36;7;155;33;625;16;335;625;;;;162;36;673;152;36;7;16;35;6;;;;;;;;;;;;;;;;;;;;;
SP2;11/10/2021;Zaragoza;Huesca;0;0;D;0;0;D;24;3;31;24;28;295;24;285;305;;;;25;297;331;245;3;3;24;29;313;;;;;;;;;;;;;;;;;;;;;
SP2;15/10/2021;Eibar;Almeria;1;0;H;1;0;H;237;325;31;215;325;295;235;305;29;;;;245;327;32;;;;238;325;3;;;;;;;;;;;;;;;;;;;;;
SP2;16/10/2021;Amorebieta;Cartagena;2;3;A;1;1;D;28;287;28;275;285;255;27;275;27;;;;287;291;289;;;;27;3;275;;;;;;;;;;;;;;;;;;;;;
SP2;16/10/2021;Girona;Huesca;1;3;A;0;0;D;262;29;29;245;287;285;245;28;305;;;;249;296;334;;;;238;3;32;;;;;;;;;;;;;;;;;;;;;
SP2;16/10/2021;Las Palmas;Tenerife;2;1;H;1;0;H;255;287;31;25;285;28;24;285;3;;;;249;308;32;;;;245;3;31;;;;;;;;;;;;;;;;;;;;;
SP2;16/10/2021;Malaga;Zaragoza;1;1;D;1;1;D;28;3;275;26;27;285;28;28;26;;;;292;297;278;;;;288;29;27;;;;;;;;;;;;;;;;;;;;;
SP2;16/10/2021;Sp Gijon;Alcorcon;1;0;H;0;0;D;166;35;6;16;35;525;165;34;55;;;;169;357;589;;;;167;36;55;;;;;;;;;;;;;;;;;;;;;
SP2;17/10/2021;Ibiza;Mirandes;0;2;A;0;1;A;195;32;42;195;31;36;2;305;39;;;;202;327;416;;;;193;32;4;;;;;;;;;;;;;;;;;;;;;
SP2;17/10/2021;Leganes;Valladolid;0;2;A;0;1;A;22;31;375;225;28;32;225;285;34;;;;232;304;358;;;;225;3;33;;;;;;;;;;;;;;;;;;;;;
SP2;17/10/2021;Burgos;Lugo;1;1;D;1;1;D;21;31;4;215;285;34;21;285;375;;;;216;307;4;;;;21;3;37;;;;;;;;;;;;;;;;;;;;;
SP2;17/10/2021;Sociedad B;Oviedo;1;1;D;0;0;D;325;31;237;295;285;237;31;285;235;;;;334;309;241;;;;;;;;;;;;;;;;;;;;;;;;;;;
SP2;17/10/2021;Ponferradina;Fuenlabrada;0;0;D;0;0;D;262;29;31;255;27;295;26;27;285;;;;283;285;3;;;;255;3;28;;;;;;;;;;;;;;;;;;;;;
SP2;19/10/2021;Cartagena;Sp Gijon;1;0;H;0;0;D;29;29;28;27;287;255;265;275;275;;;;284;298;294;255;29;287;275;3;27;;;;;;;;;;;;;;;;;;;;;
SP2;19/10/2021;Huesca;Malaga;0;0;D;0;0;D;185;32;5;18;32;433;19;295;46;;;;193;314;515;16;35;6;19;32;45;;;;;;;;;;;;;;;;;;;;;
SP2;19/10/2021;Tenerife;Eibar;0;1;A;0;0;D;237;3;33;24;295;285;24;275;305;;;;251;301;338;245;28;32;245;3;313;;;;;;;;;;;;;;;;;;;;;
SP2;20/10/2021;Fuenlabrada;Amorebieta;0;0;D;0;0;D;161;36;65;153;36;6;163;325;625;;;;164;349;676;16;34;65;162;35;65;;;;;;;;;;;;;;;;;;;;;
SP2;20/10/2021;Valladolid;Ibiza;1;1;D;0;0;D;175;34;525;172;33;46;173;33;48;;;;176;349;532;172;33;5;175;34;5;;;;;;;;;;;;;;;;;;;;;
SP2;20/10/2021;Alcorcon;Leganes;3;3;D;2;2;D;32;287;25;287;28;245;305;265;25;;;;337;279;261;31;287;245;31;29;25;;;;;;;;;;;;;;;;;;;;;
SP2;20/10/2021;Lugo;Las Palmas;2;0;H;2;0;H;33;29;237;325;29;22;325;28;23;;;;346;299;241;34;275;235;33;29;238;;;;;;;;;;;;;;;;;;;;;
SP2;21/10/2021;Almeria;Sociedad B;3;1;H;1;1;D;15;4;75;15;38;575;153;39;625;;;;151;413;724;15;38;7;15;39;65;;;;;;;;;;;;;;;;;;;;;
SP2;21/10/2021;Zaragoza;Ponferradina;1;1;D;0;0;D;215;3;38;21;295;34;215;29;365;;;;215;316;389;21;3;37;21;31;37;;;;;;;;;;;;;;;;;;;;;
SP2;21/10/2021;Mirandes;Girona;1;2;A;0;2;A;23;32;325;23;31;28;23;295;305;;;;234;328;327;237;287;32;23;3;32;;;;;;;;;;;;;;;;;;;;;
SP2;21/10/2021;Oviedo;Burgos;1;3;A;0;1;A;225;3;36;21;287;35;215;285;365;;;;223;308;375;215;287;38;21;3;375;;;;;;;;;;;;;;;;;;;;;
SP2;22/10/2021;Eibar;Cartagena;2;1;H;2;0;H;16;36;6;166;34;48;165;33;55;;;;167;361;652;165;34;58;162;36;575;;;;;;;;;;;;;;;;;;;;;
SP2;23/10/2021;Ibiza;Fuenlabrada;3;1;H;1;1;D;2;32;4;195;3;39;21;305;36;;;;216;313;406;205;31;38;205;313;39;;;;;;;;;;;;;;;;;;;;;
SP2;23/10/2021;Sp Gijon;Valladolid;1;2;A;0;1;A;245;3;31;25;28;287;24;29;295;;;;259;29;324;25;28;32;25;29;31;;;;;;;;;;;;;;;;;;;;;
SP2;23/10/2021;Malaga;Lugo;1;0;H;1;0;H;185;33;45;195;3;38;19;31;42;;;;188;341;462;191;32;45;19;32;45;;;;;;;;;;;;;;;;;;;;;
SP2;23/10/2021;Leganes;Tenerife;1;2;A;0;1;A;19;31;45;193;3;39;197;295;42;;;;198;307;477;191;3;46;195;31;44;;;;;;;;;;;;;;;;;;;;;
SP2;24/10/2021;Amorebieta;Sociedad B;1;2;A;0;1;A;26;3;29;;;;25;295;28;;;;273;311;285;262;3;28;255;3;28;;;;;;;;;;;;;;;;;;;;;
SP2;24/10/2021;Mirandes;Almeria;1;4;A;0;3;A;34;31;225;31;295;225;31;315;22;;;;322;343;229;31;32;23;313;325;22;;;;;;;;;;;;;;;;;;;;;
SP2;24/10/2021;Burgos;Huesca;3;1;H;1;1;D;25;31;3;255;287;27;255;28;275;;;;267;299;304;26;29;29;26;288;288;;;;;;;;;;;;;;;;;;;;;
SP2;24/10/2021;Ponferradina;Oviedo;1;2;A;0;1;A;31;3;25;3;287;23;285;28;25;;;;302;293;274;29;28;27;29;29;255;;;;;;;;;;;;;;;;;;;;;
SP2;24/10/2021;Las Palmas;Alcorcon;3;0;H;1;0;H;16;34;7;158;35;55;165;34;55;;;;166;347;648;161;34;65;165;34;575;;;;;;;;;;;;;;;;;;;;;
SP2;25/10/2021;Girona;Zaragoza;1;1;D;0;0;D;2;32;4;2;3;36;205;295;375;;;;209;312;416;205;3;4;2;3;4;;;;;;;;;;;;;;;;;;;;;
SP2;29/10/2021;Almeria;Leganes;1;0;H;1;0;H;172;35;5;171;33;46;17;335;48;;;;176;371;518;175;33;48;17;36;5;;;;;;;;;;;;;;;;;;;;;
SP2;29/10/2021;Sociedad B;Las Palmas;0;1;A;0;1;A;26;31;287;;;;25;29;28;;;;264;319;298;27;3;27;255;31;288;;;;;;;;;;;;;;;;;;;;;
SP2;30/10/2021;Huesca;Amorebieta;1;1;D;1;0;H;161;36;65;162;325;575;163;35;525;;;;158;369;625;163;33;6;162;36;6;;;;;;;;;;;;;;;;;;;;;
SP2;30/10/2021;Lugo;Sp Gijon;1;1;D;0;0;D;31;31;25;265;287;26;285;28;255;;;;324;283;266;287;287;262;3;29;26;;;;;;;;;;;;;;;;;;;;;
SP2;30/10/2021;Cartagena;Ponferradina;0;1;A;0;1;A;2;32;42;195;31;37;2;32;365;;;;213;309;405;195;31;42;205;32;38;;;;;;;;;;;;;;;;;;;;;
SP2;31/10/2021;Fuenlabrada;Girona;1;2;A;0;0;D;27;3;275;275;29;25;27;285;26;;;;278;31;281;287;287;26;275;29;27;;;;;;;;;;;;;;;;;;;;;
SP2;31/10/2021;Oviedo;Malaga;2;1;H;1;0;H;22;31;36;215;287;33;23;285;335;;;;227;307;366;22;29;36;225;29;35;;;;;;;;;;;;;;;;;;;;;
SP2;31/10/2021;Valladolid;Eibar;2;0;H;0;0;D;235;31;32;225;32;29;23;305;295;;;;238;338;31;235;31;3;23;31;31;;;;;;;;;;;;;;;;;;;;;
SP2;31/10/2021;Zaragoza;Mirandes;1;1;D;1;0;H;172;35;55;173;325;46;175;33;46;;;;175;343;558;175;34;46;17;35;48;;;;;;;;;;;;;;;;;;;;;
SP2;01/11/2021;Alcorcon;Ibiza;0;2;A;0;0;D;3;32;237;28;295;24;285;29;245;;;;315;329;24;28;3;255;31;3;238;;;;;;;;;;;;;;;;;;;;;
SP2;01/11/2021;Tenerife;Burgos;4;0;H;2;0;H;18;32;55;18;31;44;183;31;46;;;;181;325;548;185;31;46;175;32;5;;;;;;;;;;;;;;;;;;;;;
SP2;02/11/2021;Ponferradina;Huesca;1;1;D;0;0;D;26;29;3;265;285;265;255;285;29;;;;268;298;314;25;3;288;255;3;29;;;;;;;;;;;;;;;;;;;;;
SP2;02/11/2021;Sp Gijon;Almeria;0;1;A;0;0;D;25;32;28;245;31;265;245;295;28;;;;257;333;296;25;3;288;25;32;28;;;;;;;;;;;;;;;;;;;;;
SP2;02/11/2021;Leganes;Cartagena;1;1;D;1;1;D;183;31;5;183;31;42;18;31;47;;;;185;329;538;191;3;44;18;33;48;;;;;;;;;;;;;;;;;;;;;
SP2;03/11/2021;Amorebieta;Valladolid;4;1;H;3;1;H;45;325;19;375;325;188;47;305;185;;;;418;329;201;433;32;185;41;325;195;;;;;;;;;;;;;;;;;;;;;
SP2;03/11/2021;Mirandes;Lugo;3;2;H;0;1;A;205;31;38;205;31;34;21;3;35;;;;223;299;39;205;31;37;215;31;36;;;;;;;;;;;;;;;;;;;;;
SP2;03/11/2021;Eibar;Oviedo;1;0;H;0;0;D;19;31;5;188;31;4;19;305;43;;;;187;325;503;18;32;48;185;32;46;;;;;;;;;;;;;;;;;;;;;
SP2;03/11/2021;Las Palmas;Fuenlabrada;2;1;H;2;0;H;183;31;55;183;31;41;185;31;44;;;;183;327;523;18;31;5;18;325;5;;;;;;;;;;;;;;;;;;;;;
SP2;04/11/2021;Burgos;Zaragoza;0;1;A;0;0;D;28;3;27;275;285;255;27;285;26;;;;274;307;287;275;3;262;275;29;27;;;;;;;;;;;;;;;;;;;;;
SP2;04/11/2021;Girona;Alcorcon;3;1;H;0;1;A;165;36;6;157;36;55;163;345;525;;;;159;374;679;165;34;55;16;35;6;;;;;;;;;;;;;;;;;;;;;
SP2;04/11/2021;Ibiza;Tenerife;0;0;D;0;0;D;245;31;31;245;287;28;24;29;29;;;;242;308;333;245;29;31;238;3;313;;;;;;;;;;;;;;;;;;;;;
SP2;04/11/2021;Malaga;Sociedad B;2;1;H;2;1;H;172;34;525;;;;17;33;5;;;;169;35;605;167;33;55;167;34;55;;;;;;;;;;;;;;;;;;;;;
SP2;05/11/2021;Huesca;Leganes;0;2;A;0;0;D;275;3;28;26;287;265;275;275;265;;;;295;291;29;205;31;37;275;3;27;;;;;;;;;;;;;;;;;;;;;
SP2;06/11/2021;Lugo;Ponferradina;1;2;A;0;1;A;245;31;31;225;29;32;25;28;29;;;;262;297;313;225;29;34;255;29;3;;;;;;;;;;;;;;;;;;;;;
SP2;06/11/2021;Oviedo;Las Palmas;1;1;D;1;0;H;205;32;4;215;3;32;215;295;35;;;;215;309;401;235;29;32;21;31;37;;;;;;;;;;;;;;;;;;;;;
SP2;06/11/2021;Valladolid;Mirandes;3;1;H;2;0;H;16;36;65;165;35;475;163;36;525;;;;16;403;582;165;34;55;16;37;6;;;;;;;;;;;;;;;;;;;;;
SP2;06/11/2021;Fuenlabrada;Eibar;0;0;D;0;0;D;3;3;25;29;295;235;295;285;24;;;;327;289;259;32;29;235;313;29;25;;;;;;;;;;;;;;;;;;;;;
SP2;07/11/2021;Alcorcon;Amorebieta;2;2;D;0;1;A;24;31;325;235;295;29;235;29;305;;;;251;307;318;24;3;3;238;3;313;;;;;;;;;;;;;;;;;;;;;
SP2;07/11/2021;Zaragoza;Sp Gijon;2;0;H;1;0;H;245;31;31;23;28;31;235;28;305;;;;255;28;346;262;288;288;245;288;313;;;;;;;;;;;;;;;;;;;;;
SP2;07/11/2021;Almeria;Burgos;2;0;H;1;0;H;145;375;10;149;36;675;147;395;7;;;;152;399;739;173;34;48;145;4;7;;;;;;;;;;;;;;;;;;;;;
SP2;07/11/2021;Cartagena;Malaga;3;1;H;1;0;H;23;31;33;235;29;295;235;295;3;;;;248;305;326;;;;238;3;313;;;;;;;;;;;;;;;;;;;;;
SP2;07/11/2021;Sociedad B;Ibiza;0;1;A;0;0;D;262;31;29;;;;26;29;27;;;;268;306;295;262;29;28;255;3;28;;;;;;;;;;;;;;;;;;;;;
SP2;08/11/2021;Tenerife;Girona;2;1;H;1;0;H;245;32;31;225;3;295;235;3;295;;;;249;321;307;;;;238;3;31;;;;;;;;;;;;;;;;;;;;;
SP2;12/11/2021;Sp Gijon;Sociedad B;0;1;A;0;0;D;172;34;525;168;36;433;175;32;48;;;;18;348;533;175;325;5;175;34;5;;;;;;;;;;;;;;;;;;;;;
SP2;13/11/2021;Valladolid;Fuenlabrada;3;0;H;1;0;H;157;38;65;155;36;575;16;365;575;;;;158;373;693;157;36;65;155;375;65;;;;;;;;;;;;;;;;;;;;;
SP2;13/11/2021;Eibar;Alcorcon;2;1;H;2;1;H;144;42;75;141;41;675;147;4;675;;;;147;43;77;144;39;8;144;41;8;;;;;;;;;;;;;;;;;;;;;
SP2;13/11/2021;Mirandes;Huesca;0;1;A;0;0;D;31;32;237;295;31;22;3;305;23;;;;317;327;24;31;31;237;31;313;238;;;;;;;;;;;;;;;;;;;;;
SP2;13/11/2021;Las Palmas;Zaragoza;2;3;A;1;1;D;205;325;37;195;31;375;21;3;37;;;;211;32;395;2;31;4;195;313;42;;;;;;;;;;;;;;;;;;;;;
SP2;14/11/2021;Amorebieta;Lugo;1;3;A;1;2;A;2;325;4;2;325;33;205;305;365;;;;205;325;409;2;32;39;2;32;38;;;;;;;;;;;;;;;;;;;;;
SP2;14/11/2021;Girona;Cartagena;2;0;H;1;0;H;172;35;5;168;34;46;17;335;48;;;;171;361;556;167;35;55;167;35;5;;;;;;;;;;;;;;;;;;;;;
SP2;14/11/2021;Ibiza;Almeria;0;1;A;0;1;A;35;33;21;34;31;205;32;31;22;;;;356;321;224;35;31;215;33;32;215;;;;;;;;;;;;;;;;;;;;;
SP2;14/11/2021;Burgos;Ponferradina;1;0;H;1;0;H;24;32;31;225;3;295;245;28;305;;;;253;297;327;24;29;32;24;29;313;;;;;;;;;;;;;;;;;;;;;
SP2;14/11/2021;Leganes;Oviedo;0;0;D;0;0;D;2;32;39;195;32;36;205;3;39;;;;211;326;387;205;3;4;195;3;42;;;;;;;;;;;;;;;;;;;;;
SP2;15/11/2021;Malaga;Tenerife;1;0;H;1;0;H;25;31;3;235;295;29;25;285;285;;;;271;296;301;26;29;29;255;29;29;;;;;;;;;;;;;;;;;;;;;
SP2;19/11/2021;Fuenlabrada;Mirandes;1;1;D;1;0;H;21;32;36;21;31;32;22;295;35;;;;222;312;387;225;31;325;215;313;36;;;;;;;;;;;;;;;;;;;;;
SP2;20/11/2021;Oviedo;Amorebieta;2;0;H;2;0;H;18;325;525;173;31;48;183;31;47;;;;174;34;573;18;32;475;175;32;55;;;;;;;;;;;;;;;;;;;;;
SP2;20/11/2021;Malaga;Las Palmas;2;1;H;1;0;H;262;31;287;255;29;265;26;28;275;;;;273;297;298;26;288;288;26;3;288;;;;;;;;;;;;;;;;;;;;;
SP2;20/11/2021;Almeria;Valladolid;3;1;H;0;1;A;205;32;39;21;3;34;21;31;335;;;;217;32;377;21;31;35;21;33;35;;;;;;;;;;;;;;;;;;;;;
SP2;21/11/2021;Cartagena;Burgos;1;0;H;0;0;D;195;32;42;193;31;375;205;3;37;;;;199;335;418;188;32;42;195;31;4;;;;;;;;;;;;;;;;;;;;;
SP2;21/11/2021;Lugo;Eibar;2;2;D;2;1;H;36;31;215;33;3;21;34;295;22;;;;373;304;226;35;3;22;34;3;22;;;;;;;;;;;;;;;;;;;;;
SP2;21/11/2021;Huesca;Ibiza;0;0;D;0;0;D;2;32;4;2;31;35;205;305;37;;;;208;315;413;191;32;42;2;31;39;;;;;;;;;;;;;;;;;;;;;
SP2;21/11/2021;Tenerife;Alcorcon;1;0;H;0;0;D;144;41;8;144;375;725;147;385;7;;;;147;421;794;147;37;75;145;39;75;;;;;;;;;;;;;;;;;;;;;
SP2;21/11/2021;Ponferradina;Sp Gijon;4;1;H;3;0;H;245;31;3;24;28;295;25;28;29;;;;261;3;311;275;288;27;25;29;3;;;;;;;;;;;;;;;;;;;;;
SP2;22/11/2021;Sociedad B;Girona;1;2;A;0;1;A;262;3;287;26;3;26;25;29;275;;;;277;303;288;25;3;288;26;3;275;;;;;;;;;;;;;;;;;;;;;
SP2;22/11/2021;Zaragoza;Leganes;0;2;A;0;1;A;245;31;31;237;295;287;25;28;295;;;;262;286;325;235;288;325;24;29;313;;;;;;;;;;;;;;;;;;;;;
SP2;26/11/2021;Alcorcon;Lugo;1;1;D;0;1;A;22;32;35;225;287;32;23;28;355;;;;227;315;369;25;288;3;22;3;36;;;;;;;;;;;;;;;;;;;;;
SP2;26/11/2021;Mirandes;Oviedo;1;1;D;0;0;D;287;31;262;27;29;25;28;28;25;;;;298;306;274;27;29;275;288;3;26;;;;;;;;;;;;;;;;;;;;;
SP2;27/11/2021;Burgos;Malaga;3;0;H;1;0;H;27;3;28;26;287;265;265;275;275;;;;291;284;291;27;288;275;275;29;28;;;;;;;;;;;;;;;;;;;;;
SP2;27/11/2021;Almeria;Huesca;0;0;D;0;0;D;17;36;525;175;34;42;173;335;47;;;;175;348;546;173;33;5;173;35;5;;;;;;;;;;;;;;;;;;;;;
SP2;27/11/2021;Sp Gijon;Fuenlabrada;1;1;D;1;0;H;175;325;575;175;34;42;18;315;48;;;;174;356;539;173;32;525;173;34;525;;;;;;;;;;;;;;;;;;;;;
SP2;27/11/2021;Valladolid;Cartagena;2;0;H;2;0;H;166;35;6;161;35;5;17;335;49;;;;175;342;561;165;34;55;17;35;525;;;;;;;;;;;;;;;;;;;;;
SP2;28/11/2021;Leganes;Las Palmas;4;1;H;2;0;H;215;31;38;215;29;33;22;29;345;;;;221;303;389;215;3;36;215;3;36;;;;;;;;;;;;;;;;;;;;;
SP2;28/11/2021;Amorebieta;Zaragoza;1;1;D;1;1;D;32;3;25;265;295;255;29;285;25;;;;318;29;264;3;288;25;29;29;25;;;;;;;;;;;;;;;;;;;;;
SP2;28/11/2021;Ibiza;Ponferradina;0;1;A;0;1;A;24;31;325;245;287;28;24;285;3;;;;249;305;324;24;29;31;24;288;313;;;;;;;;;;;;;;;;;;;;;
SP2;28/11/2021;Tenerife;Sociedad B;2;0;H;1;0;H;166;34;65;17;325;48;173;32;5;;;;168;355;599;17;32;55;167;33;55;;;;;;;;;;;;;;;;;;;;;
SP2;29/11/2021;Eibar;Girona;4;2;H;2;1;H;21;32;38;2;31;34;205;31;35;;;;215;328;371;21;31;36;205;31;36;;;;;;;;;;;;;;;;;;;;;
SP2;03/12/2021;Huesca;Valladolid;3;2;H;2;0;H;275;32;27;27;31;245;265;29;26;;;;282;325;274;288;31;245;27;32;263;;;;;;;;;;;;;;;;;;;;;
SP2;04/12/2021;Fuenlabrada;Almeria;1;1;D;0;0;D;36;33;21;33;32;205;325;31;215;;;;369;329;216;34;32;21;35;32;215;;;;;;;;;;;;;;;;;;;;;
SP2;05/12/2021;Ponferradina;Mirandes;2;1;H;1;0;H;2;32;42;195;32;35;2;315;38;;;;193;35;424;191;32;42;191;32;41;;;;;;;;;;;;;;;;;;;;;
SP2;05/12/2021;Malaga;Amorebieta;1;2;A;0;2;A;183;34;475;177;34;41;183;32;44;;;;183;336;507;175;325;5;175;33;475;;;;;;;;;;;;;;;;;;;;;
SP2;05/12/2021;Lugo;Ibiza;0;0;D;0;0;D;26;31;287;26;295;26;26;28;275;;;;272;299;297;275;29;27;263;288;288;;;;;;;;;;;;;;;;;;;;;
SP2;05/12/2021;Oviedo;Alcorcon;3;1;H;0;0;D;17;34;6;163;34;525;167;32;55;;;;173;354;551;16;34;65;167;33;575;;;;;;;;;;;;;;;;;;;;;
SP2;05/12/2021;Sociedad B;Burgos;0;1;A;0;1;A;225;32;34;225;295;31;235;29;315;;;;235;3;358;24;29;31;225;29;34;;;;;;;;;;;;;;;;;;;;;
SP2;05/12/2021;Las Palmas;Sp Gijon;1;0;H;0;0;D;2;31;45;195;295;39;205;3;38;;;;209;327;392;195;31;42;195;31;4;;;;;;;;;;;;;;;;;;;;;
SP2;06/12/2021;Zaragoza;Eibar;1;0;H;0;0;D;26;31;29;25;3;265;26;285;27;;;;281;293;294;27;28;28;263;29;28;;;;;;;;;;;;;;;;;;;;;
SP2;06/12/2021;Cartagena;Tenerife;1;1;D;0;0;D;29;31;26;265;295;25;27;3;25;;;;279;323;27;288;3;25;275;3;26;;;;;;;;;;;;;;;;;;;;;
SP2;06/12/2021;Girona;Leganes;3;0;H;2;0;H;245;31;31;245;3;275;24;285;3;;;;246;297;337;255;29;29;24;29;313;;;;;;;;;;;;;;;;;;;;;
SP2;10/12/2021;Sp Gijon;Huesca;1;1;D;0;0;D;22;32;35;215;31;31;215;29;345;;;;224;323;368;23;3;32;22;31;35;;;;;;;;;;;;;;;;;;;;;
SP2;11/12/2021;Burgos;Fuenlabrada;2;0;H;1;0;H;225;32;34;225;287;32;225;29;33;;;;234;312;344;23;29;33;238;29;34;;;;;;;;;;;;;;;;;;;;;
SP2;11/12/2021;Ibiza;Girona;1;1;D;0;1;A;25;32;3;24;31;27;24;3;29;;;;263;309;3;235;3;31;25;3;3;;;;;;;;;;;;;;;;;;;;;
SP2;11/12/2021;Almeria;Zaragoza;3;0;H;0;0;D;17;375;525;177;34;41;17;34;48;;;;168;375;555;178;34;45;167;36;525;;;;;;;;;;;;;;;;;;;;;
SP2;11/12/2021;Eibar;Malaga;2;2;D;2;1;H;175;36;475;185;32;4;18;33;44;;;;178;353;509;183;325;433;175;34;5;;;;;;;;;;;;;;;;;;;;;
SP2;11/12/2021;Tenerife;Lugo;1;1;D;1;0;H;175;34;525;162;35;5;173;325;5;;;;172;342;595;163;325;65;173;33;55;;;;;;;;;;;;;;;;;;;;;
SP2;12/12/2021;Leganes;Ponferradina;1;1;D;0;1;A;195;34;42;19;32;38;2;31;38;;;;209;317;409;2;31;4;195;31;41;;;;;;;;;;;;;;;;;;;;;
SP2;12/12/2021;Valladolid;Oviedo;2;1;H;2;1;H;185;34;45;19;32;38;195;32;4;;;;188;367;421;191;32;42;185;325;433;;;;;;;;;;;;;;;;;;;;;
SP2;12/12/2021;Alcorcon;Cartagena;1;1;D;1;1;D;275;31;275;25;295;265;27;28;27;;;;29;291;285;27;29;275;27;288;275;;;;;;;;;;;;;;;;;;;;;
SP2;12/12/2021;Amorebieta;Las Palmas;1;1;D;1;1;D;325;31;237;287;295;237;3;29;235;;;;336;3;245;31;29;24;313;3;238;;;;;;;;;;;;;;;;;;;;;
SP2;13/12/2021;Mirandes;Sociedad B;2;0;H;0;0;D;215;325;36;205;3;34;22;305;33;;;;216;324;374;215;3;35;21;31;36;;;;;;;;;;;;;;;;;;;;;
SP2;17/12/2021;Girona;Burgos;3;1;H;2;0;H;15;4;7;151;36;6;15;39;675;;;;153;397;807;15;37;7;15;39;7;;;;;;;;;;;;;;;;;;;;;
SP2;18/12/2021;Ibiza;Sp Gijon;0;2;A;0;1;A;24;31;32;225;285;32;235;285;305;;;;243;291;353;22;29;36;24;29;33;;;;;;;;;;;;;;;;;;;;;
SP2;18/12/2021;Malaga;Leganes;0;2;A;0;0;D;27;31;275;265;27;275;27;275;28;;;;288;296;283;245;29;31;28;28;288;;;;;;;;;;;;;;;;;;;;;
SP2;18/12/2021;Las Palmas;Eibar;0;1;A;0;1;A;215;32;36;205;31;33;215;3;35;;;;215;312;395;22;31;33;21;313;37;;;;;;;;;;;;;;;;;;;;;
SP2;19/12/2021;Fuenlabrada;Oviedo;0;0;D;0;0;D;287;31;262;295;28;24;28;285;25;;;;303;297;269;288;29;255;288;29;26;;;;;;;;;;;;;;;;;;;;;
SP2;19/12/2021;Ponferradina;Amorebieta;1;1;D;0;1;A;185;35;433;183;31;433;19;32;42;;;;181;34;516;185;32;433;18;325;46;;;;;;;;;;;;;;;;;;;;;
SP2;19/12/2021;Zaragoza;Tenerife;0;2;A;0;2;A;245;3;32;237;28;31;245;285;3;;;;246;301;333;245;288;31;245;288;313;;;;;;;;;;;;;;;;;;;;;
SP2;19/12/2021;Cartagena;Mirandes;3;0;H;2;0;H;205;325;4;205;3;34;21;31;335;;;;214;335;365;215;31;34;205;32;36;;;;;;;;;;;;;;;;;;;;;
SP2;19/12/2021;Huesca;Alcorcon;0;0;D;0;0;D;175;36;5;168;325;5;173;33;46;;;;174;348;56;175;33;48;173;33;525;;;;;;;;;;;;;;;;;;;;;
SP2;19/12/2021;Sociedad B;Valladolid;0;2;A;0;0;D;35;325;215;325;31;205;32;31;22;;;;369;324;217;325;31;22;35;313;21;;;;;;;;;;;;;;;;;;;;;
SP2;31/12/2021;Oviedo;Ponferradina;2;0;H;0;0;D;23;3;35;23;295;3;235;29;325;;;;238;299;346;237;28;33;23;3;33;;;;;;;;;;;;;;;;;;;;;
SP2;31/12/2021;Burgos;Amorebieta;2;2;D;2;1;H;245;31;31;23;29;3;25;29;3;;;;252;313;321;245;28;32;245;3;31;;;;;;;;;;;;;;;;;;;;;
SP2;31/12/2021;Eibar;Sociedad B;3;2;H;2;0;H;153;42;65;152;39;525;155;4;575;;;;153;431;686;153;38;6;;;;;;;;;;;;;;;;;;;;;;;;
SP2;02/01/2022;Almeria;Cartagena;0;1;A;0;1;A;161;38;6;158;375;5;16;365;55;;;;156;43;587;157;375;55;155;38;575;;;;;;;;;;;;;;;;;;;;;
SP2;02/01/2022;Valladolid;Leganes;1;0;H;1;0;H;195;33;433;205;31;34;205;31;36;;;;204;336;398;2;3;4;195;313;4;;;;;;;;;;;;;;;;;;;;;
SP2;02/01/2022;Sp Gijon;Lugo;1;1;D;0;1;A;;;;183;31;41;19;315;41;;;;192;323;479;188;32;433;185;32;44;;;;;;;;;;;;;;;;;;;;;
SP2;02/01/2022;Huesca;Girona;0;1;A;0;0;D;26;3;3;25;3;265;255;29;28;;;;272;311;286;26;29;287;255;3;28;;;;;;;;;;;;;;;;;;;;;
SP2;02/01/2022;Mirandes;Zaragoza;2;0;H;1;0;H;26;3;26;26;3;26;34;3;22;;;;345;33;216;34;31;215;34;313;215;;;;;;;;;;;;;;;;;;;;;
SP2;02/01/2022;Fuenlabrada;Ibiza;1;2;A;1;1;D;22;3;32;22;287;325;225;285;335;;;;227;298;38;225;28;36;22;29;36;;;;;;;;;;;;;;;;;;;;;
SP2;02/01/2022;Tenerife;Las Palmas;0;1;A;0;0;D;21;32;38;205;31;34;215;3;345;;;;22;311;38;215;3;36;21;3;37;;;;;;;;;;;;;;;;;;;;;
SP2;03/01/2022;Alcorcon;Malaga;0;1;A;0;0;D;27;3;262;245;285;285;25;285;285;;;;253;304;319;25;287;3;25;29;3;;;;;;;;;;;;;;;;;;;;;
SP2;07/01/2022;Amorebieta;Tenerife;1;1;D;1;1;D;31;32;24;3;3;225;31;285;23;;;;346;306;243;31;3;237;32;31;23;;;;;;;;;;;;;;;;;;;;;
SP2;08/01/2022;Cartagena;Huesca;0;3;A;0;1;A;21;35;34;205;31;325;215;31;335;;;;216;343;351;21;31;35;21;32;36;;;;;;;;;;;;;;;;;;;;;
SP2;08/01/2022;Ibiza;Alcorcon;6;2;H;2;2;D;172;38;475;17;32;48;175;325;47;;;;175;344;55;172;32;525;17;34;55;;;;;;;;;;;;;;;;;;;;;
SP2;08/01/2022;Valladolid;Burgos;1;0;H;0;0;D;144;45;7;147;41;55;143;41;7;;;;148;406;821;144;39;75;145;41;75;;;;;;;;;;;;;;;;;;;;;
SP2;08/01/2022;Leganes;Sociedad B;1;1;D;0;0;D;17;36;525;175;32;46;175;315;5;;;;174;337;589;172;32;525;173;34;525;;;;;;;;;;;;;;;;;;;;;
SP2;09/01/2022;Girona;Fuenlabrada;2;1;H;2;0;H;172;36;5;166;35;46;17;33;5;;;;167;357;605;17;33;525;167;34;55;;;;;;;;;;;;;;;;;;;;;
SP2;09/01/2022;Lugo;Mirandes;2;1;H;1;0;H;23;325;32;215;31;31;225;305;305;;;;235;317;336;23;31;31;23;31;31;;;;;;;;;;;;;;;;;;;;;
SP2;09/01/2022;Malaga;Sp Gijon;2;2;D;1;2;A;24;33;3;225;31;29;245;29;29;;;;258;3;315;245;3;3;25;29;3;;;;;;;;;;;;;;;;;;;;;
SP2;09/01/2022;Ponferradina;Zaragoza;0;0;D;0;0;D;24;33;3;237;31;275;245;29;29;;;;254;306;314;25;287;3;24;29;31;;;;;;;;;;;;;;;;;;;;;
SP2;09/01/2022;Las Palmas;Almeria;1;1;D;1;0;H;24;31;32;237;3;285;24;295;295;;;;242;324;315;23;3;32;23;31;31;;;;;;;;;;;;;;;;;;;;;
SP2;10/01/2022;Oviedo;Eibar;1;1;D;1;0;H;24;32;31;235;3;28;24;295;29;;;;244;31;326;24;29;31;238;3;31;;;;;;;;;;;;;;;;;;;;;
SP2;19/01/2022;Lugo;Almeria;2;1;H;2;0;H;35;33;215;33;32;205;32;31;215;;;;365;312;225;34;31;215;34;313;215;;;;;;;;;;;;;;;;;;;;;
SP2;21/01/2022;Tenerife;Oviedo;4;0;H;2;0;H;21;3;4;205;3;35;205;29;375;;;;218;299;423;205;29;4;21;3;39;;;;;;;;;;;;;;;;;;;;;
SP2;22/01/2022;Zaragoza;Valladolid;0;0;D;0;0;D;31;32;24;28;3;237;295;295;235;;;;331;315;239;31;3;237;3;31;238;;;;;;;;;;;;;;;;;;;;;
SP2;22/01/2022;Fuenlabrada;Las Palmas;3;2;H;1;1;D;31;32;24;28;3;24;295;295;235;;;;332;311;241;32;29;237;31;3;238;;;;;;;;;;;;;;;;;;;;;
SP2;22/01/2022;Malaga;Ibiza;0;5;A;0;1;A;24;32;32;225;31;29;235;295;295;;;;255;304;315;245;3;3;24;3;31;;;;;;;;;;;;;;;;;;;;;
SP2;23/01/2022;Burgos;Leganes;4;0;H;3;0;H;275;32;27;26;3;255;27;295;25;;;;294;319;26;262;31;262;28;3;255;;;;;;;;;;;;;;;;;;;;;
SP2;23/01/2022;Sp Gijon;Amorebieta;2;1;H;0;1;A;185;325;5;177;33;42;19;315;43;;;;185;352;457;183;32;45;183;32;45;;;;;;;;;;;;;;;;;;;;;
SP2;23/01/2022;Girona;Lugo;1;1;D;0;0;D;172;34;55;17;34;45;173;33;49;;;;168;365;578;166;34;525;167;34;55;;;;;;;;;;;;;;;;;;;;;
SP2;23/01/2022;Huesca;Ponferradina;1;2;A;0;1;A;225;31;35;225;275;33;225;295;325;;;;228;293;384;22;3;34;22;3;34;;;;;;;;;;;;;;;;;;;;;
SP2;23/01/2022;Alcorcon;Mirandes;0;0;D;0;0;D;275;3;28;265;3;25;26;295;26;;;;278;314;277;275;3;262;263;3;27;;;;;;;;;;;;;;;;;;;;;
SP2;24/01/2022;Almeria;Eibar;0;2;A;0;1;A;2;33;4;195;32;35;205;31;37;;;;205;343;383;2;32;38;2;32;375;;;;;;;;;;;;;;;;;;;;;
SP2;24/01/2022;Sociedad B;Cartagena;1;2;A;0;0;D;28;32;26;275;31;235;27;3;25;;;;296;314;261;28;3;255;275;313;25;;;;;;;;;;;;;;;;;;;;;
SP2;28/01/2022;Valladolid;Sp Gijon;1;0;H;0;0;D;16;4;575;157;37;5;157;365;55;;;;162;403;608;155;36;65;157;38;6;;;;;;;;;;;;;;;;;;;;;
SP2;29/01/2022;Amorebieta;Girona;1;0;H;1;0;H;32;31;24;27;31;245;295;295;235;;;;336;318;234;31;3;235;31;31;238;;;;;;;;;;;;;;;;;;;;;
SP2;29/01/2022;Eibar;Huesca;2;1;H;0;0;D;18;36;45;178;32;433;185;325;42;;;;186;362;437;183;32;46;18;33;475;;;;;;;;;;;;;;;;;;;;;
SP2;29/01/2022;Lugo;Burgos;1;0;H;0;0;D;21;32;4;205;3;36;21;3;36;;;;211;313;406;21;3;375;205;313;39;;;;;;;;;;;;;;;;;;;;;
SP2;29/01/2022;Oviedo;Almeria;2;0;H;1;0;H;275;3;28;265;295;25;265;29;275;;;;271;309;289;27;29;275;27;3;28;;;;;;;;;;;;;;;;;;;;;
SP2;30/01/2022;Leganes;Alcorcon;1;0;H;0;0;D;172;35;525;168;32;525;173;335;47;;;;168;371;56;172;325;525;167;34;55;;;;;;;;;;;;;;;;;;;;;
SP2;30/01/2022;Cartagena;Fuenlabrada;3;0;H;1;0;H;195;33;42;19;31;4;195;31;395;;;;196;341;422;19;31;42;191;32;41;;;;;;;;;;;;;;;;;;;;;
SP2;30/01/2022;Las Palmas;Sociedad B;0;0;D;0;0;D;16;36;65;155;35;6;157;37;575;;;;162;372;638;157;36;6;155;37;6;;;;;;;;;;;;;;;;;;;;;
SP2;30/01/2022;Mirandes;Malaga;3;0;H;2;0;H;22;31;36;21;325;31;22;305;33;;;;224;312;367;22;3;34;22;31;33;;;;;;;;;;;;;;;;;;;;;
SP2;30/01/2022;Ponferradina;Tenerife;1;2;A;1;0;H;26;29;31;237;29;29;245;28;29;;;;262;289;323;25;28;31;25;288;3;;;;;;;;;;;;;;;;;;;;;
SP2;31/01/2022;Ibiza;Zaragoza;2;2;D;0;2;A;215;31;375;2;32;34;215;295;35;;;;205;324;41;21;31;36;;;;;;;;;;;;;;;;;;;;;;;;
SP2;04/02/2022;Almeria;Ibiza;2;0;H;0;0;D;172;38;475;172;35;41;173;35;44;;;;175;385;506;183;33;45;17;375;48;;;;;;;;;;;;;;;;;;;;;
SP2;04/02/2022;Burgos;Alcorcon;3;1;H;2;1;H;21;3;4;195;295;39;215;275;39;;;;221;307;4;188;32;44;21;3;4;;;;;;;;;;;;;;;;;;;;;
SP2;05/02/2022;Sociedad B;Lugo;1;1;D;0;1;A;28;3;28;265;31;25;265;29;27;;;;27;315;294;28;29;27;27;3;275;;;;;;;;;;;;;;;;;;;;;
SP2;05/02/2022;Zaragoza;Malaga;1;1;D;0;1;A;205;32;4;205;3;34;21;305;355;;;;215;302;411;21;31;375;205;313;39;;;;;;;;;;;;;;;;;;;;;
SP2;05/02/2022;Girona;Ponferradina;3;0;H;1;0;H;19;34;433;19;32;375;195;315;4;;;;19;337;456;195;31;42;187;33;44;;;;;;;;;;;;;;;;;;;;;
SP2;05/02/2022;Sp Gijon;Eibar;0;1;A;0;1;A;255;3;31;24;287;287;245;295;28;;;;261;297;314;245;31;3;25;31;29;;;;;;;;;;;;;;;;;;;;;
SP2;06/02/2022;Amorebieta;Oviedo;1;1;D;1;1;D;29;3;27;27;295;25;28;285;26;;;;305;282;281;29;287;262;288;29;26;;;;;;;;;;;;;;;;;;;;;
SP2;06/02/2022;Fuenlabrada;Valladolid;0;0;D;0;0;D;35;33;21;325;32;205;345;305;21;;;;348;34;218;4;31;2;35;313;21;;;;;;;;;;;;;;;;;;;;;
SP2;06/02/2022;Cartagena;Las Palmas;0;2;A;0;2;A;23;32;325;225;31;295;23;305;3;;;;235;315;339;23;31;325;23;31;31;;;;;;;;;;;;;;;;;;;;;
SP2;06/02/2022;Huesca;Mirandes;4;0;H;0;0;D;21;33;36;2;32;34;215;31;34;;;;221;307;383;21;31;37;205;313;36;;;;;;;;;;;;;;;;;;;;;
SP2;06/02/2022;Tenerife;Leganes;0;0;D;0;0;D;215;31;375;21;3;33;215;295;34;;;;214;314;393;215;29;38;21;3;37;;;;;;;;;;;;;;;;;;;;;
SP2;11/02/2022;Leganes;Zaragoza;2;1;H;0;0;D;225;31;35;21;3;33;23;28;335;;;;235;306;363;225;3;34;23;29;35;;;;;;;;;;;;;;;;;;;;;
SP2;12/02/2022;Mirandes;Sp Gijon;0;3;A;0;1;A;25;33;287;24;31;265;245;3;28;;;;249;309;32;255;31;28;25;31;29;;;;;;;;;;;;;;;;;;;;;
SP2;12/02/2022;Ibiza;Cartagena;2;1;H;1;1;D;22;35;32;21;34;3;215;315;32;;;;224;343;333;22;32;325;22;325;33;;;;;;;;;;;;;;;;;;;;;
SP2;12/02/2022;Valladolid;Girona;2;2;D;0;1;A;18;35;5;18;33;4;18;33;44;;;;176;36;506;183;33;45;183;33;46;;;;;;;;;;;;;;;;;;;;;
SP2;12/02/2022;Malaga;Almeria;0;1;A;0;0;D;36;32;215;34;31;2;34;3;22;;;;384;322;213;33;32;22;36;32;21;;;;;;;;;;;;;;;;;;;;;
SP2;13/02/2022;Eibar;Fuenlabrada;0;0;D;0;0;D;165;375;55;162;35;5;165;34;525;;;;161;381;624;163;35;58;162;35;575;;;;;;;;;;;;;;;;;;;;;
SP2;13/02/2022;Oviedo;Huesca;3;3;D;3;1;H;23;31;34;225;31;3;225;295;33;;;;235;298;36;23;3;33;225;3;33;;;;;;;;;;;;;;;;;;;;;
SP2;13/02/2022;Alcorcon;Tenerife;0;2;A;0;1;A;38;325;205;34;31;205;355;3;21;;;;409;318;208;37;3;215;39;3;205;;;;;;;;;;;;;;;;;;;;;
SP2;13/02/2022;Lugo;Amorebieta;1;1;D;1;0;H;21;33;36;21;3;33;215;305;33;;;;222;317;367;215;31;36;21;31;35;;;;;;;;;;;;;;;;;;;;;
SP2;13/02/2022;Las Palmas;Burgos;0;2;A;0;0;D;166;35;575;171;34;44;173;32;525;;;;168;366;565;325;32;22;167;35;525;;;;;;;;;;;;;;;;;;;;;
SP2;14/02/2022;Ponferradina;Sociedad B;3;2;H;1;0;H;183;33;475;185;31;41;19;31;41;;;;19;327;477;188;33;42;183;33;433;;;;;;;;;;;;;;;;;;;;;
SP2;18/02/2022;Cartagena;Valladolid;2;3;A;1;2;A;36;36;2;33;325;2;355;325;2;;;;386;357;204;3;31;245;375;35;195;;;;;;;;;;;;;;;;;;;;;
SP2;19/02/2022;Zaragoza;Las Palmas;2;1;H;1;0;H;245;31;31;235;295;29;24;29;29;;;;253;299;324;287;3;255;25;3;3;;;;;;;;;;;;;;;;;;;;;
SP2;19/02/2022;Girona;Eibar;0;1;A;0;1;A;22;33;34;21;31;32;215;305;335;;;;227;302;373;225;31;33;22;313;34;;;;;;;;;;;;;;;;;;;;;
SP2;19/02/2022;Tenerife;Ibiza;2;0;H;2;0;H;18;35;475;175;32;45;18;32;46;;;;178;354;508;183;31;5;18;33;5;;;;;;;;;;;;;;;;;;;;;
SP2;19/02/2022;Sociedad B;Malaga;2;0;H;1;0;H;21;33;36;205;31;325;22;295;34;;;;224;327;347;28;29;27;22;31;35;;;;;;;;;;;;;;;;;;;;;
SP2;20/02/2022;Fuenlabrada;Alcorcon;2;2;D;1;0;H;21;31;4;198;287;4;205;3;39;;;;209;288;466;215;29;38;2;3;4;;;;;;;;;;;;;;;;;;;;;
SP2;20/02/2022;Burgos;Oviedo;0;1;A;0;0;D;255;32;287;26;285;27;26;28;285;;;;279;307;282;25;287;31;263;29;28;;;;;;;;;;;;;;;;;;;;;
SP2;20/02/2022;Huesca;Lugo;1;0;H;0;0;D;185;34;45;182;33;4;19;315;41;;;;185;346;475;185;325;45;183;33;433;;;;;;;;;;;;;;;;;;;;;
SP2;20/02/2022;Sp Gijon;Ponferradina;2;3;A;0;2;A;205;34;375;198;31;36;21;305;35;;;;206;343;38;21;3;38;2;31;38;;;;;;;;;;;;;;;;;;;;;
SP2;20/02/2022;Almeria;Mirandes;2;1;H;0;0;D;157;4;6;152;38;55;157;365;6;;;;157;384;682;157;37;6;155;375;6;;;;;;;;;;;;;;;;;;;;;
SP2;21/02/2022;Amorebieta;Leganes;1;3;A;0;1;A;3;31;25;287;295;237;285;285;25;;;;315;297;26;;;;29;29;255;;;;;;;;;;;;;;;;;;;;;
SP2;25/02/2022;Almeria;Fuenlabrada;3;1;H;1;1;D;161;42;5;158;37;525;163;365;525;;;;164;397;592;;;;16;375;575;;;;;;;;;;;;;;;;;;;;;
SP2;26/02/2022;Ibiza;Huesca;2;1;H;1;1;D;23;31;33;22;3;3;24;29;305;;;;258;305;31;;;;24;3;32;;;;;;;;;;;;;;;;;;;;;
SP2;26/02/2022;Mirandes;Tenerife;2;1;H;2;1;H;31;32;24;28;3;24;29;295;245;;;;315;301;257;;;;3;3;25;;;;;;;;;;;;;;;;;;;;;
SP2;26/02/2022;Oviedo;Sociedad B;0;1;A;0;0;D;175;35;5;173;33;45;18;33;45;;;;178;343;532;;;;175;34;5;;;;;;;;;;;;;;;;;;;;;
SP2;26/02/2022;Las Palmas;Lugo;2;2;D;2;1;H;165;375;575;166;35;46;167;34;525;;;;169;358;578;;;;165;35;575;;;;;;;;;;;;;;;;;;;;;
SP2;27/02/2022;Eibar;Burgos;2;0;H;1;0;H;166;35;6;163;35;48;163;34;55;;;;163;365;635;;;;162;35;575;;;;;;;;;;;;;;;;;;;;;
SP2;27/02/2022;Sp Gijon;Zaragoza;1;2;A;0;1;A;2;33;4;2;3;36;2;3;375;;;;206;313;426;;;;2;31;39;;;;;;;;;;;;;;;;;;;;;
SP2;27/02/2022;Leganes;Girona;1;1;D;1;1;D;24;3;33;23;295;3;235;285;305;;;;252;289;339;;;;24;29;313;;;;;;;;;;;;;;;;;;;;;
SP2;27/02/2022;Valladolid;Amorebieta;5;1;H;2;0;H;144;42;8;143;41;625;143;41;7;;;;143;452;815;;;;14;42;8;;;;;;;;;;;;;;;;;;;;;
SP2;27/02/2022;Alcorcon;Ponferradina;2;2;D;0;2;A;33;3;237;3;295;23;31;285;235;;;;34;3;243;;;;32;29;238;;;;;;;;;;;;;;;;;;;;;
SP2;28/02/2022;Malaga;Cartagena;1;1;D;0;0;D;27;31;28;23;31;287;255;29;28;;;;266;304;3;;;;255;3;28;;;;;;;;;;;;;;;;;;;;;
SP2;04/03/2022;Zaragoza;Almeria;2;0;H;1;0;H;29;31;25;285;29;24;29;285;245;;;;317;305;261;32;3;235;3;3;25;;;;;;;;;;;;;;;;;;;;;
SP2;05/03/2022;Fuenlabrada;Burgos;1;2;A;0;1;A;245;3;325;23;3;3;235;285;31;;;;241;304;353;26;287;3;238;29;33;;;;;;;;;;;;;;;;;;;;;
SP2;05/03/2022;Huesca;Las Palmas;0;0;D;0;0;D;245;32;3;22;287;33;23;3;3;;;;245;313;332;235;31;31;238;31;31;;;;;;;;;;;;;;;;;;;;;
SP2;05/03/2022;Tenerife;Valladolid;1;4;A;0;1;A;287;31;262;29;265;26;275;29;26;;;;302;3;267;;;;288;3;263;;;;;;;;;;;;;;;;;;;;;
SP2;06/03/2022;Lugo;Alcorcon;1;0;H;0;0;D;195;34;42;188;325;375;195;31;395;;;;193;336;445;;;;19;313;42;;;;;;;;;;;;;;;;;;;;;
SP2;06/03/2022;Ponferradina;Ibiza;1;1;D;1;0;H;23;32;33;215;3;325;225;3;33;;;;224;314;365;225;31;33;215;313;34;;;;;;;;;;;;;;;;;;;;;
SP2;06/03/2022;Amorebieta;Malaga;1;2;A;0;1;A;22;31;36;225;28;33;22;29;335;;;;22;303;392;235;3;32;21;3;37;;;;;;;;;;;;;;;;;;;;;
SP2;06/03/2022;Cartagena;Eibar;4;1;H;1;1;D;262;32;28;26;3;25;255;295;265;;;;262;329;284;28;31;255;255;31;275;;;;;;;;;;;;;;;;;;;;;
SP2;06/03/2022;Leganes;Mirandes;2;0;H;2;0;H;195;34;42;182;31;42;195;31;39;;;;197;34;417;18;34;45;191;32;41;;;;;;;;;;;;;;;;;;;;;
SP2;06/03/2022;Girona;Oviedo;2;1;H;1;0;H;205;31;42;205;295;36;21;29;375;;;;206;312;426;22;3;35;2;3;4;;;;;;;;;;;;;;;;;;;;;
SP2;07/03/2022;Sociedad B;Sp Gijon;2;1;H;1;0;H;;;;26;285;27;255;29;27;;;;282;313;275;245;3;3;263;3;27;;;;;;;;;;;;;;;;;;;;;
SP2;11/03/2022;Zaragoza;Fuenlabrada;2;1;H;0;1;A;2;31;433;188;3;41;205;285;41;;;;205;314;448;185;325;45;2;31;42;;;;;;;;;;;;;;;;;;;;;
SP2;12/03/2022;Ibiza;Leganes;1;1;D;0;0;D;21;33;36;22;3;32;215;31;34;;;;219;32;369;24;31;3;21;32;36;;;;;;;;;;;;;;;;;;;;;
SP2;12/03/2022;Mirandes;Cartagena;2;1;H;1;0;H;22;34;34;21;32;31;215;325;315;;;;216;36;335;22;32;325;22;33;33;;;;;;;;;;;;;;;;;;;;;
SP2;12/03/2022;Almeria;Lugo;3;3;D;1;1;D;145;45;7;142;4;675;143;41;725;;;;142;456;841;147;39;75;14;42;9;;;;;;;;;;;;;;;;;;;;;
SP2;12/03/2022;Las Palmas;Girona;1;3;A;1;0;H;195;35;36;198;32;35;205;33;35;;;;204;344;387;22;31;34;195;34;38;;;;;;;;;;;;;;;;;;;;;
SP2;12/03/2022;Malaga;Ponferradina;0;0;D;0;0;D;245;3;32;235;275;31;24;285;3;;;;263;278;336;23;32;31;245;3;31;;;;;;;;;;;;;;;;;;;;;
SP2;13/03/2022;Burgos;Sociedad B;0;0;D;0;0;D;22;31;36;215;28;35;215;295;34;;;;223;301;385;22;3;35;215;3;35;;;;;;;;;;;;;;;;;;;;;
SP2;13/03/2022;Eibar;Amorebieta;1;0;H;1;0;H;166;35;6;158;34;575;163;345;575;;;;163;369;636;147;375;8;16;35;6;;;;;;;;;;;;;;;;;;;;;
SP2;13/03/2022;Sp Gijon;Tenerife;1;2;A;0;0;D;24;31;325;26;27;285;24;29;29;;;;263;299;309;288;31;25;25;29;3;;;;;;;;;;;;;;;;;;;;;
SP2;13/03/2022;Alcorcon;Huesca;1;0;H;0;0;D;35;31;225;325;29;22;325;3;22;;;;321;326;238;29;31;25;32;31;225;;;;;;;;;;;;;;;;;;;;;
SP2;13/03/2022;Oviedo;Valladolid;3;0;H;0;0;D;31;32;24;28;31;237;29;305;235;;;;304;346;238;25;31;288;3;31;238;;;;;;;;;;;;;;;;;;;;;
SP2;18/03/2022;Huesca;Burgos;1;0;H;1;0;H;172;36;525;168;34;46;17;34;49;;;;174;384;518;;;;17;36;5;;;;;;;;;;;;;;;;;;;;;
SP2;19/03/2022;Sociedad B;Mirandes;1;3;A;1;0;H;22;35;325;22;31;3;225;31;295;;;;227;342;326;;;;23;313;313;;;;;;;;;;;;;;;;;;;;;
SP2;19/03/2022;Cartagena;Zaragoza;3;0;H;1;0;H;22;32;35;22;3;31;225;305;315;;;;226;332;339;;;;225;31;34;;;;;;;;;;;;;;;;;;;;;
SP2;19/03/2022;Fuenlabrada;Malaga;1;0;H;0;0;D;21;32;38;2;3;36;205;295;365;;;;21;309;416;;;;21;31;38;;;;;;;;;;;;;;;;;;;;;
SP2;19/03/2022;Lugo;Oviedo;1;1;D;0;0;D;287;3;275;26;285;27;275;28;27;;;;286;3;282;;;;275;29;28;;;;;;;;;;;;;;;;;;;;;
SP2;19/03/2022;Valladolid;Las Palmas;0;1;A;0;0;D;16;38;65;157;375;5;16;38;5;;;;16;407;578;;;;157;38;6;;;;;;;;;;;;;;;;;;;;;
SP2;19/03/2022;Girona;Ibiza;5;1;H;3;0;H;19;33;433;183;33;39;19;33;4;;;;194;344;426;;;;187;34;42;;;;;;;;;;;;;;;;;;;;;
SP2;20/03/2022;Amorebieta;Alcorcon;0;0;D;0;0;D;19;31;475;195;31;375;195;3;41;;;;194;327;455;;;;191;313;42;;;;;;;;;;;;;;;;;;;;;
SP2;20/03/2022;Ponferradina;Eibar;2;2;D;2;0;H;262;31;287;25;295;275;25;295;275;;;;28;3;287;;;;255;3;28;;;;;;;;;;;;;;;;;;;;;
SP2;20/03/2022;Leganes;Sp Gijon;1;1;D;0;1;A;22;32;35;215;31;32;225;29;33;;;;23;303;365;;;;23;3;325;;;;;;;;;;;;;;;;;;;;;
SP2;21/03/2022;Tenerife;Almeria;0;1;A;0;0;D;237;325;31;237;31;27;23;305;295;;;;242;317;322;;;;238;313;3;;;;;;;;;;;;;;;;;;;;;
SP2;25/03/2022;Zaragoza;Amorebieta;1;1;D;0;0;D;18;325;525;18;3;45;183;305;47;;;;187;326;532;2;33;38;18;32;475;;;;;;;;;;;;;;;;;;;;;
SP2;26/03/2022;Ibiza;Sociedad B;2;2;D;1;1;D;175;35;525;17;34;45;173;335;47;;;;178;363;522;191;32;42;173;35;5;;;;;;;;;;;;;;;;;;;;;
SP2;26/03/2022;Eibar;Lugo;1;0;H;0;0;D;16;36;65;16;34;55;16;345;575;;;;165;368;648;18;34;46;16;35;65;;;;;;;;;;;;;;;;;;;;;
SP2;26/03/2022;Sp Gijon;Cartagena;4;1;H;1;1;D;22;33;33;21;32;31;215;32;315;;;;218;346;343;21;32;35;22;325;33;;;;;;;;;;;;;;;;;;;;;
SP2;26/03/2022;Oviedo;Fuenlabrada;3;0;H;1;0;H;18;325;55;173;31;5;18;31;48;;;;18;316;586;195;31;42;18;32;525;;;;;;;;;;;;;;;;;;;;;
SP2;27/03/2022;Mirandes;Ponferradina;3;1;H;2;0;H;22;33;34;215;32;3;22;31;32;;;;219;354;333;255;3;29;215;325;33;;;;;;;;;;;;;;;;;;;;;
SP2;27/03/2022;Burgos;Tenerife;1;0;H;0;0;D;33;3;245;32;265;24;305;28;24;;;;345;29;248;3;3;245;313;288;245;;;;;;;;;;;;;;;;;;;;;
SP2;27/03/2022;Alcorcon;Valladolid;1;2;A;1;2;A;475;35;183;42;325;178;4;33;19;;;;43;368;186;42;33;188;42;34;183;;;;;;;;;;;;;;;;;;;;;
SP2;27/03/2022;Malaga;Huesca;0;2;A;0;0;D;275;3;29;255;3;26;265;28;285;;;;279;291;298;215;31;36;263;288;288;;;;;;;;;;;;;;;;;;;;;
SP2;27/03/2022;Almeria;Girona;0;1;A;0;1;A;205;35;36;198;32;35;21;32;335;;;;205;34;389;175;35;475;205;325;35;;;;;;;;;;;;;;;;;;;;;
SP2;28/03/2022;Las Palmas;Leganes;4;2;H;3;1;H;2;31;4;2;31;35;205;305;365;;;;205;316;422;23;31;325;2;313;38;;;;;;;;;;;;;;;;;;;;;
SP2;01/04/2022;Girona;Malaga;1;0;H;0;0;D;16;4;575;155;36;55;16;375;575;;;;163;404;597;;;;155;37;65;;;;;;;;;;;;;;;;;;;;;
SP2;02/04/2022;Sociedad B;Alcorcon;2;4;A;2;2;D;2;33;4;195;32;35;205;315;365;;;;202;331;413;;;;2;33;38;;;;;;;;;;;;;;;;;;;;;
SP2;02/04/2022;Valladolid;Lugo;4;1;H;1;0;H;136;475;95;131;46;85;135;46;825;;;;138;469;935;;;;13;48;105;;;;;;;;;;;;;;;;;;;;;
SP2;02/04/2022;Amorebieta;Ibiza;3;1;H;0;0;D;255;325;287;25;29;275;25;29;275;;;;259;306;307;;;;263;3;288;;;;;;;;;;;;;;;;;;;;;
SP2;02/04/2022;Tenerife;Zaragoza;1;1;D;1;1;D;183;32;525;18;31;45;185;3;47;;;;186;312;544;;;;187;313;475;;;;;;;;;;;;;;;;;;;;;
SP2;03/04/2022;Cartagena;Oviedo;1;2;A;1;1;D;24;32;31;24;3;275;245;295;285;;;;256;322;297;;;;24;31;29;;;;;;;;;;;;;;;;;;;;;
SP2;03/04/2022;Burgos;Sp Gijon;0;0;D;0;0;D;275;3;28;265;287;26;275;28;27;;;;282;296;29;;;;275;29;27;;;;;;;;;;;;;;;;;;;;;
SP2;03/04/2022;Ponferradina;Las Palmas;1;2;A;1;0;H;27;32;275;255;3;26;255;3;265;;;;271;308;29;;;;26;31;27;;;;;;;;;;;;;;;;;;;;;
SP2;03/04/2022;Eibar;Mirandes;1;1;D;0;0;D;175;34;525;172;34;433;175;34;45;;;;175;366;51;;;;17;35;475;;;;;;;;;;;;;;;;;;;;;
SP2;03/04/2022;Huesca;Almeria;1;1;D;1;1;D;275;31;275;26;3;255;26;295;26;;;;29;305;274;;;;28;3;255;;;;;;;;;;;;;;;;;;;;;
SP2;04/04/2022;Leganes;Fuenlabrada;3;2;H;1;2;A;175;34;525;18;31;433;18;315;47;;;;181;333;532;;;;173;33;5;;;;;;;;;;;;;;;;;;;;;
SP2;08/04/2022;Lugo;Cartagena;1;0;H;1;0;H;237;325;31;23;3;295;235;295;295;;;;245;326;319;;;;225;32;31;;;;;;;;;;;;;;;;;;;;;
SP2;09/04/2022;Sociedad B;Tenerife;1;2;A;0;1;A;32;31;24;295;3;23;3;295;24;;;;316;319;245;33;3;23;313;3;245;;;;;;;;;;;;;;;;;;;;;
SP2;09/04/2022;Alcorcon;Sp Gijon;1;1;D;1;0;H;29;29;275;265;29;26;27;28;265;;;;292;3;276;3;287;255;28;29;275;;;;;;;;;;;;;;;;;;;;;
SP2;09/04/2022;Malaga;Valladolid;2;2;D;1;0;H;4;33;2;34;325;2;355;32;205;;;;375;352;204;32;32;225;38;33;2;;;;;;;;;;;;;;;;;;;;;
SP2;09/04/2022;Las Palmas;Amorebieta;1;0;H;0;0;D;16;36;65;155;36;55;157;35;6;;;;155;39;694;178;32;525;155;37;65;;;;;;;;;;;;;;;;;;;;;
SP2;10/04/2022;Fuenlabrada;Huesca;2;3;A;1;2;A;31;3;25;28;295;245;295;285;24;;;;323;309;247;275;29;275;3;3;24;;;;;;;;;;;;;;;;;;;;;
SP2;10/04/2022;Zaragoza;Girona;1;0;H;1;0;H;245;32;3;237;3;28;245;3;275;;;;27;301;299;23;31;32;25;3;288;;;;;;;;;;;;;;;;;;;;;
SP2;10/04/2022;Ibiza;Eibar;2;0;H;0;0;D;275;31;275;255;3;255;26;295;26;;;;281;316;274;287;3;255;263;31;263;;;;;;;;;;;;;;;;;;;;;
SP2;10/04/2022;Mirandes;Burgos;3;1;H;1;1;D;2;34;38;2;32;34;205;32;35;;;;2;36;381;22;31;34;2;325;375;;;;;;;;;;;;;;;;;;;;;
SP2;10/04/2022;Oviedo;Leganes;1;0;H;0;0;D;215;31;38;21;295;35;21;295;355;;;;214;303;414;23;31;32;21;3;37;;;;;;;;;;;;;;;;;;;;;
SP2;11/04/2022;Almeria;Ponferradina;3;0;H;1;0;H;16;4;6;16;35;525;16;355;575;;;;157;393;654;17;34;525;155;37;6;;;;;;;;;;;;;;;;;;;;;
SP2;15/04/2022;Eibar;Las Palmas;2;2;D;1;2;A;215;34;35;205;31;33;215;31;325;;;;224;331;343;21;34;33;215;32;35;;;;;;;;;;;;;;;;;;;;;
SP2;15/04/2022;Amorebieta;Mirandes;1;0;H;0;0;D;245;32;3;235;3;287;235;3;29;;;;247;315;315;24;31;3;245;31;3;;;;;;;;;;;;;;;;;;;;;
SP2;16/04/2022;Leganes;Malaga;0;3;A;0;0;D;195;325;433;19;3;4;197;3;41;;;;195;321;464;205;31;39;193;313;42;;;;;;;;;;;;;;;;;;;;;
SP2;16/04/2022;Valladolid;Almeria;2;2;D;1;1;D;21;35;34;205;325;32;215;325;31;;;;216;362;334;22;325;325;21;33;33;;;;;;;;;;;;;;;;;;;;;
SP2;16/04/2022;Sp Gijon;Oviedo;0;1;A;0;0;D;262;3;3;25;285;28;26;28;285;;;;276;298;293;262;3;28;263;29;28;;;;;;;;;;;;;;;;;;;;;
SP2;16/04/2022;Cartagena;Alcorcon;3;1;H;1;1;D;18;36;475;175;34;42;18;335;43;;;;182;371;448;18;35;433;175;34;45;;;;;;;;;;;;;;;;;;;;;
SP2;17/04/2022;Ponferradina;Lugo;3;1;H;1;0;H;195;35;4;182;34;39;197;32;375;;;;198;34;417;191;33;42;191;32;41;;;;;;;;;;;;;;;;;;;;;
SP2;17/04/2022;Burgos;Ibiza;2;1;H;1;0;H;23;31;33;235;3;287;23;295;3;;;;246;296;341;24;31;3;23;3;313;;;;;;;;;;;;;;;;;;;;;
SP2;17/04/2022;Huesca;Zaragoza;1;1;D;1;1;D;19;33;45;19;31;39;19;31;41;;;;188;335;474;205;31;38;185;32;44;;;;;;;;;;;;;;;;;;;;;
SP2;17/04/2022;Tenerife;Fuenlabrada;3;1;H;2;0;H;161;36;65;16;35;525;16;34;6;;;;164;362;64;165;35;55;16;35;6;;;;;;;;;;;;;;;;;;;;;
SP2;18/04/2022;Girona;Sociedad B;2;0;H;0;0;D;161;38;6;151;38;55;16;36;575;;;;161;39;606;157;37;6;16;36;575;;;;;;;;;;;;;;;;;;;;;
SP2;22/04/2022;Tenerife;Huesca;0;0;D;0;0;D;21;32;38;205;31;34;21;285;365;;;;22;308;402;2;32;39;21;3;35;;;;;;;;;;;;;;;;;;;;;
SP2;23/04/2022;Sociedad B;Amorebieta;2;1;H;2;0;H;23;325;325;22;3;31;22;305;32;;;;231;332;329;205;325;36;23;31;33;;;;;;;;;;;;;;;;;;;;;
SP2;23/04/2022;Cartagena;Girona;3;0;H;2;0;H;3;33;24;285;32;225;29;315;23;;;;299;336;253;3;31;24;29;33;238;;;;;;;;;;;;;;;;;;;;;
SP2;23/04/2022;Fuenlabrada;Ponferradina;2;3;A;2;0;H;262;31;287;25;3;265;275;32;25;;;;261;33;293;262;31;27;26;313;28;;;;;;;;;;;;;;;;;;;;;
SP2;23/04/2022;Malaga;Eibar;1;3;A;1;1;D;31;32;245;29;3;23;295;3;235;;;;322;319;241;3;3;245;31;3;245;;;;;;;;;;;;;;;;;;;;;
SP2;24/04/2022;Alcorcon;Oviedo;1;2;A;0;0;D;433;33;19;41;31;187;46;325;18;;;;452;334;192;37;31;21;433;313;19;;;;;;;;;;;;;;;;;;;;;
SP2;24/04/2022;Ibiza;Las Palmas;1;1;D;0;1;A;325;33;23;295;31;22;3;31;225;;;;333;324;232;28;325;245;31;32;225;;;;;;;;;;;;;;;;;;;;;
SP2;24/04/2022;Mirandes;Valladolid;0;1;A;0;1;A;375;36;195;35;34;19;35;34;197;;;;383;361;199;35;34;205;36;35;193;;;;;;;;;;;;;;;;;;;;;
SP2;24/04/2022;Lugo;Leganes;0;0;D;0;0;D;28;29;28;275;28;26;27;28;265;;;;285;295;288;275;3;27;275;29;27;;;;;;;;;;;;;;;;;;;;;
SP2;24/04/2022;Zaragoza;Burgos;0;0;D;0;0;D;195;34;4;193;3;39;2;3;395;;;;204;303;453;185;325;45;195;31;41;;;;;;;;;;;;;;;;;;;;;
SP2;25/04/2022;Almeria;Sp Gijon;1;0;H;0;0;D;157;38;65;151;37;575;157;35;6;;;;156;39;675;163;35;58;155;375;6;;;;;;;;;;;;;;;;;;;;;
SP2;29/04/2022;Las Palmas;Malaga;2;1;H;1;0;H;161;38;575;157;37;5;155;38;55;;;;16;425;582;185;31;475;16;37;6;;;;;;;;;;;;;;;;;;;;;
SP2;30/04/2022;Oviedo;Mirandes;3;0;H;1;0;H;17;36;55;17;33;475;17;35;49;;;;168;375;547;205;32;375;167;35;55;;;;;;;;;;;;;;;;;;;;;
SP2;30/04/2022;Eibar;Zaragoza;2;0;H;0;0;D;19;34;433;188;31;4;19;33;42;;;;188;347;449;183;32;48;19;32;44;;;;;;;;;;;;;;;;;;;;;
SP2;30/04/2022;Burgos;Almeria;0;2;A;0;2;A;4;33;2;35;31;2;39;325;195;;;;415;323;204;34;29;23;4;32;2;;;;;;;;;;;;;;;;;;;;;
SP2;01/05/2022;Amorebieta;Fuenlabrada;2;1;H;1;0;H;183;35;45;19;325;36;185;345;41;;;;193;344;43;22;3;35;187;33;41;;;;;;;;;;;;;;;;;;;;;
SP2;01/05/2022;Alcorcon;Girona;0;1;A;0;1;A;36;35;205;35;34;188;38;33;195;;;;362;353;208;39;32;2;36;33;2;;;;;;;;;;;;;;;;;;;;;
SP2;01/05/2022;Sp Gijon;Ibiza;0;1;A;0;1;A;22;32;35;215;31;32;21;32;345;;;;216;321;377;235;3;32;21;31;35;;;;;;;;;;;;;;;;;;;;;
SP2;01/05/2022;Lugo;Tenerife;0;2;A;0;0;D;33;32;23;325;3;21;34;315;215;;;;358;313;227;36;31;215;33;3;225;;;;;;;;;;;;;;;;;;;;;
SP2;01/05/2022;Ponferradina;Cartagena;4;2;H;3;2;H;21;34;35;2;34;32;2;34;355;;;;221;351;332;205;32;37;21;32;34;;;;;;;;;;;;;;;;;;;;;
SP2;02/05/2022;Leganes;Huesca;2;1;H;1;1;D;26;3;3;26;285;27;25;285;28;;;;259;31;304;24;3;31;25;3;288;;;;;;;;;;;;;;;;;;;;;
SP2;02/05/2022;Valladolid;Sociedad B;1;2;A;0;0;D;136;475;85;135;44;775;135;48;8;;;;138;5;851;136;44;9;133;475;85;;;;;;;;;;;;;;;;;;;;;
SP2;06/05/2022;Las Palmas;Mirandes;1;0;H;1;0;H;161;4;525;161;375;46;157;395;5;;;;163;423;555;163;39;5;162;39;525;;;;;;;;;;;;;;;;;;;;;
SP2;07/05/2022;Fuenlabrada;Sociedad B;1;2;A;1;0;H;255;32;28;237;31;275;245;31;27;;;;263;329;283;26;31;275;255;32;28;;;;;;;;;;;;;;;;;;;;;
SP2;07/05/2022;Huesca;Sp Gijon;1;1;D;0;0;D;237;32;32;225;3;3;225;3;305;;;;241;307;336;205;31;38;23;31;32;;;;;;;;;;;;;;;;;;;;;
SP2;07/05/2022;Almeria;Amorebieta;3;0;H;0;0;D;15;42;65;149;38;6;15;39;6;;;;152;399;728;152;38;65;15;4;7;;;;;;;;;;;;;;;;;;;;;
SP2;07/05/2022;Malaga;Oviedo;0;0;D;0;0;D;287;31;262;265;285;26;275;28;26;;;;291;297;279;29;3;255;288;29;27;;;;;;;;;;;;;;;;;;;;;
SP2;07/05/2022;Ponferradina;Burgos;3;1;H;2;0;H;166;38;5;163;35;48;165;36;49;;;;166;385;549;173;34;5;165;36;55;;;;;;;;;;;;;;;;;;;;;
SP2;08/05/2022;Cartagena;Leganes;0;0;D;0;0;D;2;33;4;195;325;35;205;315;37;;;;207;334;387;215;32;34;2;325;37;;;;;;;;;;;;;;;;;;;;;
SP2;08/05/2022;Eibar;Valladolid;0;2;A;0;0;D;25;33;287;25;31;26;245;32;265;;;;253;343;284;262;31;27;245;325;275;;;;;;;;;;;;;;;;;;;;;
SP2;08/05/2022;Ibiza;Lugo;1;1;D;0;1;A;2;34;38;187;325;375;197;315;37;;;;198;327;435;22;3;35;195;325;39;;;;;;;;;;;;;;;;;;;;;
SP2;08/05/2022;Zaragoza;Alcorcon;0;3;A;0;1;A;183;36;433;177;34;41;173;345;44;;;;179;354;498;165;35;55;175;34;46;;;;;;;;;;;;;;;;;;;;;
SP2;09/05/2022;Girona;Tenerife;0;1;A;0;1;A;22;33;34;215;3;32;225;305;325;;;;226;323;348;23;31;32;22;31;33;;;;;;;;;;;;;;;;;;;;;
SP2;13/05/2022;Sociedad B;Almeria;0;2;A;0;1;A;36;36;2;36;32;193;375;32;197;;;;398;356;201;;;;39;34;195;;;;;;;;;;;;;;;;;;;;;
SP2;14/05/2022;Amorebieta;Huesca;1;0;H;0;0;D;2;36;36;198;32;34;195;35;36;;;;212;367;351;;;;2;33;375;;;;;;;;;;;;;;;;;;;;;
SP2;14/05/2022;Burgos;Cartagena;1;1;D;1;0;H;26;31;287;245;3;27;255;295;285;;;;258;331;287;;;;26;31;28;;;;;;;;;;;;;;;;;;;;;
SP2;14/05/2022;Lugo;Fuenlabrada;1;3;A;1;1;D;205;34;375;2;3;35;21;305;355;;;;206;33;4;;;;205;32;375;;;;;;;;;;;;;;;;;;;;;
SP2;14/05/2022;Valladolid;Ponferradina;2;0;H;1;0;H;16;433;5;157;39;48;16;39;5;;;;156;443;572;;;;157;39;575;;;;;;;;;;;;;;;;;;;;;
SP2;14/05/2022;Leganes;Eibar;2;3;A;1;2;A;38;35;2;35;32;198;385;345;19;;;;392;35;2;;;;39;325;2;;;;;;;;;;;;;;;;;;;;;
SP2;15/05/2022;Alcorcon;Las Palmas;0;2;A;0;1;A;55;375;166;46;35;166;5;355;167;;;;584;358;169;;;;5;36;165;;;;;;;;;;;;;;;;;;;;;
SP2;15/05/2022;Mirandes;Ibiza;4;0;H;2;0;H;205;35;36;2;34;32;205;345;335;;;;201;373;364;;;;2;34;35;;;;;;;;;;;;;;;;;;;;;
SP2;15/05/2022;Sp Gijon;Girona;2;1;H;2;1;H;29;31;255;285;3;237;29;295;24;;;;308;315;252;;;;3;3;245;;;;;;;;;;;;;;;;;;;;;
SP2;15/05/2022;Tenerife;Malaga;0;2;A;0;1;A;17;35;525;166;325;5;167;33;525;;;;172;339;602;;;;167;34;55;;;;;;;;;;;;;;;;;;;;;
SP2;16/05/2022;Oviedo;Zaragoza;3;3;D;2;3;A;161;38;6;158;35;55;16;36;6;;;;16;391;616;;;;157;36;6;;;;;;;;;;;;;;;;;;;;;
SP2;20/05/2022;Zaragoza;Lugo;1;0;H;0;0;D;195;35;38;19;32;37;19;32;39;;;;198;346;426;2;31;4;193;33;41;;;;;;;;;;;;;;;;;;;;;
SP2;21/05/2022;Cartagena;Amorebieta;5;0;H;2;0;H;3;35;23;3;325;215;29;335;23;;;;284;36;244;26;31;275;313;33;225;;;;;;;;;;;;;;;;;;;;;
SP2;21/05/2022;Fuenlabrada;Sp Gijon;0;0;D;0;0;D;38;31;21;33;31;21;38;295;21;;;;388;318;214;34;31;22;37;32;205;;;;;;;;;;;;;;;;;;;;;
SP2;21/05/2022;Huesca;Sociedad B;3;2;H;2;0;H;287;35;237;285;33;22;285;34;235;;;;287;345;25;28;32;25;31;33;23;;;;;;;;;;;;;;;;;;;;;
SP2;21/05/2022;Malaga;Burgos;0;1;A;0;1;A;172;35;55;17;325;5;173;335;5;;;;177;34;545;178;33;48;167;34;575;;;;;;;;;;;;;;;;;;;;;
SP2;21/05/2022;Almeria;Alcorcon;1;1;D;0;0;D;125;65;11;123;55;11;122;6;12;;;;124;624;136;132;475;10;122;575;13;;;;;;;;;;;;;;;;;;;;;
SP2;21/05/2022;Eibar;Tenerife;2;0;H;1;0;H;185;34;475;185;32;39;185;33;42;;;;193;33;457;215;31;35;185;33;45;;;;;;;;;;;;;;;;;;;;;
SP2;21/05/2022;Girona;Mirandes;2;0;H;1;0;H;14;5;75;139;44;65;137;49;725;;;;142;487;73;144;42;7;14;45;8;;;;;;;;;;;;;;;;;;;;;
SP2;21/05/2022;Ibiza;Valladolid;1;2;A;0;1;A;475;4;17;45;38;162;47;4;163;;;;448;413;174;48;36;17;48;39;167;;;;;;;;;;;;;;;;;;;;;
SP2;21/05/2022;Las Palmas;Oviedo;2;1;H;1;1;D;205;34;375;2;325;33;205;325;35;;;;197;349;406;2;33;37;205;33;37;;;;;;;;;;;;;;;;;;;;;
SP2;21/05/2022;Ponferradina;Leganes;0;3;A;0;2;A;15;42;65;147;39;6;15;42;6;;;;154;427;624;178;34;46;15;4;65;;;;;;;;;;;;;;;;;;;;;
SP2;27/05/2022;Mirandes;Fuenlabrada;5;1;H;2;0;H;175;42;4;168;38;41;173;38;41;;;;181;415;424;173;39;42;175;4;42;;;;;;;;;;;;;;;;;;;;;
SP2;27/05/2022;Sociedad B;Zaragoza;1;2;A;0;2;A;237;35;29;23;33;27;23;345;285;;;;244;36;295;24;34;275;238;35;28;;;;;;;;;;;;;;;;;;;;;
SP2;28/05/2022;Amorebieta;Ponferradina;1;0;H;0;0;D;21;35;34;205;33;32;215;33;32;;;;216;345;348;215;33;33;21;34;34;;;;;;;;;;;;;;;;;;;;;
SP2;28/05/2022;Lugo;Malaga;1;0;H;0;0;D;237;33;3;23;31;287;235;305;285;;;;243;337;303;24;31;3;238;32;3;;;;;;;;;;;;;;;;;;;;;
SP2;29/05/2022;Alcorcon;Eibar;1;0;H;0;0;D;85;45;14;75;44;136;8;44;137;;;;98;466;137;85;45;136;85;45;136;;;;;;;;;;;;;;;;;;;;;
SP2;29/05/2022;Burgos;Girona;0;0;D;0;0;D;42;325;195;39;29;198;395;29;205;;;;467;293;206;42;3;2;39;32;195;;;;;;;;;;;;;;;;;;;;;
SP2;29/05/2022;Leganes;Almeria;2;2;D;2;1;H;525;375;166;475;35;165;6;33;165;;;;546;398;164;55;35;167;525;375;162;;;;;;;;;;;;;;;;;;;;;
SP2;29/05/2022;Oviedo;Ibiza;3;2;H;1;0;H;16;4;575;157;375;5;157;38;525;;;;156;433;583;155;39;58;153;39;575;;;;;;;;;;;;;;;;;;;;;
SP2;29/05/2022;Sp Gijon;Las Palmas;0;1;A;0;1;A;6;36;165;5;34;165;525;34;167;;;;656;342;167;5;35;17;5;37;165;;;;;;;;;;;;;;;;;;;;;
SP2;29/05/2022;Tenerife;Cartagena;1;2;A;0;2;A;155;4;65;149;4;55;153;395;55;;;;16;409;581;155;39;58;153;39;575;;;;;;;;;;;;;;;;;;;;;
SP2;29/05/2022;Valladolid;Huesca;3;0;H;0;0;D;136;55;7;134;475;725;133;55;725;;;;134;549;841;135;48;8;133;48;8;;;;;;;;;;;;;;;;;;;;;
SP2;12/08/2022;Levante;Huesca;0;0;D;0;0;D;16;375;6;155;36;525;16;365;575;;;;16;403;638;;;;155;39;6;;;;;;;;;;;;;;;;;;;;;
SP2;13/08/2022;Eibar;Tenerife;2;1;H;0;0;D;205;32;4;198;295;38;21;295;385;;;;217;303;423;;;;205;3;4;;;;;;;;;;;;;;;;;;;;;
SP2;13/08/2022;Mirandes;Sp Gijon;1;1;D;1;1;D;26;325;27;26;31;255;265;305;265;;;;268;334;282;;;;26;32;27;;;;;;;;;;;;;;;;;;;;;
SP2;13/08/2022;Leganes;Alaves;1;2;A;0;1;A;262;325;27;25;3;265;265;295;275;;;;281;315;283;;;;27;3;275;;;;;;;;;;;;;;;;;;;;;
SP2;13/08/2022;Las Palmas;Zaragoza;0;0;D;0;0;D;195;34;42;19;32;37;197;32;38;;;;199;343;427;;;;193;325;42;;;;;;;;;;;;;;;;;;;;;
SP2;14/08/2022;Santander;Villarreal B;0;2;A;0;0;D;21;325;375;205;3;34;215;3;345;;;;216;31;396;;;;21;3;37;;;;;;;;;;;;;;;;;;;;;
SP2;14/08/2022;Ibiza;Granada;0;2;A;0;0;D;31;32;245;287;31;23;295;305;24;;;;327;313;242;;;;3;32;23;;;;;;;;;;;;;;;;;;;;;
SP2;14/08/2022;Burgos;Malaga;1;0;H;0;0;D;255;31;31;23;287;3;25;285;305;;;;267;294;31;;;;25;288;3;;;;;;;;;;;;;;;;;;;;;
SP2;15/08/2022;Oviedo;Andorra;0;1;A;0;0;D;166;35;575;165;33;5;17;33;55;;;;168;361;585;;;;165;35;525;;;;;;;;;;;;;;;;;;;;;
SP2;15/08/2022;Lugo;Albacete;1;2;A;1;1;D;22;32;35;21;3;34;22;3;335;;;;229;307;362;;;;215;3;35;;;;;;;;;;;;;;;;;;;;;
SP2;15/08/2022;Cartagena;Ponferradina;2;3;A;1;1;D;215;34;34;21;31;325;22;315;325;;;;224;319;357;;;;215;31;34;;;;;;;;;;;;;;;;;;;;;
SP2;19/08/2022;Villarreal B;Eibar;2;2;D;2;1;H;3;32;245;29;295;235;295;3;25;;;;322;308;255;;;;3;31;245;;;;;;;;;;;;;;;;;;;;;
SP2;19/08/2022;Alaves;Mirandes;1;0;H;1;0;H;166;375;525;166;35;475;167;35;5;;;;17;374;565;;;;165;37;525;;;;;;;;;;;;;;;;;;;;;
SP2;20/08/2022;Sp Gijon;Andorra;4;1;H;1;0;H;172;36;5;172;33;45;177;33;47;;;;174;366;548;;;;173;34;525;;;;;;;;;;;;;;;;;;;;;
SP2;20/08/2022;Albacete;Burgos;0;0;D;0;0;D;22;31;36;21;29;34;22;29;35;;;;219;315;394;;;;215;3;37;;;;;;;;;;;;;;;;;;;;;
SP2;20/08/2022;Zaragoza;Levante;0;0;D;0;0;D;3;33;245;285;3;235;29;3;245;;;;3;322;261;;;;29;31;25;;;;;;;;;;;;;;;;;;;;;
SP2;20/08/2022;Granada;Santander;2;0;H;0;0;D;155;38;65;152;37;575;155;38;6;;;;155;42;676;;;;153;39;65;;;;;;;;;;;;;;;;;;;;;
SP2;21/08/2022;Oviedo;Leganes;1;0;H;0;0;D;205;31;42;195;295;4;205;29;395;;;;207;302;444;;;;2;29;42;;;;;;;;;;;;;;;;;;;;;
SP2;21/08/2022;Huesca;Cartagena;2;3;A;1;1;D;2;33;4;198;31;35;21;31;36;;;;203;331;409;;;;2;32;38;;;;;;;;;;;;;;;;;;;;;
SP2;21/08/2022;Tenerife;Lugo;1;1;D;1;0;H;161;35;65;158;34;575;163;335;6;;;;161;364;669;;;;16;35;6;;;;;;;;;;;;;;;;;;;;;
SP2;22/08/2022;Ponferradina;Ibiza;2;1;H;1;1;D;21;33;36;205;31;34;21;31;345;;;;211;33;381;;;;205;313;36;;;;;;;;;;;;;;;;;;;;;
SP2;22/08/2022;Malaga;Las Palmas;0;4;A;0;1;A;262;31;287;25;287;275;265;28;285;;;;281;298;288;;;;26;3;28;;;;;;;;;;;;;;;;;;;;;
SP2;26/08/2022;Albacete;Huesca;2;1;H;1;0;H;245;31;31;245;29;28;245;295;295;;;;256;311;318;;;;245;31;3;;;;;;;;;;;;;;;;;;;;;
SP2;26/08/2022;Cartagena;Zaragoza;1;0;H;0;0;D;255;31;3;245;29;28;255;29;285;;;;263;308;309;;;;25;31;29;;;;;;;;;;;;;;;;;;;;;
SP2;27/08/2022;Sp Gijon;Burgos;0;0;D;0;0;D;18;34;5;18;32;42;185;32;44;;;;183;346;518;;;;18;33;48;;;;;;;;;;;;;;;;;;;;;
SP2;27/08/2022;Lugo;Leganes;1;0;H;1;0;H;31;29;26;287;287;24;295;28;255;;;;312;293;274;;;;3;29;26;;;;;;;;;;;;;;;;;;;;;
SP2;27/08/2022;Mirandes;Malaga;1;3;A;0;1;A;24;31;32;225;31;3;24;3;305;;;;242;315;336;;;;238;31;313;;;;;;;;;;;;;;;;;;;;;
SP2;27/08/2022;Levante;Tenerife;2;0;H;1;0;H;19;34;45;185;31;4;195;31;41;;;;193;344;454;;;;187;33;44;;;;;;;;;;;;;;;;;;;;;
SP2;28/08/2022;Santander;Oviedo;0;1;A;0;0;D;287;3;27;275;287;255;29;285;26;;;;305;298;267;;;;288;29;263;;;;;;;;;;;;;;;;;;;;;
SP2;28/08/2022;Eibar;Ponferradina;1;0;H;1;0;H;165;375;525;165;35;475;17;35;49;;;;166;378;567;;;;162;36;55;;;;;;;;;;;;;;;;;;;;;
SP2;28/08/2022;Ibiza;Alaves;1;1;D;1;0;H;3;33;24;28;31;235;3;305;235;;;;325;324;236;;;;3;31;238;;;;;;;;;;;;;;;;;;;;;
SP2;29/08/2022;Granada;Villarreal B;3;0;H;2;0;H;16;38;625;161;36;5;163;355;575;;;;162;382;613;;;;16;37;55;;;;;;;;;;;;;;;;;;;;;
SP2;29/08/2022;Las Palmas;Andorra;2;0;H;1;0;H;17;36;55;168;34;46;173;34;48;;;;17;362;554;;;;167;35;525;;;;;;;;;;;;;;;;;;;;;
SP2;02/09/2022;Leganes;Eibar;2;1;H;1;0;H;245;3;325;24;285;295;25;275;305;;;;259;303;322;;;;25;29;31;;;;;;;;;;;;;;;;;;;;;
SP2;03/09/2022;Alaves;Las Palmas;1;1;D;1;0;H;22;32;34;215;3;32;23;295;325;;;;224;325;364;;;;22;32;34;;;;;;;;;;;;;;;;;;;;;
SP2;03/09/2022;Villarreal B;Mirandes;3;0;H;1;0;H;22;33;34;205;325;32;22;315;32;;;;219;35;351;;;;21;34;34;;;;;;;;;;;;;;;;;;;;;
SP2;03/09/2022;Ponferradina;Sp Gijon;1;3;A;0;2;A;27;33;262;25;31;255;265;31;26;;;;281;326;274;;;;27;31;27;;;;;;;;;;;;;;;;;;;;;
SP2;03/09/2022;Tenerife;Santander;1;0;H;0;0;D;175;375;475;17;33;475;175;335;47;;;;178;354;538;;;;173;34;525;;;;;;;;;;;;;;;;;;;;;
SP2;04/09/2022;Andorra;Granada;1;0;H;1;0;H;34;32;22;31;3;22;32;3;23;;;;364;327;223;;;;33;313;22;;;;;;;;;;;;;;;;;;;;;
SP2;04/09/2022;Malaga;Albacete;1;2;A;1;2;A;21;325;375;2;31;35;21;305;355;;;;205;324;412;;;;205;313;375;;;;;;;;;;;;;;;;;;;;;
SP2;04/09/2022;Burgos;Cartagena;1;0;H;1;0;H;27;31;28;245;295;275;255;29;28;;;;263;317;291;;;;25;31;28;;;;;;;;;;;;;;;;;;;;;
SP2;04/09/2022;Huesca;Ibiza;3;0;H;1;0;H;195;34;4;198;31;36;21;315;36;;;;198;348;404;;;;195;32;38;;;;;;;;;;;;;;;;;;;;;
SP2;04/09/2022;Zaragoza;Lugo;1;2;A;1;0;H;18;35;475;175;325;45;18;335;45;;;;178;34;542;;;;175;325;5;;;;;;;;;;;;;;;;;;;;;
SP2;05/09/2022;Oviedo;Levante;1;1;D;1;0;H;275;31;275;26;295;26;27;29;27;;;;286;291;29;;;;27;29;27;;;;;;;;;;;;;;;;;;;;;
SP2;09/09/2022;Las Palmas;Leganes;1;0;H;1;0;H;19;34;42;188;31;4;195;31;41;;;;198;334;446;;;;19;32;42;;;;;;;;;;;;;;;;;;;;;
SP2;10/09/2022;Lugo;Alaves;1;2;A;1;0;H;33;32;23;31;29;225;325;29;23;;;;356;318;231;;;;33;31;22;;;;;;;;;;;;;;;;;;;;;
SP2;10/09/2022;Burgos;Oviedo;0;0;D;0;0;D;28;3;275;275;275;265;28;275;27;;;;296;288;291;;;;275;28;275;;;;;;;;;;;;;;;;;;;;;
SP2;10/09/2022;Cartagena;Albacete;2;1;H;0;0;D;22;325;34;21;31;32;22;3;33;;;;221;326;371;;;;21;31;35;;;;;;;;;;;;;;;;;;;;;
SP2;10/09/2022;Levante;Villarreal B;4;1;H;1;0;H;157;4;575;157;375;5;16;37;525;;;;161;406;609;;;;155;38;575;;;;;;;;;;;;;;;;;;;;;
SP2;11/09/2022;Sp Gijon;Santander;0;2;A;0;1;A;155;4;65;157;35;55;157;36;6;;;;155;387;71;;;;155;36;65;;;;;;;;;;;;;;;;;;;;;
SP2;11/09/2022;Ibiza;Tenerife;1;0;H;0;0;D;29;32;25;28;29;245;29;29;25;;;;301;294;273;;;;28;3;255;;;;;;;;;;;;;;;;;;;;;
SP2;11/09/2022;Mirandes;Andorra;1;1;D;1;0;H;225;33;33;22;32;3;225;31;31;;;;225;339;334;;;;22;32;32;;;;;;;;;;;;;;;;;;;;;
SP2;11/09/2022;Ponferradina;Zaragoza;1;2;A;1;1;D;245;31;31;235;3;285;235;295;305;;;;248;309;321;;;;24;31;29;;;;;;;;;;;;;;;;;;;;;
SP2;11/09/2022;Huesca;Malaga;1;0;H;0;0;D;19;34;42;193;32;37;2;315;385;;;;204;327;41;;;;193;325;4;;;;;;;;;;;;;;;;;;;;;
SP2;12/09/2022;Eibar;Granada;4;0;H;1;0;H;27;31;28;255;295;265;265;29;275;;;;279;299;29;;;;263;3;27;;;;;;;;;;;;;;;;;;;;;
SP2;16/09/2022;Levante;Cartagena;0;1;A;0;1;A;17;4;475;165;375;45;167;375;46;;;;168;404;527;;;;162;375;5;;;;;;;;;;;;;;;;;;;;;
SP2;17/09/2022;Villarreal B;Lugo;3;1;H;1;0;H;185;34;475;185;33;39;185;33;42;;;;186;36;467;;;;18;34;44;;;;;;;;;;;;;;;;;;;;;
SP2;17/09/2022;Oviedo;Ibiza;0;1;A;0;0;D;18;34;525;177;325;45;183;32;46;;;;182;337;545;;;;175;33;5;;;;;;;;;;;;;;;;;;;;;
SP2;17/09/2022;Andorra;Eibar;2;0;H;1;0;H;325;32;23;29;3;235;31;295;235;;;;344;31;241;;;;31;31;23;;;;;;;;;;;;;;;;;;;;;
SP2;17/09/2022;Granada;Mirandes;2;1;H;1;0;H;15;4;7;15;4;575;15;4;625;;;;152;432;707;;;;15;4;65;;;;;;;;;;;;;;;;;;;;;
SP2;17/09/2022;Zaragoza;Sp Gijon;1;0;H;0;0;D;225;31;35;225;3;31;235;29;32;;;;24;305;34;;;;225;3;33;;;;;;;;;;;;;;;;;;;;;
SP2;18/09/2022;Leganes;Burgos;0;0;D;0;0;D;19;32;45;19;31;39;197;305;4;;;;189;335;465;;;;191;313;42;;;;;;;;;;;;;;;;;;;;;
SP2;18/09/2022;Alaves;Huesca;2;1;H;1;0;H;2;325;42;19;33;36;2;32;375;;;;197;335;425;;;;193;325;4;;;;;;;;;;;;;;;;;;;;;
SP2;18/09/2022;Santander;Las Palmas;0;0;D;0;0;D;33;31;237;3;3;23;315;29;235;;;;325;31;245;;;;31;31;23;;;;;;;;;;;;;;;;;;;;;
SP2;18/09/2022;Albacete;Ponferradina;0;1;A;0;0;D;21;325;375;205;32;33;215;31;34;;;;213;329;374;;;;205;325;35;;;;;;;;;;;;;;;;;;;;;
SP2;19/09/2022;Tenerife;Malaga;3;1;H;1;1;D;2;33;4;198;31;36;21;305;36;;;;208;322;403;;;;2;313;38;;;;;;;;;;;;;;;;;;;;;
SP2;23/09/2022;Sp Gijon;Ibiza;2;1;H;1;1;D;19;33;433;187;32;41;195;315;4;;;;193;342;461;178;33;48;187;32;433;;;;;;;;;;;;;;;;;;;;;
SP2;24/09/2022;Huesca;Leganes;1;0;H;1;0;H;245;32;31;23;3;3;24;295;305;;;;249;304;336;23;3;33;238;3;31;;;;;;;;;;;;;;;;;;;;;
SP2;24/09/2022;Mirandes;Zaragoza;2;0;H;1;0;H;287;33;25;28;31;24;285;3;25;;;;303;322;259;31;31;238;288;3;25;;;;;;;;;;;;;;;;;;;;;
SP2;24/09/2022;Malaga;Villarreal B;1;1;D;1;1;D;22;34;33;22;31;31;22;31;32;;;;227;328;354;262;3;28;215;32;33;;;;;;;;;;;;;;;;;;;;;
SP2;24/09/2022;Ponferradina;Tenerife;2;2;D;1;1;D;275;33;26;265;31;25;27;3;26;;;;282;312;284;24;31;3;263;31;263;;;;;;;;;;;;;;;;;;;;;
SP2;25/09/2022;Burgos;Levante;0;0;D;0;0;D;35;31;225;33;295;22;335;29;225;;;;351;312;231;29;29;26;34;3;22;;;;;;;;;;;;;;;;;;;;;
SP2;25/09/2022;Lugo;Oviedo;0;0;D;0;0;D;33;29;237;31;3;225;325;285;235;;;;34;296;246;3;3;25;32;3;23;;;;;;;;;;;;;;;;;;;;;
SP2;25/09/2022;Albacete;Andorra;1;1;D;0;0;D;19;36;4;19;32;39;197;32;385;;;;191;352;428;21;31;375;19;32;41;;;;;;;;;;;;;;;;;;;;;
SP2;25/09/2022;Eibar;Santander;2;1;H;2;0;H;161;36;65;157;36;575;16;35;6;;;;156;387;704;;;;155;36;65;;;;;;;;;;;;;;;;;;;;;
SP2;26/09/2022;Cartagena;Alaves;1;1;D;1;0;H;26;33;27;255;31;26;27;305;26;;;;264;339;274;;;;263;32;26;;;;;;;;;;;;;;;;;;;;;
SP2;26/09/2022;Las Palmas;Granada;2;0;H;1;0;H;225;33;32;23;295;3;235;305;3;;;;251;317;308;225;31;325;23;313;31;;;;;;;;;;;;;;;;;;;;;
SP2;30/09/2022;Tenerife;Sp Gijon;1;1;D;0;1;A;22;31;36;215;29;34;22;29;355;;;;225;307;386;;;;215;3;36;;;;;;;;;;;;;;;;;;;;;
SP2;01/10/2022;Mirandes;Las Palmas;3;3;D;1;1;D;33;325;22;32;32;215;325;31;22;;;;349;331;228;;;;32;32;22;;;;;;;;;;;;;;;;;;;;;
SP2;01/10/2022;Santander;Malaga;0;0;D;0;0;D;24;32;31;235;3;295;235;3;305;;;;241;317;335;;;;23;3;313;;;;;;;;;;;;;;;;;;;;;
SP2;01/10/2022;Andorra;Levante;3;1;H;0;1;A;34;33;215;34;31;205;33;31;215;;;;346;327;231;;;;35;313;21;;;;;;;;;;;;;;;;;;;;;
SP2;01/10/2022;Villarreal B;Burgos;0;0;D;0;0;D;205;33;38;205;31;35;215;305;35;;;;213;324;398;;;;205;31;375;;;;;;;;;;;;;;;;;;;;;
SP2;02/10/2022;Alaves;Ponferradina;3;1;H;2;1;H;19;34;42;195;32;37;2;32;38;;;;194;344;425;;;;193;325;4;;;;;;;;;;;;;;;;;;;;;
SP2;02/10/2022;Leganes;Albacete;1;2;A;1;0;H;19;325;45;188;31;41;197;31;395;;;;203;333;407;;;;191;31;433;;;;;;;;;;;;;;;;;;;;;
SP2;02/10/2022;Granada;Huesca;0;0;D;0;0;D;166;36;575;168;34;475;173;34;49;;;;169;354;585;;;;165;35;525;;;;;;;;;;;;;;;;;;;;;
SP2;02/10/2022;Oviedo;Cartagena;1;3;A;0;2;A;215;325;36;21;31;34;215;305;335;;;;218;309;389;;;;21;31;36;;;;;;;;;;;;;;;;;;;;;
SP2;02/10/2022;Ibiza;Lugo;3;2;H;2;1;H;19;34;42;185;32;4;197;32;39;;;;19;339;455;;;;185;32;433;;;;;;;;;;;;;;;;;;;;;
SP2;03/10/2022;Zaragoza;Eibar;0;0;D;0;0;D;275;31;27;265;29;265;27;29;27;;;;278;313;279;;;;27;3;27;;;;;;;;;;;;;;;;;;;;;
SP2;07/10/2022;Sp Gijon;Villarreal B;3;1;H;2;0;H;183;36;433;182;33;41;19;325;42;;;;186;348;473;;;;183;33;44;;;;;;;;;;;;;;;;;;;;;
SP2;08/10/2022;Ponferradina;Granada;0;0;D;0;0;D;3;33;237;275;32;237;29;31;24;;;;314;337;24;;;;29;32;23;;;;;;;;;;;;;;;;;;;;;
SP2;08/10/2022;Huesca;Lugo;1;1;D;0;0;D;172;36;525;171;34;46;175;33;47;;;;175;36;533;;;;17;34;5;;;;;;;;;;;;;;;;;;;;;
SP2;08/10/2022;Las Palmas;Ibiza;0;0;D;0;0;D;161;4;55;16;35;525;163;365;55;;;;163;385;606;;;;16;36;575;;;;;;;;;;;;;;;;;;;;;
SP2;08/10/2022;Burgos;Alaves;3;0;H;0;0;D;29;31;25;28;29;25;285;285;255;;;;3;308;267;;;;3;29;25;;;;;;;;;;;;;;;;;;;;;
SP2;09/10/2022;Cartagena;Leganes;1;2;A;0;0;D;22;325;34;22;3;325;23;295;325;;;;231;3;359;;;;215;3;35;;;;;;;;;;;;;;;;;;;;;
SP2;09/10/2022;Zaragoza;Oviedo;1;1;D;1;0;H;22;31;36;22;295;33;225;285;345;;;;228;297;372;;;;22;29;36;;;;;;;;;;;;;;;;;;;;;
SP2;09/10/2022;Albacete;Tenerife;1;1;D;0;0;D;225;33;325;225;3;31;235;3;305;;;;233;32;33;;;;225;31;325;;;;;;;;;;;;;;;;;;;;;
SP2;09/10/2022;Levante;Santander;0;1;A;0;0;D;166;375;525;165;36;48;17;35;48;;;;166;373;556;;;;165;35;525;;;;;;;;;;;;;;;;;;;;;
SP2;09/10/2022;Malaga;Andorra;0;0;D;0;0;D;2;35;375;193;325;37;205;32;36;;;;206;336;38;;;;2;313;38;;;;;;;;;;;;;;;;;;;;;
SP2;10/10/2022;Eibar;Mirandes;0;0;D;0;0;D;157;4;6;152;38;575;155;375;6;;;;158;386;625;;;;153;375;6;;;;;;;;;;;;;;;;;;;;;
SP2;12/10/2022;Villarreal B;Ponferradina;2;2;D;0;1;A;237;33;3;225;34;275;24;32;285;;;;242;338;308;;;;23;33;29;;;;;;;;;;;;;;;;;;;;;
SP2;12/10/2022;Andorra;Burgos;0;1;A;0;0;D;245;3;31;245;295;285;24;29;305;;;;246;308;331;;;;24;29;31;;;;;;;;;;;;;;;;;;;;;
SP2;12/10/2022;Leganes;Malaga;1;0;H;0;0;D;18;325;5;178;33;433;183;325;45;;;;184;338;509;;;;18;32;48;;;;;;;;;;;;;;;;;;;;;
SP2;12/10/2022;Alaves;Albacete;0;0;D;0;0;D;21;33;36;205;32;34;21;31;35;;;;21;325;4;;;;205;32;36;;;;;;;;;;;;;;;;;;;;;
SP2;12/10/2022;Oviedo;Huesca;0;1;A;0;0;D;24;3;325;23;295;31;24;28;315;;;;241;298;354;;;;23;288;33;;;;;;;;;;;;;;;;;;;;;
SP2;12/10/2022;Tenerife;Cartagena;0;0;D;0;0;D;237;325;31;22;31;31;235;305;305;;;;227;332;342;;;;225;313;32;;;;;;;;;;;;;;;;;;;;;
SP2;12/10/2022;Lugo;Las Palmas;0;1;A;0;0;D;375;3;215;325;31;215;33;3;22;;;;39;311;219;;;;35;31;21;;;;;;;;;;;;;;;;;;;;;
SP2;12/10/2022;Santander;Zaragoza;1;0;H;0;0;D;3;31;245;31;29;23;315;285;24;;;;325;295;259;;;;313;288;245;;;;;;;;;;;;;;;;;;;;;
SP2;13/10/2022;Ibiza;Eibar;1;2;A;1;0;H;32;33;22;32;31;215;315;31;225;;;;316;331;235;;;;32;31;225;;;;;;;;;;;;;;;;;;;;;
SP2;13/10/2022;Mirandes;Levante;0;1;A;0;1;A;375;36;195;36;34;193;365;33;2;;;;396;368;192;;;;4;33;19;;;;;;;;;;;;;;;;;;;;;
SP2;13/10/2022;Granada;Sp Gijon;5;0;H;2;0;H;18;36;45;177;325;44;183;325;43;;;;186;341;462;;;;18;325;46;;;;;;;;;;;;;;;;;;;;;
SP2;15/10/2022;Andorra;Alaves;0;1;A;0;0;D;275;31;27;27;287;26;275;285;265;;;;285;312;276;;;;275;3;263;;;;;;;;;;;;;;;;;;;;;
SP2;15/10/2022;Zaragoza;Villarreal B;2;1;H;1;0;H;17;35;55;175;34;44;175;335;47;;;;18;36;493;;;;173;34;5;;;;;;;;;;;;;;;;;;;;;
SP2;15/10/2022;Huesca;Santander;0;0;D;0;0;D;23;31;34;225;3;31;235;29;315;;;;23;315;356;;;;225;3;33;;;;;;;;;;;;;;;;;;;;;
SP2;15/10/2022;Ponferradina;Las Palmas;0;1;A;0;1;A;31;32;23;3;3;23;305;3;235;;;;324;321;242;;;;3;313;238;;;;;;;;;;;;;;;;;;;;;
SP2;15/10/2022;Albacete;Oviedo;1;0;H;0;0;D;25;3;31;237;285;3;245;28;305;;;;254;299;327;;;;245;288;31;;;;;;;;;;;;;;;;;;;;;
SP2;16/10/2022;Levante;Leganes;2;1;H;0;0;D;195;32;42;19;32;38;205;305;375;;;;203;317;44;;;;195;313;4;;;;;;;;;;;;;;;;;;;;;
SP2;16/10/2022;Burgos;Mirandes;2;1;H;1;0;H;183;34;475;182;33;41;185;325;43;;;;18;329;53;;;;18;33;46;;;;;;;;;;;;;;;;;;;;;
SP2;16/10/2022;Malaga;Lugo;3;2;H;1;0;H;19;33;45;188;32;39;197;31;4;;;;19;321;478;;;;19;32;42;;;;;;;;;;;;;;;;;;;;;
SP2;16/10/2022;Cartagena;Ibiza;2;0;H;0;0;D;175;375;475;173;34;44;177;35;43;;;;175;386;458;;;;173;35;46;;;;;;;;;;;;;;;;;;;;;
SP2;16/10/2022;Tenerife;Granada;2;0;H;1;0;H;287;32;25;285;29;25;295;29;255;;;;302;308;258;;;;29;3;25;;;;;;;;;;;;;;;;;;;;;
SP2;17/10/2022;Sp Gijon;Eibar;2;0;H;1;0;H;28;31;255;28;295;245;285;29;25;;;;286;313;267;;;;28;3;255;;;;;;;;;;;;;;;;;;;;;
SP2;21/10/2022;Granada;Zaragoza;1;0;H;0;0;D;205;31;42;2;3;37;205;295;385;;;;207;319;421;;;;195;31;4;;;;;;;;;;;;;;;;;;;;;
SP2;22/10/2022;Villarreal B;Andorra;1;0;H;0;0;D;23;325;32;22;31;31;225;31;315;;;;239;345;308;;;;22;32;32;;;;;;;;;;;;;;;;;;;;;
SP2;22/10/2022;Alaves;Sp Gijon;0;0;D;0;0;D;22;31;375;21;31;33;225;295;335;;;;23;31;364;;;;215;31;34;;;;;;;;;;;;;;;;;;;;;
SP2;22/10/2022;Mirandes;Huesca;1;1;D;0;0;D;23;32;33;225;31;3;225;3;32;;;;231;325;341;;;;22;32;32;;;;;;;;;;;;;;;;;;;;;
SP2;22/10/2022;Ibiza;Levante;1;2;A;1;1;D;35;33;215;295;32;225;32;315;22;;;;34;35;22;;;;325;325;215;;;;;;;;;;;;;;;;;;;;;
SP2;23/10/2022;Santander;Ponferradina;1;1;D;1;0;H;195;35;4;205;325;33;205;325;36;;;;198;359;398;;;;193;33;39;;;;;;;;;;;;;;;;;;;;;
SP2;23/10/2022;Lugo;Burgos;2;0;H;1;0;H;262;31;287;26;287;275;26;285;28;;;;261;307;299;;;;26;288;288;;;;;;;;;;;;;;;;;;;;;
SP2;23/10/2022;Eibar;Albacete;1;1;D;1;1;D;195;33;433;19;31;41;195;305;41;;;;195;311;469;;;;19;31;433;;;;;;;;;;;;;;;;;;;;;
SP2;23/10/2022;Leganes;Tenerife;2;1;H;1;0;H;262;31;3;24;285;3;255;275;295;;;;263;286;318;;;;25;288;3;;;;;;;;;;;;;;;;;;;;;
SP2;23/10/2022;Las Palmas;Cartagena;1;0;H;0;0;D;175;325;6;177;33;44;177;32;49;;;;177;347;515;;;;173;34;48;;;;;;;;;;;;;;;;;;;;;
SP2;24/10/2022;Oviedo;Malaga;1;0;H;1;0;H;225;31;36;205;3;37;22;29;35;;;;221;305;378;;;;215;29;37;;;;;;;;;;;;;;;;;;;;;
SP2;28/10/2022;Tenerife;Zaragoza;0;2;A;0;1;A;22;287;4;21;28;375;225;275;365;;;;22;293;421;215;29;38;21;288;39;;;;;;;;;;;;;;;;;;;;;
SP2;29/10/2022;Andorra;Ponferradina;3;0;H;2;0;H;19;36;4;185;33;39;195;325;385;;;;198;342;421;188;33;42;19;33;4;;;;;;;;;;;;;;;;;;;;;
SP2;29/10/2022;Huesca;Las Palmas;1;0;H;1;0;H;35;325;215;33;3;215;34;295;22;;;;388;31;22;34;31;22;36;3;215;;;;;;;;;;;;;;;;;;;;;
SP2;29/10/2022;Alaves;Oviedo;2;1;H;1;0;H;22;29;4;205;3;35;22;28;37;;;;222;293;413;21;3;39;215;29;375;;;;;;;;;;;;;;;;;;;;;
SP2;29/10/2022;Leganes;Santander;0;0;D;0;0;D;21;31;4;21;295;36;22;285;36;;;;216;302;417;22;29;37;205;3;38;;;;;;;;;;;;;;;;;;;;;
SP2;29/10/2022;Burgos;Ibiza;2;0;H;1;0;H;215;32;375;215;295;35;22;29;35;;;;221;306;393;21;288;4;215;29;37;;;;;;;;;;;;;;;;;;;;;
SP2;30/10/2022;Lugo;Mirandes;0;0;D;0;0;D;25;33;29;23;3;295;24;3;295;;;;239;333;318;225;32;32;23;31;31;;;;;;;;;;;;;;;;;;;;;
SP2;30/10/2022;Malaga;Eibar;0;1;A;0;1;A;325;32;23;31;31;22;32;3;225;;;;335;313;234;35;3;22;325;3;23;;;;;;;;;;;;;;;;;;;;;
SP2;30/10/2022;Cartagena;Granada;0;0;D;0;0;D;25;325;29;237;31;28;25;3;28;;;;255;333;284;25;32;28;25;313;28;;;;;;;;;;;;;;;;;;;;;
SP2;30/10/2022;Albacete;Villarreal B;0;0;D;0;0;D;175;35;5;173;34;433;177;335;45;;;;181;353;474;18;34;45;175;34;475;;;;;;;;;;;;;;;;;;;;;
SP2;31/10/2022;Levante;Sp Gijon;1;0;H;0;0;D;22;34;325;205;32;33;22;315;325;;;;215;328;364;22;31;34;21;32;34;;;;;;;;;;;;;;;;;;;;;
SP2;01/11/2022;Ponferradina;Huesca;1;0;H;1;0;H;28;32;27;27;3;25;275;295;26;;;;284;308;28;27;31;262;27;3;263;;;;;;;;;;;;;;;;;;;;;
SP2;01/11/2022;Zaragoza;Andorra;0;2;A;0;1;A;22;3;375;215;295;34;22;285;35;;;;227;304;38;215;3;37;215;3;36;;;;;;;;;;;;;;;;;;;;;
SP2;01/11/2022;Las Palmas;Burgos;0;2;A;0;0;D;17;33;65;165;33;55;165;335;6;;;;17;342;642;167;34;58;167;33;55;;;;;;;;;;;;;;;;;;;;;
SP2;01/11/2022;Santander;Alaves;1;1;D;1;1;D;262;3;287;26;287;275;265;28;28;;;;286;298;288;262;3;28;27;29;275;;;;;;;;;;;;;;;;;;;;;
SP2;01/11/2022;Ibiza;Leganes;0;2;A;0;1;A;275;3;28;265;28;27;265;28;28;;;;273;303;297;27;29;28;27;288;28;;;;;;;;;;;;;;;;;;;;;
SP2;02/11/2022;Eibar;Lugo;1;0;H;0;0;D;155;41;6;155;36;575;157;365;6;;;;156;401;682;155;37;65;15;375;65;;;;;;;;;;;;;;;;;;;;;
SP2;02/11/2022;Villarreal B;Oviedo;2;1;H;0;0;D;29;31;262;275;295;25;28;285;26;;;;289;306;278;28;3;262;28;29;263;;;;;;;;;;;;;;;;;;;;;
SP2;02/11/2022;Mirandes;Tenerife;1;0;H;0;0;D;27;325;27;26;31;255;27;295;265;;;;281;318;276;27;31;262;275;3;263;;;;;;;;;;;;;;;;;;;;;
SP2;03/11/2022;Cartagena;Malaga;2;1;H;0;0;D;19;325;475;18;325;42;19;31;43;;;;193;323;455;188;325;433;183;325;45;;;;;;;;;;;;;;;;;;;;;
SP2;03/11/2022;Sp Gijon;Albacete;2;2;D;1;1;D;215;325;36;21;32;325;215;305;335;;;;213;315;366;215;31;35;21;31;35;;;;;;;;;;;;;;;;;;;;;
SP2;03/11/2022;Granada;Levante;0;0;D;0;0;D;245;31;31;23;3;3;235;29;31;;;;255;294;322;235;3;32;23;3;32;;;;;;;;;;;;;;;;;;;;;
SP2;04/11/2022;Alaves;Zaragoza;1;0;H;0;0;D;21;31;4;205;285;375;215;285;385;;;;218;294;427;;;;21;288;39;;;;;;;;;;;;;;;;;;;;;
SP2;05/11/2022;Burgos;Tenerife;0;1;A;0;0;D;245;3;32;237;29;295;25;28;3;;;;253;296;334;;;;245;28;32;;;;;;;;;;;;;;;;;;;;;
SP2;05/11/2022;Andorra;Santander;0;1;A;0;0;D;21;32;38;205;3;35;215;3;35;;;;217;309;399;;;;205;3;38;;;;;;;;;;;;;;;;;;;;;
SP2;05/11/2022;Huesca;Villarreal B;1;0;H;1;0;H;183;34;5;183;33;4;19;32;41;;;;188;338;484;;;;18;325;46;;;;;;;;;;;;;;;;;;;;;
SP2;05/11/2022;Leganes;Ponferradina;2;1;H;2;1;H;17;35;575;166;34;5;173;335;5;;;;172;355;571;;;;165;34;55;;;;;;;;;;;;;;;;;;;;;
SP2;06/11/2022;Ibiza;Mirandes;1;1;D;1;0;H;24;31;31;225;31;295;24;295;305;;;;245;317;323;;;;23;31;31;;;;;;;;;;;;;;;;;;;;;
SP2;06/11/2022;Oviedo;Granada;1;0;H;0;0;D;237;31;32;245;287;29;24;285;31;;;;255;293;323;;;;245;288;31;;;;;;;;;;;;;;;;;;;;;
SP2;06/11/2022;Las Palmas;Eibar;1;1;D;1;1;D;21;34;36;21;31;34;215;305;34;;;;206;321;402;;;;205;313;375;;;;;;;;;;;;;;;;;;;;;
SP2;06/11/2022;Malaga;Sp Gijon;1;1;D;0;1;A;275;29;287;255;295;27;265;285;28;;;;266;309;291;;;;263;29;28;;;;;;;;;;;;;;;;;;;;;
SP2;06/11/2022;Albacete;Levante;2;3;A;1;1;D;245;32;3;235;3;29;245;3;29;;;;259;317;292;;;;25;3;288;;;;;;;;;;;;;;;;;;;;;
SP2;07/11/2022;Lugo;Cartagena;1;1;D;1;1;D;262;287;31;245;295;28;25;285;295;;;;272;302;29;;;;255;29;29;;;;;;;;;;;;;;;;;;;;;
SP2;18/11/2022;Granada;Albacete;4;0;H;0;0;D;205;33;38;198;32;36;205;31;375;;;;205;334;404;205;32;38;195;32;39;;;;;;;;;;;;;;;;;;;;;
SP2;19/11/2022;Ponferradina;Oviedo;1;1;D;0;0;D;262;31;29;245;295;285;255;285;295;;;;275;305;293;25;3;3;255;3;28;;;;;;;;;;;;;;;;;;;;;
SP2;19/11/2022;Sp Gijon;Leganes;2;2;D;2;1;H;24;31;32;23;29;31;235;285;32;;;;235;301;363;235;3;32;23;29;33;;;;;;;;;;;;;;;;;;;;;
SP2;19/11/2022;Tenerife;Huesca;2;0;H;0;0;D;21;3;42;205;295;36;215;29;37;;;;213;304;425;215;3;37;205;3;39;;;;;;;;;;;;;;;;;;;;;
SP2;19/11/2022;Zaragoza;Malaga;1;1;D;0;0;D;205;31;42;198;287;41;21;285;4;;;;205;306;454;205;29;42;195;3;42;;;;;;;;;;;;;;;;;;;;;
SP2;20/11/2022;Villarreal B;Ibiza;1;0;H;0;0;D;2;34;38;198;33;34;205;325;35;;;;206;334;399;205;33;36;2;325;36;;;;;;;;;;;;;;;;;;;;;
SP2;20/11/2022;Andorra;Lugo;4;0;H;0;0;D;18;34;5;178;33;433;183;32;46;;;;179;333;534;18;325;475;175;33;48;;;;;;;;;;;;;;;;;;;;;
SP2;20/11/2022;Eibar;Alaves;0;0;D;0;0;D;2;325;4;195;31;375;21;305;375;;;;211;314;396;2;31;4;2;31;39;;;;;;;;;;;;;;;;;;;;;
SP2;20/11/2022;Santander;Burgos;0;1;A;0;0;D;24;287;35;23;275;325;24;27;33;;;;255;275;347;238;28;34;24;28;33;;;;;;;;;;;;;;;;;;;;;
SP2;20/11/2022;Levante;Las Palmas;1;1;D;0;0;D;245;31;31;225;31;3;235;295;305;;;;247;312;314;225;31;33;238;3;31;;;;;;;;;;;;;;;;;;;;;
SP2;21/11/2022;Mirandes;Cartagena;2;1;H;0;0;D;29;3;262;275;3;245;29;295;25;;;;297;314;257;3;31;245;28;31;25;;;;;;;;;;;;;;;;;;;;;
SP2;25/11/2022;Huesca;Sp Gijon;0;0;D;0;0;D;287;3;27;275;285;26;27;285;27;;;;292;301;28;28;28;28;275;29;27;;;;;;;;;;;;;;;;;;;;;
SP2;26/11/2022;Alaves;Villarreal B;2;0;H;1;0;H;166;38;525;166;35;46;17;345;48;;;;17;361;582;17;34;525;165;35;525;;;;;;;;;;;;;;;;;;;;;
SP2;26/11/2022;Malaga;Ponferradina;1;0;H;0;0;D;22;33;33;22;31;32;22;3;33;;;;228;313;363;2;325;35;22;3;34;;;;;;;;;;;;;;;;;;;;;
SP2;26/11/2022;Albacete;Santander;2;1;H;1;0;H;225;31;35;22;295;33;225;29;335;;;;225;305;383;22;3;35;22;29;35;;;;;;;;;;;;;;;;;;;;;
SP2;26/11/2022;Oviedo;Mirandes;1;0;H;1;0;H;205;3;42;2;31;36;21;29;38;;;;212;303;411;21;3;38;205;3;39;;;;;;;;;;;;;;;;;;;;;
SP2;26/11/2022;Las Palmas;Tenerife;3;1;H;1;0;H;185;32;5;18;325;433;19;305;45;;;;19;316;518;191;31;44;183;31;475;;;;;;;;;;;;;;;;;;;;;
SP2;27/11/2022;Burgos;Zaragoza;2;2;D;0;0;D;26;3;3;245;285;29;255;275;3;;;;268;286;311;255;28;31;255;28;3;;;;;;;;;;;;;;;;;;;;;
SP2;27/11/2022;Leganes;Granada;1;0;H;0;0;D;255;3;3;245;287;29;25;285;29;;;;262;299;305;255;288;3;25;288;3;;;;;;;;;;;;;;;;;;;;;
SP2;27/11/2022;Lugo;Levante;1;1;D;1;1;D;36;32;215;31;31;215;33;3;225;;;;367;312;221;35;3;22;35;3;215;;;;;;;;;;;;;;;;;;;;;
SP2;27/11/2022;Cartagena;Eibar;2;1;H;0;1;A;262;3;29;245;3;275;255;29;285;;;;267;306;291;26;3;288;255;3;28;;;;;;;;;;;;;;;;;;;;;
SP2;28/11/2022;Ibiza;Andorra;0;1;A;0;1;A;27;3;28;26;295;265;265;29;27;;;;272;316;278;27;3;27;263;3;27;;;;;;;;;;;;;;;;;;;;;
SP2;30/11/2022;Tenerife;Oviedo;0;1;A;0;0;D;215;28;42;21;275;39;215;27;395;;;;213;289;455;215;275;42;21;28;41;;;;;;;;;;;;;;;;;;;;;
SP2;02/12/2022;Granada;Alaves;3;1;H;2;1;H;23;3;35;22;29;325;23;285;325;;;;236;307;353;23;29;34;23;29;33;;;;;;;;;;;;;;;;;;;;;
SP2;03/12/2022;Zaragoza;Ibiza;2;1;H;0;1;A;172;34;575;173;33;46;177;32;47;;;;171;353;586;175;325;525;17;33;525;;;;;;;;;;;;;;;;;;;;;
SP2;03/12/2022;Mirandes;Albacete;4;2;H;3;1;H;275;29;28;255;295;27;27;29;275;;;;279;313;281;275;29;275;263;3;27;;;;;;;;;;;;;;;;;;;;;
SP2;03/12/2022;Sp Gijon;Las Palmas;0;1;A;0;1;A;275;3;275;26;29;27;27;285;275;;;;278;323;275;27;3;27;27;29;27;;;;;;;;;;;;;;;;;;;;;
SP2;03/12/2022;Villarreal B;Leganes;0;0;D;0;0;D;26;29;31;24;29;3;25;28;305;;;;262;281;338;255;28;31;245;3;3;;;;;;;;;;;;;;;;;;;;;
SP2;04/12/2022;Andorra;Cartagena;0;1;A;0;0;D;22;31;36;21;3;34;225;295;34;;;;222;302;38;215;3;37;215;3;36;;;;;;;;;;;;;;;;;;;;;
SP2;04/12/2022;Santander;Lugo;0;1;A;0;0;D;175;34;5;172;34;45;177;33;46;;;;178;337;533;178;325;5;173;325;525;;;;;;;;;;;;;;;;;;;;;
SP2;04/12/2022;Eibar;Huesca;2;1;H;0;1;A;175;32;55;173;33;46;183;315;47;;;;178;329;552;183;32;475;173;325;525;;;;;;;;;;;;;;;;;;;;;
SP2;04/12/2022;Levante;Malaga;1;0;H;0;0;D;161;375;575;158;36;55;163;355;55;;;;158;402;597;162;36;58;16;36;575;;;;;;;;;;;;;;;;;;;;;
SP2;05/12/2022;Ponferradina;Burgos;1;2;A;1;1;D;275;3;275;265;29;265;27;28;275;;;;282;308;275;275;29;275;27;29;275;;;;;;;;;;;;;;;;;;;;;
SP2;06/12/2022;Leganes;Mirandes;2;2;D;1;1;D;2;31;45;195;3;39;2;295;395;;;;201;316;453;195;31;42;195;3;42;;;;;;;;;;;;;;;;;;;;;
SP2;06/12/2022;Oviedo;Las Palmas;0;0;D;0;0;D;3;29;255;3;285;24;3;275;25;;;;332;29;258;32;28;25;313;288;245;;;;;;;;;;;;;;;;;;;;;
SP2;06/12/2022;Albacete;Zaragoza;0;0;D;0;0;D;25;3;32;245;295;28;25;29;3;;;;261;307;309;245;3;3;25;29;3;;;;;;;;;;;;;;;;;;;;;
SP2;07/12/2022;Cartagena;Villarreal B;0;1;A;0;0;D;172;36;525;173;34;45;177;335;46;;;;18;342;533;175;35;46;173;34;475;;;;;;;;;;;;;;;;;;;;;
SP2;07/12/2022;Huesca;Andorra;1;0;H;0;0;D;262;3;31;255;28;285;255;27;3;;;;275;289;31;262;275;31;26;288;29;;;;;;;;;;;;;;;;;;;;;
SP2;07/12/2022;Tenerife;Alaves;2;1;H;1;0;H;237;29;35;23;275;33;235;275;34;;;;24;295;36;238;275;35;23;288;34;;;;;;;;;;;;;;;;;;;;;
SP2;08/12/2022;Burgos;Eibar;1;2;A;1;0;H;31;3;25;3;28;245;305;275;255;;;;33;279;262;31;288;25;3;288;25;;;;;;;;;;;;;;;;;;;;;
SP2;08/12/2022;Lugo;Sp Gijon;0;1;A;0;0;D;34;31;23;31;29;23;315;29;235;;;;331;311;238;32;3;238;32;3;23;;;;;;;;;;;;;;;;;;;;;
SP2;08/12/2022;Ibiza;Santander;1;0;H;0;0;D;27;31;275;255;29;275;265;28;28;;;;272;286;305;27;29;28;263;29;28;;;;;;;;;;;;;;;;;;;;;
SP2;08/12/2022;Levante;Ponferradina;0;0;D;0;0;D;15;42;7;144;41;675;15;4;65;;;;149;419;713;147;4;7;145;4;7;;;;;;;;;;;;;;;;;;;;;
SP2;08/12/2022;Malaga;Granada;1;1;D;1;0;H;31;325;237;3;3;23;31;29;235;;;;343;309;233;32;3;235;32;3;23;;;;;;;;;;;;;;;;;;;;;
SP2;10/12/2022;Andorra;Leganes;1;1;D;0;0;D;21;31;38;205;295;36;215;295;355;;;;22;303;401;215;3;37;215;29;38;;;;;;;;;;;;;;;;;;;;;
SP2;10/12/2022;Villarreal B;Tenerife;2;2;D;0;1;A;3;3;255;29;287;245;3;28;25;;;;305;302;267;31;29;25;3;29;25;;;;;;;;;;;;;;;;;;;;;
SP2;10/12/2022;Zaragoza;Huesca;3;0;H;2;0;H;195;31;475;195;3;39;2;295;41;;;;199;311;473;2;29;44;193;3;44;;;;;;;;;;;;;;;;;;;;;
SP2;11/12/2022;Ibiza;Malaga;1;1;D;0;1;A;23;3;34;225;295;32;23;29;33;;;;234;305;346;225;3;34;225;29;34;;;;;;;;;;;;;;;;;;;;;
SP2;11/12/2022;Ponferradina;Lugo;1;0;H;1;0;H;225;33;325;22;32;3;225;305;315;;;;224;325;343;22;32;33;22;32;32;;;;;;;;;;;;;;;;;;;;;
SP2;11/12/2022;Sp Gijon;Cartagena;0;0;D;0;0;D;22;31;35;21;31;34;23;3;325;;;;231;319;337;225;3;34;22;3;34;;;;;;;;;;;;;;;;;;;;;
SP2;11/12/2022;Eibar;Oviedo;1;0;H;0;0;D;175;34;475;175;32;475;18;315;48;;;;174;333;583;178;32;5;173;32;525;;;;;;;;;;;;;;;;;;;;;
SP2;11/12/2022;Granada;Burgos;1;0;H;1;0;H;18;33;5;18;32;44;19;31;45;;;;183;327;511;183;31;5;18;31;5;;;;;;;;;;;;;;;;;;;;;
SP2;11/12/2022;Las Palmas;Albacete;1;2;A;0;1;A;18;33;5;175;325;46;183;315;47;;;;185;312;536;183;32;475;175;33;48;;;;;;;;;;;;;;;;;;;;;
SP2;11/12/2022;Santander;Mirandes;1;2;A;1;1;D;21;31;4;21;295;35;21;29;37;;;;214;296;417;21;3;38;205;3;39;;;;;;;;;;;;;;;;;;;;;
SP2;12/12/2022;Alaves;Levante;0;2;A;0;2;A;238;3;325;24;295;29;245;285;31;;;;237;308;336;238;29;325;238;3;313;;;;;;;;;;;;;;;;;;;;;
SP2;16/12/2022;Tenerife;Andorra;1;1;D;1;1;D;205;3;42;205;285;38;21;285;385;;;;215;306;414;21;288;4;205;29;4;;;;;;;;;;;;;;;;;;;;;
SP2;17/12/2022;Lugo;Granada;1;0;H;1;0;H;4;325;205;35;31;205;36;3;21;;;;411;324;207;38;3;21;39;31;2;;;;;;;;;;;;;;;;;;;;;
SP2;17/12/2022;Mirandes;Ponferradina;2;1;H;2;0;H;21;34;36;2;325;35;21;315;345;;;;213;336;376;205;32;37;205;32;36;;;;;;;;;;;;;;;;;;;;;
SP2;17/12/2022;Villarreal B;Las Palmas;0;1;A;0;1;A;36;31;22;33;31;215;335;3;22;;;;388;318;216;35;3;22;36;31;21;;;;;;;;;;;;;;;;;;;;;
SP2;17/12/2022;Cartagena;Santander;0;3;A;0;2;A;195;325;433;193;31;39;2;3;4;;;;197;326;453;195;3;44;19;31;433;;;;;;;;;;;;;;;;;;;;;
SP2;17/12/2022;Oviedo;Sp Gijon;1;0;H;0;0;D;28;288;29;255;28;287;27;27;295;;;;291;282;299;275;28;288;27;275;29;;;;;;;;;;;;;;;;;;;;;
SP2;18/12/2022;Albacete;Ibiza;4;0;H;3;0;H;183;35;45;178;32;44;185;32;43;;;;185;337;478;183;32;475;18;32;475;;;;;;;;;;;;;;;;;;;;;
SP2;18/12/2022;Levante;Eibar;0;0;D;0;0;D;21;32;38;205;31;35;21;3;355;;;;211;321;387;21;31;37;205;31;37;;;;;;;;;;;;;;;;;;;;;
SP2;18/12/2022;Burgos;Huesca;1;1;D;0;1;A;23;3;35;225;29;32;235;275;33;;;;241;287;356;23;288;35;23;28;34;;;;;;;;;;;;;;;;;;;;;
SP2;18/12/2022;Malaga;Alaves;1;0;H;0;0;D;3;3;263;295;29;24;29;28;255;;;;314;292;261;29;288;262;29;288;26;;;;;;;;;;;;;;;;;;;;;
SP2;19/12/2022;Leganes;Zaragoza;2;1;H;1;1;D;245;3;33;235;29;3;235;28;32;;;;243;298;336;24;29;32;238;288;32;;;;;;;;;;;;;;;;;;;;;
SP2;06/01/2023;Ponferradina;Villarreal B;2;1;H;0;1;A;23;325;325;22;31;31;23;305;315;;;;235;322;336;22;32;33;23;31;313;;;;;;;;;;;;;;;;;;;;;
SP2;06/01/2023;Sp Gijon;Levante;1;1;D;0;1;A;275;3;275;26;295;265;275;285;28;;;;281;304;287;26;3;288;27;29;275;;;;;;;;;;;;;;;;;;;;;
SP2;06/01/2023;Leganes;Lugo;1;0;H;0;0;D;167;35;575;166;325;525;17;32;575;;;;169;341;658;17;325;58;165;325;6;;;;;;;;;;;;;;;;;;;;;
SP2;07/01/2023;Andorra;Oviedo;3;1;H;2;0;H;205;31;4;205;29;37;215;285;365;;;;211;304;431;215;288;39;205;288;41;;;;;;;;;;;;;;;;;;;;;
SP2;07/01/2023;Malaga;Tenerife;1;1;D;0;0;D;27;3;288;255;29;27;27;28;28;;;;28;295;297;27;29;28;27;28;28;;;;;;;;;;;;;;;;;;;;;
SP2;07/01/2023;Alaves;Burgos;1;0;H;0;0;D;183;32;475;182;31;44;19;305;45;;;;187;322;524;185;31;475;183;31;475;;;;;;;;;;;;;;;;;;;;;
SP2;08/01/2023;Granada;Cartagena;1;0;H;0;0;D;167;36;55;17;34;475;173;335;48;;;;17;35;568;173;33;525;167;35;525;;;;;;;;;;;;;;;;;;;;;
SP2;08/01/2023;Zaragoza;Mirandes;0;0;D;0;0;D;175;33;525;172;32;48;177;315;5;;;;178;324;559;175;32;525;173;32;525;;;;;;;;;;;;;;;;;;;;;
SP2;08/01/2023;Las Palmas;Santander;1;1;D;1;0;H;175;33;55;172;32;5;175;315;525;;;;175;329;581;175;32;55;173;313;55;;;;;;;;;;;;;;;;;;;;;
SP2;08/01/2023;Eibar;Ibiza;1;0;H;1;0;H;153;4;65;149;37;675;15;375;7;;;;15;389;787;15;37;75;145;38;75;;;;;;;;;;;;;;;;;;;;;
SP2;09/01/2023;Huesca;Albacete;1;1;D;0;1;A;225;32;34;225;3;31;235;295;315;;;;238;305;338;23;31;325;23;3;325;;;;;;;;;;;;;;;;;;;;;
SP2;13/01/2023;Oviedo;Alaves;1;0;H;0;0;D;27;275;32;26;265;3;27;255;305;;;;286;271;318;;;;263;27;3;;;;;;;;;;;;;;;;;;;;;
SP2;14/01/2023;Cartagena;Huesca;0;0;D;0;0;D;205;32;4;205;31;36;21;295;37;;;;212;307;421;;;;2;31;39;;;;;;;;;;;;;;;;;;;;;
SP2;14/01/2023;Ibiza;Las Palmas;1;2;A;1;0;H;433;31;2;38;295;2;38;29;21;;;;441;304;204;;;;39;31;2;;;;;;;;;;;;;;;;;;;;;
SP2;14/01/2023;Villarreal B;Zaragoza;2;3;A;2;0;H;263;3;29;265;287;265;27;28;275;;;;283;296;283;;;;263;3;275;;;;;;;;;;;;;;;;;;;;;
SP2;14/01/2023;Santander;Sp Gijon;2;0;H;2;0;H;255;29;31;25;275;3;255;27;3;;;;256;29;325;;;;255;28;3;;;;;;;;;;;;;;;;;;;;;
SP2;14/01/2023;Tenerife;Ponferradina;0;0;D;0;0;D;165;35;6;162;34;525;165;335;575;;;;163;363;628;;;;162;35;575;;;;;;;;;;;;;;;;;;;;;
SP2;14/01/2023;Levante;Granada;3;1;H;2;1;H;21;31;4;205;3;36;215;295;36;;;;21;317;394;;;;205;31;37;;;;;;;;;;;;;;;;;;;;;
SP2;15/01/2023;Eibar;Malaga;2;1;H;1;0;H;165;35;6;165;33;525;165;335;575;;;;164;358;624;;;;162;34;6;;;;;;;;;;;;;;;;;;;;;
SP2;15/01/2023;Burgos;Andorra;2;1;H;0;1;A;3;29;27;28;28;26;29;27;265;;;;303;275;286;;;;29;275;27;;;;;;;;;;;;;;;;;;;;;
SP2;15/01/2023;Mirandes;Lugo;2;0;H;1;0;H;205;3;433;2;3;375;21;295;385;;;;202;308;442;;;;195;31;41;;;;;;;;;;;;;;;;;;;;;
SP2;16/01/2023;Albacete;Leganes;1;0;H;1;0;H;255;31;3;24;3;28;25;29;29;;;;252;304;314;;;;25;29;3;;;;;;;;;;;;;;;;;;;;;
SP2;20/01/2023;Las Palmas;Mirandes;2;1;H;0;0;D;165;38;525;163;35;525;165;37;525;;;;165;386;582;;;;162;36;55;;;;;;;;;;;;;;;;;;;;;
SP2;21/01/2023;Malaga;Burgos;1;1;D;1;0;H;205;3;42;21;285;37;215;28;38;;;;216;291;439;;;;21;288;4;;;;;;;;;;;;;;;;;;;;;
SP2;21/01/2023;Ponferradina;Eibar;0;1;A;0;0;D;375;32;215;34;31;21;345;3;215;;;;388;318;217;;;;36;31;21;;;;;;;;;;;;;;;;;;;;;
SP2;21/01/2023;Granada;Ibiza;2;0;H;1;0;H;144;42;9;143;39;725;145;395;775;;;;143;424;955;;;;14;4;8;;;;;;;;;;;;;;;;;;;;;
SP2;21/01/2023;Alaves;Santander;3;0;H;1;0;H;2;31;433;198;287;41;205;285;4;;;;206;297;472;;;;2;29;433;;;;;;;;;;;;;;;;;;;;;
SP2;22/01/2023;Leganes;Levante;2;2;D;1;1;D;288;31;263;275;29;255;28;285;26;;;;302;302;27;;;;288;29;26;;;;;;;;;;;;;;;;;;;;;
SP2;22/01/2023;Cartagena;Tenerife;0;1;A;0;1;A;255;31;3;25;285;285;255;28;29;;;;268;282;316;;;;255;28;3;;;;;;;;;;;;;;;;;;;;;
SP2;22/01/2023;Sp Gijon;Zaragoza;1;0;H;1;0;H;255;288;3;245;28;3;25;275;305;;;;271;271;326;;;;25;28;31;;;;;;;;;;;;;;;;;;;;;
SP2;22/01/2023;Huesca;Oviedo;1;1;D;1;1;D;24;28;36;23;275;33;24;265;34;;;;242;278;368;;;;238;275;34;;;;;;;;;;;;;;;;;;;;;
SP2;22/01/2023;Lugo;Villarreal B;1;2;A;0;0;D;25;3;325;237;295;295;245;285;305;;;;248;298;329;;;;24;3;3;;;;;;;;;;;;;;;;;;;;;
SP2;23/01/2023;Andorra;Albacete;0;1;A;0;0;D;2;31;42;195;31;37;21;3;375;;;;213;298;417;;;;2;3;4;;;;;;;;;;;;;;;;;;;;;
SP2;27/01/2023;Santander;Tenerife;1;1;D;1;0;H;29;28;28;26;275;285;285;26;275;;;;3;282;29;;;;28;275;275;;;;;;;;;;;;;;;;;;;;;
SP2;28/01/2023;Granada;Andorra;2;0;H;2;0;H;18;34;5;183;31;44;19;305;43;;;;191;319;504;;;;183;31;475;;;;;;;;;;;;;;;;;;;;;
SP2;28/01/2023;Eibar;Leganes;0;0;D;0;0;D;195;31;45;198;295;39;21;29;395;;;;201;311;464;;;;195;3;42;;;;;;;;;;;;;;;;;;;;;
SP2;28/01/2023;Oviedo;Villarreal B;0;1;A;0;1;A;191;32;475;193;31;4;195;3;42;;;;193;324;48;;;;187;31;45;;;;;;;;;;;;;;;;;;;;;
SP2;28/01/2023;Las Palmas;Huesca;1;0;H;0;0;D;165;34;65;163;34;525;167;33;575;;;;163;357;647;;;;162;34;6;;;;;;;;;;;;;;;;;;;;;
SP2;29/01/2023;Mirandes;Alaves;1;3;A;1;1;D;31;3;255;295;287;24;3;28;25;;;;321;29;266;;;;3;29;25;;;;;;;;;;;;;;;;;;;;;
SP2;29/01/2023;Levante;Burgos;1;0;H;1;0;H;157;36;65;155;36;6;157;35;625;;;;155;376;723;;;;153;35;7;;;;;;;;;;;;;;;;;;;;;
SP2;29/01/2023;Albacete;Lugo;2;0;H;0;0;D;175;33;55;175;34;44;177;335;46;;;;169;35;576;;;;17;34;5;;;;;;;;;;;;;;;;;;;;;
SP2;29/01/2023;Sp Gijon;Malaga;0;0;D;0;0;D;191;34;45;188;31;41;19;315;42;;;;187;328;482;;;;183;313;46;;;;;;;;;;;;;;;;;;;;;
SP2;29/01/2023;Ibiza;Cartagena;2;2;D;1;2;A;275;29;29;255;29;275;265;28;28;;;;277;303;283;;;;26;3;28;;;;;;;;;;;;;;;;;;;;;
SP2;30/01/2023;Zaragoza;Ponferradina;0;0;D;0;0;D;191;325;45;182;34;4;195;32;39;;;;195;332;428;;;;185;32;44;;;;;;;;;;;;;;;;;;;;;
SP2;03/02/2023;Malaga;Oviedo;0;1;A;0;0;D;255;288;32;24;265;325;245;265;33;;;;259;277;351;;;;245;27;33;;;;;;;;;;;;;;;;;;;;;
SP2;04/02/2023;Huesca;Mirandes;1;0;H;0;0;D;2;33;4;205;3;36;21;3;36;;;;213;305;421;;;;2;3;4;;;;;;;;;;;;;;;;;;;;;
SP2;04/02/2023;Leganes;Sp Gijon;1;0;H;1;0;H;215;3;4;215;29;35;22;28;355;;;;225;301;39;;;;215;288;375;;;;;;;;;;;;;;;;;;;;;
SP2;04/02/2023;Tenerife;Albacete;1;0;H;1;0;H;205;31;42;2;29;38;21;29;385;;;;211;304;433;;;;2;3;41;;;;;;;;;;;;;;;;;;;;;
SP2;04/02/2023;Alaves;Eibar;2;0;H;0;0;D;238;31;33;23;29;31;235;28;33;;;;248;288;354;;;;23;288;33;;;;;;;;;;;;;;;;;;;;;
SP2;05/02/2023;Villarreal B;Granada;0;2;A;0;2;A;325;31;22;31;31;22;32;3;225;;;;357;324;225;;;;32;31;225;;;;;;;;;;;;;;;;;;;;;
SP2;05/02/2023;Andorra;Zaragoza;0;1;A;0;0;D;21;3;38;21;29;35;225;285;35;;;;224;295;385;;;;215;29;37;;;;;;;;;;;;;;;;;;;;;
SP2;05/02/2023;Cartagena;Levante;1;2;A;0;0;D;36;31;205;35;3;205;35;3;215;;;;398;324;206;;;;375;31;205;;;;;;;;;;;;;;;;;;;;;
SP2;05/02/2023;Ponferradina;Santander;1;1;D;1;0;H;31;191;433;31;185;39;315;19;42;;;;323;197;426;;;;32;183;41;;;;;;;;;;;;;;;;;;;;;
SP2;05/02/2023;Lugo;Ibiza;0;0;D;0;0;D;245;3;31;237;285;3;24;28;315;;;;247;303;323;;;;24;29;31;;;;;;;;;;;;;;;;;;;;;
SP2;06/02/2023;Burgos;Las Palmas;0;0;D;0;0;D;375;31;215;35;29;215;38;29;21;;;;409;298;215;;;;39;29;21;;;;;;;;;;;;;;;;;;;;;
SP2;10/02/2023;Granada;Tenerife;2;0;H;1;0;H;21;31;4;21;287;36;215;285;375;;;;222;306;389;;;;215;288;38;;;;;;;;;;;;;;;;;;;;;
SP2;11/02/2023;Zaragoza;Alaves;1;4;A;0;1;A;27;3;28;265;28;275;27;275;28;;;;284;281;309;;;;263;28;29;;;;;;;;;;;;;;;;;;;;;
SP2;11/02/2023;Levante;Andorra;1;0;H;1;0;H;173;36;55;17;33;48;173;33;49;;;;175;348;569;;;;17;33;525;;;;;;;;;;;;;;;;;;;;;
SP2;11/02/2023;Mirandes;Villarreal B;2;1;H;1;0;H;22;32;35;215;3;33;225;3;325;;;;225;319;363;;;;215;31;34;;;;;;;;;;;;;;;;;;;;;
SP2;11/02/2023;Las Palmas;Lugo;3;0;H;2;0;H;14;45;8;141;4;775;143;39;8;;;;141;439;962;;;;14;4;85;;;;;;;;;;;;;;;;;;;;;
SP2;12/02/2023;Albacete;Malaga;3;2;H;1;2;A;191;33;45;187;3;42;19;305;44;;;;188;319;493;;;;183;31;475;;;;;;;;;;;;;;;;;;;;;
SP2;12/02/2023;Oviedo;Burgos;0;1;A;0;0;D;21;3;42;2;28;41;21;28;395;;;;212;289;442;;;;2;28;44;;;;;;;;;;;;;;;;;;;;;
SP2;12/02/2023;Eibar;Cartagena;0;3;A;0;2;A;17;375;55;168;34;5;173;325;5;;;;167;361;578;;;;165;34;55;;;;;;;;;;;;;;;;;;;;;
SP2;12/02/2023;Sp Gijon;Huesca;1;1;D;1;1;D;195;31;45;19;3;42;195;295;43;;;;196;297;497;;;;191;3;45;;;;;;;;;;;;;;;;;;;;;
SP2;12/02/2023;Ibiza;Ponferradina;1;1;D;1;0;H;24;3;32;23;29;31;24;285;315;;;;246;303;325;;;;238;3;31;;;;;;;;;;;;;;;;;;;;;
SP2;13/02/2023;Santander;Leganes;2;1;H;1;0;H;28;29;29;265;28;275;275;275;28;;;;282;284;296;;;;275;28;28;;;;;;;;;;;;;;;;;;;;;
SP2;17/02/2023;Cartagena;Oviedo;2;1;H;2;0;H;23;28;375;235;27;33;24;26;345;;;;24;287;373;;;;23;275;35;;;;;;;;;;;;;;;;;;;;;
SP2;18/02/2023;Lugo;Eibar;0;2;A;0;1;A;42;31;205;4;285;2;395;285;205;;;;452;303;207;;;;42;288;2;;;;;;;;;;;;;;;;;;;;;
SP2;18/02/2023;Leganes;Las Palmas;0;0;D;0;0;D;25;3;32;25;28;29;25;275;305;;;;263;292;322;;;;255;28;3;;;;;;;;;;;;;;;;;;;;;
SP2;18/02/2023;Ponferradina;Levante;0;0;D;0;0;D;433;32;195;37;31;198;38;305;205;;;;41;336;203;;;;39;313;2;;;;;;;;;;;;;;;;;;;;;
SP2;18/02/2023;Tenerife;Mirandes;1;0;H;0;0;D;18;34;5;175;325;45;177;32;47;;;;178;34;552;;;;17;325;525;;;;;;;;;;;;;;;;;;;;;
SP2;19/02/2023;Huesca;Granada;1;1;D;1;1;D;325;3;24;31;285;235;325;275;235;;;;357;274;251;;;;32;288;238;;;;;;;;;;;;;;;;;;;;;
SP2;19/02/2023;Alaves;Ibiza;4;2;H;3;1;H;15;38;75;147;38;65;15;37;7;;;;147;395;846;;;;145;375;8;;;;;;;;;;;;;;;;;;;;;
SP2;19/02/2023;Andorra;Sp Gijon;1;0;H;0;0;D;21;3;38;;;;215;29;36;;;;218;289;416;;;;21;29;38;;;;;;;;;;;;;;;;;;;;;
SP2;19/02/2023;Burgos;Albacete;1;1;D;0;0;D;29;288;27;27;275;27;28;27;275;;;;302;284;277;;;;28;28;275;;;;;;;;;;;;;;;;;;;;;
SP2;19/02/2023;Villarreal B;Santander;2;1;H;0;0;D;245;29;32;235;3;295;245;285;305;;;;246;308;319;;;;24;3;3;;;;;;;;;;;;;;;;;;;;;
SP2;20/02/2023;Malaga;Zaragoza;3;0;H;0;0;D;26;3;288;25;285;287;255;28;295;;;;278;288;297;;;;255;28;3;;;;;;;;;;;;;;;;;;;;;
SP2;24/02/2023;Eibar;Villarreal B;2;0;H;1;0;H;18;34;5;175;325;46;18;32;47;;;;181;336;541;;;;175;33;48;;;;;;;;;;;;;;;;;;;;;
SP2;25/02/2023;Alaves;Cartagena;0;0;D;0;0;D;173;32;6;172;33;475;177;32;49;;;;174;347;584;;;;17;33;525;;;;;;;;;;;;;;;;;;;;;
SP2;25/02/2023;Santander;Andorra;2;1;H;2;0;H;27;3;288;26;285;275;265;275;285;;;;277;29;306;;;;263;288;288;;;;;;;;;;;;;;;;;;;;;
SP2;25/02/2023;Mirandes;Leganes;0;0;D;0;0;D;31;3;255;287;295;24;295;285;25;;;;313;305;259;;;;3;288;25;;;;;;;;;;;;;;;;;;;;;
SP2;25/02/2023;Sp Gijon;Tenerife;1;0;H;0;0;D;24;31;31;235;285;31;245;28;315;;;;251;29;345;;;;24;28;325;;;;;;;;;;;;;;;;;;;;;
SP2;26/02/2023;Ibiza;Huesca;2;2;D;1;2;A;23;3;34;23;285;32;235;28;33;;;;246;281;355;;;;23;29;33;;;;;;;;;;;;;;;;;;;;;
SP2;26/02/2023;Levante;Lugo;3;1;H;2;1;H;133;45;11;132;45;925;133;44;10;;;;13;489;1275;;;;13;45;115;;;;;;;;;;;;;;;;;;;;;
SP2;26/02/2023;Zaragoza;Burgos;0;0;D;0;0;D;191;3;525;195;295;41;195;29;44;;;;193;295;522;;;;187;3;48;;;;;;;;;;;;;;;;;;;;;
SP2;26/02/2023;Las Palmas;Ponferradina;2;0;H;0;0;D;145;4;75;144;4;675;147;385;7;;;;144;426;833;;;;14;4;8;;;;;;;;;;;;;;;;;;;;;
SP2;26/02/2023;Oviedo;Albacete;1;1;D;1;0;H;255;288;32;25;27;3;255;265;305;;;;268;276;324;;;;26;27;31;;;;;;;;;;;;;;;;;;;;;
SP2;27/02/2023;Granada;Malaga;1;0;H;0;0;D;157;38;65;158;35;575;16;355;575;;;;154;373;744;;;;155;36;65;;;;;;;;;;;;;;;;;;;;;
SP2;03/03/2023;Andorra;Las Palmas;0;0;D;0;0;D;275;29;288;255;287;275;265;28;28;;;;279;297;296;;;;263;29;28;;;;;;;;;;;;;;;;;;;;;
SP2;04/03/2023;Burgos;Granada;1;3;A;1;0;H;35;29;23;33;28;23;345;275;23;;;;385;289;234;;;;35;28;23;;;;;;;;;;;;;;;;;;;;;
SP2;04/03/2023;Huesca;Levante;3;0;H;1;0;H;375;3;215;33;3;215;35;29;22;;;;36;304;234;;;;34;3;22;;;;;;;;;;;;;;;;;;;;;
SP2;04/03/2023;Tenerife;Eibar;0;1;A;0;1;A;25;28;325;24;27;32;255;265;315;;;;257;286;339;;;;245;275;325;;;;;;;;;;;;;;;;;;;;;
SP2;04/03/2023;Mirandes;Oviedo;1;0;H;1;0;H;263;29;3;26;265;295;265;265;295;;;;271;286;318;;;;263;275;3;;;;;;;;;;;;;;;;;;;;;
SP2;05/03/2023;Leganes;Ibiza;0;1;A;0;0;D;173;31;65;17;31;525;175;305;55;;;;174;334;61;;;;17;32;55;;;;;;;;;;;;;;;;;;;;;
SP2;05/03/2023;Albacete;Sp Gijon;2;1;H;2;1;H;215;29;4;22;29;34;22;285;355;;;;226;3;372;;;;22;29;36;;;;;;;;;;;;;;;;;;;;;
SP2;05/03/2023;Lugo;Zaragoza;0;0;D;0;0;D;35;31;225;33;29;22;335;285;225;;;;367;298;229;;;;35;29;225;;;;;;;;;;;;;;;;;;;;;
SP2;05/03/2023;Malaga;Santander;0;1;A;0;0;D;225;3;35;215;29;34;225;29;335;;;;234;298;356;;;;225;29;35;;;;;;;;;;;;;;;;;;;;;
SP2;05/03/2023;Ponferradina;Cartagena;0;3;A;0;1;A;26;31;29;255;3;265;26;29;28;;;;255;315;299;;;;25;3;288;;;;;;;;;;;;;;;;;;;;;
SP2;06/03/2023;Villarreal B;Alaves;1;0;H;1;0;H;38;33;205;36;32;198;355;31;21;;;;416;314;205;;;;39;31;2;;;;;;;;;;;;;;;;;;;;;
SP2;10/03/2023;Oviedo;Tenerife;0;0;D;0;0;D;3;26;3;285;245;29;295;245;295;;;;305;268;301;;;;3;25;29;;;;;;;;;;;;;;;;;;;;;
SP2;11/03/2023;Eibar;Burgos;1;0;H;1;0;H;175;325;55;171;31;525;177;31;525;;;;178;32;627;;;;173;31;575;;;;;;;;;;;;;;;;;;;;;
SP2;11/03/2023;Alaves;Lugo;0;0;D;0;0;D;144;42;85;138;4;85;143;4;8;;;;138;45;1078;;;;136;41;95;;;;;;;;;;;;;;;;;;;;;
SP2;11/03/2023;Ibiza;Villarreal B;0;0;D;0;0;D;255;31;29;245;3;28;25;29;285;;;;268;297;309;;;;255;3;28;;;;;;;;;;;;;;;;;;;;;
SP2;11/03/2023;Las Palmas;Malaga;2;2;D;1;1;D;157;375;7;153;36;6;155;355;65;;;;155;396;721;;;;153;36;7;;;;;;;;;;;;;;;;;;;;;
SP2;12/03/2023;Zaragoza;Leganes;3;0;H;1;0;H;24;3;34;23;28;325;235;275;335;;;;246;284;351;;;;238;275;34;;;;;;;;;;;;;;;;;;;;;
SP2;12/03/2023;Sp Gijon;Mirandes;3;4;A;1;2;A;18;35;475;175;325;46;183;32;46;;;;178;336;537;;;;175;325;5;;;;;;;;;;;;;;;;;;;;;
SP2;12/03/2023;Cartagena;Andorra;0;3;A;0;0;D;255;3;32;245;29;287;25;285;3;;;;261;287;32;;;;245;29;31;;;;;;;;;;;;;;;;;;;;;
SP2;12/03/2023;Levante;Albacete;0;0;D;0;0;D;175;36;5;175;33;44;177;33;46;;;;181;346;484;;;;173;33;5;;;;;;;;;;;;;;;;;;;;;
SP2;12/03/2023;Granada;Ponferradina;2;2;D;0;0;D;157;4;6;155;36;575;16;36;575;;;;16;382;614;;;;155;36;65;;;;;;;;;;;;;;;;;;;;;
SP2;13/03/2023;Santander;Huesca;1;1;D;1;1;D;25;3;325;245;28;3;245;275;31;;;;259;283;329;;;;245;288;313;;;;;;;;;;;;;;;;;;;;;
SP2;17/03/2023;Malaga;Levante;0;0;D;0;0;D;4;325;2;36;32;198;365;31;21;;;;411;325;207;;;;38;313;2;;;;;;;;;;;;;;;;;;;;;
SP2;18/03/2023;Andorra;Ibiza;2;2;D;0;2;A;17;35;575;168;35;475;17;34;5;;;;172;341;615;;;;165;34;55;;;;;;;;;;;;;;;;;;;;;
SP2;18/03/2023;Albacete;Granada;1;2;A;0;1;A;263;31;288;26;295;27;265;285;275;;;;278;303;291;;;;26;3;28;;;;;;;;;;;;;;;;;;;;;
SP2;18/03/2023;Leganes;Oviedo;0;1;A;0;0;D;215;29;42;205;275;39;22;27;385;;;;226;282;421;;;;215;27;41;;;;;;;;;;;;;;;;;;;;;
SP2;18/03/2023;Tenerife;Las Palmas;4;1;H;3;0;H;26;288;31;255;265;3;26;26;305;;;;272;278;328;;;;26;27;31;;;;;;;;;;;;;;;;;;;;;
SP2;18/03/2023;Ponferradina;Alaves;1;0;H;0;0;D;42;31;205;39;295;198;395;295;205;;;;438;301;211;;;;41;3;2;;;;;;;;;;;;;;;;;;;;;
SP2;19/03/2023;Burgos;Sp Gijon;0;0;D;0;0;D;25;29;325;235;275;325;24;275;33;;;;253;288;344;;;;24;28;33;;;;;;;;;;;;;;;;;;;;;
SP2;19/03/2023;Huesca;Zaragoza;1;1;D;1;1;D;29;29;28;285;28;255;285;27;27;;;;301;277;285;;;;28;28;27;;;;;;;;;;;;;;;;;;;;;
SP2;19/03/2023;Lugo;Santander;1;1;D;1;0;H;3;3;263;295;28;25;3;275;255;;;;299;288;277;;;;29;288;26;;;;;;;;;;;;;;;;;;;;;
SP2;19/03/2023;Villarreal B;Cartagena;5;2;H;1;2;A;245;3;32;24;295;29;25;29;295;;;;251;299;322;;;;24;3;3;;;;;;;;;;;;;;;;;;;;;
SP2;20/03/2023;Mirandes;Eibar;2;3;A;2;0;H;34;31;23;3;295;235;315;29;235;;;;343;294;243;;;;325;3;23;;;;;;;;;;;;;;;;;;;;;
SP2;24/03/2023;Cartagena;Lugo;2;0;H;0;0;D;17;35;525;17;34;48;173;335;49;;;;174;354;564;163;34;6;17;35;525;;;;;;;;;;;;;;;;;;;;;
SP2;25/03/2023;Ibiza;Burgos;2;0;H;0;0;D;23;288;33;23;285;325;235;275;33;;;;245;299;345;235;288;34;238;288;34;;;;;;;;;;;;;;;;;;;;;
SP2;25/03/2023;Santander;Levante;0;1;A;0;1;A;34;31;225;32;295;22;33;295;225;;;;349;309;236;31;3;245;34;3;23;;;;;;;;;;;;;;;;;;;;;
SP2;25/03/2023;Alaves;Tenerife;1;0;H;0;0;D;191;31;45;185;295;45;197;295;43;;;;196;299;52;195;3;46;193;3;475;;;;;;;;;;;;;;;;;;;;;
SP2;26/03/2023;Eibar;Andorra;0;0;D;0;0;D;191;33;433;187;3;433;195;305;42;;;;193;312;496;185;31;48;187;31;45;;;;;;;;;;;;;;;;;;;;;
SP2;26/03/2023;Ponferradina;Mirandes;0;0;D;0;0;D;2;32;4;2;3;37;205;305;365;;;;212;32;384;24;3;31;2;31;39;;;;;;;;;;;;;;;;;;;;;
SP2;26/03/2023;Zaragoza;Albacete;1;1;D;0;0;D;215;3;36;205;295;37;22;29;35;;;;22;3;388;238;29;325;215;29;37;;;;;;;;;;;;;;;;;;;;;
SP2;26/03/2023;Granada;Oviedo;1;0;H;0;0;D;18;33;5;177;31;475;183;31;48;;;;178;313;596;173;32;55;175;31;55;;;;;;;;;;;;;;;;;;;;;
SP2;26/03/2023;Villarreal B;Huesca;0;0;D;0;0;D;245;31;29;235;3;295;24;295;3;;;;252;318;3;21;32;36;24;3;3;;;;;;;;;;;;;;;;;;;;;
SP2;26/03/2023;Las Palmas;Sp Gijon;1;1;D;0;1;A;17;35;55;168;325;5;173;325;5;;;;171;344;581;175;33;5;167;33;575;;;;;;;;;;;;;;;;;;;;;
SP2;27/03/2023;Malaga;Leganes;2;0;H;0;0;D;29;29;24;29;285;245;305;28;245;;;;328;288;255;27;29;28;31;288;245;;;;;;;;;;;;;;;;;;;;;
SP2;31/03/2023;Levante;Zaragoza;1;1;D;1;0;H;18;34;5;177;32;46;18;315;47;;;;188;327;507;;;;18;33;5;;;;;;;;;;;;;;;;;;;;;
SP2;01/04/2023;Burgos;Santander;2;1;H;1;0;H;24;288;34;235;28;32;24;275;325;;;;243;286;368;;;;24;28;34;;;;;;;;;;;;;;;;;;;;;
SP2;01/04/2023;Leganes;Cartagena;1;3;A;1;0;H;21;3;4;2;31;36;21;295;365;;;;221;31;387;;;;21;31;375;;;;;;;;;;;;;;;;;;;;;
SP2;01/04/2023;Tenerife;Villarreal B;1;1;D;0;0;D;175;33;55;173;32;48;183;315;45;;;;176;342;548;;;;173;325;55;;;;;;;;;;;;;;;;;;;;;
SP2;01/04/2023;Oviedo;Eibar;1;1;D;0;0;D;325;27;27;31;26;255;295;26;27;;;;334;272;273;;;;32;263;26;;;;;;;;;;;;;;;;;;;;;
SP2;02/04/2023;Huesca;Alaves;0;1;A;0;0;D;32;28;225;35;29;21;32;28;24;;;;373;293;23;;;;34;29;225;;;;;;;;;;;;;;;;;;;;;
SP2;02/04/2023;Lugo;Ponferradina;0;0;D;0;0;D;27;275;263;27;29;26;27;28;27;;;;3;29;274;;;;28;288;27;;;;;;;;;;;;;;;;;;;;;
SP2;02/04/2023;Andorra;Malaga;1;0;H;0;0;D;;;;185;32;41;195;315;4;;;;192;338;437;;;;183;32;45;;;;;;;;;;;;;;;;;;;;;
SP2;02/04/2023;Sp Gijon;Granada;1;0;H;1;0;H;;;;285;295;245;28;28;26;;;;323;298;251;;;;3;3;245;;;;;;;;;;;;;;;;;;;;;
SP2;02/04/2023;Mirandes;Ibiza;2;2;D;1;1;D;215;31;35;21;31;325;205;315;37;;;;233;323;328;;;;22;31;33;;;;;;;;;;;;;;;;;;;;;
SP2;03/04/2023;Albacete;Las Palmas;1;2;A;1;0;H;23;28;31;237;29;295;255;285;29;;;;238;309;332;;;;238;29;32;;;;;;;;;;;;;;;;;;;;;
SP2;07/04/2023;Lugo;Tenerife;0;0;D;0;0;D;45;31;191;45;3;185;44;295;195;;;;521;31;192;;;;48;31;187;;;;;;;;;;;;;;;;;;;;;
SP2;07/04/2023;Villarreal B;Malaga;1;2;A;0;2;A;21;325;375;2;31;36;21;31;345;;;;212;329;386;;;;205;32;37;;;;;;;;;;;;;;;;;;;;;
SP2;08/04/2023;Zaragoza;Granada;1;0;H;1;0;H;28;3;275;27;28;265;28;275;27;;;;29;292;29;;;;28;288;28;;;;;;;;;;;;;;;;;;;;;
SP2;08/04/2023;Ibiza;Sp Gijon;1;3;A;0;2;A;27;3;29;265;28;27;265;28;28;;;;274;298;301;;;;27;29;288;;;;;;;;;;;;;;;;;;;;;
SP2;08/04/2023;Santander;Albacete;4;1;H;3;1;H;25;29;31;235;287;31;245;285;31;;;;252;302;328;;;;245;3;313;;;;;;;;;;;;;;;;;;;;;
SP2;09/04/2023;Huesca;Burgos;2;1;H;2;0;H;238;3;34;23;28;325;24;27;33;;;;25;281;348;;;;238;275;34;;;;;;;;;;;;;;;;;;;;;
SP2;09/04/2023;Eibar;Levante;1;1;D;0;0;D;25;29;32;24;28;3;25;275;31;;;;263;294;309;;;;255;28;3;;;;;;;;;;;;;;;;;;;;;
SP2;09/04/2023;Cartagena;Mirandes;1;0;H;0;0;D;185;34;45;185;33;4;195;32;4;;;;188;332;468;;;;187;325;42;;;;;;;;;;;;;;;;;;;;;
SP2;09/04/2023;Ponferradina;Leganes;0;1;A;0;0;D;275;29;288;26;28;28;265;275;285;;;;289;288;285;;;;27;28;28;;;;;;;;;;;;;;;;;;;;;
SP2;09/04/2023;Las Palmas;Oviedo;0;1;A;0;0;D;175;31;65;171;32;5;18;305;5;;;;176;317;609;;;;17;313;575;;;;;;;;;;;;;;;;;;;;;
SP2;10/04/2023;Alaves;Andorra;0;0;D;0;0;D;173;33;6;17;34;48;175;33;49;;;;169;345;595;;;;165;34;55;;;;;;;;;;;;;;;;;;;;;
SP2;14/04/2023;Albacete;Eibar;3;1;H;2;0;H;27;3;28;26;28;275;27;275;275;;;;287;289;295;;;;275;29;28;;;;;;;;;;;;;;;;;;;;;
SP2;15/04/2023;Granada;Las Palmas;2;1;H;2;0;H;23;3;34;22;31;31;225;3;32;;;;234;309;353;;;;23;3;33;;;;;;;;;;;;;;;;;;;;;
SP2;15/04/2023;Oviedo;Lugo;2;1;H;1;1;D;165;34;65;163;33;55;167;325;575;;;;167;339;701;;;;162;33;7;;;;;;;;;;;;;;;;;;;;;
SP2;15/04/2023;Zaragoza;Santander;4;1;H;3;0;H;21;3;42;205;3;36;215;29;37;;;;216;298;425;;;;21;29;41;;;;;;;;;;;;;;;;;;;;;
SP2;15/04/2023;Burgos;Ponferradina;2;2;D;0;1;A;23;29;36;23;285;32;235;28;33;;;;239;283;382;;;;23;288;35;;;;;;;;;;;;;;;;;;;;;
SP2;16/04/2023;Andorra;Huesca;1;0;H;1;0;H;175;33;55;;;;175;33;48;;;;179;332;527;;;;173;32;525;;;;;;;;;;;;;;;;;;;;;
SP2;16/04/2023;Sp Gijon;Alaves;0;0;D;0;0;D;33;3;24;31;3;23;32;29;23;;;;335;291;249;;;;32;29;238;;;;;;;;;;;;;;;;;;;;;
SP2;16/04/2023;Malaga;Cartagena;1;0;H;1;0;H;245;32;3;245;3;275;25;295;29;;;;265;301;299;;;;245;31;288;;;;;;;;;;;;;;;;;;;;;
SP2;16/04/2023;Tenerife;Ibiza;4;0;H;2;0;H;175;325;6;173;32;48;18;31;49;;;;174;324;61;;;;173;313;55;;;;;;;;;;;;;;;;;;;;;
SP2;16/04/2023;Leganes;Villarreal B;1;0;H;1;0;H;191;325;475;187;325;39;195;315;4;;;;186;328;487;;;;183;32;45;;;;;;;;;;;;;;;;;;;;;
SP2;17/04/2023;Levante;Mirandes;1;2;A;0;1;A;157;4;6;155;38;55;155;39;575;;;;157;398;621;;;;153;38;6;;;;;;;;;;;;;;;;;;;;;
SP2;21/04/2023;Eibar;Zaragoza;1;1;D;0;1;A;2;29;475;195;29;41;197;29;43;;;;202;305;471;;;;2;3;44;;;;;;;;;;;;;;;;;;;;;
SP2;22/04/2023;Villarreal B;Albacete;1;2;A;1;1;D;28;325;26;265;31;255;27;3;26;;;;285;312;277;;;;275;31;263;;;;;;;;;;;;;;;;;;;;;
SP2;22/04/2023;Cartagena;Sp Gijon;2;1;H;2;1;H;21;32;38;205;3;36;21;3;355;;;;217;306;404;;;;21;31;375;;;;;;;;;;;;;;;;;;;;;
SP2;22/04/2023;Ponferradina;Andorra;1;4;A;0;2;A;28;3;275;265;295;26;265;285;275;;;;287;294;29;;;;27;3;275;;;;;;;;;;;;;;;;;;;;;
SP2;22/04/2023;Las Palmas;Levante;0;0;D;0;0;D;238;3;33;23;3;3;24;29;31;;;;249;309;324;;;;238;3;32;;;;;;;;;;;;;;;;;;;;;
SP2;22/04/2023;Ibiza;Oviedo;1;2;A;1;1;D;3;28;275;287;27;26;295;27;26;;;;314;275;285;;;;3;275;27;;;;;;;;;;;;;;;;;;;;;
SP2;23/04/2023;Lugo;Malaga;0;2;A;0;2;A;34;31;23;33;3;215;34;295;22;;;;334;325;235;;;;34;29;225;;;;;;;;;;;;;;;;;;;;;
SP2;23/04/2023;Mirandes;Burgos;2;1;H;0;0;D;245;288;35;23;29;31;235;285;32;;;;247;286;346;;;;238;288;32;;;;;;;;;;;;;;;;;;;;;
SP2;23/04/2023;Santander;Granada;1;0;H;0;0;D;38;32;21;34;32;205;345;305;215;;;;414;308;209;;;;375;31;205;;;;;;;;;;;;;;;;;;;;;
SP2;23/04/2023;Alaves;Leganes;2;1;H;1;0;H;173;34;55;171;32;5;173;325;49;;;;171;332;609;;;;167;32;6;;;;;;;;;;;;;;;;;;;;;
SP2;24/04/2023;Huesca;Tenerife;1;1;D;1;0;H;31;3;26;28;3;245;28;29;26;;;;312;297;259;;;;29;3;25;;;;;;;;;;;;;;;;;;;;;
SP2;28/04/2023;Santander;Ibiza;1;0;H;1;0;H;167;35;575;168;33;5;17;33;525;;;;169;349;625;;;;167;34;575;;;;;;;;;;;;;;;;;;;;;
SP2;29/04/2023;Levante;Alaves;2;0;H;2;0;H;225;31;35;225;3;31;23;29;325;;;;239;301;355;;;;23;3;34;;;;;;;;;;;;;;;;;;;;;
SP2;29/04/2023;Albacete;Cartagena;1;1;D;1;0;H;205;33;375;2;32;35;21;31;35;;;;208;335;392;;;;205;32;38;;;;;;;;;;;;;;;;;;;;;
SP2;29/04/2023;Tenerife;Leganes;1;0;H;1;0;H;205;288;45;2;285;4;21;285;39;;;;219;279;456;;;;21;29;41;;;;;;;;;;;;;;;;;;;;;
SP2;30/04/2023;Andorra;Mirandes;0;1;A;0;0;D;18;34;475;178;33;433;183;325;44;;;;184;337;513;;;;175;33;475;;;;;;;;;;;;;;;;;;;;;
SP2;30/04/2023;Oviedo;Ponferradina;3;2;H;0;2;A;21;3;4;205;29;38;215;285;37;;;;212;297;421;;;;21;288;39;;;;;;;;;;;;;;;;;;;;;
SP2;30/04/2023;Granada;Eibar;1;1;D;0;0;D;21;31;4;2;31;36;215;3;355;;;;215;316;38;;;;21;3;37;;;;;;;;;;;;;;;;;;;;;
SP2;30/04/2023;Zaragoza;Las Palmas;1;1;D;0;0;D;263;3;3;24;295;287;255;285;29;;;;264;3;302;;;;255;29;29;;;;;;;;;;;;;;;;;;;;;
SP2;01/05/2023;Sp Gijon;Lugo;3;1;H;2;0;H;155;38;7;155;35;6;155;36;65;;;;151;379;793;;;;15;37;7;;;;;;;;;;;;;;;;;;;;;
SP2;01/05/2023;Malaga;Huesca;0;0;D;0;0;D;;;;205;3;35;215;3;345;;;;21;327;38;;;;21;3;375;;;;;;;;;;;;;;;;;;;;;
SP2;01/05/2023;Burgos;Villarreal B;1;0;H;1;0;H;22;31;36;21;3;34;22;3;34;;;;227;299;371;;;;215;3;36;;;;;;;;;;;;;;;;;;;;;
SP2;05/05/2023;Alaves;Granada;1;1;D;0;1;A;215;3;38;21;295;36;225;295;335;;;;218;317;386;;;;21;31;375;;;;;;;;;;;;;;;;;;;;;
SP2;06/05/2023;Mirandes;Santander;1;1;D;1;1;D;238;31;32;225;31;3;235;3;31;;;;24;301;352;;;;23;31;32;;;;;;;;;;;;;;;;;;;;;
SP2;06/05/2023;Leganes;Huesca;2;1;H;1;1;D;21;3;4;205;287;38;215;285;38;;;;216;287;45;;;;215;29;39;;;;;;;;;;;;;;;;;;;;;
SP2;06/05/2023;Tenerife;Levante;1;0;H;0;0;D;31;31;245;3;285;24;305;285;245;;;;34;29;253;;;;32;288;245;;;;;;;;;;;;;;;;;;;;;
SP2;07/05/2023;Villarreal B;Sp Gijon;2;0;H;1;0;H;23;3;35;22;31;31;225;305;32;;;;225;316;352;;;;225;31;32;;;;;;;;;;;;;;;;;;;;;
SP2;07/05/2023;Ibiza;Albacete;0;5;A;0;2;A;475;34;18;45;34;173;44;34;18;;;;469;355;181;;;;48;33;175;;;;;;;;;;;;;;;;;;;;;
SP2;07/05/2023;Ponferradina;Malaga;2;0;H;0;0;D;3;29;27;285;295;245;3;285;255;;;;293;301;27;;;;288;29;255;;;;;;;;;;;;;;;;;;;;;
SP2;07/05/2023;Lugo;Andorra;2;2;D;1;1;D;525;35;175;48;33;171;48;33;173;;;;515;34;179;;;;525;325;173;;;;;;;;;;;;;;;;;;;;;
SP2;07/05/2023;Oviedo;Zaragoza;2;1;H;1;0;H;238;288;35;235;275;32;24;275;325;;;;246;288;344;;;;238;28;34;;;;;;;;;;;;;;;;;;;;;
SP2;07/05/2023;Cartagena;Burgos;0;0;D;0;0;D;175;325;525;177;325;44;183;32;45;;;;176;346;52;;;;175;325;5;;;;;;;;;;;;;;;;;;;;;
SP2;08/05/2023;Eibar;Las Palmas;0;1;A;0;0;D;215;31;375;21;3;35;22;29;35;;;;22;31;373;;;;215;3;36;;;;;;;;;;;;;;;;;;;;;
SP2;12/05/2023;Burgos;Leganes;0;3;A;0;2;A;26;28;32;25;275;3;255;27;305;;;;271;276;332;;;;255;28;313;;;;;;;;;;;;;;;;;;;;;
SP2;13/05/2023;Sp Gijon;Oviedo;1;1;D;0;1;A;24;3;32;237;285;31;24;285;31;;;;262;284;334;;;;245;29;32;;;;;;;;;;;;;;;;;;;;;
SP2;13/05/2023;Granada;Lugo;2;0;H;2;0;H;125;525;15;122;55;125;125;525;13;;;;122;617;1717;;;;122;525;17;;;;;;;;;;;;;;;;;;;;;
SP2;13/05/2023;Zaragoza;Cartagena;2;0;H;1;0;H;25;325;28;25;3;27;26;305;27;;;;266;342;275;;;;27;3;28;;;;;;;;;;;;;;;;;;;;;
SP2;13/05/2023;Malaga;Mirandes;2;0;H;1;0;H;22;32;34;215;31;32;22;31;33;;;;228;33;342;;;;225;31;34;;;;;;;;;;;;;;;;;;;;;
SP2;14/05/2023;Santander;Eibar;1;0;H;1;0;H;4;31;21;34;3;21;355;295;215;;;;397;313;213;;;;37;3;21;;;;;;;;;;;;;;;;;;;;;
SP2;14/05/2023;Andorra;Tenerife;1;0;H;0;0;D;24;325;3;24;31;28;25;3;285;;;;262;334;276;;;;245;31;29;;;;;;;;;;;;;;;;;;;;;
SP2;14/05/2023;Albacete;Alaves;1;1;D;1;0;H;245;32;3;245;3;275;255;29;28;;;;26;327;283;;;;255;3;28;;;;;;;;;;;;;;;;;;;;;
SP2;14/05/2023;Huesca;Ponferradina;1;1;D;0;0;D;215;32;36;215;3;325;22;3;335;;;;224;328;342;;;;215;3;35;;;;;;;;;;;;;;;;;;;;;
SP2;14/05/2023;Las Palmas;Villarreal B;1;1;D;1;0;H;15;4;7;149;38;625;147;4;7;;;;153;395;707;;;;15;37;7;;;;;;;;;;;;;;;;;;;;;
SP2;15/05/2023;Levante;Ibiza;0;0;D;0;0;D;133;5;95;134;46;8;13;5;10;;;;131;505;1118;;;;133;45;95;;;;;;;;;;;;;;;;;;;;;
SP2;20/05/2023;Ibiza;Zaragoza;1;0;H;0;0;D;38;33;205;37;31;198;365;31;205;;;;391;332;21;;;;39;32;2;;;;;;;;;;;;;;;;;;;;;
SP2;20/05/2023;Alaves;Malaga;2;1;H;0;0;D;167;35;6;163;34;525;163;355;6;;;;171;356;583;;;;165;34;6;;;;;;;;;;;;;;;;;;;;;
SP2;20/05/2023;Cartagena;Las Palmas;1;4;A;1;3;A;288;32;255;26;31;255;275;315;25;;;;29;339;254;;;;288;31;255;;;;;;;;;;;;;;;;;;;;;
SP2;20/05/2023;Eibar;Sp Gijon;2;2;D;0;1;A;175;33;575;17;32;525;173;325;525;;;;175;339;586;;;;17;34;55;;;;;;;;;;;;;;;;;;;;;
SP2;20/05/2023;Lugo;Huesca;1;2;A;0;0;D;42;31;2;4;31;19;4;31;197;;;;445;315;203;;;;42;31;2;;;;;;;;;;;;;;;;;;;;;
SP2;20/05/2023;Mirandes;Granada;1;3;A;0;1;A;5;37;17;44;33;175;49;335;173;;;;542;366;173;;;;5;35;173;;;;;;;;;;;;;;;;;;;;;
SP2;20/05/2023;Ponferradina;Albacete;1;1;D;0;1;A;42;34;191;4;33;185;4;335;19;;;;407;353;198;;;;42;34;187;;;;;;;;;;;;;;;;;;;;;
SP2;20/05/2023;Villarreal B;Levante;2;3;A;1;2;A;433;35;185;38;34;185;43;345;18;;;;441;348;192;;;;42;34;187;;;;;;;;;;;;;;;;;;;;;
SP2;20/05/2023;Tenerife;Burgos;2;1;H;0;1;A;18;31;55;171;31;525;177;305;525;;;;183;325;553;;;;175;32;55;;;;;;;;;;;;;;;;;;;;;
SP2;21/05/2023;Oviedo;Santander;1;0;H;1;0;H;215;31;38;215;29;34;225;285;34;;;;217;326;359;;;;225;29;34;;;;;;;;;;;;;;;;;;;;;
SP2;21/05/2023;Leganes;Andorra;1;1;D;1;1;D;2;3;45;2;3;375;205;295;395;;;;209;296;434;;;;225;29;34;;;;;;;;;;;;;;;;;;;;;
SP2;26/05/2023;Zaragoza;Tenerife;1;1;D;0;0;D;23;32;31;225;31;3;23;305;31;;;;239;318;332;25;288;262;238;31;313;;;;;;;;;;;;;;;;;;;;;
SP2;27/05/2023;Andorra;Villarreal B;4;3;H;1;2;A;185;325;45;19;32;39;195;315;4;;;;192;324;485;2;29;36;191;33;42;;;;;;;;;;;;;;;;;;;;;
SP2;27/05/2023;Burgos;Lugo;0;1;A;0;1;A;165;34;65;162;35;525;165;335;575;;;;168;362;572;157;325;55;162;35;6;;;;;;;;;;;;;;;;;;;;;
SP2;27/05/2023;Albacete;Mirandes;2;1;H;0;0;D;175;36;475;177;35;4;183;345;42;;;;183;378;446;173;34;4;18;36;44;;;;;;;;;;;;;;;;;;;;;
SP2;27/05/2023;Malaga;Ibiza;1;1;D;0;0;D;16;375;6;158;38;5;16;37;55;;;;163;399;577;15;36;55;157;39;6;;;;;;;;;;;;;;;;;;;;;
SP2;27/05/2023;Granada;Leganes;2;0;H;1;0;H;15;433;65;146;41;625;15;4;625;;;;148;434;748;14;39;65;145;41;75;;;;;;;;;;;;;;;;;;;;;
SP2;27/05/2023;Huesca;Eibar;0;1;A;0;0;D;288;34;24;275;31;245;285;305;245;;;;291;35;248;26;29;25;29;31;25;;;;;;;;;;;;;;;;;;;;;
SP2;27/05/2023;Las Palmas;Alaves;0;0;D;0;0;D;205;325;375;2;31;36;21;305;355;;;;208;329;4;195;31;35;205;31;39;;;;;;;;;;;;;;;;;;;;;
SP2;27/05/2023;Levante;Oviedo;2;1;H;0;0;D;155;4;6;153;4;525;157;4;525;;;;155;427;63;15;36;55;155;4;6;;;;;;;;;;;;;;;;;;;;;
SP2;28/05/2023;Santander;Cartagena;3;1;H;3;0;H;263;325;263;26;31;255;26;305;265;;;;259;329;283;26;288;25;26;31;27;;;;;;;;;;;;;;;;;;;;;
SP2;28/05/2023;Sp Gijon;Ponferradina;1;4;A;0;1;A;185;34;433;19;34;36;2;33;365;;;;192;349;421;191;32;35;19;34;39;;;;;;;;;;;;;;;;;;;;;
SP2;11/08/2023;Amorebieta;Levante;1;1;D;0;1;A;31;325;23;3;295;23;31;29;24;;;;332;31;248;;;;313;31;238;;;;;;;;;;;;;;;;;;;;;
SP2;11/08/2023;Valladolid;Sp Gijon;2;0;H;1;0;H;191;34;42;185;32;41;195;315;41;;;;193;336;467;;;;187;33;433;;;;;;;;;;;;;;;;;;;;;
SP2;12/08/2023;Santander;Eibar;4;0;H;3;0;H;29;31;26;28;3;245;285;295;25;;;;305;298;274;;;;29;3;26;;;;;;;;;;;;;;;;;;;;;
SP2;12/08/2023;Zaragoza;Villarreal B;2;0;H;0;0;D;173;35;55;17;33;48;173;325;49;;;;171;354;606;;;;17;34;55;;;;;;;;;;;;;;;;;;;;;
SP2;12/08/2023;Elche;Ferrol;0;1;A;0;0;D;175;35;5;177;34;42;183;33;44;;;;;;;;;;18;34;46;;;;;;;;;;;;;;;;;;;;;
SP2;13/08/2023;Burgos;Huesca;1;1;D;1;1;D;225;31;35;22;3;31;23;295;32;;;;239;294;37;;;;23;3;32;;;;;;;;;;;;;;;;;;;;;
SP2;13/08/2023;Albacete;Espanol;1;1;D;0;1;A;33;33;225;287;31;23;295;305;24;;;;309;326;252;;;;3;31;238;;;;;;;;;;;;;;;;;;;;;
SP2;13/08/2023;Cartagena;Eldense;0;1;A;0;1;A;21;31;38;21;3;35;215;295;36;;;;22;311;396;;;;21;3;37;;;;;;;;;;;;;;;;;;;;;
SP2;13/08/2023;Leganes;Andorra;0;1;A;0;1;A;23;31;35;225;295;32;23;29;325;;;;238;297;369;;;;225;3;33;;;;;;;;;;;;;;;;;;;;;
SP2;14/08/2023;Mirandes;Alcorcon;4;0;H;2;0;H;25;31;3;24;3;285;245;29;3;;;;266;296;313;;;;25;29;3;;;;;;;;;;;;;;;;;;;;;
SP2;14/08/2023;Tenerife;Oviedo;1;0;H;1;0;H;205;32;4;205;295;37;215;295;365;;;;215;299;428;;;;205;3;39;;;;;;;;;;;;;;;;;;;;;
SP2;18/08/2023;Andorra;Cartagena;3;2;H;0;0;D;191;35;4;185;325;4;195;325;39;;;;192;342;465;;;;187;33;44;;;;;;;;;;;;;;;;;;;;;
SP2;18/08/2023;Zaragoza;Valladolid;1;0;H;1;0;H;238;31;32;23;295;31;24;295;305;;;;239;308;351;;;;23;31;33;;;;;;;;;;;;;;;;;;;;;
SP2;19/08/2023;Eibar;Elche;2;1;H;1;0;H;22;31;36;215;3;33;22;295;345;;;;225;306;389;;;;22;31;36;;;;;;;;;;;;;;;;;;;;;
SP2;19/08/2023;Espanol;Santander;2;0;H;1;0;H;18;35;475;178;325;433;185;335;42;;;;185;335;522;;;;183;33;46;;;;;;;;;;;;;;;;;;;;;
SP2;19/08/2023;Levante;Burgos;3;2;H;2;1;H;167;35;6;165;34;5;167;33;55;;;;172;347;613;;;;167;34;575;;;;;;;;;;;;;;;;;;;;;
SP2;19/08/2023;Alcorcon;Leganes;0;2;A;0;0;D;255;288;32;24;285;3;25;275;315;;;;261;292;331;;;;25;29;313;;;;;;;;;;;;;;;;;;;;;
SP2;20/08/2023;Oviedo;Ferrol;1;1;D;0;1;A;205;3;433;2;3;37;205;29;395;;;;208;296;475;;;;2;3;41;;;;;;;;;;;;;;;;;;;;;
SP2;20/08/2023;Sp Gijon;Mirandes;3;0;H;3;0;H;183;33;475;183;325;41;19;32;43;;;;188;337;494;;;;183;325;44;;;;;;;;;;;;;;;;;;;;;
SP2;20/08/2023;Albacete;Amorebieta;2;2;D;1;2;A;162;36;65;161;34;575;167;36;5;;;;164;356;699;;;;157;34;65;;;;;;;;;;;;;;;;;;;;;
SP2;21/08/2023;Villarreal B;Eldense;3;1;H;2;1;H;225;33;33;21;32;33;225;31;32;;;;231;334;332;;;;215;32;33;;;;;;;;;;;;;;;;;;;;;
SP2;21/08/2023;Huesca;Tenerife;0;2;A;0;1;A;288;28;288;26;295;27;28;275;27;;;;296;287;289;;;;28;28;27;;;;;;;;;;;;;;;;;;;;;
SP2;25/08/2023;Cartagena;Levante;0;1;A;0;1;A;29;3;26;;;;28;295;26;;;;298;313;269;;;;29;3;255;;;;;;;;;;;;;;;;;;;;;
SP2;26/08/2023;Burgos;Oviedo;1;0;H;1;0;H;255;288;32;;;;25;27;31;;;;274;28;328;;;;263;275;313;;;;;;;;;;;;;;;;;;;;;
SP2;26/08/2023;Tenerife;Zaragoza;0;1;A;0;0;D;21;31;4;;;;21;29;38;;;;223;289;427;;;;21;3;39;;;;;;;;;;;;;;;;;;;;;
SP2;26/08/2023;Elche;Villarreal B;1;0;H;1;0;H;162;36;65;;;;16;355;6;;;;163;386;633;;;;157;36;65;;;;;;;;;;;;;;;;;;;;;
SP2;26/08/2023;Valladolid;Alcorcon;0;2;A;0;1;A;175;34;55;;;;173;325;5;;;;179;344;549;;;;173;34;525;;;;;;;;;;;;;;;;;;;;;
SP2;27/08/2023;Ferrol;Sp Gijon;2;0;H;0;0;D;245;3;32;;;;24;285;315;;;;253;304;329;;;;238;29;32;;;;;;;;;;;;;;;;;;;;;
SP2;27/08/2023;Amorebieta;Andorra;3;0;H;1;0;H;33;3;24;;;;32;285;24;;;;335;31;246;;;;325;3;23;;;;;;;;;;;;;;;;;;;;;
SP2;27/08/2023;Mirandes;Espanol;0;1;A;0;0;D;36;31;225;;;;33;3;225;;;;358;322;228;;;;36;31;21;;;;;;;;;;;;;;;;;;;;;
SP2;27/08/2023;Leganes;Albacete;2;0;H;1;0;H;24;3;33;;;;245;285;305;;;;247;312;328;;;;24;29;313;;;;;;;;;;;;;;;;;;;;;
SP2;28/08/2023;Eldense;Eibar;2;1;H;2;0;H;29;3;27;;;;29;285;25;;;;296;304;273;;;;29;29;255;;;;;;;;;;;;;;;;;;;;;
SP2;28/08/2023;Santander;Huesca;0;0;D;0;0;D;21;325;375;;;;21;3;37;;;;212;313;412;;;;2;3;4;;;;;;;;;;;;;;;;;;;;;
SP2;01/09/2023;Alcorcon;Ferrol;1;1;D;0;0;D;225;31;36;22;287;34;225;29;34;;;;234;299;377;;;;225;29;36;;;;;;;;;;;;;;;;;;;;;
SP2;01/09/2023;Albacete;Valladolid;2;0;H;1;0;H;205;34;36;205;31;35;21;31;345;;;;211;331;397;;;;205;32;38;;;;;;;;;;;;;;;;;;;;;
SP2;02/09/2023;Sp Gijon;Burgos;2;1;H;1;0;H;205;32;4;2;3;375;21;295;38;;;;21;312;432;;;;205;3;41;;;;;;;;;;;;;;;;;;;;;
SP2;02/09/2023;Levante;Oviedo;1;1;D;0;0;D;18;34;525;177;325;45;18;32;47;;;;186;339;506;;;;18;325;5;;;;;;;;;;;;;;;;;;;;;
SP2;02/09/2023;Elche;Santander;1;1;D;1;0;H;183;34;475;177;33;44;183;32;46;;;;184;353;482;;;;18;33;48;;;;;;;;;;;;;;;;;;;;;
SP2;02/09/2023;Villarreal B;Cartagena;1;2;A;1;0;H;225;325;33;22;32;31;225;305;315;;;;224;338;35;;;;22;32;34;;;;;;;;;;;;;;;;;;;;;
SP2;03/09/2023;Andorra;Tenerife;0;1;A;0;0;D;22;31;35;215;29;34;225;29;345;;;;229;307;373;;;;22;288;36;;;;;;;;;;;;;;;;;;;;;
SP2;03/09/2023;Eibar;Leganes;0;1;A;0;1;A;2;32;42;198;3;38;205;295;385;;;;207;315;439;;;;2;3;41;;;;;;;;;;;;;;;;;;;;;
SP2;03/09/2023;Espanol;Amorebieta;3;2;H;0;2;A;162;375;6;158;36;525;163;35;575;;;;162;376;671;;;;157;36;6;;;;;;;;;;;;;;;;;;;;;
SP2;03/09/2023;Zaragoza;Eldense;2;0;H;1;0;H;18;34;5;172;325;48;18;32;48;;;;177;345;568;;;;173;32;525;;;;;;;;;;;;;;;;;;;;;
SP2;03/09/2023;Huesca;Mirandes;1;1;D;0;0;D;205;34;375;205;31;35;21;305;36;;;;209;328;407;;;;205;31;375;;;;;;;;;;;;;;;;;;;;;
SP2;08/09/2023;Levante;Espanol;1;4;A;1;2;A;255;325;288;245;31;27;25;305;28;;;;267;319;295;225;288;3;255;32;28;;;;;;;;;;;;;;;;;;;;;
SP2;09/09/2023;Burgos;Eibar;1;0;H;0;0;D;3;3;263;28;285;255;295;28;255;;;;313;299;268;27;28;25;3;29;26;;;;;;;;;;;;;;;;;;;;;
SP2;09/09/2023;Oviedo;Sp Gijon;0;0;D;0;0;D;225;3;36;22;287;33;23;28;34;;;;236;296;377;225;262;33;225;29;36;;;;;;;;;;;;;;;;;;;;;
SP2;09/09/2023;Leganes;Huesca;2;0;H;1;0;H;195;32;433;195;3;4;2;295;41;;;;204;309;465;185;288;4;2;3;433;;;;;;;;;;;;;;;;;;;;;
SP2;09/09/2023;Tenerife;Albacete;2;0;H;2;0;H;21;32;375;205;31;34;21;3;365;;;;218;308;409;2;29;36;21;31;375;;;;;;;;;;;;;;;;;;;;;
SP2;10/09/2023;Ferrol;Villarreal B;2;2;D;0;1;A;191;34;42;193;32;38;195;315;4;;;;197;333;454;2;29;36;19;313;433;;;;;;;;;;;;;;;;;;;;;
SP2;10/09/2023;Santander;Amorebieta;1;0;H;1;0;H;185;34;45;182;325;42;19;32;43;;;;185;358;473;175;31;42;18;325;46;;;;;;;;;;;;;;;;;;;;;
SP2;10/09/2023;Cartagena;Zaragoza;1;3;A;1;2;A;3;3;255;29;29;24;3;285;25;;;;325;293;264;288;28;24;3;29;25;;;;;;;;;;;;;;;;;;;;;
SP2;10/09/2023;Mirandes;Andorra;4;3;H;2;0;H;325;31;238;29;31;23;305;295;235;;;;324;321;246;288;288;23;31;31;23;;;;;;;;;;;;;;;;;;;;;
SP2;10/09/2023;Valladolid;Elche;1;1;D;1;0;H;22;33;34;215;3;325;225;3;33;;;;233;303;371;21;29;325;22;3;34;;;;;;;;;;;;;;;;;;;;;
SP2;11/09/2023;Eldense;Alcorcon;2;2;D;0;0;D;225;31;35;22;295;33;225;29;34;;;;24;299;353;225;28;31;225;29;34;;;;;;;;;;;;;;;;;;;;;
SP2;15/09/2023;Zaragoza;Santander;1;1;D;1;1;D;2;32;42;198;3;38;205;3;38;;;;206;311;45;;;;2;31;41;;;;;;;;;;;;;;;;;;;;;
SP2;16/09/2023;Huesca;Villarreal B;2;2;D;0;2;A;205;33;375;198;31;36;205;31;365;;;;207;323;424;;;;2;32;4;;;;;;;;;;;;;;;;;;;;;
SP2;16/09/2023;Alcorcon;Levante;0;2;A;0;1;A;3;3;26;275;295;25;285;285;255;;;;296;308;274;;;;288;3;263;;;;;;;;;;;;;;;;;;;;;
SP2;16/09/2023;Valladolid;Cartagena;1;0;H;0;0;D;183;36;433;18;33;4;19;33;41;;;;187;362;458;;;;183;34;44;;;;;;;;;;;;;;;;;;;;;
SP2;16/09/2023;Albacete;Burgos;2;1;H;1;0;H;18;34;5;173;33;46;177;325;48;;;;181;342;544;;;;175;33;525;;;;;;;;;;;;;;;;;;;;;
SP2;17/09/2023;Amorebieta;Mirandes;2;0;H;2;0;H;225;325;33;22;31;31;225;305;32;;;;231;331;341;;;;22;31;33;;;;;;;;;;;;;;;;;;;;;
SP2;17/09/2023;Eibar;Ferrol;2;0;H;1;0;H;18;325;525;178;32;45;183;31;48;;;;182;342;531;;;;175;32;5;;;;;;;;;;;;;;;;;;;;;
SP2;17/09/2023;Elche;Leganes;1;0;H;1;0;H;185;325;475;187;31;42;19;31;45;;;;185;337;522;;;;18;32;475;;;;;;;;;;;;;;;;;;;;;
SP2;17/09/2023;Espanol;Eldense;3;3;D;0;2;A;145;38;85;146;39;7;15;38;725;;;;149;429;786;;;;144;39;75;;;;;;;;;;;;;;;;;;;;;
SP2;17/09/2023;Sp Gijon;Tenerife;2;1;H;1;1;D;26;3;3;25;3;27;26;285;28;;;;281;295;301;;;;263;29;28;;;;;;;;;;;;;;;;;;;;;
SP2;18/09/2023;Andorra;Oviedo;1;0;H;0;0;D;22;3;375;215;295;34;225;285;345;;;;222;308;385;;;;215;3;36;;;;;;;;;;;;;;;;;;;;;
SP2;22/09/2023;Cartagena;Eibar;1;2;A;0;1;A;34;3;225;325;3;215;325;29;23;;;;353;319;232;;;;313;32;23;;;;;;;;;;;;;;;;;;;;;
SP2;23/09/2023;Andorra;Sp Gijon;0;0;D;0;0;D;215;31;38;21;31;34;215;295;35;;;;227;299;394;;;;22;31;35;;;;;;;;;;;;;;;;;;;;;
SP2;23/09/2023;Levante;Eldense;2;0;H;1;0;H;18;34;5;173;33;45;18;325;46;;;;183;353;502;;;;18;34;48;;;;;;;;;;;;;;;;;;;;;
SP2;23/09/2023;Burgos;Elche;4;0;H;2;0;H;32;31;24;295;3;23;31;295;235;;;;315;319;252;;;;3;31;245;;;;;;;;;;;;;;;;;;;;;
SP2;23/09/2023;Alcorcon;Huesca;0;2;A;0;2;A;22;3;375;215;295;34;225;285;345;;;;229;31;372;;;;225;29;36;;;;;;;;;;;;;;;;;;;;;
SP2;23/09/2023;Santander;Albacete;2;1;H;2;0;H;23;3;35;22;3;31;23;295;33;;;;236;326;337;;;;23;3;34;;;;;;;;;;;;;;;;;;;;;
SP2;24/09/2023;Villarreal B;Amorebieta;3;1;H;1;0;H;195;34;4;19;33;37;197;325;375;;;;204;356;39;;;;187;33;41;;;;;;;;;;;;;;;;;;;;;
SP2;24/09/2023;Oviedo;Valladolid;0;1;A;0;0;D;255;29;32;24;285;3;25;275;31;;;;268;289;324;;;;255;28;3;;;;;;;;;;;;;;;;;;;;;
SP2;24/09/2023;Mirandes;Leganes;1;3;A;1;1;D;26;3;3;25;295;28;255;285;29;;;;278;283;319;;;;26;29;288;;;;;;;;;;;;;;;;;;;;;
SP2;25/09/2023;Ferrol;Zaragoza;1;0;H;0;0;D;28;29;28;265;29;265;28;28;275;;;;29;3;282;;;;28;28;27;;;;;;;;;;;;;;;;;;;;;
SP2;25/09/2023;Tenerife;Espanol;1;0;H;1;0;H;;;;25;3;27;255;295;28;;;;;;;;;;25;3;288;;;;;;;;;;;;;;;;;;;;;
SP2;29/09/2023;Leganes;Santander;2;1;H;1;0;H;238;3;34;225;29;325;235;285;325;;;;244;296;357;;;;23;29;35;;;;;;;;;;;;;;;;;;;;;
SP2;30/09/2023;Eibar;Tenerife;3;0;H;0;0;D;205;32;4;198;3;38;21;295;37;;;;206;313;445;;;;205;3;41;;;;;;;;;;;;;;;;;;;;;
SP2;30/09/2023;Elche;Levante;0;0;D;0;0;D;24;32;3;225;32;295;23;305;305;;;;247;331;312;;;;23;32;313;;;;;;;;;;;;;;;;;;;;;
SP2;30/09/2023;Albacete;Andorra;3;1;H;2;0;H;215;33;35;21;32;33;215;31;335;;;;225;327;362;;;;215;32;35;;;;;;;;;;;;;;;;;;;;;
SP2;30/09/2023;Villarreal B;Alcorcon;2;2;D;1;2;A;245;32;3;24;31;28;245;3;29;;;;251;326;31;;;;25;31;29;;;;;;;;;;;;;;;;;;;;;
SP2;01/10/2023;Eldense;Oviedo;1;3;A;0;3;A;275;3;28;255;285;285;265;28;28;;;;285;295;297;;;;27;28;28;;;;;;;;;;;;;;;;;;;;;
SP2;01/10/2023;Amorebieta;Cartagena;0;0;D;0;0;D;23;33;32;225;32;29;235;305;305;;;;237;328;333;;;;23;31;313;;;;;;;;;;;;;;;;;;;;;
SP2;01/10/2023;Valladolid;Burgos;3;0;H;2;0;H;175;35;5;17;34;46;173;335;48;;;;179;36;52;;;;173;34;48;;;;;;;;;;;;;;;;;;;;;
SP2;01/10/2023;Zaragoza;Mirandes;0;1;A;0;0;D;175;36;475;172;34;46;175;335;46;;;;179;356;519;;;;173;33;5;;;;;;;;;;;;;;;;;;;;;
SP2;01/10/2023;Huesca;Sp Gijon;0;1;A;0;0;D;22;3;375;215;295;33;23;285;34;;;;235;305;364;;;;225;29;34;;;;;;;;;;;;;;;;;;;;;
SP2;02/10/2023;Espanol;Ferrol;3;0;H;1;0;H;16;375;525;161;37;5;163;36;525;;;;163;401;576;;;;157;375;575;;;;;;;;;;;;;;;;;;;;;
SP2;03/10/2023;Alcorcon;Albacete;1;2;A;0;1;A;31;31;23;29;3;24;295;295;245;;;;316;311;257;28;32;25;31;31;24;;;;;;;;;;;;;;;;;;;;;
SP2;03/10/2023;Levante;Villarreal B;1;1;D;0;0;D;17;375;5;166;37;46;17;365;46;;;;172;399;506;157;39;55;167;375;5;;;;;;;;;;;;;;;;;;;;;
SP2;03/10/2023;Tenerife;Santander;2;0;H;0;0;D;185;33;475;193;31;38;19;31;43;;;;193;334;469;183;33;45;187;325;45;;;;;;;;;;;;;;;;;;;;;
SP2;04/10/2023;Eldense;Valladolid;0;1;A;0;1;A;3;32;24;295;31;23;305;3;235;;;;317;32;25;31;32;23;313;31;238;;;;;;;;;;;;;;;;;;;;;
SP2;04/10/2023;Oviedo;Huesca;1;0;H;0;0;D;195;31;45;198;3;39;2;295;42;;;;199;315;48;205;3;4;2;3;44;;;;;;;;;;;;;;;;;;;;;
SP2;04/10/2023;Burgos;Leganes;1;0;H;1;0;H;23;3;35;225;29;32;23;285;34;;;;236;301;366;225;3;34;23;29;35;;;;;;;;;;;;;;;;;;;;;
SP2;04/10/2023;Sp Gijon;Elche;2;0;H;2;0;H;24;325;3;23;31;295;235;305;3;;;;254;318;312;23;32;31;238;313;31;;;;;;;;;;;;;;;;;;;;;
SP2;05/10/2023;Andorra;Zaragoza;0;1;A;0;1;A;225;32;34;215;3;33;22;295;335;;;;23;313;367;22;31;34;22;3;34;;;;;;;;;;;;;;;;;;;;;
SP2;05/10/2023;Mirandes;Eibar;1;3;A;1;1;D;34;31;225;31;31;22;32;295;23;;;;359;31;235;32;32;225;34;3;22;;;;;;;;;;;;;;;;;;;;;
SP2;05/10/2023;Cartagena;Espanol;0;2;A;0;1;A;375;36;195;375;33;188;42;335;183;;;;381;363;204;38;35;191;39;33;193;;;;;;;;;;;;;;;;;;;;;
SP2;05/10/2023;Ferrol;Amorebieta;1;0;H;1;0;H;183;325;5;18;325;433;185;315;45;;;;185;35;475;183;33;45;18;325;46;;;;;;;;;;;;;;;;;;;;;
SP2;06/10/2023;Albacete;Levante;0;2;A;0;1;A;21;31;37;2;32;35;215;305;34;;;;22;312;396;;;;21;325;36;;;;;;;;;;;;;;;;;;;;;
SP2;07/10/2023;Huesca;Eldense;0;1;A;0;0;D;225;3;36;215;295;33;225;29;34;;;;228;303;387;;;;22;3;36;;;;;;;;;;;;;;;;;;;;;
SP2;07/10/2023;Santander;Sp Gijon;3;2;H;1;1;D;225;31;36;215;3;325;22;295;345;;;;233;315;356;;;;22;31;35;;;;;;;;;;;;;;;;;;;;;
SP2;07/10/2023;Leganes;Oviedo;0;0;D;0;0;D;23;3;35;23;285;32;235;28;335;;;;248;285;367;;;;238;28;35;;;;;;;;;;;;;;;;;;;;;
SP2;08/10/2023;Amorebieta;Eibar;1;2;A;1;1;D;4;31;205;36;32;198;385;305;205;;;;427;327;205;;;;39;32;195;;;;;;;;;;;;;;;;;;;;;
SP2;08/10/2023;Valladolid;Mirandes;3;2;H;0;0;D;165;36;6;158;36;525;163;35;55;;;;165;383;614;;;;16;37;55;;;;;;;;;;;;;;;;;;;;;
SP2;08/10/2023;Ferrol;Cartagena;1;1;D;0;1;A;191;35;433;183;33;4;195;32;4;;;;197;34;441;;;;187;325;42;;;;;;;;;;;;;;;;;;;;;
SP2;08/10/2023;Tenerife;Burgos;2;1;H;0;0;D;18;325;525;18;32;42;183;315;46;;;;184;329;545;;;;18;32;48;;;;;;;;;;;;;;;;;;;;;
SP2;08/10/2023;Zaragoza;Alcorcon;0;2;A;0;1;A;183;33;5;178;33;433;185;315;46;;;;187;34;497;;;;18;32;475;;;;;;;;;;;;;;;;;;;;;
SP2;09/10/2023;Elche;Andorra;2;1;H;1;0;H;191;34;42;188;33;38;195;32;395;;;;194;354;422;;;;187;33;41;;;;;;;;;;;;;;;;;;;;;
SP2;09/10/2023;Villarreal B;Espanol;3;1;H;2;1;H;433;35;185;39;36;177;41;345;183;;;;438;384;183;;;;41;36;18;;;;;;;;;;;;;;;;;;;;;
SP2;13/10/2023;Oviedo;Albacete;3;0;H;0;0;D;24;3;33;237;29;295;25;285;3;;;;252;302;335;23;31;32;24;3;32;;;;;;;;;;;;;;;;;;;;;
SP2;14/10/2023;Mirandes;Tenerife;1;1;D;1;1;D;33;29;25;29;295;24;305;28;245;;;;333;294;258;31;3;24;31;3;245;;;;;;;;;;;;;;;;;;;;;
SP2;14/10/2023;Cartagena;Santander;2;3;A;2;2;D;238;3;34;23;3;295;24;29;305;;;;243;312;337;24;31;3;238;31;313;;;;;;;;;;;;;;;;;;;;;
SP2;14/10/2023;Sp Gijon;Zaragoza;2;2;D;0;1;A;225;288;4;215;295;34;225;28;35;;;;225;3;4;225;3;34;215;3;37;;;;;;;;;;;;;;;;;;;;;
SP2;14/10/2023;Espanol;Valladolid;2;0;H;2;0;H;195;34;42;193;34;35;195;33;37;;;;199;358;404;205;35;34;195;35;38;;;;;;;;;;;;;;;;;;;;;
SP2;15/10/2023;Burgos;Villarreal B;3;2;H;0;0;D;2;34;38;2;325;34;205;315;365;;;;206;336;406;2;34;36;2;325;37;;;;;;;;;;;;;;;;;;;;;
SP2;15/10/2023;Andorra;Alcorcon;2;0;H;0;0;D;21;3;4;205;31;35;21;295;37;;;;215;309;417;205;32;37;205;31;38;;;;;;;;;;;;;;;;;;;;;
SP2;15/10/2023;Eldense;Elche;1;1;D;1;0;H;34;3;23;32;32;215;325;3;225;;;;346;327;231;33;325;22;325;313;22;;;;;;;;;;;;;;;;;;;;;
SP2;15/10/2023;Eibar;Huesca;1;1;D;0;1;A;157;36;7;152;37;6;155;355;65;;;;154;392;794;15;38;7;15;36;75;;;;;;;;;;;;;;;;;;;;;
SP2;15/10/2023;Leganes;Amorebieta;6;0;H;2;0;H;191;31;475;193;31;39;195;3;42;;;;196;325;473;195;31;42;19;31;433;;;;;;;;;;;;;;;;;;;;;
SP2;16/10/2023;Levante;Ferrol;1;0;H;0;0;D;18;34;475;177;34;42;18;33;45;;;;183;364;462;18;34;45;175;34;46;;;;;;;;;;;;;;;;;;;;;
SP2;20/10/2023;Espanol;Leganes;0;1;A;0;0;D;167;375;55;165;35;48;167;37;5;;;;172;376;542;;;;167;36;525;;;;;;;;;;;;;;;;;;;;;
SP2;21/10/2023;Amorebieta;Oviedo;0;0;D;0;0;D;32;31;24;29;287;245;31;28;245;;;;344;298;249;;;;33;29;24;;;;;;;;;;;;;;;;;;;;;
SP2;21/10/2023;Villarreal B;Mirandes;0;3;A;0;1;A;21;33;36;2;35;32;21;325;33;;;;214;364;35;;;;205;35;34;;;;;;;;;;;;;;;;;;;;;
SP2;21/10/2023;Tenerife;Levante;0;0;D;0;0;D;21;31;4;205;31;35;21;295;365;;;;213;317;409;;;;21;31;375;;;;;;;;;;;;;;;;;;;;;
SP2;21/10/2023;Zaragoza;Eibar;2;3;A;2;0;H;28;288;288;26;295;27;27;28;275;;;;282;302;292;;;;275;29;28;;;;;;;;;;;;;;;;;;;;;
SP2;22/10/2023;Ferrol;Eldense;1;1;D;0;0;D;195;325;433;183;31;433;195;31;42;;;;19;333;49;;;;185;32;44;;;;;;;;;;;;;;;;;;;;;
SP2;22/10/2023;Huesca;Elche;0;1;A;0;1;A;33;3;245;29;295;24;305;285;245;;;;339;31;244;;;;313;3;238;;;;;;;;;;;;;;;;;;;;;
SP2;22/10/2023;Albacete;Sp Gijon;1;3;A;0;1;A;22;31;36;21;32;325;22;305;335;;;;221;328;369;;;;21;32;34;;;;;;;;;;;;;;;;;;;;;
SP2;22/10/2023;Santander;Burgos;3;0;H;1;0;H;225;31;35;21;32;32;22;305;335;;;;231;322;353;;;;22;31;33;;;;;;;;;;;;;;;;;;;;;
SP2;22/10/2023;Valladolid;Andorra;2;0;H;2;0;H;175;34;55;173;34;44;18;325;47;;;;177;373;511;;;;173;34;48;;;;;;;;;;;;;;;;;;;;;
SP2;23/10/2023;Alcorcon;Cartagena;1;1;D;1;0;H;22;325;35;21;32;33;22;31;33;;;;228;328;344;;;;22;31;33;;;;;;;;;;;;;;;;;;;;;
SP2;27/10/2023;Eibar;Valladolid;5;1;H;2;0;H;2;32;42;2;31;37;205;3;38;;;;209;316;427;;;;2;313;4;;;;;;;;;;;;;;;;;;;;;
SP2;28/10/2023;Eldense;Amorebieta;2;0;H;1;0;H;195;33;42;195;32;37;2;31;385;;;;204;336;417;;;;2;32;4;;;;;;;;;;;;;;;;;;;;;
SP2;28/10/2023;Andorra;Levante;2;0;H;0;0;D;27;31;28;255;295;27;26;295;275;;;;273;312;293;;;;263;3;288;;;;;;;;;;;;;;;;;;;;;
SP2;28/10/2023;Sp Gijon;Espanol;2;0;H;1;0;H;26;31;288;235;32;275;25;305;285;;;;256;329;3;;;;245;32;288;;;;;;;;;;;;;;;;;;;;;
SP2;28/10/2023;Elche;Tenerife;2;1;H;0;0;D;22;3;375;215;3;32;225;29;34;;;;221;313;39;;;;215;3;37;;;;;;;;;;;;;;;;;;;;;
SP2;29/10/2023;Mirandes;Cartagena;2;1;H;0;0;D;238;33;31;225;32;3;23;31;305;;;;237;337;323;;;;225;32;31;;;;;;;;;;;;;;;;;;;;;
SP2;29/10/2023;Huesca;Albacete;0;0;D;0;0;D;288;3;275;265;29;26;275;285;27;;;;296;296;285;;;;275;29;27;;;;;;;;;;;;;;;;;;;;;
SP2;29/10/2023;Leganes;Villarreal B;1;0;H;0;0;D;17;38;475;166;36;46;17;355;48;;;;176;386;494;;;;167;36;5;;;;;;;;;;;;;;;;;;;;;
SP2;29/10/2023;Oviedo;Alcorcon;2;0;H;1;0;H;191;33;45;19;31;41;195;305;42;;;;197;331;458;;;;187;31;45;;;;;;;;;;;;;;;;;;;;;
SP2;29/10/2023;Santander;Ferrol;1;3;A;1;2;A;225;325;35;22;295;325;22;295;335;;;;223;314;383;;;;215;3;35;;;;;;;;;;;;;;;;;;;;;
SP2;30/10/2023;Burgos;Zaragoza;1;1;D;0;1;A;25;288;32;235;295;295;245;285;305;;;;255;299;326;;;;24;29;31;;;;;;;;;;;;;;;;;;;;;
SP2;03/11/2023;Espanol;Eibar;2;2;D;1;1;D;24;32;31;225;31;3;235;32;305;;;;242;326;325;2;33;35;23;32;313;;;;;;;;;;;;;;;;;;;;;
SP2;04/11/2023;Villarreal B;Sp Gijon;0;3;A;0;1;A;27;33;263;26;32;25;26;31;26;;;;282;341;263;262;34;24;27;325;26;;;;;;;;;;;;;;;;;;;;;
SP2;04/11/2023;Levante;Mirandes;2;2;D;1;1;D;173;36;5;17;35;44;175;35;45;;;;183;37;47;17;36;44;173;36;475;;;;;;;;;;;;;;;;;;;;;
SP2;04/11/2023;Valladolid;Tenerife;2;0;H;0;0;D;191;34;42;188;31;4;195;31;41;;;;199;327;453;185;32;42;191;32;433;;;;;;;;;;;;;;;;;;;;;
SP2;04/11/2023;Albacete;Elche;1;1;D;0;0;D;225;32;34;22;32;31;225;31;32;;;;228;338;34;215;325;31;23;31;33;;;;;;;;;;;;;;;;;;;;;
SP2;05/11/2023;Ferrol;Andorra;1;0;H;1;0;H;238;31;325;225;3;31;235;29;32;;;;237;32;342;21;31;34;23;3;32;;;;;;;;;;;;;;;;;;;;;
SP2;05/11/2023;Amorebieta;Huesca;0;1;A;0;0;D;24;31;32;237;287;3;24;285;315;;;;259;294;332;238;288;31;245;288;313;;;;;;;;;;;;;;;;;;;;;
SP2;05/11/2023;Alcorcon;Santander;3;1;H;1;0;H;22;33;34;22;31;31;22;305;33;;;;227;335;345;225;31;31;22;31;33;;;;;;;;;;;;;;;;;;;;;
SP2;05/11/2023;Cartagena;Leganes;0;3;A;0;0;D;275;31;28;26;3;26;265;29;27;;;;272;325;284;25;31;27;263;3;27;;;;;;;;;;;;;;;;;;;;;
SP2;05/11/2023;Eldense;Burgos;2;0;H;1;0;H;238;31;32;23;3;3;235;29;315;;;;242;297;36;215;31;33;23;3;32;;;;;;;;;;;;;;;;;;;;;
SP2;06/11/2023;Zaragoza;Oviedo;0;0;D;0;0;D;24;31;32;23;287;32;235;285;32;;;;252;292;34;23;3;31;238;288;325;;;;;;;;;;;;;;;;;;;;;
SP2;10/11/2023;Leganes;Levante;2;1;H;0;1;A;195;32;45;198;3;38;205;3;4;;;;201;324;447;205;31;35;195;32;42;;;;;;;;;;;;;;;;;;;;;
SP2;11/11/2023;Santander;Valladolid;2;3;A;0;1;A;255;325;28;245;31;265;25;305;275;;;;263;328;292;25;32;262;255;32;28;;;;;;;;;;;;;;;;;;;;;
SP2;11/11/2023;Elche;Zaragoza;2;0;H;0;0;D;191;34;433;19;32;38;197;315;395;;;;196;34;444;191;325;38;193;325;42;;;;;;;;;;;;;;;;;;;;;
SP2;11/11/2023;Mirandes;Ferrol;1;2;A;0;2;A;25;31;3;237;3;29;245;295;3;;;;253;304;33;238;31;288;245;3;31;;;;;;;;;;;;;;;;;;;;;
SP2;11/11/2023;Sp Gijon;Amorebieta;1;1;D;0;0;D;14;45;85;139;42;725;143;42;75;;;;142;46;906;135;433;8;14;433;9;;;;;;;;;;;;;;;;;;;;;
SP2;12/11/2023;Burgos;Alcorcon;4;2;H;0;2;A;21;325;375;205;31;35;215;3;36;;;;214;316;41;205;31;35;205;3;38;;;;;;;;;;;;;;;;;;;;;
SP2;12/11/2023;Andorra;Eldense;1;3;A;1;1;D;185;34;433;182;34;4;19;325;42;;;;187;359;464;18;34;4;183;33;433;;;;;;;;;;;;;;;;;;;;;
SP2;12/11/2023;Huesca;Espanol;1;1;D;0;0;D;38;32;21;36;31;2;365;305;21;;;;388;321;218;35;31;205;36;31;21;;;;;;;;;;;;;;;;;;;;;
SP2;12/11/2023;Tenerife;Villarreal B;0;1;A;0;1;A;165;38;575;161;36;5;163;355;55;;;;163;396;593;157;36;55;16;36;575;;;;;;;;;;;;;;;;;;;;;
SP2;12/11/2023;Eibar;Albacete;1;1;D;1;0;H;183;33;475;178;33;42;19;315;44;;;;189;336;492;18;33;42;183;325;45;;;;;;;;;;;;;;;;;;;;;
SP2;13/11/2023;Oviedo;Cartagena;1;1;D;0;1;A;173;33;6;172;325;48;17;33;55;;;;178;339;556;173;33;475;173;32;525;;;;;;;;;;;;;;;;;;;;;
SP2;17/11/2023;Valladolid;Leganes;1;1;D;1;0;H;21;29;4;21;295;36;215;285;37;;;;225;295;409;195;31;39;215;3;37;;;;;;;;;;;;;;;;;;;;;
SP2;18/11/2023;Alcorcon;Sp Gijon;0;0;D;0;0;D;34;31;238;295;31;23;31;295;24;;;;333;317;243;3;31;23;32;31;238;;;;;;;;;;;;;;;;;;;;;
SP2;18/11/2023;Amorebieta;Tenerife;2;0;H;1;0;H;36;31;22;34;3;215;34;29;225;;;;375;315;225;33;32;21;36;3;22;;;;;;;;;;;;;;;;;;;;;
SP2;18/11/2023;Zaragoza;Huesca;0;2;A;0;1;A;2;31;433;198;295;39;205;29;41;;;;206;301;471;195;31;39;205;29;44;;;;;;;;;;;;;;;;;;;;;
SP2;18/11/2023;Espanol;Elche;2;0;H;2;0;H;205;33;38;205;33;33;21;315;345;;;;212;344;376;2;34;33;205;33;36;;;;;;;;;;;;;;;;;;;;;
SP2;19/11/2023;Ferrol;Burgos;1;1;D;0;0;D;22;32;36;21;31;33;22;295;34;;;;213;309;379;215;31;33;21;31;36;;;;;;;;;;;;;;;;;;;;;
SP2;19/11/2023;Eldense;Mirandes;2;2;D;1;1;D;22;31;35;22;31;31;22;3;335;;;;22;319;348;21;32;33;215;313;34;;;;;;;;;;;;;;;;;;;;;
SP2;19/11/2023;Oviedo;Eibar;2;1;H;0;1;A;31;3;255;295;29;24;305;28;245;;;;317;284;258;31;3;23;31;288;245;;;;;;;;;;;;;;;;;;;;;
SP2;19/11/2023;Cartagena;Albacete;1;1;D;1;0;H;288;32;26;265;31;25;275;3;26;;;;282;319;259;26;31;26;275;31;255;;;;;;;;;;;;;;;;;;;;;
SP2;19/11/2023;Villarreal B;Andorra;0;0;D;0;0;D;25;33;288;24;32;27;25;31;28;;;;254;346;29;24;33;27;245;325;275;;;;;;;;;;;;;;;;;;;;;
SP2;20/11/2023;Levante;Santander;2;4;A;2;1;H;215;34;35;205;33;325;215;32;33;;;;202;336;371;205;34;325;205;33;35;;;;;;;;;;;;;;;;;;;;;
SP2;24/11/2023;Huesca;Valladolid;0;1;A;0;0;D;31;3;245;29;29;24;3;285;245;;;;334;293;259;;;;313;29;25;;;;;;;;;;;;;;;;;;;;;
SP2;25/11/2023;Burgos;Andorra;0;0;D;0;0;D;22;31;35;215;31;32;22;3;33;;;;221;329;368;;;;22;31;35;;;;;;;;;;;;;;;;;;;;;
SP2;25/11/2023;Santander;Villarreal B;2;0;H;1;0;H;17;4;45;168;37;44;173;365;43;;;;175;403;477;;;;17;38;48;;;;;;;;;;;;;;;;;;;;;
SP2;25/11/2023;Albacete;Zaragoza;1;0;H;0;0;D;191;325;433;193;32;37;195;31;4;;;;192;341;468;;;;193;325;42;;;;;;;;;;;;;;;;;;;;;
SP2;25/11/2023;Eibar;Levante;3;1;H;1;1;D;17;36;5;166;35;475;173;345;49;;;;172;381;523;;;;167;36;525;;;;;;;;;;;;;;;;;;;;;
SP2;26/11/2023;Leganes;Ferrol;2;2;D;2;2;D;195;32;45;198;3;38;197;3;41;;;;199;321;467;;;;193;3;44;;;;;;;;;;;;;;;;;;;;;
SP2;26/11/2023;Elche;Amorebieta;2;0;H;0;0;D;14;42;9;14;42;725;143;41;775;;;;143;447;903;;;;14;42;8;;;;;;;;;;;;;;;;;;;;;
SP2;26/11/2023;Mirandes;Oviedo;2;1;H;1;0;H;31;31;24;295;29;237;3;29;245;;;;333;298;255;;;;31;288;245;;;;;;;;;;;;;;;;;;;;;
SP2;26/11/2023;Tenerife;Cartagena;1;1;D;0;1;A;191;32;45;178;31;42;19;31;46;;;;188;332;504;;;;18;313;475;;;;;;;;;;;;;;;;;;;;;
SP2;26/11/2023;Espanol;Alcorcon;2;0;H;1;0;H;15;42;7;147;41;6;15;4;625;;;;148;455;734;;;;144;41;7;;;;;;;;;;;;;;;;;;;;;
SP2;27/11/2023;Sp Gijon;Eldense;2;0;H;1;0;H;162;36;575;16;37;525;165;35;525;;;;167;382;573;;;;162;36;55;;;;;;;;;;;;;;;;;;;;;
SP2;01/12/2023;Oviedo;Espanol;2;0;H;1;0;H;275;3;288;26;27;287;275;275;28;;;;283;284;311;;;;27;288;29;;;;;;;;;;;;;;;;;;;;;
SP2;02/12/2023;Cartagena;Sp Gijon;1;0;H;0;0;D;32;32;24;285;31;237;3;305;235;;;;319;309;239;;;;31;31;238;;;;;;;;;;;;;;;;;;;;;
SP2;02/12/2023;Eldense;Tenerife;0;3;A;0;1;A;25;31;31;237;295;295;245;29;3;;;;251;295;315;;;;245;3;313;;;;;;;;;;;;;;;;;;;;;
SP2;02/12/2023;Zaragoza;Leganes;1;0;H;1;0;H;275;3;288;27;285;26;275;275;28;;;;272;286;298;;;;27;288;288;;;;;;;;;;;;;;;;;;;;;
SP2;02/12/2023;Levante;Valladolid;2;1;H;2;1;H;255;32;29;235;31;28;25;3;285;;;;259;319;305;;;;25;31;29;;;;;;;;;;;;;;;;;;;;;
SP2;03/12/2023;Andorra;Huesca;1;0;H;0;0;D;21;31;4;205;3;36;21;29;375;;;;216;307;417;;;;21;3;38;;;;;;;;;;;;;;;;;;;;;
SP2;03/12/2023;Alcorcon;Elche;0;2;A;0;1;A;31;31;245;29;3;235;3;295;24;;;;321;31;254;;;;3;3;24;;;;;;;;;;;;;;;;;;;;;
SP2;03/12/2023;Ferrol;Albacete;5;4;H;1;1;D;24;3;33;237;3;29;24;285;31;;;;251;294;317;;;;245;29;31;;;;;;;;;;;;;;;;;;;;;
SP2;03/12/2023;Mirandes;Santander;0;0;D;0;0;D;238;325;31;23;32;285;235;31;295;;;;253;333;302;;;;238;32;29;;;;;;;;;;;;;;;;;;;;;
SP2;03/12/2023;Amorebieta;Burgos;0;1;A;0;1;A;275;3;28;265;295;26;27;285;27;;;;273;296;286;;;;275;29;27;;;;;;;;;;;;;;;;;;;;;
SP2;04/12/2023;Villarreal B;Eibar;1;0;H;0;0;D;4;35;195;35;34;193;37;33;197;;;;386;369;198;;;;37;34;195;;;;;;;;;;;;;;;;;;;;;
SP2;08/12/2023;Albacete;Villarreal B;2;0;H;0;0;D;15;42;65;151;4;55;153;4;6;;;;154;427;668;153;38;55;15;41;65;;;;;;;;;;;;;;;;;;;;;
SP2;08/12/2023;Espanol;Zaragoza;1;1;D;0;0;D;183;375;433;178;33;42;183;345;43;;;;184;355;489;167;35;475;18;34;46;;;;;;;;;;;;;;;;;;;;;
SP2;09/12/2023;Valladolid;Amorebieta;2;1;H;0;1;A;144;433;8;142;42;675;143;42;75;;;;141;475;889;136;433;75;14;433;85;;;;;;;;;;;;;;;;;;;;;
SP2;09/12/2023;Sp Gijon;Levante;0;0;D;0;0;D;195;35;4;195;325;36;2;325;37;;;;198;353;415;195;32;37;195;33;4;;;;;;;;;;;;;;;;;;;;;
SP2;09/12/2023;Burgos;Mirandes;0;0;D;0;0;D;21;325;375;205;31;35;21;305;355;;;;215;32;401;205;32;34;21;31;375;;;;;;;;;;;;;;;;;;;;;
SP2;10/12/2023;Elche;Cartagena;1;2;A;1;0;H;173;36;5;17;35;45;173;345;46;;;;174;37;538;167;36;46;17;34;5;;;;;;;;;;;;;;;;;;;;;
SP2;10/12/2023;Santander;Oviedo;2;2;D;1;2;A;24;31;31;235;3;295;24;295;305;;;;25;31;329;238;3;29;24;3;3;;;;;;;;;;;;;;;;;;;;;
SP2;10/12/2023;Eibar;Andorra;2;2;D;2;1;H;173;36;525;173;34;44;175;33;47;;;;175;369;534;17;35;45;17;34;5;;;;;;;;;;;;;;;;;;;;;
SP2;10/12/2023;Leganes;Eldense;1;1;D;1;1;D;183;34;475;18;325;42;19;315;45;;;;187;338;501;18;325;44;183;32;46;;;;;;;;;;;;;;;;;;;;;
SP2;10/12/2023;Huesca;Ferrol;1;0;H;1;0;H;225;3;36;225;285;33;225;28;345;;;;234;299;374;22;29;34;225;28;35;;;;;;;;;;;;;;;;;;;;;
SP2;11/12/2023;Tenerife;Alcorcon;1;0;H;0;0;D;165;35;6;165;34;525;167;33;6;;;;166;363;627;165;33;55;162;34;6;;;;;;;;;;;;;;;;;;;;;
SP2;15/12/2023;Oviedo;Elche;3;2;H;1;2;A;22;31;35;215;295;34;225;29;345;;;;227;301;392;238;3;29;215;3;37;;;;;;;;;;;;;;;;;;;;;
SP2;16/12/2023;Eldense;Santander;3;3;D;0;2;A;245;3;32;23;32;287;235;3;305;;;;236;322;312;225;32;3;238;325;3;;;;;;;;;;;;;;;;;;;;;
SP2;16/12/2023;Andorra;Espanol;1;1;D;0;0;D;31;31;245;29;31;23;305;3;235;;;;321;313;252;29;32;23;31;31;24;;;;;;;;;;;;;;;;;;;;;
SP2;16/12/2023;Cartagena;Burgos;0;3;A;0;1;A;238;3;33;23;3;3;24;285;315;;;;237;303;331;225;31;31;238;3;32;;;;;;;;;;;;;;;;;;;;;
SP2;16/12/2023;Sp Gijon;Leganes;1;1;D;0;1;A;21;3;4;205;3;35;21;29;38;;;;214;296;399;2;31;37;21;3;39;;;;;;;;;;;;;;;;;;;;;
SP2;16/12/2023;Mirandes;Albacete;2;0;H;1;0;H;34;32;225;3;32;22;315;31;23;;;;346;329;23;3;325;22;33;325;22;;;;;;;;;;;;;;;;;;;;;
SP2;17/12/2023;Alcorcon;Eibar;1;0;H;1;0;H;4;34;2;36;325;195;37;32;205;;;;404;335;207;36;34;191;38;32;195;;;;;;;;;;;;;;;;;;;;;
SP2;17/12/2023;Levante;Huesca;2;1;H;2;0;H;21;31;4;198;31;36;21;295;37;;;;214;318;405;205;31;36;205;3;38;;;;;;;;;;;;;;;;;;;;;
SP2;17/12/2023;Amorebieta;Zaragoza;1;1;D;1;1;D;36;3;225;32;295;22;335;285;23;;;;369;298;238;33;31;215;34;29;225;;;;;;;;;;;;;;;;;;;;;
SP2;17/12/2023;Ferrol;Tenerife;3;1;H;1;0;H;23;3;35;23;285;32;235;275;335;;;;246;292;359;225;3;32;23;288;33;;;;;;;;;;;;;;;;;;;;;
SP2;18/12/2023;Villarreal B;Valladolid;1;0;H;1;0;H;36;32;215;31;325;215;33;31;22;;;;361;345;214;31;34;21;33;33;21;;;;;;;;;;;;;;;;;;;;;
SP2;19/12/2023;Albacete;Eldense;1;1;D;0;0;D;16;38;6;157;35;575;16;35;6;;;;163;381;651;153;36;6;157;36;65;;;;;;;;;;;;;;;;;;;;;
SP2;19/12/2023;Santander;Andorra;2;0;H;1;0;H;225;33;32;225;32;295;23;31;3;;;;244;321;327;23;32;29;23;32;313;;;;;;;;;;;;;;;;;;;;;
SP2;19/12/2023;Elche;Mirandes;0;0;D;0;0;D;175;375;475;173;35;433;177;345;44;;;;182;363;487;167;36;46;175;36;46;;;;;;;;;;;;;;;;;;;;;
SP2;19/12/2023;Espanol;Burgos;3;3;D;1;2;A;167;36;55;166;35;5;167;345;525;;;;173;365;561;162;36;5;167;35;55;;;;;;;;;;;;;;;;;;;;;
SP2;20/12/2023;Zaragoza;Levante;2;2;D;2;0;H;22;325;34;22;3;32;225;3;33;;;;225;314;377;21;31;34;22;31;35;;;;;;;;;;;;;;;;;;;;;
SP2;20/12/2023;Eibar;Sp Gijon;1;1;D;0;1;A;185;35;433;183;33;4;19;325;4;;;;193;343;458;18;33;42;187;33;44;;;;;;;;;;;;;;;;;;;;;
SP2;20/12/2023;Leganes;Tenerife;1;1;D;0;0;D;225;29;375;22;275;35;225;27;36;;;;238;293;376;215;288;36;225;28;38;;;;;;;;;;;;;;;;;;;;;
SP2;21/12/2023;Huesca;Cartagena;3;0;H;3;0;H;215;3;375;21;295;35;22;285;36;;;;221;308;398;21;3;35;215;29;375;;;;;;;;;;;;;;;;;;;;;
SP2;21/12/2023;Villarreal B;Oviedo;1;1;D;1;0;H;288;31;255;275;3;245;28;295;255;;;;31;312;26;275;31;245;288;3;25;;;;;;;;;;;;;;;;;;;;;
SP2;21/12/2023;Amorebieta;Alcorcon;1;2;A;1;1;D;215;32;35;215;3;325;22;3;335;;;;221;318;384;22;3;33;215;3;36;;;;;;;;;;;;;;;;;;;;;
SP2;21/12/2023;Valladolid;Ferrol;0;1;A;0;1;A;2;325;4;195;32;37;205;305;375;;;;206;333;411;195;32;37;2;31;39;;;;;;;;;;;;;;;;;;;;;
SP2;12/01/2024;Eibar;Santander;2;0;H;1;0;H;17;38;475;171;36;433;;;;;;;174;387;504;173;36;42;17;375;48;;;;;;;;;;;;;;;;;;;;;
SP2;13/01/2024;Alcorcon;Mirandes;0;0;D;0;0;D;27;3;288;245;31;27;;;;;;;272;312;295;24;31;28;26;31;28;;;;;;;;;;;;;;;;;;;;;
SP2;13/01/2024;Levante;Albacete;3;2;H;2;0;H;238;34;3;23;31;287;;;;;;;248;321;32;23;32;29;238;313;31;;;;;;;;;;;;;;;;;;;;;
SP2;13/01/2024;Oviedo;Amorebieta;1;1;D;1;1;D;16;4;575;157;35;575;;;;;;;162;377;679;15;36;65;157;36;65;;;;;;;;;;;;;;;;;;;;;
SP2;13/01/2024;Tenerife;Elche;0;1;A;0;1;A;215;32;36;21;295;34;;;;;;;229;296;392;205;31;35;215;3;37;;;;;;;;;;;;;;;;;;;;;
SP2;13/01/2024;Burgos;Valladolid;1;0;H;1;0;H;26;31;29;24;3;28;;;;;;;27;31;3;24;31;28;26;3;288;;;;;;;;;;;;;;;;;;;;;
SP2;13/01/2024;Ferrol;Espanol;0;0;D;0;0;D;24;32;3;235;31;285;;;;;;;255;322;308;25;32;262;245;31;3;;;;;;;;;;;;;;;;;;;;;
SP2;14/01/2024;Andorra;Leganes;2;3;A;0;0;D;245;3;32;235;287;31;;;;;;;254;302;331;225;3;32;245;288;313;;;;;;;;;;;;;;;;;;;;;
SP2;14/01/2024;Cartagena;Villarreal B;4;1;H;0;1;A;215;35;325;21;33;31;;;;;;;221;336;359;21;33;32;215;32;33;;;;;;;;;;;;;;;;;;;;;
SP2;14/01/2024;Sp Gijon;Huesca;0;0;D;0;0;D;191;32;45;187;3;44;;;;;;;193;309;528;183;31;45;187;3;475;;;;;;;;;;;;;;;;;;;;;
SP2;15/01/2024;Eldense;Zaragoza;1;1;D;1;1;D;255;288;31;25;285;287;;;;;;;265;29;321;24;3;288;25;288;3;;;;;;;;;;;;;;;;;;;;;
SP2;20/01/2024;Albacete;Alcorcon;0;1;A;0;0;D;157;4;65;155;38;55;;;;;;;158;411;649;15;375;6;153;39;65;;;;;;;;;;;;;;;;;;;;;
SP2;20/01/2024;Amorebieta;Eldense;0;2;A;0;1;A;28;29;28;265;3;255;;;;;;;287;3;29;27;31;25;275;3;27;;;;;;;;;;;;;;;;;;;;;
SP2;20/01/2024;Zaragoza;Andorra;2;0;H;1;0;H;21;3;4;21;295;36;;;;;;;226;293;41;205;3;36;215;3;375;;;;;;;;;;;;;;;;;;;;;
SP2;20/01/2024;Espanol;Villarreal B;2;1;H;2;1;H;155;475;525;152;4;55;;;;;;;153;444;649;15;4;55;15;4;65;;;;;;;;;;;;;;;;;;;;;
SP2;20/01/2024;Tenerife;Sp Gijon;1;2;A;1;1;D;225;31;35;22;287;34;;;;;;;238;289;382;215;3;34;225;29;36;;;;;;;;;;;;;;;;;;;;;
SP2;20/01/2024;Ferrol;Oviedo;1;3;A;0;0;D;238;3;33;;;;;;;;;;248;294;353;225;31;31;24;29;33;;;;;;;;;;;;;;;;;;;;;
SP2;21/01/2024;Santander;Cartagena;0;2;A;0;1;A;185;35;433;182;34;39;;;;;;;186;365;456;18;34;4;183;34;42;;;;;;;;;;;;;;;;;;;;;
SP2;21/01/2024;Mirandes;Levante;1;1;D;0;1;A;25;32;3;245;32;265;;;;;;;26;315;307;238;32;275;25;31;28;;;;;;;;;;;;;;;;;;;;;
SP2;21/01/2024;Huesca;Eibar;2;3;A;0;2;A;31;3;26;29;29;24;;;;;;;324;292;266;29;3;238;3;288;25;;;;;;;;;;;;;;;;;;;;;
SP2;21/01/2024;Elche;Valladolid;0;0;D;0;0;D;23;32;33;225;31;3;;;;;;;237;322;338;225;32;3;225;31;32;;;;;;;;;;;;;;;;;;;;;
SP2;22/01/2024;Leganes;Burgos;2;0;H;2;0;H;2;32;42;;;;;;;;;;204;301;471;195;31;39;2;3;41;;;;;;;;;;;;;;;;;;;;;
SP2;26/01/2024;Eibar;Mirandes;1;0;H;0;0;D;16;375;65;16;36;525;;;;;;;165;391;597;157;36;55;162;37;575;;;;;;;;;;;;;;;;;;;;;
SP2;27/01/2024;Alcorcon;Zaragoza;0;0;D;0;0;D;29;3;255;285;287;25;;;;;;;316;288;275;28;3;245;3;288;26;;;;;;;;;;;;;;;;;;;;;
SP2;27/01/2024;Cartagena;Amorebieta;1;0;H;0;0;D;191;31;475;187;32;4;;;;;;;195;333;46;183;325;42;19;32;44;;;;;;;;;;;;;;;;;;;;;
SP2;27/01/2024;Oviedo;Leganes;1;0;H;0;0;D;22;29;4;21;285;37;;;;;;;222;289;432;205;3;36;215;29;39;;;;;;;;;;;;;;;;;;;;;
SP2;27/01/2024;Levante;Tenerife;0;0;D;0;0;D;225;31;35;22;3;325;;;;;;;23;308;373;215;31;325;22;3;34;;;;;;;;;;;;;;;;;;;;;
SP2;28/01/2024;Eldense;Espanol;3;2;H;2;2;D;3;31;25;295;3;235;;;;;;;311;311;26;288;31;238;3;3;24;;;;;;;;;;;;;;;;;;;;;
SP2;28/01/2024;Andorra;Elche;0;1;A;0;0;D;245;32;31;235;295;3;;;;;;;256;3;331;23;31;3;;;;;;;;;;;;;;;;;;;;;;;;
SP2;28/01/2024;Villarreal B;Huesca;1;1;D;0;1;A;238;31;33;23;3;3;;;;;;;252;304;331;225;31;31;238;3;31;;;;;;;;;;;;;;;;;;;;;
SP2;28/01/2024;Burgos;Albacete;2;1;H;1;1;D;25;31;3;245;295;28;;;;;;;264;295;324;245;3;28;25;3;29;;;;;;;;;;;;;;;;;;;;;
SP2;28/01/2024;Sp Gijon;Ferrol;1;2;A;0;0;D;183;33;5;182;325;41;;;;;;;19;341;475;183;325;42;183;32;45;;;;;;;;;;;;;;;;;;;;;
SP2;29/01/2024;Valladolid;Santander;3;1;H;1;0;H;185;36;42;182;34;4;;;;;;;189;347;458;18;35;39;183;34;42;;;;;;;;;;;;;;;;;;;;;
SP2;02/02/2024;Elche;Burgos;2;0;H;0;0;D;191;325;45;185;31;433;;;;;;;192;321;509;183;32;42;187;313;475;;;;;;;;;;;;;;;;;;;;;
SP2;03/02/2024;Albacete;Cartagena;1;1;D;1;0;H;18;34;525;168;35;475;;;;;;;178;352;539;165;36;475;173;35;5;;;;;;;;;;;;;;;;;;;;;
SP2;03/02/2024;Huesca;Alcorcon;1;0;H;0;0;D;195;32;45;185;295;45;;;;;;;195;314;502;183;3;46;193;3;475;;;;;;;;;;;;;;;;;;;;;
SP2;03/02/2024;Mirandes;Villarreal B;3;0;H;1;0;H;21;31;4;2;33;34;;;;;;;213;327;396;195;33;36;205;33;36;;;;;;;;;;;;;;;;;;;;;
SP2;03/02/2024;Leganes;Valladolid;0;0;D;0;0;D;255;288;32;235;29;3;;;;;;;269;289;323;23;29;31;25;29;31;;;;;;;;;;;;;;;;;;;;;
SP2;03/02/2024;Tenerife;Andorra;0;0;D;0;0;D;191;34;433;188;31;41;;;;;;;196;328;469;183;32;42;193;31;45;;;;;;;;;;;;;;;;;;;;;
SP2;04/02/2024;Ferrol;Eibar;1;1;D;0;0;D;31;3;255;28;3;24;;;;;;;319;293;269;275;3;25;3;3;245;;;;;;;;;;;;;;;;;;;;;
SP2;04/02/2024;Amorebieta;Santander;0;1;A;0;1;A;288;31;26;275;3;245;;;;;;;296;314;27;288;31;238;28;3;255;;;;;;;;;;;;;;;;;;;;;
SP2;04/02/2024;Oviedo;Eldense;1;1;D;0;1;A;191;33;45;19;31;4;;;;;;;199;32;468;185;31;433;19;31;44;;;;;;;;;;;;;;;;;;;;;
SP2;04/02/2024;Espanol;Levante;2;1;H;1;0;H;185;35;45;185;33;39;;;;;;;191;343;47;18;33;42;183;34;42;;;;;;;;;;;;;;;;;;;;;
SP2;05/02/2024;Zaragoza;Sp Gijon;3;0;H;1;0;H;245;29;33;237;29;3;;;;;;;251;298;333;245;28;3;24;288;32;;;;;;;;;;;;;;;;;;;;;
SP2;09/02/2024;Levante;Leganes;0;0;D;0;0;D;225;3;375;21;287;36;;;;;;;228;296;396;;;;215;3;37;;;;;;;;;;;;;;;;;;;;;
SP2;10/02/2024;Amorebieta;Elche;1;0;H;0;0;D;4;31;21;36;3;205;;;;;;;425;313;211;;;;39;31;205;;;;;;;;;;;;;;;;;;;;;
SP2;10/02/2024;Eldense;Huesca;0;0;D;0;0;D;215;3;4;205;295;37;;;;;;;221;295;421;;;;215;29;4;;;;;;;;;;;;;;;;;;;;;
SP2;10/02/2024;Sp Gijon;Oviedo;1;0;H;1;0;H;23;31;33;22;29;33;;;;;;;244;298;354;;;;23;29;35;;;;;;;;;;;;;;;;;;;;;
SP2;10/02/2024;Santander;Espanol;2;0;H;2;0;H;26;3;3;24;31;28;;;;;;;264;317;3;;;;255;31;288;;;;;;;;;;;;;;;;;;;;;
SP2;11/02/2024;Villarreal B;Tenerife;1;0;H;0;0;D;32;29;255;28;29;25;;;;;;;305;304;27;;;;29;29;255;;;;;;;;;;;;;;;;;;;;;
SP2;11/02/2024;Alcorcon;Andorra;1;0;H;1;0;H;255;31;31;245;287;29;;;;;;;26;3;323;;;;245;29;31;;;;;;;;;;;;;;;;;;;;;
SP2;11/02/2024;Cartagena;Mirandes;1;0;H;1;0;H;22;3;375;22;295;33;;;;;;;228;314;37;;;;22;3;34;;;;;;;;;;;;;;;;;;;;;
SP2;11/02/2024;Eibar;Zaragoza;1;0;H;1;0;H;185;34;475;185;31;42;;;;;;;187;337;504;;;;183;32;46;;;;;;;;;;;;;;;;;;;;;
SP2;11/02/2024;Burgos;Ferrol;2;0;H;2;0;H;205;31;4;205;31;36;;;;;;;211;318;415;;;;205;31;375;;;;;;;;;;;;;;;;;;;;;
SP2;12/02/2024;Valladolid;Albacete;0;0;D;0;0;D;2;34;38;193;325;37;;;;;;;208;334;393;;;;2;32;375;;;;;;;;;;;;;;;;;;;;;
SP2;16/02/2024;Zaragoza;Cartagena;1;2;A;0;1;A;183;325;5;18;3;475;;;;;;;185;318;564;183;32;42;18;31;525;;;;;;;;;;;;;;;;;;;;;
SP2;17/02/2024;Andorra;Villarreal B;1;1;D;0;0;D;183;325;5;18;33;42;;;;;;;184;353;492;175;35;42;183;34;45;;;;;;;;;;;;;;;;;;;;;
SP2;17/02/2024;Oviedo;Burgos;5;0;H;3;0;H;2;32;42;;;;;;;;;;206;305;462;185;32;42;2;31;42;;;;;;;;;;;;;;;;;;;;;
SP2;17/02/2024;Sp Gijon;Valladolid;1;1;D;0;1;A;245;31;31;23;295;3;;;;;;;263;292;328;225;29;325;245;3;31;;;;;;;;;;;;;;;;;;;;;
SP2;17/02/2024;Espanol;Mirandes;3;0;H;1;0;H;175;35;525;173;34;45;;;;;;;181;353;519;17;35;45;18;34;48;;;;;;;;;;;;;;;;;;;;;
SP2;18/02/2024;Albacete;Santander;2;0;H;0;0;D;195;33;42;193;33;36;;;;;;;204;358;385;2;33;35;19;33;4;;;;;;;;;;;;;;;;;;;;;
SP2;18/02/2024;Ferrol;Levante;0;0;D;0;0;D;24;32;31;23;31;29;;;;;;;252;312;322;225;31;31;238;31;3;;;;;;;;;;;;;;;;;;;;;
SP2;18/02/2024;Leganes;Alcorcon;3;0;H;1;0;H;173;33;6;166;325;525;;;;;;;177;33;615;16;34;58;167;32;6;;;;;;;;;;;;;;;;;;;;;
SP2;18/02/2024;Huesca;Amorebieta;0;0;D;0;0;D;191;31;5;183;3;45;;;;;;;194;301;551;18;32;44;187;3;475;;;;;;;;;;;;;;;;;;;;;
SP2;18/02/2024;Elche;Eibar;0;0;D;0;0;D;23;31;34;22;3;31;;;;;;;243;312;338;225;31;31;23;3;325;;;;;;;;;;;;;;;;;;;;;
SP2;19/02/2024;Tenerife;Eldense;1;0;H;1;0;H;191;31;5;19;3;41;;;;;;;193;319;496;191;3;42;191;3;45;;;;;;;;;;;;;;;;;;;;;
SP2;23/02/2024;Valladolid;Oviedo;3;0;H;1;0;H;215;3;375;215;29;34;;;;;;;227;301;393;;;;215;3;37;;;;;;;;;;;;;;;;;;;;;
SP2;24/02/2024;Santander;Leganes;2;1;H;1;1;D;238;29;33;225;295;31;;;;;;;247;299;347;;;;238;3;32;;;;;;;;;;;;;;;;;;;;;
SP2;24/02/2024;Eibar;Espanol;2;3;A;1;0;H;205;33;38;2;31;36;;;;;;;208;32;425;;;;205;32;375;;;;;;;;;;;;;;;;;;;;;
SP2;24/02/2024;Villarreal B;Zaragoza;0;0;D;0;0;D;32;29;255;295;295;237;;;;;;;331;294;26;;;;313;29;25;;;;;;;;;;;;;;;;;;;;;
SP2;25/02/2024;Eldense;Ferrol;2;0;H;2;0;H;225;31;35;215;3;33;;;;;;;229;31;372;;;;22;3;34;;;;;;;;;;;;;;;;;;;;;
SP2;25/02/2024;Alcorcon;Tenerife;1;1;D;0;0;D;31;29;26;29;28;25;;;;;;;317;282;281;;;;3;275;263;;;;;;;;;;;;;;;;;;;;;
SP2;25/02/2024;Burgos;Sp Gijon;1;0;H;1;0;H;238;3;34;225;3;31;;;;;;;248;306;336;;;;238;3;313;;;;;;;;;;;;;;;;;;;;;
SP2;25/02/2024;Cartagena;Elche;0;1;A;0;0;D;32;3;245;3;29;235;;;;;;;326;298;259;;;;31;288;245;;;;;;;;;;;;;;;;;;;;;
SP2;25/02/2024;Amorebieta;Albacete;1;1;D;0;1;A;36;3;225;325;31;21;;;;;;;356;32;23;;;;34;3;22;;;;;;;;;;;;;;;;;;;;;
SP2;26/02/2024;Mirandes;Huesca;0;3;A;0;0;D;225;28;4;215;287;35;;;;;;;233;29;385;;;;22;28;37;;;;;;;;;;;;;;;;;;;;;
SP2;01/03/2024;Sp Gijon;Albacete;2;1;H;1;1;D;22;31;36;215;295;33;;;;;;;226;304;392;;;;22;313;34;;;;;;;;;;;;;;;;;;;;;
SP2;02/03/2024;Eldense;Villarreal B;2;0;H;1;0;H;21;33;38;205;31;34;;;;;;;209;329;406;;;;205;325;37;;;;;;;;;;;;;;;;;;;;;
SP2;02/03/2024;Espanol;Huesca;0;0;D;0;0;D;173;325;6;17;325;5;;;;;;;178;339;575;;;;173;33;55;;;;;;;;;;;;;;;;;;;;;
SP2;02/03/2024;Ferrol;Santander;2;2;D;1;1;D;22;33;34;215;325;3;;;;;;;231;316;359;;;;22;32;34;;;;;;;;;;;;;;;;;;;;;
SP2;02/03/2024;Oviedo;Levante;3;2;H;0;1;A;2;325;42;195;32;37;;;;;;;205;324;431;;;;2;31;41;;;;;;;;;;;;;;;;;;;;;
SP2;02/03/2024;Burgos;Cartagena;3;0;H;1;0;H;195;32;45;195;31;38;;;;;;;198;324;464;;;;195;31;433;;;;;;;;;;;;;;;;;;;;;
SP2;03/03/2024;Andorra;Valladolid;2;1;H;0;1;A;29;31;263;28;295;25;;;;;;;291;305;282;;;;275;29;27;;;;;;;;;;;;;;;;;;;;;
SP2;03/03/2024;Tenerife;Mirandes;2;1;H;2;0;H;191;325;45;188;31;42;;;;;;;195;323;482;;;;19;3;45;;;;;;;;;;;;;;;;;;;;;
SP2;03/03/2024;Zaragoza;Amorebieta;0;1;A;0;0;D;162;35;7;157;34;6;;;;;;;164;362;703;;;;157;34;65;;;;;;;;;;;;;;;;;;;;;
SP2;03/03/2024;Leganes;Eibar;0;2;A;0;2;A;263;3;3;24;285;3;;;;;;;278;283;318;;;;255;288;29;;;;;;;;;;;;;;;;;;;;;
SP2;04/03/2024;Elche;Alcorcon;3;0;H;3;0;H;155;36;75;155;35;6;;;;;;;155;392;727;;;;15;37;7;;;;;;;;;;;;;;;;;;;;;
SP2;08/03/2024;Huesca;Andorra;2;0;H;1;0;H;23;28;36;23;27;35;;;;;;;245;28;38;;;;238;28;35;;;;;;;;;;;;;;;;;;;;;
SP2;09/03/2024;Albacete;Oviedo;1;2;A;0;0;D;23;3;34;23;3;31;;;;;;;247;312;331;;;;238;3;32;;;;;;;;;;;;;;;;;;;;;
SP2;09/03/2024;Mirandes;Eldense;3;1;H;1;0;H;25;288;32;235;29;3;;;;;;;244;289;335;;;;245;3;31;;;;;;;;;;;;;;;;;;;;;
SP2;09/03/2024;Valladolid;Zaragoza;2;0;H;1;0;H;195;31;45;195;29;42;;;;;;;199;318;471;;;;195;3;45;;;;;;;;;;;;;;;;;;;;;
SP2;09/03/2024;Cartagena;Ferrol;2;1;H;1;1;D;25;31;3;245;285;295;;;;;;;253;296;339;;;;25;29;313;;;;;;;;;;;;;;;;;;;;;
SP2;10/03/2024;Santander;Tenerife;4;2;H;0;1;A;24;29;34;23;29;31;;;;;;;25;297;343;;;;238;288;32;;;;;;;;;;;;;;;;;;;;;
SP2;10/03/2024;Levante;Sp Gijon;1;0;H;0;0;D;205;32;4;2;31;35;;;;;;;211;341;382;;;;205;313;37;;;;;;;;;;;;;;;;;;;;;
SP2;10/03/2024;Villarreal B;Elche;0;1;A;0;1;A;32;325;23;32;3;22;;;;;;;33;301;238;;;;32;3;23;;;;;;;;;;;;;;;;;;;;;
SP2;10/03/2024;Eibar;Burgos;0;1;A;0;0;D;173;35;525;175;33;45;;;;;;;177;352;556;;;;17;34;5;;;;;;;;;;;;;;;;;;;;;
SP2;10/03/2024;Alcorcon;Espanol;1;1;D;0;0;D;36;32;215;33;3;215;;;;;;;391;306;212;;;;37;3;21;;;;;;;;;;;;;;;;;;;;;
SP2;11/03/2024;Amorebieta;Leganes;0;1;A;0;0;D;29;325;245;3;287;24;;;;;;;336;293;254;;;;313;288;245;;;;;;;;;;;;;;;;;;;;;
SP2;13/03/2024;Levante;Andorra;0;0;D;0;0;D;191;34;433;19;32;39;;;;;;;196;329;465;;;;193;325;42;;;;;;;;;;;;;;;;;;;;;
SP2;15/03/2024;Eldense;Cartagena;0;0;D;0;0;D;2;29;45;195;287;42;;;;;;;204;295;501;;;;195;3;45;;;;;;;;;;;;;;;;;;;;;
SP2;16/03/2024;Burgos;Levante;1;1;D;1;0;H;23;3;35;225;3;3;;;;;;;238;313;348;;;;23;31;32;;;;;;;;;;;;;;;;;;;;;
SP2;16/03/2024;Eibar;Villarreal B;2;0;H;1;0;H;144;45;7;142;42;675;;;;;;;146;456;788;;;;144;42;8;;;;;;;;;;;;;;;;;;;;;
SP2;16/03/2024;Oviedo;Santander;1;1;D;0;1;A;173;35;525;17;34;475;;;;;;;175;377;516;;;;17;36;5;;;;;;;;;;;;;;;;;;;;;
SP2;16/03/2024;Tenerife;Huesca;0;0;D;0;0;D;2;3;475;195;28;45;;;;;;;202;287;536;;;;195;288;475;;;;;;;;;;;;;;;;;;;;;
SP2;16/03/2024;Sp Gijon;Alcorcon;1;0;H;1;0;H;173;33;6;166;34;5;;;;;;;174;358;572;;;;167;34;575;;;;;;;;;;;;;;;;;;;;;
SP2;17/03/2024;Leganes;Mirandes;4;0;H;3;0;H;175;325;575;171;33;48;;;;;;;178;33;608;;;;173;325;525;;;;;;;;;;;;;;;;;;;;;
SP2;17/03/2024;Ferrol;Valladolid;2;0;H;1;0;H;3;325;24;295;295;24;;;;;;;324;307;254;;;;31;29;24;;;;;;;;;;;;;;;;;;;;;
SP2;17/03/2024;Elche;Albacete;3;2;H;1;1;D;173;34;575;173;33;475;;;;;;;172;361;575;;;;167;34;525;;;;;;;;;;;;;;;;;;;;;
SP2;17/03/2024;Zaragoza;Espanol;0;1;A;0;1;A;263;29;29;25;28;29;;;;;;;273;288;293;;;;27;288;28;;;;;;;;;;;;;;;;;;;;;
SP2;18/03/2024;Andorra;Amorebieta;0;1;A;0;0;D;185;31;525;18;32;44;;;;;;;183;337;516;;;;18;32;475;;;;;;;;;;;;;;;;;;;;;
SP2;23/03/2024;Alcorcon;Oviedo;1;0;H;0;0;D;375;29;22;33;29;22;;;;;;;377;293;237;34;31;215;36;29;225;;;;;;;;;;;;;;;;;;;;;
SP2;23/03/2024;Cartagena;Andorra;1;0;H;1;0;H;23;3;34;225;29;32;;;;;;;234;307;324;24;3;3;23;3;33;;;;;;;;;;;;;;;;;;;;;
SP2;23/03/2024;Villarreal B;Leganes;1;2;A;1;0;H;3;3;25;28;295;245;;;;;;;32;304;259;3;3;245;31;3;245;;;;;;;;;;;;;;;;;;;;;
SP2;23/03/2024;Espanol;Tenerife;1;1;D;0;0;D;195;3;475;193;31;4;;;;;;;204;313;455;191;31;433;2;3;44;;;;;;;;;;;;;;;;;;;;;
SP2;24/03/2024;Amorebieta;Sp Gijon;3;1;H;2;1;H;35;3;225;32;295;22;;;;;;;335;302;232;31;3;238;34;29;225;;;;;;;;;;;;;;;;;;;;;
SP2;24/03/2024;Huesca;Burgos;3;0;H;1;0;H;255;288;32;24;275;31;;;;;;;25;278;334;238;288;325;25;275;32;;;;;;;;;;;;;;;;;;;;;
SP2;24/03/2024;Valladolid;Eibar;3;1;H;0;1;A;205;3;34;21;31;34;;;;;;;218;312;355;215;32;33;21;31;36;;;;;;;;;;;;;;;;;;;;;
SP2;24/03/2024;Levante;Elche;3;2;H;0;1;A;25;275;28;25;3;275;;;;;;;266;293;293;245;31;288;255;3;28;;;;;;;;;;;;;;;;;;;;;
SP2;24/03/2024;Mirandes;Zaragoza;0;0;D;0;0;D;245;27;3;25;285;287;;;;;;;282;274;32;26;288;29;26;28;3;;;;;;;;;;;;;;;;;;;;;
SP2;24/03/2024;Santander;Eldense;2;1;H;1;0;H;195;325;34;205;31;34;;;;;;;204;295;43;195;33;37;205;313;37;;;;;;;;;;;;;;;;;;;;;
SP2;25/03/2024;Albacete;Ferrol;1;1;D;1;0;H;183;31;42;185;32;41;;;;;;;198;33;441;185;33;42;19;313;433;;;;;;;;;;;;;;;;;;;;;
SP2;29/03/2024;Burgos;Espanol;0;0;D;0;0;D;255;31;3;24;29;29;;;;;;;262;296;319;;;;25;3;3;;;;;;;;;;;;;;;;;;;;;
SP2;30/03/2024;Valladolid;Levante;0;0;D;0;0;D;185;34;475;18;33;42;;;;;;;187;348;47;;;;185;33;45;;;;;;;;;;;;;;;;;;;;;
SP2;30/03/2024;Andorra;Mirandes;1;0;H;0;0;D;191;31;475;188;31;41;;;;;;;193;325;475;;;;191;32;44;;;;;;;;;;;;;;;;;;;;;
SP2;30/03/2024;Eibar;Eldense;5;1;H;1;0;H;17;375;5;172;34;45;;;;;;;178;36;511;;;;173;34;525;;;;;;;;;;;;;;;;;;;;;
SP2;30/03/2024;Leganes;Cartagena;0;0;D;0;0;D;162;35;65;157;34;6;;;;;;;164;36;669;;;;16;35;65;;;;;;;;;;;;;;;;;;;;;
SP2;30/03/2024;Albacete;Huesca;1;1;D;0;0;D;215;288;4;205;29;38;;;;;;;221;295;411;;;;21;3;39;;;;;;;;;;;;;;;;;;;;;
SP2;30/03/2024;Sp Gijon;Santander;2;3;A;1;0;H;22;325;34;21;32;32;;;;;;;225;333;346;;;;22;325;33;;;;;;;;;;;;;;;;;;;;;
SP2;31/03/2024;Alcorcon;Amorebieta;1;1;D;1;1;D;22;3;38;21;29;36;;;;;;;222;308;387;;;;215;29;375;;;;;;;;;;;;;;;;;;;;;
SP2;31/03/2024;Ferrol;Elche;1;0;H;0;0;D;3;29;27;28;29;25;;;;;;;301;298;274;;;;28;29;263;;;;;;;;;;;;;;;;;;;;;
SP2;31/03/2024;Zaragoza;Tenerife;3;1;H;2;1;H;23;275;375;23;27;35;;;;;;;249;278;366;;;;238;27;35;;;;;;;;;;;;;;;;;;;;;
SP2;31/03/2024;Oviedo;Villarreal B;2;1;H;2;1;H;153;4;65;152;38;575;;;;;;;155;423;653;;;;15;39;65;;;;;;;;;;;;;;;;;;;;;
SP2;05/04/2024;Amorebieta;Ferrol;3;1;H;2;0;H;3;28;275;287;28;25;;;;;;;314;277;283;;;;29;288;27;;;;;;;;;;;;;;;;;;;;;
SP2;05/04/2024;Elche;Oviedo;0;2;A;0;1;A;195;32;45;19;31;39;;;;;;;194;322;477;;;;195;32;42;;;;;;;;;;;;;;;;;;;;;
SP2;06/04/2024;Eldense;Andorra;0;2;A;0;1;A;23;3;36;22;3;33;;;;;;;228;3;347;;;;225;3;35;;;;;;;;;;;;;;;;;;;;;
SP2;06/04/2024;Levante;Zaragoza;2;1;H;1;1;D;215;31;38;21;295;36;;;;;;;22;301;405;;;;215;3;375;;;;;;;;;;;;;;;;;;;;;
SP2;07/04/2024;Huesca;Leganes;0;0;D;0;0;D;245;28;35;23;27;34;;;;;;;257;267;371;;;;24;27;34;;;;;;;;;;;;;;;;;;;;;
SP2;07/04/2024;Mirandes;Sp Gijon;1;3;A;1;1;D;27;28;31;245;295;285;;;;;;;254;293;308;;;;245;3;3;;;;;;;;;;;;;;;;;;;;;
SP2;07/04/2024;Villarreal B;Burgos;2;1;H;2;0;H;32;3;245;275;3;245;;;;;;;298;303;253;;;;29;31;245;;;;;;;;;;;;;;;;;;;;;
SP2;07/04/2024;Espanol;Albacete;2;1;H;1;1;D;18;34;5;173;34;45;;;;;;;174;352;488;;;;173;34;48;;;;;;;;;;;;;;;;;;;;;
SP2;07/04/2024;Tenerife;Eibar;2;1;H;1;1;D;26;29;32;237;29;3;;;;;;;267;293;315;;;;25;288;3;;;;;;;;;;;;;;;;;;;;;
SP2;07/04/2024;Cartagena;Valladolid;0;2;A;0;2;A;38;31;215;375;3;2;;;;;;;395;286;218;;;;38;3;205;;;;;;;;;;;;;;;;;;;;;
SP2;08/04/2024;Santander;Alcorcon;0;1;A;0;0;D;175;35;5;177;33;433;;;;;;;175;361;52;;;;17;34;5;;;;;;;;;;;;;;;;;;;;;
SP2;12/04/2024;Leganes;Espanol;0;0;D;0;0;D;238;288;34;23;28;32;;;;;;;248;285;358;245;3;3;24;29;33;;;;;;;;;;;;;;;;;;;;;
SP2;13/04/2024;Sp Gijon;Cartagena;1;0;H;1;0;H;17;375;5;168;33;48;;;;;;;177;339;568;17;34;5;17;34;55;;;;;;;;;;;;;;;;;;;;;
SP2;13/04/2024;Valladolid;Eldense;1;0;H;0;0;D;17;36;525;17;34;475;;;;;;;175;357;545;17;34;5;17;34;55;;;;;;;;;;;;;;;;;;;;;
SP2;13/04/2024;Levante;Amorebieta;1;2;A;0;0;D;162;4;55;162;35;5;;;;;;;167;375;589;165;36;5;162;37;575;;;;;;;;;;;;;;;;;;;;;
SP2;14/04/2024;Oviedo;Mirandes;1;1;D;1;0;H;16;375;65;157;36;55;;;;;;;16;381;667;16;36;55;155;36;65;;;;;;;;;;;;;;;;;;;;;
SP2;14/04/2024;Albacete;Tenerife;1;0;H;0;0;D;23;3;35;22;29;33;;;;;;;231;28;37;21;31;35;225;29;35;;;;;;;;;;;;;;;;;;;;;
SP2;14/04/2024;Andorra;Eibar;0;2;A;0;0;D;28;31;27;275;3;245;;;;;;;3;313;263;27;31;26;288;3;25;;;;;;;;;;;;;;;;;;;;;
SP2;14/04/2024;Burgos;Santander;2;1;H;1;1;D;215;34;34;22;32;31;;;;;;;217;345;355;23;32;3;215;32;34;;;;;;;;;;;;;;;;;;;;;
SP2;14/04/2024;Zaragoza;Elche;1;1;D;0;0;D;3;288;27;285;285;25;;;;;;;33;275;273;288;3;25;3;28;255;;;;;;;;;;;;;;;;;;;;;
SP2;14/04/2024;Ferrol;Huesca;2;1;H;0;1;A;23;29;36;225;28;33;;;;;;;23;27;392;225;29;34;225;28;36;;;;;;;;;;;;;;;;;;;;;
SP2;15/04/2024;Alcorcon;Villarreal B;1;0;H;0;0;D;22;31;36;22;31;31;;;;;;;226;318;355;22;31;33;22;31;34;;;;;;;;;;;;;;;;;;;;;
SP2;19/04/2024;Tenerife;Leganes;0;0;D;0;0;D;275;263;32;265;255;3;;;;;;;283;27;324;;;;275;263;313;;;;;;;;;;;;;;;;;;;;;
SP2;20/04/2024;Amorebieta;Valladolid;0;3;A;0;0;D;38;31;21;37;295;205;;;;;;;38;305;213;;;;39;3;21;;;;;;;;;;;;;;;;;;;;;
SP2;20/04/2024;Santander;Levante;0;0;D;0;0;D;215;34;33;215;325;3;;;;;;;214;334;339;;;;22;325;33;;;;;;;;;;;;;;;;;;;;;
SP2;20/04/2024;Villarreal B;Ferrol;1;0;H;0;0;D;24;31;3;235;3;29;;;;;;;247;305;305;;;;24;31;31;;;;;;;;;;;;;;;;;;;;;
SP2;20/04/2024;Elche;Sp Gijon;2;1;H;2;0;H;17;36;525;166;35;48;;;;;;;174;372;518;;;;17;35;525;;;;;;;;;;;;;;;;;;;;;
SP2;20/04/2024;Huesca;Zaragoza;1;2;A;1;2;A;27;27;31;245;27;31;;;;;;;263;261;337;;;;263;27;32;;;;;;;;;;;;;;;;;;;;;
SP2;21/04/2024;Espanol;Andorra;1;1;D;0;1;A;165;375;55;17;34;475;;;;;;;167;367;517;;;;165;35;525;;;;;;;;;;;;;;;;;;;;;
SP2;21/04/2024;Eibar;Alcorcon;2;0;H;1;0;H;15;42;8;146;4;65;;;;;;;147;437;796;;;;144;4;75;;;;;;;;;;;;;;;;;;;;;
SP2;21/04/2024;Eldense;Albacete;0;1;A;0;0;D;24;31;32;225;31;3;;;;;;;244;312;304;;;;238;31;3;;;;;;;;;;;;;;;;;;;;;
SP2;21/04/2024;Mirandes;Burgos;2;1;H;0;0;D;24;31;32;225;3;31;;;;;;;25;315;316;;;;238;3;31;;;;;;;;;;;;;;;;;;;;;
SP2;22/04/2024;Cartagena;Oviedo;2;0;H;0;0;D;34;3;238;31;3;225;;;;;;;342;301;242;;;;32;29;238;;;;;;;;;;;;;;;;;;;;;
SP2;26/04/2024;Andorra;Santander;1;1;D;1;0;H;205;35;34;2;33;34;;;;;;;21;346;371;2;34;35;205;34;35;;;;;;;;;;;;;;;;;;;;;
SP2;27/04/2024;Burgos;Amorebieta;2;2;D;1;0;H;18;35;475;177;33;44;;;;;;;174;345;501;173;35;46;18;33;475;;;;;;;;;;;;;;;;;;;;;
SP2;27/04/2024;Leganes;Zaragoza;1;1;D;0;0;D;205;31;42;2;28;41;;;;;;;207;299;461;185;3;475;205;288;44;;;;;;;;;;;;;;;;;;;;;
SP2;27/04/2024;Elche;Espanol;2;2;D;1;1;D;22;325;34;205;32;33;;;;;;;21;326;399;205;325;35;21;31;375;;;;;;;;;;;;;;;;;;;;;
SP2;28/04/2024;Sp Gijon;Villarreal B;0;3;A;0;2;A;175;36;5;178;34;42;;;;;;;172;357;487;18;36;42;175;35;45;;;;;;;;;;;;;;;;;;;;;
SP2;28/04/2024;Alcorcon;Eldense;0;0;D;0;0;D;23;3;35;235;295;3;;;;;;;232;291;348;245;31;288;23;29;33;;;;;;;;;;;;;;;;;;;;;
SP2;28/04/2024;Oviedo;Tenerife;0;1;A;0;1;A;191;33;45;185;3;433;;;;;;;185;316;483;;;;185;31;46;;;;;;;;;;;;;;;;;;;;;
SP2;28/04/2024;Levante;Cartagena;0;1;A;0;0;D;17;36;525;17;34;475;;;;;;;169;356;515;;;;167;35;525;;;;;;;;;;;;;;;;;;;;;
SP2;28/04/2024;Valladolid;Huesca;1;0;H;1;0;H;167;33;65;163;33;55;;;;;;;161;346;642;162;35;58;162;33;65;;;;;;;;;;;;;;;;;;;;;
SP2;28/04/2024;Albacete;Eibar;2;1;H;1;1;D;26;31;288;245;31;275;;;;;;;255;312;288;245;32;275;25;31;28;;;;;;;;;;;;;;;;;;;;;
SP2;29/04/2024;Ferrol;Mirandes;0;2;A;0;1;A;205;32;4;205;31;35;;;;;;;213;309;405;;;;205;31;375;;;;;;;;;;;;;;;;;;;;;
SP2;03/05/2024;Villarreal B;Levante;0;3;A;0;2;A;29;34;24;27;33;235;;;;;;;298;345;245;;;;288;34;238;;;;;;;;;;;;;;;;;;;;;
SP2;04/05/2024;Mirandes;Valladolid;0;1;A;0;1;A;33;32;23;325;3;22;;;;;;;335;313;241;;;;34;3;23;;;;;;;;;;;;;;;;;;;;;
SP2;04/05/2024;Huesca;Oviedo;0;2;A;0;0;D;288;29;275;265;28;275;;;;;;;301;274;298;;;;28;28;28;;;;;;;;;;;;;;;;;;;;;
SP2;04/05/2024;Santander;Elche;3;1;H;1;0;H;263;32;28;25;31;265;;;;;;;258;32;278;;;;255;32;275;;;;;;;;;;;;;;;;;;;;;
SP2;04/05/2024;Cartagena;Alcorcon;1;0;H;1;0;H;21;31;4;205;295;36;;;;;;;217;308;402;;;;21;3;39;;;;;;;;;;;;;;;;;;;;;
SP2;05/05/2024;Eibar;Amorebieta;5;0;H;2;0;H;144;42;8;146;4;65;;;;;;;147;429;789;;;;144;4;7;;;;;;;;;;;;;;;;;;;;;
SP2;05/05/2024;Andorra;Albacete;0;1;A;0;0;D;215;31;375;205;31;35;;;;;;;209;307;387;;;;205;31;37;;;;;;;;;;;;;;;;;;;;;
SP2;05/05/2024;Espanol;Sp Gijon;0;0;D;0;0;D;175;34;55;175;33;44;;;;;;;181;346;516;;;;173;34;48;;;;;;;;;;;;;;;;;;;;;
SP2;05/05/2024;Eldense;Leganes;1;2;A;1;0;H;35;29;238;32;29;225;;;;;;;335;293;238;;;;34;288;23;;;;;;;;;;;;;;;;;;;;;
SP2;05/05/2024;Zaragoza;Burgos;1;3;A;1;1;D;23;31;33;225;29;32;;;;;;;237;309;347;;;;23;288;34;;;;;;;;;;;;;;;;;;;;;
SP2;05/05/2024;Tenerife;Ferrol;2;0;H;0;0;D;215;31;38;205;295;36;;;;;;;215;297;385;;;;21;3;375;;;;;;;;;;;;;;;;;;;;;
SP2;10/05/2024;Burgos;Eldense;1;2;A;1;2;A;183;35;433;18;325;42;;;;;;;185;351;471;;;;183;34;45;;;;;;;;;;;;;;;;;;;;;
SP2;11/05/2024;Santander;Mirandes;1;0;H;1;0;H;18;36;433;18;35;4;;;;;;;183;358;42;;;;185;35;42;;;;;;;;;;;;;;;;;;;;;
SP2;11/05/2024;Ferrol;Alcorcon;2;1;H;0;0;D;191;31;45;188;31;41;;;;;;;191;302;479;;;;193;31;45;;;;;;;;;;;;;;;;;;;;;
SP2;11/05/2024;Sp Gijon;Andorra;5;2;H;2;1;H;2;33;39;205;31;35;;;;;;;198;334;386;;;;205;32;375;;;;;;;;;;;;;;;;;;;;;
SP2;11/05/2024;Valladolid;Espanol;0;0;D;0;0;D;21;31;375;21;31;34;;;;;;;217;309;363;;;;215;31;36;;;;;;;;;;;;;;;;;;;;;
SP2;11/05/2024;Levante;Eibar;2;2;D;1;1;D;26;32;275;25;31;265;;;;;;;271;296;284;;;;263;31;275;;;;;;;;;;;;;;;;;;;;;
SP2;12/05/2024;Amorebieta;Villarreal B;2;0;H;0;0;D;24;325;29;23;31;287;;;;;;;241;323;298;;;;24;31;3;;;;;;;;;;;;;;;;;;;;;
SP2;12/05/2024;Oviedo;Zaragoza;1;0;H;0;0;D;173;34;525;172;325;48;;;;;;;169;345;541;;;;17;325;55;;;;;;;;;;;;;;;;;;;;;
SP2;12/05/2024;Albacete;Leganes;1;0;H;1;0;H;255;29;31;235;3;295;;;;;;;252;289;314;;;;25;29;3;;;;;;;;;;;;;;;;;;;;;
SP2;12/05/2024;Cartagena;Tenerife;2;0;H;2;0;H;27;29;29;26;28;275;;;;;;;278;274;299;;;;263;288;288;;;;;;;;;;;;;;;;;;;;;
SP2;12/05/2024;Elche;Huesca;0;3;A;0;2;A;162;36;6;16;35;55;;;;;;;159;365;606;;;;16;35;6;;;;;;;;;;;;;;;;;;;;;
SP2;17/05/2024;Mirandes;Elche;1;1;D;0;0;D;33;325;22;32;31;215;;;;;;;357;324;225;;;;34;32;22;;;;;;;;;;;;;;;;;;;;;
SP2;18/05/2024;Andorra;Burgos;1;0;H;0;0;D;23;31;32;22;31;31;;;;;;;231;306;332;;;;225;32;32;;;;;;;;;;;;;;;;;;;;;
SP2;18/05/2024;Huesca;Santander;0;3;A;0;1;A;24;3;31;235;3;29;;;;;;;252;28;327;;;;24;32;3;;;;;;;;;;;;;;;;;;;;;
SP2;18/05/2024;Leganes;Sp Gijon;2;1;H;1;0;H;21;32;37;205;3;36;;;;;;;203;311;404;;;;205;31;39;;;;;;;;;;;;;;;;;;;;;
SP2;18/05/2024;Eldense;Levante;0;0;D;0;0;D;263;325;27;25;31;265;;;;;;;263;316;275;;;;26;32;27;;;;;;;;;;;;;;;;;;;;;
SP2;18/05/2024;Tenerife;Amorebieta;0;1;A;0;0;D;21;31;375;21;31;34;;;;;;;211;319;364;;;;21;31;37;;;;;;;;;;;;;;;;;;;;;
SP2;19/05/2024;Eibar;Cartagena;1;0;H;1;0;H;133;5;85;133;475;8;;;;;;;13;51;955;;;;13;48;95;;;;;;;;;;;;;;;;;;;;;
SP2;19/05/2024;Alcorcon;Valladolid;1;1;D;1;0;H;4;3;205;36;3;205;;;;;;;4;314;202;;;;39;3;205;;;;;;;;;;;;;;;;;;;;;
SP2;19/05/2024;Zaragoza;Ferrol;2;2;D;1;0;H;21;3;38;21;29;35;;;;;;;21;275;448;;;;21;3;37;;;;;;;;;;;;;;;;;;;;;
SP2;20/05/2024;Espanol;Oviedo;2;1;H;1;1;D;21;31;38;21;3;34;;;;;;;206;311;385;;;;21;31;36;;;;;;;;;;;;;;;;;;;;;
SP2;20/05/2024;Villarreal B;Albacete;2;2;D;1;2;A;22;35;31;21;34;31;;;;;;;218;355;307;;;;215;33;313;;;;;;;;;;;;;;;;;;;;;
SP2;26/05/2024;Albacete;Mirandes;2;2;D;1;0;H;263;32;275;25;3;265;;;;;;;257;321;27;26;325;26;26;31;27;;;;;;;;;;;;;;;;;;;;;
SP2;26/05/2024;Amorebieta;Espanol;0;0;D;0;0;D;36;32;215;34;31;205;;;;;;;349;321;211;35;325;205;34;32;21;;;;;;;;;;;;;;;;;;;;;
SP2;26/05/2024;Burgos;Tenerife;1;1;D;0;1;A;195;32;433;193;31;39;;;;;;;197;291;447;183;325;45;195;313;4;;;;;;;;;;;;;;;;;;;;;
SP2;26/05/2024;Cartagena;Huesca;0;2;A;0;1;A;42;31;205;37;295;205;;;;;;;389;3;207;36;3;215;39;3;205;;;;;;;;;;;;;;;;;;;;;
SP2;26/05/2024;Elche;Eldense;1;2;A;0;0;D;16;4;575;158;375;525;;;;;;;154;392;562;155;39;55;155;38;6;;;;;;;;;;;;;;;;;;;;;
SP2;26/05/2024;Ferrol;Leganes;2;2;D;1;1;D;28;3;27;275;29;255;;;;;;;279;299;265;275;31;26;28;29;263;;;;;;;;;;;;;;;;;;;;;
SP2;26/05/2024;Levante;Alcorcon;2;2;D;0;0;D;162;42;525;16;38;475;;;;;;;158;446;453;165;39;475;165;375;48;;;;;;;;;;;;;;;;;;;;;
SP2;26/05/2024;Oviedo;Andorra;3;0;H;0;0;D;145;475;65;143;44;6;;;;;;;141;462;643;14;46;7;14;45;7;;;;;;;;;;;;;;;;;;;;;
SP2;26/05/2024;Santander;Zaragoza;0;2;A;0;1;A;2;35;37;198;34;34;;;;;;;199;352;348;2;35;34;195;34;36;;;;;;;;;;;;;;;;;;;;;
SP2;26/05/2024;Sp Gijon;Eibar;1;0;H;0;0;D;27;325;263;245;34;245;;;;;;;259;345;253;26;34;25;255;34;255;;;;;;;;;;;;;;;;;;;;;
SP2;26/05/2024;Valladolid;Villarreal B;3;2;H;0;0;D;138;5;75;135;475;725;;;;;;;132;492;841;133;48;8;133;475;85;;;;;;;;;;;;;;;;;;;;;
SP2;02/06/2024;Alcorcon;Burgos;1;1;D;0;0;D;27;325;24;275;32;235;;;;;;;268;34;248;28;325;24;288;31;245;;;;;;;;;;;;;;;;;;;;;
SP2;02/06/2024;Andorra;Ferrol;1;0;H;0;0;D;215;35;3;215;33;31;;;;;;;223;32;322;215;33;32;22;325;32;;;;;;;;;;;;;;;;;;;;;
SP2;02/06/2024;Huesca;Levante;0;0;D;0;0;D;23;33;275;245;31;265;;;;;;;239;319;295;238;32;29;238;32;29;;;;;;;;;;;;;;;;;;;;;
SP2;02/06/2024;Eibar;Oviedo;4;3;H;2;1;H;195;33;4;19;32;39;;;;;;;193;297;456;191;33;39;191;325;4;;;;;;;;;;;;;;;;;;;;;
SP2;02/06/2024;Eldense;Sp Gijon;0;1;A;0;0;D;475;41;157;5;41;153;;;;;;;535;397;156;55;4;153;55;4;155;;;;;;;;;;;;;;;;;;;;;
SP2;02/06/2024;Espanol;Cartagena;3;0;H;0;0;D;14;41;7;146;42;6;;;;;;;14;442;71;14;433;75;14;42;8;;;;;;;;;;;;;;;;;;;;;
SP2;02/06/2024;Leganes;Elche;2;0;H;2;0;H;157;31;7;155;34;675;;;;;;;156;297;948;153;34;75;157;34;65;;;;;;;;;;;;;;;;;;;;;
SP2;02/06/2024;Mirandes;Amorebieta;1;0;H;0;0;D;215;33;33;205;33;325;;;;;;;211;351;318;21;33;33;215;325;33;;;;;;;;;;;;;;;;;;;;;
SP2;02/06/2024;Tenerife;Valladolid;2;1;H;0;0;D;215;35;3;21;31;33;;;;;;;227;293;346;21;325;34;22;3;34;;;;;;;;;;;;;;;;;;;;;
SP2;02/06/2024;Villarreal B;Santander;1;0;H;0;0;D;475;375;162;433;38;165;;;;;;;445;399;166;46;39;165;46;38;167;;;;;;;;;;;;;;;;;;;;;
SP2;02/06/2024;Zaragoza;Albacete;1;1;D;0;0;D;195;34;36;195;33;35;;;;;;;196;336;376;195;34;37;195;33;375;;;;;;;;;;;;;;;;;;;;;
SP2;15/08/2024;Granada;Albacete;1;2;A;1;2;A;18;35;433;182;325;42;;;;;;;186;347;474;183;33;433;;;;;;;;;;;;;;;;;;;;;;;;
SP2;16/08/2024;Mirandes;Cordoba;1;0;H;1;0;H;3;3;255;287;29;245;;;;;;;313;305;26;262;3;27;;;;;;;;;;;;;;;;;;;;;;;;
SP2;16/08/2024;Cadiz;Zaragoza;0;4;A;0;2;A;195;3;433;195;285;42;;;;;;;205;305;457;185;32;44;;;;;;;;;;;;;;;;;;;;;;;;
SP2;17/08/2024;Eibar;Castellon;1;0;H;1;0;H;18;35;45;175;34;42;;;;;;;176;371;461;17;35;5;;;;;;;;;;;;;;;;;;;;;;;;
SP2;17/08/2024;Ferrol;Malaga;2;2;D;0;1;A;23;29;35;22;295;33;;;;;;;231;305;347;215;3;35;;;;;;;;;;;;;;;;;;;;;;;;
SP2;17/08/2024;La Coruna;Oviedo;0;1;A;0;1;A;25;31;29;24;3;285;;;;;;;259;302;302;23;31;31;;;;;;;;;;;;;;;;;;;;;;;;
SP2;18/08/2024;Santander;Almeria;2;2;D;2;0;H;26;32;275;25;31;265;;;;;;;269;317;276;26;32;262;;;;;;;;;;;;;;;;;;;;;;;;
SP2;18/08/2024;Sp Gijon;Levante;1;2;A;0;2;A;195;31;433;195;3;39;;;;;;;2;312;432;195;32;4;;;;;;;;;;;;;;;;;;;;;;;;
SP2;18/08/2024;Burgos;Cartagena;3;1;H;2;1;H;195;32;42;188;31;41;;;;;;;193;325;438;191;31;42;;;;;;;;;;;;;;;;;;;;;;;;
SP2;18/08/2024;Elche;Huesca;0;1;A;0;0;D;2;288;45;2;295;39;;;;;;;206;306;421;191;31;44;;;;;;;;;;;;;;;;;;;;;;;;
SP2;19/08/2024;Eldense;Tenerife;2;1;H;0;0;D;23;29;32;23;295;3;;;;;;;25;295;322;238;3;31;;;;;;;;;;;;;;;;;;;;;;;;
SP2;23/08/2024;Santander;Eibar;2;2;D;0;1;A;225;33;32;225;31;3;;;;;;;237;309;349;245;31;288;;;;;;;;;;;;;;;;;;;;;;;;
SP2;23/08/2024;Huesca;La Coruna;2;1;H;1;0;H;25;288;32;245;275;3;;;;;;;267;273;341;238;3;31;;;;;;;;;;;;;;;;;;;;;;;;
SP2;24/08/2024;Ferrol;Granada;0;1;A;0;0;D;32;3;245;28;295;25;;;;;;;316;3;25;29;31;24;;;;;;;;;;;;;;;;;;;;;;;;
SP2;24/08/2024;Sp Gijon;Eldense;0;0;D;0;0;D;185;34;433;18;32;433;;;;;;;188;323;468;18;34;433;;;;;;;;;;;;;;;;;;;;;;;;
SP2;24/08/2024;Levante;Cadiz;1;1;D;0;0;D;205;33;375;205;31;34;;;;;;;212;318;38;205;325;35;;;;;;;;;;;;;;;;;;;;;;;;
SP2;24/08/2024;Malaga;Mirandes;1;1;D;0;1;A;173;35;525;173;325;475;;;;;;;173;349;526;173;34;475;;;;;;;;;;;;;;;;;;;;;;;;
SP2;24/08/2024;Tenerife;Almeria;0;1;A;0;0;D;27;29;28;26;287;27;;;;;;;274;286;277;262;3;27;;;;;;;;;;;;;;;;;;;;;;;;
SP2;25/08/2024;Albacete;Elche;1;0;H;0;0;D;24;29;33;24;3;285;;;;;;;245;298;327;24;32;288;;;;;;;;;;;;;;;;;;;;;;;;
SP2;25/08/2024;Castellon;Oviedo;0;0;D;0;0;D;21;32;375;21;31;34;;;;;;;215;321;365;21;325;34;;;;;;;;;;;;;;;;;;;;;;;;
SP2;26/08/2024;Cartagena;Zaragoza;1;2;A;1;0;H;31;29;255;29;285;245;;;;;;;311;294;259;288;3;25;;;;;;;;;;;;;;;;;;;;;;;;
SP2;26/08/2024;Cordoba;Burgos;2;2;D;0;0;D;215;32;35;21;31;34;;;;;;;225;284;396;2;325;37;;;;;;;;;;;;;;;;;;;;;;;;
SP2;30/08/2024;Granada;Huesca;1;3;A;0;1;A;18;34;475;18;325;433;;;;;;;184;344;499;;;;;;;;;;;;;;;;;;;;;;;;;;;
SP2;30/08/2024;Oviedo;Santander;1;3;A;1;2;A;215;33;34;21;32;32;;;;;;;222;328;359;;;;;;;;;;;;;;;;;;;;;;;;;;;
SP2;31/08/2024;Cadiz;Tenerife;2;2;D;0;1;A;183;32;475;18;32;44;;;;;;;185;328;485;;;;;;;;;;;;;;;;;;;;;;;;;;;
SP2;31/08/2024;Almeria;Sp Gijon;1;1;D;0;0;D;173;35;5;173;35;44;;;;;;;171;37;504;;;;;;;;;;;;;;;;;;;;;;;;;;;
SP2;31/08/2024;Malaga;Albacete;2;1;H;1;1;D;215;31;36;21;31;34;;;;;;;219;312;366;;;;;;;;;;;;;;;;;;;;;;;;;;;
SP2;01/09/2024;Burgos;Castellon;0;2;A;0;0;D;25;32;288;245;31;27;;;;;;;253;32;293;;;;;;;;;;;;;;;;;;;;;;;;;;;
SP2;01/09/2024;La Coruna;Ferrol;1;0;H;0;0;D;185;33;433;188;32;4;;;;;;;19;333;446;;;;;;;;;;;;;;;;;;;;;;;;;;;
SP2;01/09/2024;Eldense;Cartagena;1;2;A;1;0;H;195;33;4;19;32;39;;;;;;;2;319;42;;;;;;;;;;;;;;;;;;;;;;;;;;;
SP2;01/09/2024;Mirandes;Zaragoza;0;0;D;0;0;D;288;3;263;27;295;255;;;;;;;298;302;262;;;;;;;;;;;;;;;;;;;;;;;;;;;
SP2;02/09/2024;Eibar;Levante;2;2;D;0;1;A;2;35;36;198;33;35;;;;;;;204;328;391;;;;;;;;;;;;;;;;;;;;;;;;;;;
SP2;02/09/2024;Elche;Cordoba;3;1;H;1;0;H;21;31;375;21;31;34;;;;;;;214;32;369;;;;;;;;;;;;;;;;;;;;;;;;;;;
SP2;06/09/2024;Tenerife;Santander;0;1;A;0;0;D;235;33;3;235;31;285;;;;;;;243;329;315;24;325;28;;;;;;;;;;;;;;;;;;;;;;;;
SP2;07/09/2024;Granada;La Coruna;1;1;D;1;0;H;215;33;35;21;31;33;;;;;;;226;313;348;205;34;34;;;;;;;;;;;;;;;;;;;;;;;;
SP2;07/09/2024;Huesca;Burgos;0;1;A;0;0;D;225;31;34;23;3;3;;;;;;;237;3;339;23;31;31;;;;;;;;;;;;;;;;;;;;;;;;
SP2;07/09/2024;Sp Gijon;Oviedo;3;1;H;2;0;H;215;325;35;215;3;33;;;;;;;22;302;377;225;3;33;;;;;;;;;;;;;;;;;;;;;;;;
SP2;07/09/2024;Cordoba;Malaga;0;0;D;0;0;D;21;31;375;205;3;35;;;;;;;214;316;373;195;33;37;;;;;;;;;;;;;;;;;;;;;;;;
SP2;08/09/2024;Ferrol;Mirandes;0;0;D;0;0;D;18;36;433;177;32;45;;;;;;;184;336;473;175;34;46;;;;;;;;;;;;;;;;;;;;;;;;
SP2;08/09/2024;Cartagena;Levante;0;1;A;0;1;A;3;325;235;3;31;225;;;;;;;31;315;244;31;325;225;;;;;;;;;;;;;;;;;;;;;;;;
SP2;08/09/2024;Eldense;Almeria;1;0;H;0;0;D;3;32;24;295;32;225;;;;;;;317;312;242;31;325;225;;;;;;;;;;;;;;;;;;;;;;;;
SP2;08/09/2024;Zaragoza;Elche;3;0;H;1;0;H;225;32;33;22;3;33;;;;;;;231;302;35;215;31;34;;;;;;;;;;;;;;;;;;;;;;;;
SP2;09/09/2024;Albacete;Eibar;0;1;A;0;1;A;225;32;33;22;32;31;;;;;;;232;324;322;22;325;32;;;;;;;;;;;;;;;;;;;;;;;;
SP2;09/09/2024;Castellon;Cadiz;1;3;A;0;0;D;22;33;325;215;325;3;;;;;;;223;336;328;215;34;31;;;;;;;;;;;;;;;;;;;;;;;;
SP2;13/09/2024;Cordoba;La Coruna;2;0;H;1;0;H;238;31;31;235;3;295;;;;;;;245;309;327;25;31;28;;;;;;;;;;;;;;;;;;;;;;;;
SP2;14/09/2024;Eibar;Tenerife;1;0;H;0;0;D;17;36;5;17;34;46;;;;;;;169;363;526;17;35;48;;;;;;;;;;;;;;;;;;;;;;;;
SP2;14/09/2024;Levante;Eldense;3;1;H;1;1;D;17;35;525;171;34;46;;;;;;;172;358;512;173;35;46;;;;;;;;;;;;;;;;;;;;;;;;
SP2;14/09/2024;Malaga;Huesca;1;0;H;1;0;H;215;325;35;21;295;36;;;;;;;221;305;365;195;32;39;;;;;;;;;;;;;;;;;;;;;;;;
SP2;14/09/2024;Santander;Sp Gijon;1;0;H;1;0;H;21;32;37;2;33;33;;;;;;;209;336;359;2;35;34;;;;;;;;;;;;;;;;;;;;;;;;
SP2;15/09/2024;Mirandes;Albacete;2;0;H;1;0;H;245;31;3;24;3;285;;;;;;;26;281;32;245;31;288;;;;;;;;;;;;;;;;;;;;;;;;
SP2;15/09/2024;Oviedo;Cartagena;1;0;H;0;0;D;173;35;5;168;34;5;;;;;;;169;346;562;165;35;55;;;;;;;;;;;;;;;;;;;;;;;;
SP2;15/09/2024;Burgos;Zaragoza;1;0;H;0;0;D;24;31;31;23;31;29;;;;;;;241;311;315;23;32;3;;;;;;;;;;;;;;;;;;;;;;;;
SP2;15/09/2024;Cadiz;Ferrol;0;0;D;0;0;D;167;36;55;165;35;48;;;;;;;165;385;522;165;36;5;;;;;;;;;;;;;;;;;;;;;;;;
SP2;15/09/2024;Elche;Granada;2;2;D;1;0;H;23;325;31;22;32;3;;;;;;;228;323;327;205;34;34;;;;;;;;;;;;;;;;;;;;;;;;
SP2;16/09/2024;Almeria;Castellon;2;5;A;0;1;A;215;34;33;215;325;3;;;;;;;203;346;324;191;35;37;;;;;;;;;;;;;;;;;;;;;;;;
SP2;20/09/2024;Granada;Malaga;2;2;D;0;0;D;183;34;433;178;33;433;;;;;;;186;348;475;;;;;;;;;;;;;;;;;;;;;;;;;;;
SP2;21/09/2024;Ferrol;Albacete;1;4;A;0;0;D;245;29;31;245;29;29;;;;;;;252;297;317;;;;;;;;;;;;;;;;;;;;;;;;;;;
SP2;21/09/2024;Eldense;Oviedo;1;1;D;1;1;D;3;288;263;28;287;25;;;;;;;303;292;265;;;;;;;;;;;;;;;;;;;;;;;;;;;
SP2;21/09/2024;La Coruna;Burgos;0;2;A;0;0;D;19;33;42;187;325;39;;;;;;;193;326;438;;;;;;;;;;;;;;;;;;;;;;;;;;;
SP2;21/09/2024;Zaragoza;Levante;2;1;H;1;1;D;2;32;4;195;32;37;;;;;;;206;329;383;;;;;;;;;;;;;;;;;;;;;;;;;;;
SP2;22/09/2024;Tenerife;Sp Gijon;1;1;D;0;1;A;235;3;33;225;29;31;;;;;;;237;288;356;;;;;;;;;;;;;;;;;;;;;;;;;;;
SP2;22/09/2024;Cartagena;Cadiz;1;2;A;0;1;A;32;33;225;3;3;225;;;;;;;339;315;229;;;;;;;;;;;;;;;;;;;;;;;;;;;
SP2;22/09/2024;Castellon;Santander;0;1;A;0;0;D;18;36;433;18;36;38;;;;;;;188;37;402;;;;;;;;;;;;;;;;;;;;;;;;;;;
SP2;22/09/2024;Elche;Mirandes;1;0;H;0;0;D;17;325;6;163;33;55;;;;;;;169;345;58;;;;;;;;;;;;;;;;;;;;;;;;;;;
SP2;22/09/2024;Almeria;Eibar;2;2;D;0;1;A;191;34;41;19;34;36;;;;;;;195;348;398;;;;;;;;;;;;;;;;;;;;;;;;;;;
SP2;23/09/2024;Huesca;Cordoba;4;1;H;3;1;H;26;3;29;24;285;3;;;;;;;275;272;314;;;;;;;;;;;;;;;;;;;;;;;;;;;
SP2;27/09/2024;Albacete;La Coruna;2;5;A;1;2;A;22;33;325;22;32;31;;;;;;;229;323;347;;;;;;;;;;;;;;;;;;;;;;;;;;;
SP2;28/09/2024;Cadiz;Eldense;1;2;A;0;1;A;175;36;45;172;33;475;;;;;;;178;347;494;;;;;;;;;;;;;;;;;;;;;;;;;;;
SP2;28/09/2024;Mirandes;Huesca;1;0;H;1;0;H;255;27;34;25;27;31;;;;;;;266;257;352;;;;;;;;;;;;;;;;;;;;;;;;;;;
SP2;28/09/2024;Sp Gijon;Zaragoza;1;0;H;1;0;H;235;3;33;23;29;31;;;;;;;234;298;348;;;;;;;;;;;;;;;;;;;;;;;;;;;
SP2;28/09/2024;Malaga;Elche;0;3;A;0;1;A;25;3;3;25;3;27;;;;;;;259;299;304;;;;;;;;;;;;;;;;;;;;;;;;;;;
SP2;29/09/2024;Levante;Almeria;4;2;H;2;2;D;25;34;27;24;34;26;;;;;;;246;348;281;;;;;;;;;;;;;;;;;;;;;;;;;;;
SP2;29/09/2024;Burgos;Granada;2;2;D;0;0;D;235;325;31;235;32;28;;;;;;;24;32;312;;;;;;;;;;;;;;;;;;;;;;;;;;;
SP2;29/09/2024;Castellon;Tenerife;2;1;H;1;0;H;175;35;475;173;35;42;;;;;;;173;379;47;;;;;;;;;;;;;;;;;;;;;;;;;;;
SP2;29/09/2024;Cordoba;Ferrol;3;1;H;1;0;H;183;36;42;185;32;41;;;;;;;181;343;481;;;;;;;;;;;;;;;;;;;;;;;;;;;
SP2;29/09/2024;Oviedo;Eibar;1;0;H;0;0;D;225;29;37;215;295;34;;;;;;;227;301;361;;;;;;;;;;;;;;;;;;;;;;;;;;;
SP2;30/09/2024;Santander;Cartagena;1;2;A;0;1;A;148;41;7;15;41;55;;;;;;;148;432;661;;;;;;;;;;;;;;;;;;;;;;;;;;;
SP2;04/10/2024;Huesca;Cadiz;3;1;H;1;0;H;31;28;27;29;265;265;;;;;;;32;272;284;;;;;;;;;;;;;;;;;;;;;;;;;;;
SP2;05/10/2024;Ferrol;Elche;1;0;H;1;0;H;33;29;24;31;29;23;;;;;;;347;292;244;;;;;;;;;;;;;;;;;;;;;;;;;;;
SP2;05/10/2024;Eibar;Sp Gijon;1;3;A;1;2;A;205;3;42;2;295;375;;;;;;;205;291;455;;;;;;;;;;;;;;;;;;;;;;;;;;;
SP2;05/10/2024;Mirandes;Granada;0;1;A;0;1;A;288;29;27;265;295;26;;;;;;;287;296;275;;;;;;;;;;;;;;;;;;;;;;;;;;;
SP2;05/10/2024;Almeria;Burgos;2;0;H;1;0;H;173;38;45;17;37;42;;;;;;;172;391;459;;;;;;;;;;;;;;;;;;;;;;;;;;;
SP2;05/10/2024;Zaragoza;Santander;2;3;A;0;2;A;22;34;31;21;325;31;;;;;;;224;336;328;;;;;;;;;;;;;;;;;;;;;;;;;;;
SP2;05/10/2024;Tenerife;Cartagena;2;0;H;1;0;H;183;33;475;182;32;433;;;;;;;184;333;475;;;;;;;;;;;;;;;;;;;;;;;;;;;
SP2;06/10/2024;La Coruna;Malaga;0;0;D;0;0;D;185;325;45;187;32;41;;;;;;;184;344;457;;;;;;;;;;;;;;;;;;;;;;;;;;;
SP2;06/10/2024;Eldense;Castellon;2;3;A;2;3;A;26;32;275;24;33;26;;;;;;;262;325;277;;;;;;;;;;;;;;;;;;;;;;;;;;;
SP2;06/10/2024;Levante;Oviedo;0;0;D;0;0;D;21;33;35;205;32;34;;;;;;;213;328;364;;;;;;;;;;;;;;;;;;;;;;;;;;;
SP2;06/10/2024;Albacete;Cordoba;1;1;D;1;0;H;21;34;35;205;32;33;;;;;;;211;329;365;;;;;;;;;;;;;;;;;;;;;;;;;;;
SP2;11/10/2024;Tenerife;Zaragoza;2;3;A;1;0;H;24;27;35;23;28;325;;;;;;;247;283;363;24;288;32;;;;;;;;;;;;;;;;;;;;;;;;
SP2;12/10/2024;Cartagena;Ferrol;0;1;A;0;0;D;255;288;31;24;285;3;;;;;;;255;29;331;23;3;32;;;;;;;;;;;;;;;;;;;;;;;;
SP2;12/10/2024;Cadiz;Malaga;2;2;D;2;0;H;175;34;5;17;33;48;;;;;;;175;351;511;165;35;55;;;;;;;;;;;;;;;;;;;;;;;;
SP2;12/10/2024;Eibar;Eldense;1;0;H;1;0;H;173;35;5;17;35;46;;;;;;;173;369;49;17;36;46;;;;;;;;;;;;;;;;;;;;;;;;
SP2;13/10/2024;Huesca;Albacete;2;2;D;1;2;A;245;29;32;24;29;3;;;;;;;259;288;317;245;3;3;;;;;;;;;;;;;;;;;;;;;;;;
SP2;13/10/2024;Oviedo;Almeria;3;2;H;2;1;H;235;325;3;225;32;29;;;;;;;242;321;308;225;33;3;;;;;;;;;;;;;;;;;;;;;;;;
SP2;13/10/2024;Santander;Levante;1;0;H;0;0;D;205;36;34;198;35;325;;;;;;;209;343;357;2;36;33;;;;;;;;;;;;;;;;;;;;;;;;
SP2;13/10/2024;Burgos;Mirandes;0;1;A;0;0;D;195;31;433;198;3;38;;;;;;;205;326;39;2;31;39;;;;;;;;;;;;;;;;;;;;;;;;
SP2;13/10/2024;Granada;Cordoba;1;0;H;0;0;D;191;35;4;19;34;36;;;;;;;197;343;395;195;34;36;;;;;;;;;;;;;;;;;;;;;;;;
SP2;13/10/2024;Elche;La Coruna;0;0;D;0;0;D;26;28;3;235;31;287;;;;;;;234;295;298;22;325;31;;;;;;;;;;;;;;;;;;;;;;;;
SP2;14/10/2024;Sp Gijon;Castellon;2;1;H;0;1;A;225;35;3;22;34;287;;;;;;;225;359;306;22;36;29;;;;;;;;;;;;;;;;;;;;;;;;
SP2;18/10/2024;Cordoba;Cartagena;2;1;H;0;0;D;16;37;625;16;36;55;;;;;;;161;393;615;;;;;;;;;;;;;;;;;;;;;;;;;;;
SP2;19/10/2024;La Coruna;Eldense;1;1;D;1;1;D;183;35;42;183;33;41;;;;;;;183;352;452;;;;;;;;;;;;;;;;;;;;;;;;;;;
SP2;19/10/2024;Malaga;Oviedo;0;0;D;0;0;D;27;3;28;265;287;265;;;;;;;277;287;295;;;;;;;;;;;;;;;;;;;;;;;;;;;
SP2;19/10/2024;Castellon;Levante;2;0;H;0;0;D;21;34;34;205;34;32;;;;;;;212;343;348;;;;;;;;;;;;;;;;;;;;;;;;;;;
SP2;19/10/2024;Granada;Tenerife;4;0;H;2;0;H;165;35;575;162;34;525;;;;;;;168;353;573;;;;;;;;;;;;;;;;;;;;;;;;;;;
SP2;19/10/2024;Mirandes;Eibar;1;0;H;1;0;H;3;288;263;285;28;255;;;;;;;304;278;277;;;;;;;;;;;;;;;;;;;;;;;;;;;
SP2;20/10/2024;Cadiz;Santander;0;1;A;0;0;D;215;34;33;21;33;3;;;;;;;215;349;336;;;;;;;;;;;;;;;;;;;;;;;;;;;
SP2;20/10/2024;Ferrol;Huesca;0;0;D;0;0;D;245;28;33;235;28;31;;;;;;;251;287;33;;;;;;;;;;;;;;;;;;;;;;;;;;;
SP2;20/10/2024;Elche;Sp Gijon;2;1;H;0;0;D;195;32;41;2;31;35;;;;;;;205;322;397;;;;;;;;;;;;;;;;;;;;;;;;;;;
SP2;20/10/2024;Zaragoza;Almeria;1;2;A;1;1;D;22;34;32;215;325;31;;;;;;;226;342;318;;;;;;;;;;;;;;;;;;;;;;;;;;;
SP2;21/10/2024;Albacete;Burgos;2;0;H;2;0;H;195;33;4;195;325;36;;;;;;;198;332;407;;;;;;;;;;;;;;;;;;;;;;;;;;;
SP2;22/10/2024;Oviedo;Mirandes;4;1;H;2;0;H;18;29;575;183;285;5;;;;;;;185;303;605;17;32;55;;;;;;;;;;;;;;;;;;;;;;;;
SP2;22/10/2024;Castellon;Granada;2;3;A;2;1;H;215;35;325;215;33;3;;;;;;;221;359;331;225;35;288;;;;;;;;;;;;;;;;;;;;;;;;
SP2;23/10/2024;Eibar;Cadiz;1;0;H;1;0;H;23;31;33;225;295;31;;;;;;;237;298;342;225;31;32;;;;;;;;;;;;;;;;;;;;;;;;
SP2;23/10/2024;Eldense;Zaragoza;2;3;A;1;2;A;257;32;265;255;3;265;;;;;;;275;305;28;;;;;;;;;;;;;;;;;;;;;;;;;;;
SP2;23/10/2024;Cartagena;Elche;0;0;D;0;0;D;34;3;23;325;295;22;;;;;;;353;301;23;39;32;195;;;;;;;;;;;;;;;;;;;;;;;;
SP2;23/10/2024;Santander;Cordoba;2;0;H;0;0;D;185;35;42;182;35;375;;;;;;;187;361;415;185;36;38;;;;;;;;;;;;;;;;;;;;;;;;
SP2;24/10/2024;Almeria;Albacete;3;1;H;1;1;D;173;36;475;175;36;4;;;;;;;173;401;443;;;;;;;;;;;;;;;;;;;;;;;;;;;
SP2;24/10/2024;Levante;La Coruna;2;1;H;2;0;H;21;34;34;2;33;33;;;;;;;215;329;356;;;;;;;;;;;;;;;;;;;;;;;;;;;
SP2;24/10/2024;Burgos;Ferrol;1;1;D;1;1;D;205;325;38;198;31;37;;;;;;;204;292;455;;;;;;;;;;;;;;;;;;;;;;;;;;;
SP2;24/10/2024;Sp Gijon;Huesca;2;1;H;1;0;H;191;31;433;195;3;4;;;;;;;197;298;477;;;;;;;;;;;;;;;;;;;;;;;;;;;
SP2;24/10/2024;Tenerife;Malaga;0;0;D;0;0;D;2;31;42;198;295;39;;;;;;;204;303;433;;;;;;;;;;;;;;;;;;;;;;;;;;;
SP2;26/10/2024;Cadiz;Oviedo;2;0;H;1;0;H;235;32;31;225;3;3;;;;;;;238;316;32;;;;;;;;;;;;;;;;;;;;;;;;;;;
SP2;26/10/2024;Mirandes;Cartagena;3;1;H;2;0;H;19;3;5;183;295;46;;;;;;;193;301;491;;;;;;;;;;;;;;;;;;;;;;;;;;;
SP2;26/10/2024;Cordoba;Eldense;2;0;H;1;0;H;18;35;45;178;34;42;;;;;;;178;354;478;;;;;;;;;;;;;;;;;;;;;;;;;;;
SP2;26/10/2024;Zaragoza;Castellon;1;2;A;1;1;D;196;35;37;2;34;325;;;;;;;206;346;36;;;;;;;;;;;;;;;;;;;;;;;;;;;
SP2;27/10/2024;Malaga;Eibar;1;0;H;1;0;H;26;29;29;25;29;28;;;;;;;266;285;31;;;;;;;;;;;;;;;;;;;;;;;;;;;
SP2;27/10/2024;Elche;Burgos;1;0;H;1;0;H;18;34;475;18;325;433;;;;;;;179;338;5;;;;;;;;;;;;;;;;;;;;;;;;;;;
SP2;27/10/2024;La Coruna;Santander;1;2;A;0;2;A;24;325;29;235;32;28;;;;;;;245;32;304;;;;;;;;;;;;;;;;;;;;;;;;;;;
SP2;27/10/2024;Albacete;Sp Gijon;3;3;D;1;2;A;23;32;31;225;31;295;;;;;;;237;314;323;;;;;;;;;;;;;;;;;;;;;;;;;;;
SP2;27/10/2024;Huesca;Almeria;2;2;D;1;0;H;28;32;25;275;31;245;;;;;;;295;312;257;;;;;;;;;;;;;;;;;;;;;;;;;;;
SP2;27/10/2024;Granada;Levante;1;2;A;0;2;A;2;34;375;195;34;34;;;;;;;204;349;364;;;;;;;;;;;;;;;;;;;;;;;;;;;
SP2;28/10/2024;Ferrol;Tenerife;1;1;D;1;1;D;257;275;3;237;287;3;;;;;;;277;288;293;;;;;;;;;;;;;;;;;;;;;;;;;;;
SP2;02/11/2024;Eibar;Elche;0;2;A;0;2;A;245;3;31;237;29;295;;;;;;;252;29;324;;;;;;;;;;;;;;;;;;;;;;;;;;;
SP2;02/11/2024;Cartagena;La Coruna;1;5;A;0;2;A;36;31;215;32;31;215;;;;;;;366;321;214;;;;;;;;;;;;;;;;;;;;;;;;;;;
SP2;02/11/2024;Sp Gijon;Cadiz;2;0;H;1;0;H;238;3;33;23;3;3;;;;;;;239;3;336;;;;;;;;;;;;;;;;;;;;;;;;;;;
SP2;02/11/2024;Santander;Albacete;1;1;D;1;0;H;17;39;45;17;37;42;;;;;;;172;386;466;;;;;;;;;;;;;;;;;;;;;;;;;;;
SP2;02/11/2024;Zaragoza;Granada;2;1;H;1;0;H;205;275;375;205;32;34;;;;;;;211;33;365;;;;;;;;;;;;;;;;;;;;;;;;;;;
SP2;03/11/2024;Oviedo;Burgos;3;1;H;1;1;D;183;35;433;183;325;41;;;;;;;185;341;456;;;;;;;;;;;;;;;;;;;;;;;;;;;
SP2;03/11/2024;Tenerife;Mirandes;1;0;H;1;0;H;21;3;41;205;28;39;;;;;;;214;286;428;;;;;;;;;;;;;;;;;;;;;;;;;;;
SP2;08/11/2024;Elche;Almeria;1;2;A;1;1;D;2;35;36;195;33;35;;;;;;;204;351;386;195;35;35;;;;;;;;;;;;;;;;;;;;;;;;
SP2;09/11/2024;Mirandes;Cadiz;2;2;D;1;1;D;31;255;29;285;265;265;;;;;;;311;256;297;27;3;262;;;;;;;;;;;;;;;;;;;;;;;;
SP2;09/11/2024;Granada;Eldense;3;2;H;2;0;H;162;39;525;163;36;5;;;;;;;161;39;557;17;37;46;;;;;;;;;;;;;;;;;;;;;;;;
SP2;09/11/2024;Huesca;Zaragoza;1;1;D;1;0;H;31;27;275;31;265;25;;;;;;;34;267;263;3;3;245;;;;;;;;;;;;;;;;;;;;;;;;
SP2;09/11/2024;Malaga;Cartagena;1;0;H;1;0;H;175;35;5;175;325;46;;;;;;;175;349;516;18;33;45;;;;;;;;;;;;;;;;;;;;;;;;
SP2;10/11/2024;Cordoba;Castellon;2;2;D;0;2;A;255;32;28;23;34;265;;;;;;;24;353;286;215;37;29;;;;;;;;;;;;;;;;;;;;;;;;
SP2;10/11/2024;Burgos;Sp Gijon;0;2;A;0;1;A;245;31;29;24;29;295;;;;;;;265;272;328;238;32;288;;;;;;;;;;;;;;;;;;;;;;;;
SP2;10/11/2024;Ferrol;Santander;1;2;A;0;2;A;33;32;22;3;32;22;;;;;;;333;325;226;31;33;22;;;;;;;;;;;;;;;;;;;;;;;;
SP2;10/11/2024;Albacete;Oviedo;2;2;D;1;1;D;238;34;288;235;3;295;;;;;;;255;287;324;238;325;288;;;;;;;;;;;;;;;;;;;;;;;;
SP2;11/11/2024;La Coruna;Eibar;1;0;H;0;0;D;195;32;4;193;32;375;;;;;;;203;334;385;;;;;;;;;;;;;;;;;;;;;;;;;;;
SP2;16/11/2024;Eibar;Ferrol;2;0;H;0;0;D;18;33;5;175;33;45;;;;;;;181;334;523;175;34;46;;;;;;;;;;;;;;;;;;;;;;;;
SP2;16/11/2024;Castellon;Mirandes;1;3;A;0;3;A;175;36;45;175;35;41;;;;;;;181;371;453;173;37;433;;;;;;;;;;;;;;;;;;;;;;;;
SP2;16/11/2024;Eldense;Albacete;2;0;H;1;0;H;23;325;31;23;32;285;;;;;;;235;337;317;23;32;3;;;;;;;;;;;;;;;;;;;;;;;;
SP2;16/11/2024;Levante;Elche;1;1;D;0;1;A;238;32;3;23;3;295;;;;;;;242;319;32;23;33;29;;;;;;;;;;;;;;;;;;;;;;;;
SP2;16/11/2024;Santander;Burgos;2;0;H;2;0;H;157;41;55;158;39;5;;;;;;;158;418;576;155;42;5;;;;;;;;;;;;;;;;;;;;;;;;
SP2;16/11/2024;Sp Gijon;Granada;1;2;A;0;0;D;19;35;39;188;33;38;;;;;;;193;342;413;185;34;4;;;;;;;;;;;;;;;;;;;;;;;;
SP2;17/11/2024;Cadiz;Cordoba;2;0;H;2;0;H;195;33;4;187;325;39;;;;;;;195;334;416;195;34;37;;;;;;;;;;;;;;;;;;;;;;;;
SP2;17/11/2024;Oviedo;Tenerife;3;1;H;2;0;H;17;35;525;173;32;48;;;;;;;17;342;574;17;34;5;;;;;;;;;;;;;;;;;;;;;;;;
SP2;17/11/2024;Almeria;La Coruna;2;1;H;2;1;H;195;35;375;198;34;34;;;;;;;201;345;378;195;37;34;;;;;;;;;;;;;;;;;;;;;;;;
SP2;17/11/2024;Cartagena;Huesca;1;0;H;1;0;H;29;288;27;29;275;26;;;;;;;307;285;269;28;28;27;;;;;;;;;;;;;;;;;;;;;;;;
SP2;17/11/2024;Zaragoza;Malaga;0;0;D;0;0;D;185;32;475;182;32;42;;;;;;;186;324;483;185;33;42;;;;;;;;;;;;;;;;;;;;;;;;
SP2;20/11/2024;Eldense;Huesca;2;1;H;1;0;H;23;3;34;22;285;34;;;;;;;238;279;368;;;;;;;;;;;;;;;;;;;;;;;;;;;
SP2;22/11/2024;Ferrol;Levante;0;0;D;0;0;D;32;3;235;31;3;225;;;;;;;338;31;241;3;31;238;;;;;;;;;;;;;;;;;;;;;;;;
SP2;23/11/2024;Cartagena;Almeria;1;2;A;1;1;D;41;37;18;41;35;177;;;;;;;453;367;182;433;36;175;;;;;;;;;;;;;;;;;;;;;;;;
SP2;23/11/2024;Granada;Cadiz;0;0;D;0;0;D;21;325;35;205;32;34;;;;;;;212;33;362;205;34;34;;;;;;;;;;;;;;;;;;;;;;;;
SP2;23/11/2024;Burgos;Eibar;1;0;H;0;0;D;238;3;32;23;3;3;;;;;;;248;282;343;225;31;32;;;;;;;;;;;;;;;;;;;;;;;;
SP2;23/11/2024;Cordoba;Zaragoza;2;2;D;1;1;D;23;31;325;225;32;295;;;;;;;234;313;331;22;325;31;;;;;;;;;;;;;;;;;;;;;;;;
SP2;23/11/2024;Malaga;Santander;0;0;D;0;0;D;275;32;255;27;31;245;;;;;;;277;322;265;262;32;26;;;;;;;;;;;;;;;;;;;;;;;;
SP2;24/11/2024;Albacete;Tenerife;2;1;H;1;0;H;2;33;38;198;31;37;;;;;;;198;328;415;185;34;4;;;;;;;;;;;;;;;;;;;;;;;;
SP2;24/11/2024;La Coruna;Sp Gijon;1;1;D;0;0;D;21;325;35;205;32;33;;;;;;;218;317;362;2;34;35;;;;;;;;;;;;;;;;;;;;;;;;
SP2;24/11/2024;Mirandes;Eldense;1;0;H;0;0;D;21;31;375;21;3;35;;;;;;;215;3;397;205;31;37;;;;;;;;;;;;;;;;;;;;;;;;
SP2;24/11/2024;Huesca;Castellon;1;1;D;0;0;D;27;33;255;26;325;25;;;;;;;278;324;262;25;34;26;;;;;;;;;;;;;;;;;;;;;;;;
SP2;24/11/2024;Elche;Oviedo;4;0;H;2;0;H;215;3;375;21;29;37;;;;;;;213;307;391;215;31;34;;;;;;;;;;;;;;;;;;;;;;;;
SP2;26/11/2024;Almeria;Cordoba;4;0;H;0;0;D;167;41;45;166;39;42;;;;;;;172;424;454;17;38;433;;;;;;;;;;;;;;;;;;;;;;;;
SP2;27/11/2024;Castellon;Ferrol;0;0;D;0;0;D;16;39;55;161;375;475;;;;;;;163;402;523;16;4;48;;;;;;;;;;;;;;;;;;;;;;;;
SP2;27/11/2024;Levante;Malaga;4;2;H;2;2;D;18;34;475;183;33;4;;;;;;;185;346;447;183;35;4;;;;;;;;;;;;;;;;;;;;;;;;
SP2;29/11/2024;Oviedo;Huesca;0;3;A;0;1;A;167;34;625;163;325;55;;;;;;;168;347;646;167;34;55;;;;;;;;;;;;;;;;;;;;;;;;
SP2;30/11/2024;Almeria;Granada;2;1;H;0;1;A;18;36;433;18;36;38;;;;;;;181;378;424;;;;;;;;;;;;;;;;;;;;;;;;;;;
SP2;30/11/2024;Zaragoza;Albacete;0;1;A;0;0;D;185;34;433;182;34;39;;;;;;;188;362;406;18;35;42;;;;;;;;;;;;;;;;;;;;;;;;
SP2;30/11/2024;Cadiz;La Coruna;2;4;A;1;1;D;21;32;37;205;32;35;;;;;;;216;334;348;195;34;36;;;;;;;;;;;;;;;;;;;;;;;;
SP2;30/11/2024;Santander;Mirandes;0;1;A;0;0;D;17;36;5;173;34;44;;;;;;;169;365;526;167;36;48;;;;;;;;;;;;;;;;;;;;;;;;
SP2;30/11/2024;Tenerife;Elche;1;1;D;1;0;H;3;288;26;287;28;255;;;;;;;311;283;267;288;29;26;;;;;;;;;;;;;;;;;;;;;;;;
SP2;01/12/2024;Castellon;Malaga;2;0;H;1;0;H;195;325;41;19;33;375;;;;;;;195;331;422;;;;;;;;;;;;;;;;;;;;;;;;;;;
SP2;01/12/2024;Eldense;Ferrol;0;0;D;0;0;D;191;3;475;188;3;42;;;;;;;188;326;463;;;;;;;;;;;;;;;;;;;;;;;;;;;
SP2;01/12/2024;Levante;Burgos;3;1;H;1;1;D;175;33;55;177;325;45;;;;;;;175;332;553;;;;;;;;;;;;;;;;;;;;;;;;;;;
SP2;01/12/2024;Sp Gijon;Cordoba;2;0;H;1;0;H;175;39;433;175;35;42;;;;;;;176;363;472;;;;;;;;;;;;;;;;;;;;;;;;;;;
SP2;02/12/2024;Eibar;Cartagena;1;0;H;1;0;H;155;375;65;153;36;6;;;;;;;156;382;66;;;;;;;;;;;;;;;;;;;;;;;;;;;
SP2;06/12/2024;Mirandes;Levante;2;1;H;0;0;D;255;3;3;245;287;29;;;;;;;266;291;319;;;;;;;;;;;;;;;;;;;;;;;;;;;
SP2;07/12/2024;Elche;Cadiz;2;1;H;0;1;A;18;35;45;18;33;42;;;;;;;18;353;493;;;;;;;;;;;;;;;;;;;;;;;;;;;
SP2;07/12/2024;Granada;Santander;3;0;H;1;0;H;215;34;33;205;34;32;;;;;;;219;356;321;;;;;;;;;;;;;;;;;;;;;;;;;;;
SP2;07/12/2024;La Coruna;Zaragoza;1;1;D;1;0;H;21;325;36;205;32;34;;;;;;;207;323;385;;;;;;;;;;;;;;;;;;;;;;;;;;;
SP2;07/12/2024;Huesca;Eibar;2;1;H;1;1;D;255;27;34;237;285;31;;;;;;;26;263;353;;;;;;;;;;;;;;;;;;;;;;;;;;;
SP2;08/12/2024;Ferrol;Oviedo;1;5;A;0;1;A;38;31;21;;;;;;;;;;387;302;217;;;;;;;;;;;;;;;;;;;;;;;;;;;
SP2;08/12/2024;Malaga;Almeria;1;1;D;1;0;H;32;32;23;;;;;;;;;;317;334;23;;;;;;;;;;;;;;;;;;;;;;;;;;;
SP2;08/12/2024;Albacete;Castellon;0;0;D;0;0;D;225;35;3;22;35;28;;;;;;;223;365;305;;;;;;;;;;;;;;;;;;;;;;;;;;;
SP2;08/12/2024;Burgos;Eldense;1;0;H;0;0;D;21;32;37;205;31;34;;;;;;;208;33;376;;;;;;;;;;;;;;;;;;;;;;;;;;;
SP2;08/12/2024;Cordoba;Tenerife;3;0;H;1;0;H;195;34;39;;;;;;;;;;196;328;421;;;;;;;;;;;;;;;;;;;;;;;;;;;
SP2;09/12/2024;Cartagena;Sp Gijon;1;0;H;0;0;D;42;34;19;375;32;19;;;;;;;435;338;19;;;;;;;;;;;;;;;;;;;;;;;;;;;
SP2;13/12/2024;Almeria;Mirandes;1;0;H;1;0;H;162;36;575;161;35;525;;;;;;;165;38;589;157;39;55;;;;;;;;;;;;;;;;;;;;;;;;
SP2;14/12/2024;Levante;Cordoba;2;2;D;0;0;D;175;37;433;173;36;41;;;;;;;179;386;445;173;38;42;;;;;;;;;;;;;;;;;;;;;;;;
SP2;14/12/2024;Cadiz;Albacete;1;0;H;0;0;D;195;34;375;198;33;34;;;;;;;196;351;389;21;33;33;;;;;;;;;;;;;;;;;;;;;;;;
SP2;14/12/2024;Castellon;Cartagena;4;1;H;2;0;H;145;41;75;141;433;65;;;;;;;144;457;697;14;45;7;;;;;;;;;;;;;;;;;;;;;;;;
SP2;14/12/2024;Eibar;Zaragoza;2;1;H;1;0;H;24;3;32;24;29;295;;;;;;;244;295;332;245;3;3;;;;;;;;;;;;;;;;;;;;;;;;
SP2;14/12/2024;Eldense;Elche;0;0;D;0;0;D;33;31;23;325;3;22;;;;;;;35;297;234;325;31;22;;;;;;;;;;;;;;;;;;;;;;;;
SP2;14/12/2024;Oviedo;Granada;2;0;H;0;0;D;21;325;35;21;31;34;;;;;;;209;319;386;205;325;35;;;;;;;;;;;;;;;;;;;;;;;;
SP2;15/12/2024;Sp Gijon;Ferrol;1;3;A;1;3;A;153;36;75;153;37;6;;;;;;;154;385;681;153;36;65;;;;;;;;;;;;;;;;;;;;;;;;
SP2;15/12/2024;Burgos;Malaga;0;0;D;0;0;D;2;33;38;193;31;38;;;;;;;205;315;407;195;33;38;;;;;;;;;;;;;;;;;;;;;;;;
SP2;15/12/2024;Santander;Huesca;0;1;A;0;0;D;17;375;475;168;35;45;;;;;;;17;374;503;167;37;475;;;;;;;;;;;;;;;;;;;;;;;;
SP2;17/12/2024;Albacete;Levante;0;0;D;0;0;D;25;325;275;245;31;27;;;;;;;26;332;288;245;325;275;;;;;;;;;;;;;;;;;;;;;;;;
SP2;17/12/2024;Granada;Cartagena;4;1;H;3;1;H;133;5;9;133;475;8;;;;;;;135;521;951;13;5;9;;;;;;;;;;;;;;;;;;;;;;;;
SP2;17/12/2024;Cordoba;Eibar;2;1;H;1;1;D;21;3;37;21;3;35;;;;;;;217;308;403;22;32;325;;;;;;;;;;;;;;;;;;;;;;;;
SP2;17/12/2024;Zaragoza;Oviedo;2;3;A;2;0;H;225;29;35;225;28;34;;;;;;;236;295;371;22;31;325;;;;;;;;;;;;;;;;;;;;;;;;
SP2;18/12/2024;Ferrol;Almeria;1;4;A;0;1;A;4;35;19;375;33;19;;;;;;;413;355;189;39;35;185;;;;;;;;;;;;;;;;;;;;;;;;
SP2;18/12/2024;Malaga;Eldense;3;0;H;2;0;H;23;3;34;22;29;33;;;;;;;229;305;35;22;3;34;;;;;;;;;;;;;;;;;;;;;;;;
SP2;18/12/2024;Mirandes;Sp Gijon;1;1;D;1;0;H;27;3;28;26;28;28;;;;;;;27;288;302;27;288;28;;;;;;;;;;;;;;;;;;;;;;;;
SP2;19/12/2024;Cadiz;Burgos;1;1;D;0;0;D;191;33;42;193;32;38;;;;;;;19;337;434;191;33;39;;;;;;;;;;;;;;;;;;;;;;;;
SP2;19/12/2024;Elche;Santander;3;0;H;1;0;H;185;35;42;187;34;375;;;;;;;187;347;435;185;35;39;;;;;;;;;;;;;;;;;;;;;;;;
SP2;19/12/2024;Huesca;Tenerife;1;0;H;1;0;H;22;29;38;22;28;35;;;;;;;225;289;384;22;29;36;;;;;;;;;;;;;;;;;;;;;;;;
SP2;19/12/2024;La Coruna;Castellon;5;1;H;3;1;H;205;36;34;205;35;31;;;;;;;208;368;335;205;36;325;;;;;;;;;;;;;;;;;;;;;;;;
SP2;20/12/2024;Cartagena;Albacete;0;0;D;0;0;D;37;32;21;37;31;205;;;;;;;399;315;214;33;32;22;;;;;;;;;;;;;;;;;;;;;;;;
SP2;21/12/2024;Eibar;Granada;1;1;D;1;0;H;24;29;325;24;29;3;;;;;;;255;282;343;25;3;3;;;;;;;;;;;;;;;;;;;;;;;;
SP2;21/12/2024;Oviedo;Cordoba;2;3;A;1;3;A;17;375;475;165;36;48;;;;;;;172;367;495;17;36;48;;;;;;;;;;;;;;;;;;;;;;;;
SP2;21/12/2024;Sp Gijon;Malaga;1;3;A;0;0;D;175;34;475;173;33;475;;;;;;;176;344;509;18;33;46;;;;;;;;;;;;;;;;;;;;;;;;
SP2;21/12/2024;Zaragoza;Ferrol;1;0;H;0;0;D;162;36;6;161;35;55;;;;;;;161;373;601;165;35;58;;;;;;;;;;;;;;;;;;;;;;;;
SP2;22/12/2024;Burgos;Tenerife;1;0;H;0;0;D;185;32;475;183;32;433;;;;;;;19;317;474;191;325;433;;;;;;;;;;;;;;;;;;;;;;;;
SP2;22/12/2024;Castellon;Elche;0;2;A;0;2;A;245;35;275;24;33;27;;;;;;;246;343;285;245;33;28;;;;;;;;;;;;;;;;;;;;;;;;
SP2;22/12/2024;Almeria;Cadiz;1;1;D;0;1;A;162;39;525;163;37;48;;;;;;;162;4;534;167;37;48;;;;;;;;;;;;;;;;;;;;;;;;
SP2;22/12/2024;Santander;Eldense;2;2;D;0;0;D;17;4;45;17;37;45;;;;;;;168;382;503;173;375;46;;;;;;;;;;;;;;;;;;;;;;;;
SP2;22/12/2024;La Coruna;Mirandes;0;4;A;0;2;A;191;33;42;188;32;41;;;;;;;188;345;436;191;325;42;;;;;;;;;;;;;;;;;;;;;;;;
SP2;22/12/2024;Levante;Huesca;1;1;D;0;1;A;17;37;475;173;34;46;;;;;;;169;348;567;183;34;44;;;;;;;;;;;;;;;;;;;;;;;;
SP2;07/01/2025;Tenerife;Levante;0;3;A;0;0;D;31;3;238;3;295;235;;;;;;;325;309;249;3;3;25;;;;;;;;;;;;;;;;;;;;;;;;
SP2;10/01/2025;Granada;Burgos;0;0;D;0;0;D;195;33;39;19;32;4;;;;;;;201;332;424;185;33;44;;;;;;;;;;;;;;;;;;;;;;;;
SP2;11/01/2025;Ferrol;Cartagena;0;0;D;0;0;D;19;325;433;185;31;44;;;;;;;192;319;46;191;31;44;;;;;;;;;;;;;;;;;;;;;;;;
SP2;11/01/2025;Albacete;Santander;2;2;D;1;0;H;22;34;32;22;325;3;;;;;;;225;335;325;225;325;31;;;;;;;;;;;;;;;;;;;;;;;;
SP2;11/01/2025;Huesca;Mirandes;1;0;H;1;0;H;225;28;38;22;28;36;;;;;;;223;293;385;225;288;36;;;;;;;;;;;;;;;;;;;;;;;;
SP2;11/01/2025;Malaga;La Coruna;1;1;D;0;0;D;25;32;288;24;31;28;;;;;;;248;318;302;245;32;288;;;;;;;;;;;;;;;;;;;;;;;;
SP2;11/01/2025;Tenerife;Castellon;2;0;H;1;0;H;26;33;263;255;31;265;;;;;;;274;315;273;262;31;262;;;;;;;;;;;;;;;;;;;;;;;;
SP2;11/01/2025;Oviedo;Sp Gijon;1;1;D;0;0;D;21;31;375;21;3;36;;;;;;;21;301;413;215;29;37;;;;;;;;;;;;;;;;;;;;;;;;
SP2;12/01/2025;Cordoba;Almeria;0;3;A;0;1;A;27;33;25;26;33;25;;;;;;;28;336;253;27;34;245;;;;;;;;;;;;;;;;;;;;;;;;
SP2;12/01/2025;Cadiz;Levante;0;0;D;0;0;D;245;31;31;237;31;29;;;;;;;247;313;308;245;31;29;;;;;;;;;;;;;;;;;;;;;;;;
SP2;12/01/2025;Elche;Zaragoza;1;0;H;0;0;D;18;325;5;182;32;44;;;;;;;183;328;492;185;325;46;;;;;;;;;;;;;;;;;;;;;;;;
SP2;13/01/2025;Eldense;Eibar;1;3;A;1;0;H;255;3;3;25;285;295;;;;;;;256;292;316;26;29;3;;;;;;;;;;;;;;;;;;;;;;;;
SP2;17/01/2025;Cartagena;Oviedo;0;1;A;0;1;A;55;34;167;5;33;171;;;;;;;563;357;173;48;32;183;;;;;;;;;;;;;;;;;;;;;;;;
SP2;18/01/2025;Eldense;Cadiz;1;4;A;0;3;A;245;3;3;245;295;29;;;;;;;257;296;31;25;29;29;;;;;;;;;;;;;;;;;;;;;;;;
SP2;18/01/2025;Eibar;Albacete;1;1;D;1;0;H;191;33;41;193;325;38;;;;;;;196;343;398;2;325;39;;;;;;;;;;;;;;;;;;;;;;;;
SP2;18/01/2025;Sp Gijon;Elche;1;1;D;1;0;H;235;31;32;23;3;31;;;;;;;239;309;327;23;3;33;;;;;;;;;;;;;;;;;;;;;;;;
SP2;18/01/2025;Levante;Granada;3;1;H;1;0;H;191;32;45;187;34;39;;;;;;;193;334;424;191;34;4;;;;;;;;;;;;;;;;;;;;;;;;
SP2;19/01/2025;Burgos;La Coruna;0;1;A;0;0;D;26;29;3;24;3;287;;;;;;;254;297;313;24;31;3;;;;;;;;;;;;;;;;;;;;;;;;
SP2;19/01/2025;Santander;Ferrol;6;0;H;3;0;H;155;39;625;152;4;575;;;;;;;154;416;604;155;4;58;;;;;;;;;;;;;;;;;;;;;;;;
SP2;19/01/2025;Castellon;Cordoba;1;2;A;1;0;H;185;35;42;183;37;37;;;;;;;188;38;391;185;375;39;;;;;;;;;;;;;;;;;;;;;;;;
SP2;19/01/2025;Zaragoza;Tenerife;2;2;D;0;1;A;18;32;525;175;33;475;;;;;;;179;3;615;18;325;48;;;;;;;;;;;;;;;;;;;;;;;;
SP2;19/01/2025;Almeria;Huesca;0;0;D;0;0;D;155;4;6;155;39;55;;;;;;;153;405;639;155;38;6;;;;;;;;;;;;;;;;;;;;;;;;
SP2;20/01/2025;Mirandes;Malaga;3;2;H;0;1;A;21;3;4;21;29;37;;;;;;;206;298;436;215;28;4;;;;;;;;;;;;;;;;;;;;;;;;
SP2;24/01/2025;Elche;Eibar;2;0;H;1;0;H;18;32;525;178;31;5;;;;;;;186;316;55;191;32;44;;;;;;;;;;;;;;;;;;;;;;;;
SP2;25/01/2025;Cordoba;Santander;1;2;A;1;1;D;238;34;288;23;33;275;;;;;;;24;338;296;23;34;3;;;;;;;;;;;;;;;;;;;;;;;;
SP2;25/01/2025;Huesca;Cartagena;4;0;H;1;0;H;162;34;7;161;33;6;;;;;;;163;334;702;162;34;6;;;;;;;;;;;;;;;;;;;;;;;;
SP2;25/01/2025;La Coruna;Levante;1;2;A;0;0;D;22;33;33;21;325;325;;;;;;;222;327;341;22;31;33;;;;;;;;;;;;;;;;;;;;;;;;
SP2;25/01/2025;Tenerife;Eldense;0;1;A;0;0;D;21;3;39;205;295;375;;;;;;;212;305;398;205;29;4;;;;;;;;;;;;;;;;;;;;;;;;
SP2;26/01/2025;Granada;Sp Gijon;3;1;H;1;0;H;225;3;36;22;31;32;;;;;;;221;315;357;225;31;325;;;;;;;;;;;;;;;;;;;;;;;;
SP2;26/01/2025;Albacete;Almeria;2;1;H;1;0;H;31;33;23;287;34;225;;;;;;;319;337;228;29;33;23;;;;;;;;;;;;;;;;;;;;;;;;
SP2;26/01/2025;Oviedo;Castellon;1;0;H;0;0;D;173;36;475;172;36;44;;;;;;;175;366;48;175;36;46;;;;;;;;;;;;;;;;;;;;;;;;
SP2;26/01/2025;Malaga;Zaragoza;1;2;A;0;0;D;25;32;29;245;3;287;;;;;;;253;31;302;24;3;3;;;;;;;;;;;;;;;;;;;;;;;;
SP2;27/01/2025;Cadiz;Mirandes;3;1;H;2;1;H;2;31;42;2;31;37;;;;;;;21;315;391;205;3;38;;;;;;;;;;;;;;;;;;;;;;;;
SP2;29/01/2025;Tenerife;La Coruna;0;0;D;0;0;D;28;3;28;255;295;28;;;;;;;271;301;288;262;3;28;;;;;;;;;;;;;;;;;;;;;;;;
SP2;31/01/2025;Eldense;Granada;0;3;A;0;1;A;29;3;263;285;29;255;;;;;;;306;3;268;;;;;;;;;;;;;;;;;;;;;;;;;;;
SP2;01/02/2025;Mirandes;Elche;3;0;H;1;0;H;3;3;255;295;28;25;;;;;;;322;286;265;;;;;;;;;;;;;;;;;;;;;;;;;;;
SP2;01/02/2025;Sp Gijon;Burgos;2;0;H;0;0;D;185;32;475;187;31;433;;;;;;;188;322;471;;;;;;;;;;;;;;;;;;;;;;;;;;;
SP2;01/02/2025;Almeria;Oviedo;1;1;D;0;1;A;185;34;433;185;34;39;;;;;;;183;347;455;;;;;;;;;;;;;;;;;;;;;;;;;;;
SP2;01/02/2025;Santander;Malaga;2;1;H;2;1;H;17;38;475;166;37;46;;;;;;;17;377;492;;;;;;;;;;;;;;;;;;;;;;;;;;;
SP2;02/02/2025;Castellon;Huesca;0;1;A;0;1;A;2;325;4;2;31;36;;;;;;;2;325;409;;;;;;;;;;;;;;;;;;;;;;;;;;;
SP2;02/02/2025;Eibar;La Coruna;0;1;A;0;1;A;225;33;32;225;31;31;;;;;;;227;31;348;;;;;;;;;;;;;;;;;;;;;;;;;;;
SP2;02/02/2025;Cartagena;Cordoba;0;1;A;0;1;A;38;34;195;36;33;193;;;;;;;393;334;202;;;;;;;;;;;;;;;;;;;;;;;;;;;
SP2;02/02/2025;Zaragoza;Cadiz;0;0;D;0;0;D;21;31;375;21;31;35;;;;;;;209;315;393;;;;;;;;;;;;;;;;;;;;;;;;;;;
SP2;02/02/2025;Tenerife;Albacete;3;1;H;1;0;H;23;31;325;225;295;325;;;;;;;237;293;349;;;;;;;;;;;;;;;;;;;;;;;;;;;
SP2;03/02/2025;Levante;Ferrol;0;1;A;0;1;A;144;42;75;144;42;65;;;;;;;143;441;771;;;;;;;;;;;;;;;;;;;;;;;;;;;
SP2;07/02/2025;Albacete;Zaragoza;2;1;H;0;0;D;22;31;34;22;3;33;;;;;;;229;303;375;;;;;;;;;;;;;;;;;;;;;;;;;;;
SP2;08/02/2025;Ferrol;Castellon;1;3;A;0;2;A;27;32;27;255;31;265;;;;;;;283;306;272;;;;;;;;;;;;;;;;;;;;;;;;;;;
SP2;08/02/2025;Granada;Mirandes;0;0;D;0;0;D;175;34;5;171;34;48;;;;;;;177;348;498;;;;;;;;;;;;;;;;;;;;;;;;;;;
SP2;08/02/2025;Malaga;Levante;1;1;D;0;1;A;275;33;25;28;31;245;;;;;;;29;314;259;;;;;;;;;;;;;;;;;;;;;;;;;;;
SP2;08/02/2025;Sp Gijon;Eibar;0;0;D;0;0;D;195;32;42;198;31;375;;;;;;;197;319;432;;;;;;;;;;;;;;;;;;;;;;;;;;;
SP2;09/02/2025;Elche;Tenerife;2;0;H;1;0;H;167;36;55;168;33;525;;;;;;;166;356;582;;;;;;;;;;;;;;;;;;;;;;;;;;;
SP2;09/02/2025;Burgos;Santander;2;1;H;0;0;D;26;32;28;237;32;28;;;;;;;26;325;28;;;;;;;;;;;;;;;;;;;;;;;;;;;
SP2;09/02/2025;Cordoba;Huesca;1;2;A;1;0;H;2;31;42;2;31;38;;;;;;;207;303;419;;;;;;;;;;;;;;;;;;;;;;;;;;;
SP2;09/02/2025;Cadiz;Cartagena;5;2;H;3;1;H;142;42;75;141;433;7;;;;;;;141;433;845;;;;;;;;;;;;;;;;;;;;;;;;;;;
SP2;09/02/2025;La Coruna;Almeria;3;1;H;3;0;H;245;33;28;235;34;27;;;;;;;242;339;293;;;;;;;;;;;;;;;;;;;;;;;;;;;
SP2;10/02/2025;Oviedo;Eldense;0;0;D;0;0;D;162;36;6;161;35;55;;;;;;;163;365;598;;;;;;;;;;;;;;;;;;;;;;;;;;;
SP2;14/02/2025;Mirandes;Ferrol;4;1;H;2;1;H;167;34;575;;;;;;;;;;17;341;634;;;;;;;;;;;;;;;;;;;;;;;;;;;
SP2;15/02/2025;Castellon;Eibar;2;0;H;1;0;H;196;33;38;;;;;;;;;;205;327;407;;;;;;;;;;;;;;;;;;;;;;;;;;;
SP2;15/02/2025;Cartagena;Malaga;0;1;A;0;0;D;37;31;205;;;;;;;;;;381;316;212;;;;;;;;;;;;;;;;;;;;;;;;;;;
SP2;15/02/2025;Santander;Cadiz;2;3;A;0;1;A;196;35;36;;;;;;;;;;202;346;376;;;;;;;;;;;;;;;;;;;;;;;;;;;
SP2;15/02/2025;Tenerife;Cordoba;2;3;A;2;2;D;21;3;36;;;;;;;;;;225;295;374;;;;;;;;;;;;;;;;;;;;;;;;;;;
SP2;16/02/2025;Levante;Sp Gijon;0;0;D;0;0;D;21;31;37;;;;;;;;;;215;321;366;;;;;;;;;;;;;;;;;;;;;;;;;;;
SP2;16/02/2025;Eldense;La Coruna;2;0;H;0;0;D;263;31;28;;;;;;;;;;273;304;283;;;;;;;;;;;;;;;;;;;;;;;;;;;
SP2;16/02/2025;Huesca;Granada;1;1;D;0;0;D;263;28;31;;;;;;;;;;265;289;307;;;;;;;;;;;;;;;;;;;;;;;;;;;
SP2;16/02/2025;Zaragoza;Burgos;0;1;A;0;0;D;205;3;41;;;;;;;;;;205;303;428;;;;;;;;;;;;;;;;;;;;;;;;;;;
SP2;16/02/2025;Oviedo;Albacete;1;0;H;1;0;H;173;35;5;;;;;;;;;;172;363;503;;;;;;;;;;;;;;;;;;;;;;;;;;;
SP2;17/02/2025;Almeria;Elche;1;1;D;0;0;D;21;34;34;;;;;;;;;;211;326;369;;;;;;;;;;;;;;;;;;;;;;;;;;;
SP2;21/02/2025;Malaga;Tenerife;1;0;H;0;0;D;238;29;33;;;;;;;;;;242;302;347;;;;;;;;;;;;;;;;;;;;;;;;;;;
SP2;22/02/2025;Ferrol;Cordoba;0;1;A;0;0;D;32;3;238;;;;;;;;;;325;3;251;;;;;;;;;;;;;;;;;;;;;;;;;;;
SP2;22/02/2025;Burgos;Oviedo;1;2;A;1;1;D;3;275;27;;;;;;;;;;299;276;285;;;;;;;;;;;;;;;;;;;;;;;;;;;
SP2;22/02/2025;Eibar;Santander;2;2;D;1;1;D;22;33;33;;;;;;;;;;222;333;334;;;;;;;;;;;;;;;;;;;;;;;;;;;
SP2;22/02/2025;Granada;Zaragoza;2;2;D;1;0;H;195;325;41;;;;;;;;;;198;331;411;;;;;;;;;;;;;;;;;;;;;;;;;;;
SP2;22/02/2025;Sp Gijon;Almeria;1;1;D;0;1;A;25;33;275;;;;;;;;;;262;32;282;;;;;;;;;;;;;;;;;;;;;;;;;;;
SP2;23/02/2025;La Coruna;Huesca;0;0;D;0;0;D;195;325;41;;;;;;;;;;196;324;429;;;;;;;;;;;;;;;;;;;;;;;;;;;
SP2;23/02/2025;Elche;Cartagena;2;1;H;0;0;D;125;5;15;;;;;;;;;;123;571;1505;;;;;;;;;;;;;;;;;;;;;;;;;;;
SP2;23/02/2025;Albacete;Eldense;0;1;A;0;0;D;2;325;39;;;;;;;;;;199;322;419;;;;;;;;;;;;;;;;;;;;;;;;;;;
SP2;23/02/2025;Levante;Mirandes;1;0;H;0;0;D;185;34;433;;;;;;;;;;191;333;435;;;;;;;;;;;;;;;;;;;;;;;;;;;
SP2;23/02/2025;Cadiz;Castellon;0;0;D;0;0;D;2;33;38;;;;;;;;;;204;332;384;;;;;;;;;;;;;;;;;;;;;;;;;;;
SP2;28/02/2025;Cartagena;Eibar;0;2;A;0;2;A;433;31;195;;;;;;;;;;475;311;199;;;;;;;;;;;;;;;;;;;;;;;;;;;
SP2;01/03/2025;Castellon;Burgos;2;1;H;1;1;D;191;34;4;;;;;;;;;;193;337;423;;;;;;;;;;;;;;;;;;;;;;;;;;;
SP2;01/03/2025;Huesca;Ferrol;3;1;H;2;1;H;157;35;65;;;;;;;;;;159;359;676;;;;;;;;;;;;;;;;;;;;;;;;;;;
SP2;01/03/2025;Zaragoza;Sp Gijon;1;1;D;0;0;D;235;29;34;;;;;;;;;;236;284;365;;;;;;;;;;;;;;;;;;;;;;;;;;;
SP2;01/03/2025;Almeria;Malaga;2;2;D;1;0;H;144;475;6;;;;;;;;;;144;469;669;;;;;;;;;;;;;;;;;;;;;;;;;;;
SP2;02/03/2025;Cordoba;Granada;5;0;H;2;0;H;24;31;3;;;;;;;;;;247;303;317;;;;;;;;;;;;;;;;;;;;;;;;;;;
SP2;02/03/2025;Oviedo;La Coruna;1;2;A;1;1;D;185;34;433;;;;;;;;;;188;33;457;;;;;;;;;;;;;;;;;;;;;;;;;;;
SP2;02/03/2025;Albacete;Cadiz;3;0;H;0;0;D;27;29;288;;;;;;;;;;279;29;29;;;;;;;;;;;;;;;;;;;;;;;;;;;
SP2;02/03/2025;Eldense;Levante;1;2;A;1;0;H;275;31;263;;;;;;;;;;284;316;263;;;;;;;;;;;;;;;;;;;;;;;;;;;
SP2;02/03/2025;Santander;Elche;2;0;H;2;0;H;24;31;3;;;;;;;;;;251;314;301;;;;;;;;;;;;;;;;;;;;;;;;;;;
SP2;03/03/2025;Mirandes;Tenerife;2;0;H;1;0;H;185;31;5;;;;;;;;;;188;32;482;;;;;;;;;;;;;;;;;;;;;;;;;;;
SP2;05/03/2025;Ferrol;Burgos;0;1;A;0;1;A;3;27;28;;;;;;;;;;305;271;284;262;28;29;;;;;;;;;;;;;;;;;;;;;;;;
SP2;07/03/2025;Eibar;Almeria;1;0;H;1;0;H;265;3;275;;;;;;;;;;269;321;281;;;;;;;;;;;;;;;;;;;;;;;;;;;
SP2;07/03/2025;La Coruna;Cordoba;1;1;D;0;0;D;196;34;375;;;;;;;;;;211;321;394;;;;;;;;;;;;;;;;;;;;;;;;;;;
SP2;08/03/2025;Mirandes;Oviedo;1;0;H;0;0;D;255;3;3;;;;;;;;;;27;282;32;;;;;;;;;;;;;;;;;;;;;;;;;;;
SP2;08/03/2025;Elche;Castellon;3;1;H;2;0;H;175;35;475;;;;;;;;;;173;366;493;;;;;;;;;;;;;;;;;;;;;;;;;;;
SP2;08/03/2025;Sp Gijon;Santander;1;1;D;1;0;H;21;34;34;;;;;;;;;;216;332;35;;;;;;;;;;;;;;;;;;;;;;;;;;;
SP2;08/03/2025;Zaragoza;Eldense;2;4;A;2;2;D;191;32;433;;;;;;;;;;193;332;427;;;;;;;;;;;;;;;;;;;;;;;;;;;
SP2;09/03/2025;Tenerife;Huesca;2;0;H;1;0;H;23;31;325;;;;;;;;;;238;287;355;;;;;;;;;;;;;;;;;;;;;;;;;;;
SP2;09/03/2025;Malaga;Cadiz;0;2;A;0;0;D;263;3;288;;;;;;;;;;272;294;293;;;;;;;;;;;;;;;;;;;;;;;;;;;
SP2;09/03/2025;Levante;Cartagena;3;0;H;1;0;H;133;475;10;;;;;;;;;;129;543;1053;;;;;;;;;;;;;;;;;;;;;;;;;;;
SP2;09/03/2025;Granada;Ferrol;3;0;H;2;0;H;155;38;65;;;;;;;;;;155;39;642;;;;;;;;;;;;;;;;;;;;;;;;;;;
SP2;10/03/2025;Burgos;Albacete;1;0;H;1;0;H;215;31;36;;;;;;;;;;221;302;374;;;;;;;;;;;;;;;;;;;;;;;;;;;
SP2;14/03/2025;Oviedo;Elche;1;1;D;0;1;A;205;3;42;;;;;;;;;;215;301;423;;;;;;;;;;;;;;;;;;;;;;;;;;;
SP2;15/03/2025;Ferrol;Eibar;0;0;D;0;0;D;36;29;22;;;;;;;;;;378;29;227;;;;;;;;;;;;;;;;;;;;;;;;;;;
SP2;15/03/2025;Albacete;Malaga;2;0;H;2;0;H;191;34;4;;;;;;;;;;195;317;445;;;;;;;;;;;;;;;;;;;;;;;;;;;
SP2;15/03/2025;Cartagena;Burgos;0;1;A;0;1;A;433;31;195;;;;;;;;;;45;311;197;;;;;;;;;;;;;;;;;;;;;;;;;;;
SP2;15/03/2025;Almeria;Zaragoza;4;1;H;3;1;H;165;4;475;;;;;;;;;;165;405;497;;;;;;;;;;;;;;;;;;;;;;;;;;;
SP2;15/03/2025;Cordoba;Sp Gijon;1;1;D;1;0;H;22;32;34;;;;;;;;;;215;327;358;;;;;;;;;;;;;;;;;;;;;;;;;;;
SP2;16/03/2025;Eldense;Mirandes;2;2;D;0;0;D;27;3;275;;;;;;;;;;271;308;281;;;;;;;;;;;;;;;;;;;;;;;;;;;
SP2;16/03/2025;Huesca;Levante;1;2;A;0;0;D;27;3;28;;;;;;;;;;271;298;291;;;;;;;;;;;;;;;;;;;;;;;;;;;
SP2;16/03/2025;Santander;Tenerife;2;1;H;0;0;D;175;33;5;;;;;;;;;;178;36;465;;;;;;;;;;;;;;;;;;;;;;;;;;;
SP2;16/03/2025;Cadiz;Granada;1;0;H;1;0;H;225;31;34;;;;;;;;;;226;315;344;;;;;;;;;;;;;;;;;;;;;;;;;;;
SP2;17/03/2025;Castellon;La Coruna;2;2;D;1;1;D;22;34;32;;;;;;;;;;218;352;325;;;;;;;;;;;;;;;;;;;;;;;;;;;
SP2;21/03/2025;Burgos;Almeria;3;1;H;1;1;D;34;3;225;;;;;;;;;;357;309;233;288;31;25;;;;;;;;;;;;;;;;;;;;;;;;
SP2;22/03/2025;Elche;Eldense;2;0;H;0;0;D;162;36;6;;;;;;;;;;16;381;598;162;36;58;;;;;;;;;;;;;;;;;;;;;;;;
SP2;22/03/2025;Malaga;Ferrol;2;0;H;2;0;H;185;33;45;;;;;;;;;;188;306;512;185;31;45;;;;;;;;;;;;;;;;;;;;;;;;
SP2;22/03/2025;Mirandes;Santander;2;1;H;0;1;A;225;32;34;;;;;;;;;;226;32;339;22;31;33;;;;;;;;;;;;;;;;;;;;;;;;
SP2;22/03/2025;Granada;Oviedo;1;0;H;1;0;H;23;3;34;;;;;;;;;;23;301;353;23;29;34;;;;;;;;;;;;;;;;;;;;;;;;
SP2;23/03/2025;Levante;Castellon;3;2;H;2;1;H;175;37;45;;;;;;;;;;178;379;437;18;375;4;;;;;;;;;;;;;;;;;;;;;;;;
SP2;23/03/2025;Eibar;Huesca;2;1;H;0;0;D;183;3;525;;;;;;;;;;185;319;502;185;3;48;;;;;;;;;;;;;;;;;;;;;;;;
SP2;23/03/2025;Sp Gijon;Albacete;0;2;A;0;1;A;185;32;475;;;;;;;;;;185;338;459;191;325;4;;;;;;;;;;;;;;;;;;;;;;;;
SP2;23/03/2025;La Coruna;Cartagena;2;2;D;0;0;D;129;5;11;;;;;;;;;;127;548;1193;135;46;95;;;;;;;;;;;;;;;;;;;;;;;;
SP2;23/03/2025;Tenerife;Cadiz;2;1;H;1;0;H;25;29;3;;;;;;;;;;255;294;316;245;29;32;;;;;;;;;;;;;;;;;;;;;;;;
SP2;24/03/2025;Zaragoza;Cordoba;1;1;D;0;0;D;21;34;34;;;;;;;;;;213;336;353;22;325;325;;;;;;;;;;;;;;;;;;;;;;;;
SP2;28/03/2025;Tenerife;Granada;2;1;H;0;1;A;25;3;3;;;;;;;;;;258;301;303;;;;;;;;;;;;;;;;;;;;;;;;;;;
SP2;29/03/2025;Eldense;Burgos;0;0;D;0;0;D;263;288;3;;;;;;;;;;268;285;318;;;;;;;;;;;;;;;;;;;;;;;;;;;
SP2;29/03/2025;Ferrol;La Coruna;0;1;A;0;1;A;36;32;21;;;;;;;;;;382;321;215;;;;;;;;;;;;;;;;;;;;;;;;;;;
SP2;29/03/2025;Cartagena;Castellon;2;2;D;2;0;H;45;37;175;;;;;;;;;;48;367;174;;;;;;;;;;;;;;;;;;;;;;;;;;;
SP2;29/03/2025;Santander;Zaragoza;2;0;H;0;0;D;185;36;39;;;;;;;;;;187;362;414;;;;;;;;;;;;;;;;;;;;;;;;;;;
SP2;29/03/2025;Almeria;Levante;1;0;H;0;0;D;2;325;38;;;;;;;;;;205;323;394;;;;;;;;;;;;;;;;;;;;;;;;;;;
SP2;30/03/2025;Cordoba;Elche;1;2;A;1;1;D;26;3;263;;;;;;;;;;273;306;28;;;;;;;;;;;;;;;;;;;;;;;;;;;
SP2;30/03/2025;Oviedo;Malaga;2;1;H;0;0;D;162;36;5;;;;;;;;;;162;378;575;;;;;;;;;;;;;;;;;;;;;;;;;;;
SP2;30/03/2025;Albacete;Mirandes;3;2;H;1;1;D;255;3;27;;;;;;;;;;273;302;285;;;;;;;;;;;;;;;;;;;;;;;;;;;
SP2;30/03/2025;Huesca;Sp Gijon;3;2;H;2;1;H;255;28;29;;;;;;;;;;263;291;307;;;;;;;;;;;;;;;;;;;;;;;;;;;
SP2;31/03/2025;Cadiz;Eibar;0;0;D;0;0;D;22;275;35;;;;;;;;;;232;299;351;;;;;;;;;;;;;;;;;;;;;;;;;;;
SP2;04/04/2025;Castellon;Albacete;2;2;D;1;2;A;17;4;433;;;;;;;;;;171;41;477;;;;;;;;;;;;;;;;;;;;;;;;;;;
SP2;05/04/2025;Eibar;Oviedo;1;1;D;0;0;D;24;29;325;;;;;;;;;;247;287;338;;;;;;;;;;;;;;;;;;;;;;;;;;;
SP2;05/04/2025;Cartagena;Eldense;0;1;A;0;0;D;525;325;175;;;;;;;;;;493;351;177;;;;;;;;;;;;;;;;;;;;;;;;;;;
SP2;05/04/2025;Granada;Almeria;3;1;H;1;0;H;24;33;28;;;;;;;;;;244;341;289;;;;;;;;;;;;;;;;;;;;;;;;;;;
SP2;05/04/2025;Sp Gijon;Tenerife;1;3;A;0;0;D;21;3;38;;;;;;;;;;208;33;376;;;;;;;;;;;;;;;;;;;;;;;;;;;
SP2;06/04/2025;Zaragoza;Mirandes;1;0;H;0;0;D;23;3;33;;;;;;;;;;237;296;345;;;;;;;;;;;;;;;;;;;;;;;;;;;
SP2;06/04/2025;Levante;Santander;3;1;H;1;0;H;195;35;375;;;;;;;;;;196;331;415;;;;;;;;;;;;;;;;;;;;;;;;;;;
SP2;06/04/2025;Burgos;Huesca;2;1;H;1;0;H;22;275;39;;;;;;;;;;225;274;414;;;;;;;;;;;;;;;;;;;;;;;;;;;
SP2;06/04/2025;Malaga;Cordoba;0;1;A;0;0;D;23;32;31;;;;;;;;;;232;313;333;;;;;;;;;;;;;;;;;;;;;;;;;;;
SP2;06/04/2025;La Coruna;Cadiz;1;0;H;0;0;D;215;31;34;;;;;;;;;;22;318;357;;;;;;;;;;;;;;;;;;;;;;;;;;;
SP2;07/04/2025;Elche;Ferrol;1;0;H;1;0;H;133;5;8;;;;;;;;;;133;485;1014;;;;;;;;;;;;;;;;;;;;;;;;;;;
SP2;11/04/2025;Cordoba;Levante;2;2;D;0;1;A;215;325;33;;;;;;;;;;222;338;349;;;;;;;;;;;;;;;;;;;;;;;;;;;
SP2;12/04/2025;Zaragoza;Eibar;2;2;D;0;2;A;255;3;3;;;;;;;;;;259;296;308;;;;;;;;;;;;;;;;;;;;;;;;;;;
SP2;12/04/2025;Cadiz;Elche;0;1;A;0;0;D;263;29;3;;;;;;;;;;262;299;3;;;;;;;;;;;;;;;;;;;;;;;;;;;
SP2;12/04/2025;Tenerife;Burgos;0;0;D;0;0;D;215;28;41;;;;;;;;;;218;297;391;;;;;;;;;;;;;;;;;;;;;;;;;;;
SP2;12/04/2025;Oviedo;Ferrol;3;0;H;0;0;D;145;45;65;;;;;;;;;;145;411;791;;;;;;;;;;;;;;;;;;;;;;;;;;;
SP2;13/04/2025;Albacete;Granada;0;2;A;0;0;D;255;325;275;;;;;;;;;;256;323;286;;;;;;;;;;;;;;;;;;;;;;;;;;;
SP2;13/04/2025;Santander;Castellon;1;1;D;1;0;H;2;36;35;;;;;;;;;;198;361;37;;;;;;;;;;;;;;;;;;;;;;;;;;;
SP2;13/04/2025;Eldense;Sp Gijon;1;2;A;0;1;A;225;3;35;;;;;;;;;;224;315;349;;;;;;;;;;;;;;;;;;;;;;;;;;;
SP2;13/04/2025;Mirandes;La Coruna;2;2;D;0;1;A;195;3;45;;;;;;;;;;193;307;478;;;;;;;;;;;;;;;;;;;;;;;;;;;
SP2;13/04/2025;Almeria;Cartagena;2;1;H;1;0;H;12;625;15;;;;;;;;;;119;697;1271;;;;;;;;;;;;;;;;;;;;;;;;;;;
SP2;14/04/2025;Huesca;Malaga;1;0;H;0;0;D;195;32;42;;;;;;;;;;203;298;448;;;;;;;;;;;;;;;;;;;;;;;;;;;
SP2;18/04/2025;Sp Gijon;Mirandes;3;1;H;1;0;H;24;31;3;;;;;;;;;;252;302;311;;;;;;;;;;;;;;;;;;;;;;;;;;;
SP2;18/04/2025;Castellon;Almeria;4;1;H;1;1;D;225;35;29;;;;;;;;;;235;353;294;;;;;;;;;;;;;;;;;;;;;;;;;;;
SP2;19/04/2025;Ferrol;Eldense;1;0;H;0;0;D;33;29;235;;;;;;;;;;345;289;241;;;;;;;;;;;;;;;;;;;;;;;;;;;
SP2;19/04/2025;Huesca;Santander;1;3;A;1;0;H;26;29;29;;;;;;;;;;255;299;31;;;;;;;;;;;;;;;;;;;;;;;;;;;
SP2;19/04/2025;Levante;Zaragoza;5;2;H;2;0;H;17;36;475;;;;;;;;;;172;373;485;;;;;;;;;;;;;;;;;;;;;;;;;;;
SP2;19/04/2025;Burgos;Cadiz;2;2;D;1;1;D;26;275;31;;;;;;;;;;262;285;317;;;;;;;;;;;;;;;;;;;;;;;;;;;
SP2;20/04/2025;Cartagena;Granada;2;3;A;1;2;A;6;39;157;;;;;;;;;;645;384;156;;;;;;;;;;;;;;;;;;;;;;;;;;;
SP2;20/04/2025;Cordoba;Oviedo;0;0;D;0;0;D;238;31;31;;;;;;;;;;236;322;316;;;;;;;;;;;;;;;;;;;;;;;;;;;
SP2;20/04/2025;Elche;Albacete;2;2;D;2;2;D;155;38;6;;;;;;;;;;157;395;606;;;;;;;;;;;;;;;;;;;;;;;;;;;
SP2;20/04/2025;La Coruna;Tenerife;0;0;D;0;0;D;2;31;4;;;;;;;;;;202;331;392;;;;;;;;;;;;;;;;;;;;;;;;;;;
SP2;21/04/2025;Eibar;Malaga;2;2;D;1;0;H;18;33;475;;;;;;;;;;184;322;504;;;;;;;;;;;;;;;;;;;;;;;;;;;
SP2;25/04/2025;Cadiz;Sp Gijon;1;0;H;1;0;H;2;325;39;;;;;;;;;;209;317;418;;;;;;;;;;;;;;;;;;;;;;;;;;;
SP2;26/04/2025;Albacete;Cartagena;3;1;H;1;1;D;14;5;7;;;;;;;;;;138;503;814;;;;;;;;;;;;;;;;;;;;;;;;;;;
SP2;26/04/2025;Eldense;Cordoba;1;1;D;1;0;H;23;32;3;;;;;;;;;;233;342;306;;;;;;;;;;;;;;;;;;;;;;;;;;;
SP2;26/04/2025;Oviedo;Levante;1;0;H;1;0;H;215;325;35;;;;;;;;;;218;321;356;;;;;;;;;;;;;;;;;;;;;;;;;;;
SP2;26/04/2025;Granada;Elche;1;1;D;1;1;D;24;29;31;;;;;;;;;;251;278;342;;;;;;;;;;;;;;;;;;;;;;;;;;;
SP2;26/04/2025;Mirandes;Burgos;2;1;H;0;0;D;2;288;45;;;;;;;;;;206;274;496;;;;;;;;;;;;;;;;;;;;;;;;;;;
SP2;27/04/2025;Santander;La Coruna;2;1;H;2;0;H;183;36;4;;;;;;;;;;188;381;387;;;;;;;;;;;;;;;;;;;;;;;;;;;
SP2;27/04/2025;Malaga;Castellon;1;0;H;1;0;H;288;31;25;;;;;;;;;;287;331;251;;;;;;;;;;;;;;;;;;;;;;;;;;;
SP2;27/04/2025;Tenerife;Eibar;1;1;D;0;1;A;238;3;32;;;;;;;;;;245;29;337;;;;;;;;;;;;;;;;;;;;;;;;;;;
SP2;27/04/2025;Zaragoza;Huesca;1;1;D;0;0;D;175;33;475;;;;;;;;;;178;33;526;;;;;;;;;;;;;;;;;;;;;;;;;;;
SP2;29/04/2025;Almeria;Ferrol;2;1;H;1;0;H;13;475;12;;;;;;;;;;129;537;1058;;;;;;;;;;;;;;;;;;;;;;;;;;;
SP2;02/05/2025;Cordoba;Cadiz;4;2;H;2;0;H;19;33;42;;;;;;;;;;198;35;41;;;;;;;;;;;;;;;;;;;;;;;;;;;
SP2;03/05/2025;Huesca;Oviedo;1;2;A;0;1;A;27;28;29;;;;;;;;;;292;261;308;;;;;;;;;;;;;;;;;;;;;;;;;;;
SP2;03/05/2025;Eibar;Mirandes;0;1;A;0;0;D;215;3;36;;;;;;;;;;224;308;357;;;;;;;;;;;;;;;;;;;;;;;;;;;
SP2;03/05/2025;Malaga;Granada;1;0;H;1;0;H;31;31;238;;;;;;;;;;319;316;238;;;;;;;;;;;;;;;;;;;;;;;;;;;
SP2;03/05/2025;Burgos;Elche;0;1;A;0;0;D;32;29;24;;;;;;;;;;33;287;251;;;;;;;;;;;;;;;;;;;;;;;;;;;
SP2;04/05/2025;Levante;Tenerife;1;1;D;0;1;A;166;35;5;;;;;;;;;;171;374;494;;;;;;;;;;;;;;;;;;;;;;;;;;;
SP2;04/05/2025;Ferrol;Zaragoza;1;2;A;0;1;A;35;34;196;;;;;;;;;;38;331;206;;;;;;;;;;;;;;;;;;;;;;;;;;;
SP2;04/05/2025;Almeria;Eldense;5;0;H;2;0;H;149;38;6;;;;;;;;;;156;417;568;;;;;;;;;;;;;;;;;;;;;;;;;;;
SP2;04/05/2025;Cartagena;Santander;1;0;H;1;0;H;625;45;145;;;;;;;;;;641;454;147;;;;;;;;;;;;;;;;;;;;;;;;;;;
SP2;04/05/2025;La Coruna;Albacete;5;1;H;2;1;H;215;31;33;;;;;;;;;;23;282;385;;;;;;;;;;;;;;;;;;;;;;;;;;;
SP2;05/05/2025;Castellon;Sp Gijon;4;3;H;2;1;H;185;36;39;;;;;;;;;;187;341;444;;;;;;;;;;;;;;;;;;;;;;;;;;;
SP2;09/05/2025;Cadiz;Almeria;2;1;H;0;1;A;34;35;201;;;;;;;;;;361;344;215;;;;;;;;;;;;;;;;;;;;;;;;;;;
SP2;10/05/2025;Mirandes;Castellon;3;2;H;1;1;D;195;35;375;;;;;;;;;;2;348;38;;;;;;;;;;;;;;;;;;;;;;;;;;;
SP2;10/05/2025;Sp Gijon;La Coruna;2;1;H;2;0;H;205;33;36;;;;;;;;;;218;297;39;;;;;;;;;;;;;;;;;;;;;;;;;;;
SP2;10/05/2025;Burgos;Cordoba;3;2;H;1;1;D;24;31;3;;;;;;;;;;253;306;305;;;;;;;;;;;;;;;;;;;;;;;;;;;
SP2;10/05/2025;Elche;Levante;1;3;A;0;2;A;2;325;39;;;;;;;;;;203;337;38;;;;;;;;;;;;;;;;;;;;;;;;;;;
SP2;10/05/2025;Zaragoza;Cartagena;3;2;H;1;2;A;129;575;95;;;;;;;;;;124;589;1167;;;;;;;;;;;;;;;;;;;;;;;;;;;
SP2;11/05/2025;Santander;Oviedo;1;1;D;0;1;A;22;33;325;;;;;;;;;;228;32;335;;;;;;;;;;;;;;;;;;;;;;;;;;;
SP2;11/05/2025;Albacete;Huesca;3;2;H;1;0;H;191;35;39;;;;;;;;;;194;35;398;;;;;;;;;;;;;;;;;;;;;;;;;;;
SP2;11/05/2025;Eldense;Malaga;1;0;H;0;0;D;173;375;475;;;;;;;;;;175;369;474;;;;;;;;;;;;;;;;;;;;;;;;;;;
SP2;11/05/2025;Tenerife;Ferrol;0;0;D;0;0;D;153;38;65;;;;;;;;;;153;374;728;;;;;;;;;;;;;;;;;;;;;;;;;;;
SP2;12/05/2025;Granada;Eibar;0;2;A;0;0;D;18;34;475;;;;;;;;;;179;344;489;;;;;;;;;;;;;;;;;;;;;;;;;;;
SP2;16/05/2025;Levante;Albacete;1;0;H;1;0;H;148;475;55;;;;;;;;;;149;491;597;;;;;;;;;;;;;;;;;;;;;;;;;;;
SP2;17/05/2025;Eibar;Burgos;1;0;H;1;0;H;2;31;42;;;;;;;;;;198;312;429;;;;;;;;;;;;;;;;;;;;;;;;;;;
SP2;17/05/2025;La Coruna;Granada;2;3;A;0;2;A;288;35;23;;;;;;;;;;295;35;232;;;;;;;;;;;;;;;;;;;;;;;;;;;
SP2;17/05/2025;Cartagena;Tenerife;1;0;H;1;0;H;41;33;191;;;;;;;;;;413;341;192;;;;;;;;;;;;;;;;;;;;;;;;;;;
SP2;17/05/2025;Huesca;Elche;2;1;H;0;1;A;32;32;225;;;;;;;;;;332;309;232;;;;;;;;;;;;;;;;;;;;;;;;;;;
SP2;17/05/2025;Malaga;Sp Gijon;2;1;H;0;0;D;24;26;34;;;;;;;;;;269;246;336;;;;;;;;;;;;;;;;;;;;;;;;;;;
SP2;18/05/2025;Ferrol;Cadiz;1;0;H;0;0;D;39;32;205;;;;;;;;;;376;313;203;;;;;;;;;;;;;;;;;;;;;;;;;;;
SP2;18/05/2025;Castellon;Eldense;1;1;D;0;0;D;167;39;475;;;;;;;;;;17;401;45;;;;;;;;;;;;;;;;;;;;;;;;;;;
SP2;18/05/2025;Oviedo;Zaragoza;1;0;H;0;0;D;175;32;525;;;;;;;;;;176;338;51;;;;;;;;;;;;;;;;;;;;;;;;;;;
SP2;18/05/2025;Almeria;Santander;2;0;H;1;0;H;175;4;4;;;;;;;;;;175;408;415;;;;;;;;;;;;;;;;;;;;;;;;;;;
SP2;19/05/2025;Cordoba;Mirandes;1;2;A;0;1;A;255;33;27;;;;;;;;;;262;334;268;;;;;;;;;;;;;;;;;;;;;;;;;;;
SP2;24/05/2025;Albacete;Ferrol;2;0;H;1;0;H;167;41;45;;;;;;;;;;166;412;464;;;;;;;;;;;;;;;;;;;;;;;;;;;
SP2;25/05/2025;Burgos;Levante;2;3;A;2;1;H;55;34;17;;;;;;;;;;512;342;171;;;;;;;;;;;;;;;;;;;;;;;;;;;
SP2;25/05/2025;Cadiz;Huesca;4;0;H;4;0;H;22;3;36;;;;;;;;;;219;295;37;;;;;;;;;;;;;;;;;;;;;;;;;;;
SP2;25/05/2025;Eibar;Cordoba;4;1;H;1;0;H;23;3;35;;;;;;;;;;229;308;329;;;;;;;;;;;;;;;;;;;;;;;;;;;
SP2;25/05/2025;Elche;Malaga;2;0;H;0;0;D;125;55;12;;;;;;;;;;123;553;1194;;;;;;;;;;;;;;;;;;;;;;;;;;;
SP2;25/05/2025;Eldense;Santander;3;3;D;1;1;D;255;36;255;;;;;;;;;;254;364;252;;;;;;;;;;;;;;;;;;;;;;;;;;;
SP2;25/05/2025;Granada;Castellon;2;1;H;1;0;H;153;45;525;;;;;;;;;;154;449;493;;;;;;;;;;;;;;;;;;;;;;;;;;;
SP2;25/05/2025;Mirandes;Almeria;0;0;D;0;0;D;215;31;36;;;;;;;;;;216;33;333;;;;;;;;;;;;;;;;;;;;;;;;;;;
SP2;25/05/2025;Sp Gijon;Cartagena;3;2;H;1;1;D;122;575;13;;;;;;;;;;119;575;1662;;;;;;;;;;;;;;;;;;;;;;;;;;;
SP2;25/05/2025;Tenerife;Oviedo;0;1;A;0;0;D;5;31;183;;;;;;;;;;553;305;178;;;;;;;;;;;;;;;;;;;;;;;;;;;
SP2;25/05/2025;Zaragoza;La Coruna;1;0;H;0;0;D;15;433;575;;;;;;;;;;146;425;649;;;;;;;;;;;;;;;;;;;;;;;;;;;
SP2;30/05/2025;Castellon;Zaragoza;4;1;H;4;0;H;205;36;33;;;;;;;;;;204;381;335;;;;;;;;;;;;;;;;;;;;;;;;;;;
SP2;31/05/2025;Ferrol;Sp Gijon;0;2;A;0;1;A;27;3;275;;;;;;;;;;271;301;275;;;;;;;;;;;;;;;;;;;;;;;;;;;
SP2;31/05/2025;Malaga;Burgos;2;2;D;0;1;A;21;325;35;;;;;;;;;;211;326;349;;;;;;;;;;;;;;;;;;;;;;;;;;;
SP2;01/06/2025;Almeria;Tenerife;2;0;H;1;0;H;122;65;11;;;;;;;;;;122;592;1094;;;;;;;;;;;;;;;;;;;;;;;;;;;
SP2;01/06/2025;Cartagena;Mirandes;1;3;A;1;2;A;11;625;122;;;;;;;;;;1171;613;12;;;;;;;;;;;;;;;;;;;;;;;;;;;
SP2;01/06/2025;Huesca;Eldense;3;2;H;1;2;A;215;3;37;;;;;;;;;;212;287;404;;;;;;;;;;;;;;;;;;;;;;;;;;;
SP2;01/06/2025;La Coruna;Elche;0;4;A;0;3;A;55;433;153;;;;;;;;;;497;433;156;;;;;;;;;;;;;;;;;;;;;;;;;;;
SP2;01/06/2025;Levante;Eibar;1;0;H;0;0;D;153;433;55;;;;;;;;;;157;413;516;;;;;;;;;;;;;;;;;;;;;;;;;;;
SP2;01/06/2025;Oviedo;Cadiz;2;1;H;2;1;H;17;32;6;;;;;;;;;;163;31;72;;;;;;;;;;;;;;;;;;;;;;;;;;;
SP2;01/06/2025;Santander;Granada;2;1;H;1;1;D;27;36;24;;;;;;;;;;269;354;243;;;;;;;;;;;;;;;;;;;;;;;;;;;
SP2;01/06/2025;Cordoba;Albacete;1;1;D;0;1;A;162;39;525;;;;;;;;;;161;368;56;;;;;;;;;;;;;;;;;;;;;;;;;;;
SP2;15/08/2025;Burgos;Cultural Leonesa;5;1;H;3;0;H;185;33;45;183;32;42;;;;18;31;4;186;345;482;;;;;;;;;;;;;;;;;;;;;;;;;;;
SP2;15/08/2025;Valladolid;Ceuta;3;0;H;2;0;H;19;34;41;19;34;36;;;;191;33;35;196;35;418;;;;;;;;;;;;;;;;;;;;;;;;;;;
SP2;16/08/2025;Santander;Castellon;3;1;H;2;1;H;225;34;31;215;34;29;;;;215;33;287;226;344;316;;;;;;;;;;;;;;;;;;;;;;;;;;;
SP2;16/08/2025;Malaga;Eibar;1;1;D;0;0;D;238;3;33;22;3;31;;;;22;3;31;241;295;337;;;;;;;;;;;;;;;;;;;;;;;;;;;
SP2;16/08/2025;Granada;La Coruna;1;3;A;0;1;A;215;33;33;215;31;325;;;;21;3;32;227;289;379;;;;;;;;;;;;;;;;;;;;;;;;;;;
SP2;17/08/2025;Sociedad B;Zaragoza;1;0;H;1;0;H;32;29;245;28;3;245;;;;275;29;24;322;283;26;;;;;;;;;;;;;;;;;;;;;;;;;;;
SP2;17/08/2025;Cadiz;Mirandes;1;0;H;1;0;H;17;35;525;161;36;5;;;;16;35;48;169;373;516;;;;;;;;;;;;;;;;;;;;;;;;;;;
SP2;17/08/2025;Huesca;Leganes;1;1;D;0;0;D;29;3;26;27;31;25;;;;262;3;245;3;301;261;;;;;;;;;;;;;;;;;;;;;;;;;;;
SP2;17/08/2025;Las Palmas;Andorra;1;1;D;1;0;H;16;375;575;158;375;5;;;;157;36;48;161;391;557;;;;;;;;;;;;;;;;;;;;;;;;;;;
SP2;18/08/2025;Sp Gijon;Cordoba;2;1;H;1;1;D;235;325;3;23;33;28;;;;225;32;275;246;304;317;;;;;;;;;;;;;;;;;;;;;;;;;;;
SP2;18/08/2025;Almeria;Albacete;4;4;D;1;1;D;165;4;475;16;39;48;;;;157;375;46;166;385;521;;;;;;;;;;;;;;;;;;;;;;;;;;;
SP2;22/08/2025;Eibar;Granada;3;0;H;1;0;H;19;33;42;193;31;4;;;;191;3;39;198;33;442;;;;;;;;;;;;;;;;;;;;;;;;;;;
SP2;22/08/2025;Castellon;Valladolid;0;1;A;0;1;A;19;38;36;198;35;32;;;;195;34;31;197;388;371;;;;;;;;;;;;;;;;;;;;;;;;;;;
SP2;22/08/2025;Leganes;Cadiz;1;1;D;1;0;H;22;3;37;22;28;34;;;;22;275;33;237;3;359;;;;;;;;;;;;;;;;;;;;;;;;;;;
SP2;23/08/2025;Mirandes;Huesca;0;1;A;0;1;A;32;28;25;31;27;245;;;;3;27;24;336;282;252;;;;;;;;;;;;;;;;;;;;;;;;;;;
SP2;23/08/2025;Ceuta;Sp Gijon;0;1;A;0;1;A;275;288;288;26;295;265;;;;25;29;262;284;282;292;;;;;;;;;;;;;;;;;;;;;;;;;;;
SP2;23/08/2025;Zaragoza;Andorra;1;3;A;0;1;A;183;35;433;18;34;41;;;;18;33;39;19;343;427;;;;;;;;;;;;;;;;;;;;;;;;;;;
SP2;24/08/2025;La Coruna;Burgos;0;0;D;0;0;D;183;35;433;178;325;433;;;;175;32;42;184;345;455;;;;;;;;;;;;;;;;;;;;;;;;;;;
SP2;24/08/2025;Cultural Leonesa;Almeria;0;1;A;0;0;D;31;35;22;3;33;215;;;;3;325;21;315;357;221;;;;;;;;;;;;;;;;;;;;;;;;;;;
SP2;24/08/2025;Malaga;Sociedad B;1;0;H;0;0;D;185;34;433;185;325;4;;;;183;32;39;;;;;;;;;;;;;;;;;;;;;;;;;;;;;;
SP2;25/08/2025;Albacete;Santander;2;3;A;0;0;D;263;33;263;25;32;255;;;;25;31;25;276;312;273;;;;;;;;;;;;;;;;;;;;;;;;;;;
SP2;25/08/2025;Cordoba;Las Palmas;1;3;A;0;1;A;25;32;28;24;32;27;;;;237;31;27;248;321;3;;;;;;;;;;;;;;;;;;;;;;;;;;;
SP2;29/08/2025;Sociedad B;Almeria;2;2;D;1;1;D;433;36;179;4;34;18;;;;39;33;18;45;361;187;;;;;;;;;;;;;;;;;;;;;;;;;;;
SP2;29/08/2025;Sp Gijon;Cultural Leonesa;1;0;H;0;0;D;161;35;6;162;35;525;;;;161;34;5;168;372;577;;;;;;;;;;;;;;;;;;;;;;;;;;;
SP2;30/08/2025;Santander;Ceuta;4;1;H;2;1;H;151;4;575;157;38;525;;;;155;37;5;155;386;664;;;;;;;;;;;;;;;;;;;;;;;;;;;
SP2;30/08/2025;Valladolid;Cordoba;0;0;D;0;0;D;186;35;4;183;33;39;;;;18;325;38;188;341;436;;;;;;;;;;;;;;;;;;;;;;;;;;;
SP2;30/08/2025;Castellon;Zaragoza;1;1;D;0;0;D;179;375;4;178;35;39;;;;175;34;38;182;37;428;;;;;;;;;;;;;;;;;;;;;;;;;;;
SP2;31/08/2025;Andorra;Burgos;2;1;H;1;0;H;225;31;32;23;3;3;;;;23;29;29;24;327;305;;;;;;;;;;;;;;;;;;;;;;;;;;;
SP2;31/08/2025;Cadiz;Albacete;2;1;H;1;0;H;172;36;45;171;35;45;;;;17;34;433;176;357;483;;;;;;;;;;;;;;;;;;;;;;;;;;;
SP2;31/08/2025;Las Palmas;Malaga;0;1;A;0;1;A;176;35;45;178;33;433;;;;175;325;42;178;355;478;;;;;;;;;;;;;;;;;;;;;;;;;;;
SP2;31/08/2025;Granada;Mirandes;1;2;A;0;0;D;168;35;5;171;34;475;;;;17;33;45;175;354;503;;;;;;;;;;;;;;;;;;;;;;;;;;;
SP2;01/09/2025;Huesca;Eibar;2;1;H;1;1;D;255;3;285;25;29;28;;;;25;287;275;259;3;304;;;;;;;;;;;;;;;;;;;;;;;;;;;
SP2;01/09/2025;Leganes;La Coruna;2;2;D;2;0;H;205;31;375;205;31;35;;;;2;3;34;214;315;375;;;;;;;;;;;;;;;;;;;;;;;;;;;
SP2;05/09/2025;Albacete;Mirandes;1;4;A;0;1;A;177;34;433;185;32;4;;;;183;31;39;189;349;453;;;;;;;;;;;;;;;;;;;;;;;;;;;
SP2;05/09/2025;Cordoba;Castellon;2;1;H;0;1;A;21;35;31;22;34;29;;;;215;33;287;23;342;326;;;;;;;;;;;;;;;;;;;;;;;;;;;
SP2;06/09/2025;La Coruna;Sp Gijon;1;0;H;0;0;D;205;31;37;205;31;34;;;;205;3;33;213;32;371;;;;;;;;;;;;;;;;;;;;;;;;;;;
SP2;06/09/2025;Zaragoza;Valladolid;1;1;D;0;0;D;255;32;27;245;31;27;;;;24;3;27;259;323;283;;;;;;;;;;;;;;;;;;;;;;;;;;;
SP2;06/09/2025;Malaga;Granada;2;2;D;2;1;H;186;32;433;193;31;38;;;;191;31;37;193;334;428;;;;;;;;;;;;;;;;;;;;;;;;;;;
SP2;07/09/2025;Ceuta;Huesca;2;1;H;1;0;H;265;32;265;265;287;265;;;;262;28;26;273;31;278;;;;;;;;;;;;;;;;;;;;;;;;;;;
SP2;07/09/2025;Burgos;Las Palmas;0;0;D;0;0;D;225;31;33;23;295;31;;;;225;29;3;238;311;326;;;;;;;;;;;;;;;;;;;;;;;;;;;
SP2;07/09/2025;Sociedad B;Cadiz;3;3;D;1;1;D;36;31;21;34;3;21;;;;34;3;205;361;321;216;;;;;;;;;;;;;;;;;;;;;;;;;;;
SP2;07/09/2025;Almeria;Santander;2;3;A;2;0;H;176;38;42;172;38;4;;;;17;37;38;181;389;409;;;;;;;;;;;;;;;;;;;;;;;;;;;
SP2;07/09/2025;Cultural Leonesa;Leganes;0;0;D;0;0;D;31;33;23;31;31;225;;;;3;3;22;316;322;237;;;;;;;;;;;;;;;;;;;;;;;;;;;
SP2;08/09/2025;Eibar;Andorra;2;0;H;0;0;D;176;35;45;18;32;45;;;;18;31;433;184;337;47;;;;;;;;;;;;;;;;;;;;;;;;;;;
SP2;12/09/2025;Las Palmas;Sociedad B;2;1;H;1;0;H;153;39;575;152;39;55;;;;15;375;525;158;401;637;;;;;;;;;;;;;;;;;;;;;;;;;;;
SP2;13/09/2025;Cadiz;Eibar;1;0;H;0;0;D;21;3;37;21;3;35;;;;205;3;34;226;306;356;;;;;;;;;;;;;;;;;;;;;;;;;;;
SP2;13/09/2025;Mirandes;La Coruna;1;5;A;0;2;A;325;31;225;3;295;23;;;;29;29;23;35;291;238;;;;;;;;;;;;;;;;;;;;;;;;;;;
SP2;13/09/2025;Huesca;Malaga;1;0;H;0;0;D;215;3;36;215;285;35;;;;215;28;34;228;286;382;;;;;;;;;;;;;;;;;;;;;;;;;;;
SP2;13/09/2025;Valladolid;Almeria;3;1;H;1;0;H;25;33;265;24;325;265;;;;237;32;262;235;348;297;;;;;;;;;;;;;;;;;;;;;;;;;;;
SP2;14/09/2025;Andorra;Cordoba;3;1;H;2;1;H;22;35;3;23;32;287;;;;225;31;28;232;345;305;;;;;;;;;;;;;;;;;;;;;;;;;;;
SP2;14/09/2025;Santander;Cultural Leonesa;2;4;A;0;3;A;146;433;6;149;39;6;;;;148;38;575;148;411;734;;;;;;;;;;;;;;;;;;;;;;;;;;;
SP2;14/09/2025;Castellon;Ceuta;3;3;D;2;1;H;161;39;5;162;375;46;;;;161;37;45;163;4;526;;;;;;;;;;;;;;;;;;;;;;;;;;;
SP2;14/09/2025;Sp Gijon;Burgos;2;3;A;0;2;A;201;31;4;2;31;36;;;;2;3;35;204;305;428;;;;;;;;;;;;;;;;;;;;;;;;;;;
SP2;14/09/2025;Granada;Leganes;0;2;A;0;1;A;24;3;31;237;31;285;;;;23;3;28;252;311;303;;;;;;;;;;;;;;;;;;;;;;;;;;;
SP2;15/09/2025;Zaragoza;Albacete;0;0;D;0;0;D;205;33;35;21;32;32;;;;21;31;31;215;309;382;;;;;;;;;;;;;;;;;;;;;;;;;;;
SP2;19/09/2025;La Coruna;Huesca;4;0;H;3;0;H;162;36;55;17;33;48;;;;167;325;46;166;37;604;;;;;;;;;;;;;;;;;;;;;;;;;;;
SP2;20/09/2025;Cultural Leonesa;Castellon;1;3;A;0;2;A;282;37;22;275;34;225;;;;27;33;22;287;381;228;;;;;;;;;;;;;;;;;;;;;;;;;;;
SP2;20/09/2025;Andorra;Mirandes;1;1;D;1;1;D;181;35;41;183;325;41;;;;183;32;4;188;339;443;;;;;;;;;;;;;;;;;;;;;;;;;;;
SP2;20/09/2025;Leganes;Las Palmas;0;1;A;0;0;D;235;285;325;23;295;3;;;;23;287;3;244;295;332;;;;;;;;;;;;;;;;;;;;;;;;;;;
SP2;20/09/2025;Almeria;Sp Gijon;2;1;H;0;1;A;171;38;433;172;36;42;;;;17;35;4;177;376;449;;;;;;;;;;;;;;;;;;;;;;;;;;;
SP2;21/09/2025;Ceuta;Zaragoza;1;0;H;0;0;D;25;325;275;237;31;28;;;;237;3;275;257;318;289;;;;;;;;;;;;;;;;;;;;;;;;;;;
SP2;21/09/2025;Albacete;Valladolid;2;0;H;0;0;D;285;35;225;275;33;23;;;;27;32;225;3;345;234;;;;;;;;;;;;;;;;;;;;;;;;;;;
SP2;21/09/2025;Eibar;Sociedad B;2;1;H;1;0;H;157;375;575;161;35;525;;;;16;34;5;16;383;598;;;;;;;;;;;;;;;;;;;;;;;;;;;
SP2;21/09/2025;Malaga;Cadiz;0;1;A;0;1;A;25;32;275;255;287;28;;;;25;28;275;271;28;31;;;;;;;;;;;;;;;;;;;;;;;;;;;
SP2;21/09/2025;Cordoba;Santander;2;2;D;0;0;D;22;34;31;225;34;275;;;;22;33;27;231;347;304;;;;;;;;;;;;;;;;;;;;;;;;;;;
SP2;22/09/2025;Burgos;Granada;1;1;D;0;0;D;215;31;35;21;31;33;;;;21;3;325;22;324;348;;;;;;;;;;;;;;;;;;;;;;;;;;;
SP2;26/09/2025;Mirandes;Zaragoza;0;1;A;0;1;A;265;31;265;26;31;255;;;;26;3;25;275;316;283;;;;;;;;;;;;;;;;;;;;;;;;;;;
SP2;27/09/2025;Eibar;La Coruna;1;1;D;0;1;A;255;3;282;245;31;265;;;;245;3;262;26;302;3;;;;;;;;;;;;;;;;;;;;;;;;;;;
SP2;27/09/2025;Santander;Andorra;1;2;A;0;0;D;176;4;38;183;37;35;;;;18;36;35;18;401;403;;;;;;;;;;;;;;;;;;;;;;;;;;;
SP2;27/09/2025;Las Palmas;Almeria;0;1;A;0;1;A;22;325;325;22;33;295;;;;215;325;287;228;328;326;;;;;;;;;;;;;;;;;;;;;;;;;;;
SP2;28/09/2025;Sociedad B;Cordoba;1;1;D;1;0;H;33;33;215;31;34;21;;;;3;33;205;342;343;214;;;;;;;;;;;;;;;;;;;;;;;;;;;
SP2;28/09/2025;Burgos;Malaga;2;1;H;1;1;D;21;31;37;215;3;33;;;;21;3;325;214;305;393;;;;;;;;;;;;;;;;;;;;;;;;;;;
SP2;28/09/2025;Cadiz;Ceuta;0;0;D;0;0;D;168;33;525;17;34;475;;;;167;33;45;175;335;544;;;;;;;;;;;;;;;;;;;;;;;;;;;
SP2;28/09/2025;Sp Gijon;Albacete;3;4;A;3;1;H;196;36;35;195;35;34;;;;191;34;33;202;336;387;;;;;;;;;;;;;;;;;;;;;;;;;;;
SP2;28/09/2025;Valladolid;Cultural Leonesa;0;1;A;0;1;A;142;45;625;146;433;575;;;;144;42;55;145;442;699;;;;;;;;;;;;;;;;;;;;;;;;;;;
SP2;28/09/2025;Huesca;Granada;0;1;A;0;1;A;215;3;36;215;31;32;;;;21;3;31;223;3;373;;;;;;;;;;;;;;;;;;;;;;;;;;;
SP2;29/09/2025;Leganes;Castellon;0;1;A;0;1;A;21;35;31;215;34;295;;;;21;33;29;227;334;322;;;;;;;;;;;;;;;;;;;;;;;;;;;
SP2;03/10/2025;Ceuta;Eibar;1;0;H;1;0;H;275;31;25;26;3;255;;;;26;3;25;289;314;271;;;;;;;;;;;;;;;;;;;;;;;;;;;
SP2;04/10/2025;La Coruna;Almeria;1;1;D;0;1;A;196;32;4;205;325;34;;;;2;32;33;209;315;392;;;;;;;;;;;;;;;;;;;;;;;;;;;
SP2;04/10/2025;Andorra;Leganes;1;2;A;0;0;D;225;325;31;235;3;29;;;;23;3;287;233;322;323;;;;;;;;;;;;;;;;;;;;;;;;;;;
SP2;04/10/2025;Huesca;Burgos;2;1;H;1;0;H;245;3;31;235;28;31;;;;23;275;31;24;294;342;;;;;;;;;;;;;;;;;;;;;;;;;;;
SP2;04/10/2025;Granada;Sociedad B;5;2;H;5;1;H;168;38;45;166;36;475;;;;165;35;45;175;389;444;;;;;;;;;;;;;;;;;;;;;;;;;;;
SP2;05/10/2025;Zaragoza;Cordoba;0;1;A;0;0;D;235;325;285;237;31;275;;;;237;31;27;238;33;306;;;;;;;;;;;;;;;;;;;;;;;;;;;
SP2;05/10/2025;Castellon;Sp Gijon;3;1;H;2;1;H;181;37;4;187;35;37;;;;185;34;36;189;378;385;;;;;;;;;;;;;;;;;;;;;;;;;;;
SP2;05/10/2025;Santander;Malaga;3;0;H;0;0;D;186;36;38;185;34;375;;;;183;33;36;176;372;463;;;;;;;;;;;;;;;;;;;;;;;;;;;
SP2;05/10/2025;Valladolid;Mirandes;1;1;D;0;1;A;153;39;575;157;36;55;;;;155;35;525;155;392;641;;;;;;;;;;;;;;;;;;;;;;;;;;;
SP2;05/10/2025;Las Palmas;Cadiz;1;0;H;0;0;D;176;33;475;18;33;42;;;;18;325;4;179;342;495;;;;;;;;;;;;;;;;;;;;;;;;;;;
SP2;06/10/2025;Cultural Leonesa;Albacete;0;0;D;0;0;D;25;34;257;26;31;25;;;;26;31;245;275;312;275;;;;;;;;;;;;;;;;;;;;;;;;;;;
SP2;10/10/2025;Granada;Las Palmas;0;0;D;0;0;D;3;3;25;275;295;25;;;;27;29;245;278;304;286;;;;;;;;;;;;;;;;;;;;;;;;;;;
SP2;11/10/2025;Mirandes;Leganes;0;0;D;0;0;D;32;3;23;32;287;23;;;;31;28;225;331;294;245;;;;;;;;;;;;;;;;;;;;;;;;;;;
SP2;11/10/2025;Almeria;Zaragoza;4;2;H;0;0;D;161;4;5;161;375;48;;;;16;36;46;163;399;529;;;;;;;;;;;;;;;;;;;;;;;;;;;
SP2;11/10/2025;Sociedad B;Andorra;3;0;H;1;0;H;285;33;235;285;31;235;;;;28;3;23;305;324;242;;;;;;;;;;;;;;;;;;;;;;;;;;;
SP2;12/10/2025;Albacete;Ceuta;0;0;D;0;0;D;181;37;39;187;35;37;;;;185;34;36;183;378;411;;;;;;;;;;;;;;;;;;;;;;;;;;;
SP2;12/10/2025;Eibar;Castellon;0;0;D;0;0;D;22;33;32;22;32;295;;;;22;31;29;232;32;327;;;;;;;;;;;;;;;;;;;;;;;;;;;
SP2;12/10/2025;Sp Gijon;Santander;2;1;H;1;0;H;196;32;39;205;33;325;;;;2;325;32;209;327;375;;;;;;;;;;;;;;;;;;;;;;;;;;;
SP2;12/10/2025;Burgos;Valladolid;0;1;A;0;0;D;265;3;275;26;28;275;;;;26;275;27;272;29;297;;;;;;;;;;;;;;;;;;;;;;;;;;;
SP2;12/10/2025;Cadiz;Huesca;1;0;H;0;0;D;196;31;42;2;295;375;;;;2;29;37;201;298;46;;;;;;;;;;;;;;;;;;;;;;;;;;;
SP2;12/10/2025;Malaga;La Coruna;3;0;H;2;0;H;325;3;23;32;295;225;;;;31;29;22;34;297;239;;;;;;;;;;;;;;;;;;;;;;;;;;;
SP2;13/10/2025;Cordoba;Cultural Leonesa;1;0;H;1;0;H;161;38;5;16;375;48;;;;16;36;46;165;389;519;;;;;;;;;;;;;;;;;;;;;;;;;;;
SP2;17/10/2025;Andorra;Granada;0;0;D;0;0;D;201;35;33;215;32;31;;;;215;31;3;222;34;347;;;;;;;;;;;;;;;;;;;;;;;;;;;
SP2;18/10/2025;Ceuta;Mirandes;2;0;H;2;0;H;191;325;41;195;31;38;;;;195;3;37;201;322;412;;;;;;;;;;;;;;;;;;;;;;;;;;;
SP2;18/10/2025;Zaragoza;Cultural Leonesa;0;5;A;0;2;A;162;35;55;17;34;48;;;;167;33;46;168;366;537;;;;;;;;;;;;;;;;;;;;;;;;;;;
SP2;19/10/2025;Leganes;Malaga;2;0;H;1;0;H;186;325;42;187;32;4;;;;185;31;39;189;333;445;;;;;;;;;;;;;;;;;;;;;;;;;;;
SP2;19/10/2025;Castellon;Albacete;0;1;A;0;1;A;166;4;433;175;375;39;;;;173;36;38;175;398;434;;;;;;;;;;;;;;;;;;;;;;;;;;;
SP2;19/10/2025;Valladolid;Sp Gijon;2;3;A;1;1;D;191;32;42;187;325;39;;;;185;32;375;191;327;451;;;;;;;;;;;;;;;;;;;;;;;;;;;
SP2;19/10/2025;Cordoba;Almeria;1;1;D;1;1;D;265;33;25;265;33;235;;;;262;325;23;274;335;26;;;;;;;;;;;;;;;;;;;;;;;;;;;
SP2;19/10/2025;Santander;La Coruna;2;1;H;1;1;D;255;32;265;237;34;26;;;;237;33;26;249;316;301;;;;;;;;;;;;;;;;;;;;;;;;;;;
SP2;19/10/2025;Las Palmas;Eibar;3;1;H;1;0;H;191;295;45;195;295;41;;;;191;287;4;202;292;465;;;;;;;;;;;;;;;;;;;;;;;;;;;
SP2;20/10/2025;Cadiz;Burgos;1;3;A;1;2;A;21;295;38;215;287;35;;;;21;28;34;218;297;391;;;;;;;;;;;;;;;;;;;;;;;;;;;
SP2;24/10/2025;Huesca;Las Palmas;1;1;D;1;0;H;282;265;282;287;27;26;;;;28;27;26;333;274;26;;;;;;;;;;;;;;;;;;;;;;;;;;;
SP2;25/10/2025;Cultural Leonesa;Ceuta;0;1;A;0;1;A;23;305;32;24;31;275;;;;237;31;27;253;308;303;;;;;;;;;;;;;;;;;;;;;;;;;;;
SP2;25/10/2025;Albacete;Cordoba;1;3;A;0;2;A;22;32;32;22;33;29;;;;22;325;28;241;319;311;;;;;;;;;;;;;;;;;;;;;;;;;;;
SP2;25/10/2025;Eibar;Leganes;0;0;D;0;0;D;215;305;33;23;31;295;;;;225;3;287;239;307;328;;;;;;;;;;;;;;;;;;;;;;;;;;;
SP2;25/10/2025;Burgos;Sociedad B;1;0;H;0;0;D;168;34;525;175;32;48;;;;173;31;46;178;337;514;;;;;;;;;;;;;;;;;;;;;;;;;;;
SP2;25/10/2025;Granada;Cadiz;0;0;D;0;0;D;225;305;33;23;3;3;;;;225;29;3;228;312;344;;;;;;;;;;;;;;;;;;;;;;;;;;;
SP2;25/10/2025;Mirandes;Santander;1;3;A;1;1;D;32;37;205;31;36;205;;;;3;35;2;339;359;21;;;;;;;;;;;;;;;;;;;;;;;;;;;
SP2;26/10/2025;Malaga;Andorra;4;1;H;1;0;H;23;32;305;225;325;29;;;;215;32;3;211;327;371;;;;;;;;;;;;;;;;;;;;;;;;;;;
SP2;26/10/2025;Almeria;Castellon;1;0;H;0;0;D;186;36;37;187;37;34;;;;185;36;33;181;383;415;;;;;;;;;;;;;;;;;;;;;;;;;;;
SP2;26/10/2025;Sp Gijon;Zaragoza;1;0;H;1;0;H;179;33;45;182;34;39;;;;18;33;38;184;344;455;;;;;;;;;;;;;;;;;;;;;;;;;;;
SP2;26/10/2025;La Coruna;Valladolid;1;1;D;0;1;A;191;35;37;2;33;33;;;;2;325;325;21;338;36;;;;;;;;;;;;;;;;;;;;;;;;;;;
SP2;31/10/2025;Santander;Sociedad B;1;0;H;1;0;H;149;45;525;153;41;5;;;;153;39;48;;;;;;;;;;;;;;;;;;;;;;;;;;;;;;
SP2;01/11/2025;Cultural Leonesa;Mirandes;3;2;H;1;1;D;196;32;39;2;32;36;;;;195;31;35;;;;;;;;;;;;;;;;;;;;;;;;;;;;;;
SP2;01/11/2025;Albacete;Huesca;2;1;H;0;1;A;201;32;375;21;3;34;;;;21;3;33;;;;;;;;;;;;;;;;;;;;;;;;;;;;;;
SP2;01/11/2025;Leganes;Burgos;1;2;A;1;2;A;201;305;4;21;295;36;;;;205;287;35;;;;;;;;;;;;;;;;;;;;;;;;;;;;;;
SP2;01/11/2025;Almeria;Eibar;3;1;H;3;0;H;168;36;475;173;35;433;;;;17;34;42;;;;;;;;;;;;;;;;;;;;;;;;;;;;;;
SP2;02/11/2025;Andorra;Cadiz;0;0;D;0;0;D;22;32;325;225;32;29;;;;22;32;287;;;;;;;;;;;;;;;;;;;;;;;;;;;;;;
SP2;02/11/2025;Cordoba;Ceuta;2;0;H;2;0;H;186;33;42;187;33;38;;;;185;325;37;;;;;;;;;;;;;;;;;;;;;;;;;;;;;;
SP2;02/11/2025;Sp Gijon;Las Palmas;0;0;D;0;0;D;235;295;32;235;3;295;;;;23;3;287;;;;;;;;;;;;;;;;;;;;;;;;;;;;;;
SP2;02/11/2025;Castellon;Malaga;2;1;H;0;0;D;166;39;45;168;37;433;;;;167;36;42;;;;;;;;;;;;;;;;;;;;;;;;;;;;;;
SP2;02/11/2025;Zaragoza;La Coruna;0;2;A;0;0;D;32;305;23;295;31;23;;;;287;3;225;;;;;;;;;;;;;;;;;;;;;;;;;;;;;;
SP2;03/11/2025;Valladolid;Granada;2;1;H;0;1;A;181;35;42;185;325;4;;;;183;32;39;;;;;;;;;;;;;;;;;;;;;;;;;;;;;;
SP2;05/11/2025;Sociedad B;Huesca;2;0;H;1;0;H;285;305;245;3;29;237;;;;29;287;237;289;291;291;;;;;;;;;;;;;;;;;;;;;;;;;;;
SP2;07/11/2025;Mirandes;Sp Gijon;2;1;H;0;1;A;282;305;245;28;3;24;;;;275;29;237;;;;;;;;;;;;;;;;;;;;;;;;;;;;;;
SP2;08/11/2025;Sociedad B;Leganes;2;1;H;1;1;D;35;32;21;33;32;205;;;;325;31;205;;;;;;;;;;;;;;;;;;;;;;;;;;;;;;
SP2;08/11/2025;Eibar;Albacete;3;2;H;0;1;A;186;34;41;19;325;375;;;;191;32;37;;;;;;;;;;;;;;;;;;;;;;;;;;;;;;
SP2;08/11/2025;Huesca;Andorra;2;2;D;0;2;A;23;305;32;23;31;29;;;;225;31;287;;;;;;;;;;;;;;;;;;;;;;;;;;;;;;
SP2;08/11/2025;La Coruna;Cultural Leonesa;3;0;H;2;0;H;153;42;525;153;41;525;;;;15;39;5;;;;;;;;;;;;;;;;;;;;;;;;;;;;;;
SP2;08/11/2025;Malaga;Cordoba;2;2;D;0;0;D;22;32;33;225;32;29;;;;22;31;287;;;;;;;;;;;;;;;;;;;;;;;;;;;;;;
SP2;09/11/2025;Las Palmas;Santander;3;1;H;3;1;H;191;32;42;19;33;37;;;;191;32;36;;;;;;;;;;;;;;;;;;;;;;;;;;;;;;
SP2;09/11/2025;Granada;Zaragoza;3;1;H;1;1;D;186;34;4;193;32;37;;;;191;31;36;;;;;;;;;;;;;;;;;;;;;;;;;;;;;;
SP2;09/11/2025;Cadiz;Valladolid;0;0;D;0;0;D;27;32;25;27;3;25;;;;262;3;25;;;;;;;;;;;;;;;;;;;;;;;;;;;;;;
SP2;10/11/2025;Burgos;Castellon;0;0;D;0;0;D;24;33;27;245;32;265;;;;245;31;26;;;;;;;;;;;;;;;;;;;;;;;;;;;;;;
SP2;14/11/2025;Valladolid;Las Palmas;0;1;A;0;1;A;24;285;32;235;29;3;;;;23;287;3;;;;;;;;;;;;;;;;;;;;;;;;;;;;;;
SP2;15/11/2025;Albacete;Andorra;1;0;H;0;0;D;196;36;35;198;35;325;;;;195;35;32;;;;;;;;;;;;;;;;;;;;;;;;;;;;;;
SP2;15/11/2025;Castellon;Sociedad B;5;4;H;1;1;D;141;433;7;143;44;6;;;;14;433;575;;;;;;;;;;;;;;;;;;;;;;;;;;;;;;
SP2;15/11/2025;Santander;Granada;2;2;D;2;0;H;176;375;4;177;37;38;;;;175;36;37;;;;;;;;;;;;;;;;;;;;;;;;;;;;;;
SP2;16/11/2025;Ceuta;Leganes;1;2;A;0;1;A;245;305;285;24;3;285;;;;237;3;28;;;;;;;;;;;;;;;;;;;;;;;;;;;;;;
SP2;16/11/2025;Almeria;Cadiz;3;0;H;1;0;H;157;39;525;162;375;475;;;;16;36;45;;;;;;;;;;;;;;;;;;;;;;;;;;;;;;
SP2;16/11/2025;Sp Gijon;Eibar;1;1;D;0;1;A;215;305;35;22;3;32;;;;215;29;31;;;;;;;;;;;;;;;;;;;;;;;;;;;;;;
SP2;16/11/2025;Cordoba;La Coruna;1;3;A;0;0;D;235;34;282;23;325;275;;;;23;32;27;;;;;;;;;;;;;;;;;;;;;;;;;;;;;;
SP2;16/11/2025;Mirandes;Burgos;0;2;A;0;0;D;33;285;235;31;287;23;;;;3;28;23;;;;;;;;;;;;;;;;;;;;;;;;;;;;;;
SP2;16/11/2025;Zaragoza;Huesca;1;0;H;1;0;H;225;295;34;23;3;3;;;;225;29;3;;;;;;;;;;;;;;;;;;;;;;;;;;;;;;
SP2;17/11/2025;Cultural Leonesa;Malaga;1;0;H;1;0;H;225;33;305;23;32;285;;;;225;32;28;;;;;;;;;;;;;;;;;;;;;;;;;;;;;;
SP2;21/11/2025;Las Palmas;Albacete;2;1;H;2;0;H;171;35;475;172;34;45;;;;17;33;433;;;;;;;;;;;;;;;;;;;;;;;;;;;;;;
SP2;22/11/2025;Andorra;Castellon;1;3;A;0;1;A;265;34;25;25;34;245;;;;245;33;24;264;362;254;;;;;;;;;;;;;;;;;;;;;;;;;;;
SP2;22/11/2025;Eibar;Zaragoza;1;2;A;1;1;D;171;35;475;173;33;46;;;;173;32;44;177;344;505;;;;;;;;;;;;;;;;;;;;;;;;;;;
SP2;22/11/2025;Leganes;Almeria;0;3;A;0;1;A;285;32;245;287;32;23;;;;28;31;225;301;318;248;;;;;;;;;;;;;;;;;;;;;;;;;;;
SP2;22/11/2025;Granada;Cordoba;1;1;D;0;0;D;21;34;325;21;325;31;;;;21;32;31;214;342;344;;;;;;;;;;;;;;;;;;;;;;;;;;;
SP2;23/11/2025;La Coruna;Ceuta;2;1;H;1;0;H;157;4;475;162;37;48;;;;161;36;46;165;397;51;;;;;;;;;;;;;;;;;;;;;;;;;;;
SP2;23/11/2025;Cadiz;Cultural Leonesa;1;2;A;1;2;A;191;305;433;19;31;39;;;;191;31;38;194;308;471;;;;;;;;;;;;;;;;;;;;;;;;;;;
SP2;23/11/2025;Huesca;Sp Gijon;2;0;H;1;0;H;295;285;255;275;295;255;;;;27;287;25;29;306;265;;;;;;;;;;;;;;;;;;;;;;;;;;;
SP2;23/11/2025;Burgos;Santander;0;2;A;0;1;A;245;32;285;24;31;275;;;;237;3;27;248;315;304;;;;;;;;;;;;;;;;;;;;;;;;;;;
SP2;23/11/2025;Malaga;Mirandes;3;2;H;2;0;H;176;35;45;175;34;44;;;;173;33;42;179;347;484;;;;;;;;;;;;;;;;;;;;;;;;;;;
SP2;24/11/2025;Sociedad B;Valladolid;1;0;H;1;0;H;39;305;196;33;31;21;;;;325;31;205;384;328;206;;;;;;;;;;;;;;;;;;;;;;;;;;;
SP2;26/11/2025;Ceuta;Almeria;3;2;H;1;1;D;305;34;225;295;33;22;;;;287;325;215;;;;;;;;;;;;;;;;;;;;;;;;;;;;;;
SP2;28/11/2025;Sp Gijon;Andorra;1;1;D;0;0;D;201;33;36;2;32;34;;;;2;31;33;21;334;389;;;;;;;;;;;;;;;;;;;;;;;;;;;
SP2;29/11/2025;Ceuta;Burgos;1;0;H;1;0;H;232;295;325;23;3;3;;;;225;3;3;241;304;328;;;;;;;;;;;;;;;;;;;;;;;;;;;
SP2;29/11/2025;Cultural Leonesa;Granada;0;1;A;0;1;A;265;295;27;26;31;255;;;;26;3;25;273;301;286;;;;;;;;;;;;;;;;;;;;;;;;;;;
SP2;29/11/2025;Albacete;La Coruna;0;2;A;0;1;A;245;33;27;245;325;255;;;;245;32;25;247;34;285;;;;;;;;;;;;;;;;;;;;;;;;;;;
SP2;29/11/2025;Almeria;Huesca;0;0;D;0;0;D;156;37;575;157;375;525;;;;155;36;5;162;388;56;;;;;;;;;;;;;;;;;;;;;;;;;;;
SP2;29/11/2025;Valladolid;Malaga;1;1;D;1;0;H;171;34;5;172;34;46;;;;17;33;44;176;353;495;;;;;;;;;;;;;;;;;;;;;;;;;;;
SP2;30/11/2025;Zaragoza;Leganes;3;2;H;1;1;D;265;285;275;255;3;26;;;;25;3;26;278;304;278;;;;;;;;;;;;;;;;;;;;;;;;;;;
SP2;30/11/2025;Santander;Eibar;4;0;H;2;0;H;196;35;36;205;34;32;;;;2;34;31;207;362;342;;;;;;;;;;;;;;;;;;;;;;;;;;;
SP2;30/11/2025;Cordoba;Cadiz;1;2;A;0;0;D;196;325;39;205;31;35;;;;205;3;34;206;299;434;;;;;;;;;;;;;;;;;;;;;;;;;;;
SP2;30/11/2025;Mirandes;Sociedad B;1;0;H;0;0;D;205;325;35;21;31;33;;;;205;31;325;212;322;372;;;;;;;;;;;;;;;;;;;;;;;;;;;
SP2;30/11/2025;Castellon;Las Palmas;1;0;H;0;0;D;21;33;34;215;325;31;;;;21;32;3;212;34;353;;;;;;;;;;;;;;;;;;;;;;;;;;;
SP2;06/12/2025;Andorra;Almeria;1;2;A;0;0;D;295;35;22;285;34;22;;;;28;33;22;305;357;232;;;;;;;;;;;;;;;;;;;;;;;;;;;
SP2;06/12/2025;Huesca;Valladolid;1;4;A;0;2;A;282;295;257;275;29;255;;;;27;28;25;298;287;274;;;;;;;;;;;;;;;;;;;;;;;;;;;
SP2;06/12/2025;Sociedad B;Sp Gijon;0;1;A;0;0;D;305;32;23;3;31;225;;;;29;31;22;314;335;231;;;;;;;;;;;;;;;;;;;;;;;;;;;
SP2;07/12/2025;Cadiz;Santander;2;3;A;2;1;H;282;34;23;275;33;23;;;;27;325;225;287;343;244;;;;;;;;;;;;;;;;;;;;;;;;;;;
SP2;07/12/2025;Leganes;Cordoba;0;0;D;0;0;D;23;295;325;225;32;29;;;;225;31;287;23;312;34;;;;;;;;;;;;;;;;;;;;;;;;;;;
SP2;07/12/2025;Eibar;Cultural Leonesa;1;2;A;1;1;D;166;35;525;17;35;45;;;;17;34;433;17;353;547;;;;;;;;;;;;;;;;;;;;;;;;;;;
SP2;07/12/2025;La Coruna;Castellon;1;3;A;1;0;H;22;35;285;225;32;295;;;;22;31;29;239;304;33;;;;;;;;;;;;;;;;;;;;;;;;;;;
SP2;07/12/2025;Granada;Ceuta;1;1;D;1;1;D;196;34;375;2;32;35;;;;195;31;34;2;339;391;;;;;;;;;;;;;;;;;;;;;;;;;;;
SP2;08/12/2025;Burgos;Albacete;0;1;A;0;0;D;215;305;35;215;31;325;;;;21;3;32;22;306;371;;;;;;;;;;;;;;;;;;;;;;;;;;;
SP2;08/12/2025;Las Palmas;Mirandes;0;0;D;0;0;D;151;37;65;153;36;6;;;;15;35;575;157;378;64;;;;;;;;;;;;;;;;;;;;;;;;;;;
SP2;08/12/2025;Malaga;Zaragoza;1;1;D;1;0;H;201;325;375;21;3;35;;;;205;29;34;216;298;398;;;;;;;;;;;;;;;;;;;;;;;;;;;
SP2;12/12/2025;Cultural Leonesa;Huesca;0;2;A;0;0;D;23;282;34;235;29;3;;;;23;287;3;236;296;366;;;;;;;;;;;;;;;;;;;;;;;;;;;
SP2;13/12/2025;Cordoba;Eibar;0;0;D;0;0;D;196;325;39;2;325;34;;;;2;32;33;2;331;402;;;;;;;;;;;;;;;;;;;;;;;;;;;
SP2;13/12/2025;Sp Gijon;Granada;1;0;H;0;0;D;21;305;35;21;32;32;;;;21;31;31;219;314;364;;;;;;;;;;;;;;;;;;;;;;;;;;;
SP2;13/12/2025;Valladolid;Andorra;0;1;A;0;0;D;161;4;475;163;375;46;;;;161;37;45;163;405;512;;;;;;;;;;;;;;;;;;;;;;;;;;;
SP2;13/12/2025;Santander;Leganes;1;1;D;0;0;D;176;38;4;177;35;4;;;;175;34;39;183;383;411;;;;;;;;;;;;;;;;;;;;;;;;;;;
SP2;13/12/2025;La Coruna;Sociedad B;0;3;A;0;1;A;146;433;575;147;41;575;;;;144;4;55;15;429;643;;;;;;;;;;;;;;;;;;;;;;;;;;;
SP2;13/12/2025;Zaragoza;Cadiz;1;2;A;0;0;D;205;305;37;215;31;325;;;;21;3;32;211;318;382;;;;;;;;;;;;;;;;;;;;;;;;;;;
SP2;14/12/2025;Albacete;Malaga;1;3;A;1;0;H;191;34;39;2;325;34;;;;2;32;33;199;335;399;;;;;;;;;;;;;;;;;;;;;;;;;;;
SP2;14/12/2025;Almeria;Burgos;1;2;A;1;1;D;168;36;45;173;33;46;;;;17;325;44;174;371;478;;;;;;;;;;;;;;;;;;;;;;;;;;;
SP2;14/12/2025;Ceuta;Las Palmas;1;1;D;0;0;D;282;295;255;28;29;25;;;;275;287;245;296;301;264;;;;;;;;;;;;;;;;;;;;;;;;;;;
SP2;15/12/2025;Castellon;Mirandes;3;1;H;1;1;D;141;433;65;144;44;6;;;;144;42;575;142;475;704;;;;;;;;;;;;;;;;;;;;;;;;;;;
SP2;19/12/2025;Eibar;Valladolid;3;0;H;1;0;H;245;295;295;245;3;275;;;;24;29;27;266;301;308;;;;;;;;;;;;;;;;;;;;;;;;;;;
SP2;20/12/2025;Andorra;La Coruna;1;0;H;0;0;D;275;33;245;27;325;237;;;;262;32;237;284;34;255;;;;;;;;;;;;;;;;;;;;;;;;;;;
SP2;20/12/2025;Huesca;Santander;1;1;D;0;1;A;295;32;235;29;32;225;;;;287;31;225;295;321;251;;;;;;;;;;;;;;;;;;;;;;;;;;;
SP2;20/12/2025;Leganes;Sp Gijon;0;1;A;0;0;D;215;305;35;215;3;33;;;;215;29;325;22;324;348;;;;;;;;;;;;;;;;;;;;;;;;;;;
SP2;20/12/2025;Las Palmas;Cultural Leonesa;4;0;H;4;0;H;156;36;65;162;35;525;;;;16;34;5;157;387;613;;;;;;;;;;;;;;;;;;;;;;;;;;;
SP2;21/12/2025;Malaga;Almeria;2;1;H;1;0;H;305;32;23;29;32;23;;;;287;31;225;32;316;237;;;;;;;;;;;;;;;;;;;;;;;;;;;
SP2;21/12/2025;Mirandes;Cordoba;1;2;A;1;1;D;33;33;215;31;325;215;;;;3;32;21;331;332;224;;;;;;;;;;;;;;;;;;;;;;;;;;;
SP2;21/12/2025;Sociedad B;Ceuta;1;3;A;1;1;D;27;305;257;27;3;255;;;;262;29;25;286;303;271;;;;;;;;;;;;;;;;;;;;;;;;;;;
SP2;21/12/2025;Burgos;Zaragoza;1;1;D;1;0;H;215;285;38;21;287;36;;;;2;287;37;221;287;402;;;;;;;;;;;;;;;;;;;;;;;;;;;
SP2;21/12/2025;Granada;Albacete;1;1;D;1;0;H;196;305;41;2;32;36;;;;195;31;35;205;309;415;;;;;;;;;;;;;;;;;;;;;;;;;;;
SP2;21/12/2025;Cadiz;Castellon;2;0;H;0;0;D;325;33;215;3;32;22;;;;3;31;215;338;331;221;;;;;;;;;;;;;;;;;;;;;;;;;;;
SP2;02/01/2026;Eibar;Mirandes;2;1;H;0;1;A;146;37;75;149;375;65;;;;148;36;6;153;39;77;;;;;;;;;;;;;;;;;;;;;;;;;;;
SP2;03/01/2026;Cultural Leonesa;Sociedad B;1;1;D;0;0;D;181;33;45;185;32;41;;;;183;31;39;188;323;47;;;;;;;;;;;;;;;;;;;;;;;;;;;
SP2;03/01/2026;Almeria;Granada;3;2;H;1;1;D;176;36;433;175;35;42;;;;173;34;4;182;361;441;;;;;;;;;;;;;;;;;;;;;;;;;;;
SP2;03/01/2026;Castellon;Huesca;4;1;H;3;0;H;149;41;625;15;39;575;;;;15;375;55;153;409;641;;;;;;;;;;;;;;;;;;;;;;;;;;;
SP2;03/01/2026;Valladolid;Santander;1;1;D;0;0;D;22;325;32;215;32;3;;;;215;31;3;228;312;344;;;;;;;;;;;;;;;;;;;;;;;;;;;
SP2;03/01/2026;Cordoba;Burgos;2;0;H;1;0;H;201;305;4;205;29;37;;;;205;287;36;205;315;407;;;;;;;;;;;;;;;;;;;;;;;;;;;
SP2;04/01/2026;Sp Gijon;Malaga;1;3;A;0;1;A;186;32;433;195;32;37;;;;191;31;36;189;34;433;;;;;;;;;;;;;;;;;;;;;;;;;;;
SP2;04/01/2026;Ceuta;Andorra;2;1;H;1;0;H;186;35;4;193;325;37;;;;191;32;36;195;346;398;;;;;;;;;;;;;;;;;;;;;;;;;;;
SP2;04/01/2026;Albacete;Leganes;1;3;A;1;1;D;215;32;33;225;32;29;;;;22;31;287;227;323;334;;;;;;;;;;;;;;;;;;;;;;;;;;;
SP2;04/01/2026;Zaragoza;Las Palmas;1;2;A;0;1;A;295;285;25;295;295;237;;;;29;287;23;312;293;259;;;;;;;;;;;;;;;;;;;;;;;;;;;
SP2;04/01/2026;La Coruna;Cadiz;2;2;D;2;1;H;166;36;5;168;34;475;;;;167;34;45;168;356;566;;;;;;;;;;;;;;;;;;;;;;;;;;;
SP2;09/01/2026;Cadiz;Sp Gijon;3;2;H;1;0;H;257;3;275;255;3;265;;;;25;3;26;276;304;293;;;;;;;;;;;;;;;;;;;;;;;;;;;
SP2;10/01/2026;Mirandes;Almeria;2;2;D;1;1;D;35;34;201;33;34;2;;;;325;33;2;363;343;207;;;;;;;;;;;;;;;;;;;;;;;;;;;
SP2;10/01/2026;Sociedad B;Albacete;0;0;D;0;0;D;27;33;25;27;32;24;;;;262;31;237;278;338;255;;;;;;;;;;;;;;;;;;;;;;;;;;;
SP2;10/01/2026;Andorra;Cultural Leonesa;1;1;D;0;1;A;196;36;35;2;34;33;;;;195;33;325;203;357;36;;;;;;;;;;;;;;;;;;;;;;;;;;;
SP2;10/01/2026;Burgos;Eibar;1;0;H;0;0;D;255;282;31;245;285;29;;;;245;28;287;268;284;31;;;;;;;;;;;;;;;;;;;;;;;;;;;
SP2;10/01/2026;Las Palmas;La Coruna;1;1;D;1;1;D;205;31;375;205;32;34;;;;2;31;33;207;321;389;;;;;;;;;;;;;;;;;;;;;;;;;;;
SP2;10/01/2026;Santander;Zaragoza;2;3;A;0;2;A;166;39;45;165;39;433;;;;161;375;42;169;392;479;;;;;;;;;;;;;;;;;;;;;;;;;;;
SP2;11/01/2026;Leganes;Valladolid;3;0;H;2;0;H;235;31;31;237;31;28;;;;237;3;275;251;304;31;;;;;;;;;;;;;;;;;;;;;;;;;;;
SP2;11/01/2026;Granada;Castellon;0;0;D;0;0;D;3;32;235;28;325;23;;;;275;32;225;297;327;246;;;;;;;;;;;;;;;;;;;;;;;;;;;
SP2;11/01/2026;Malaga;Ceuta;2;1;H;2;1;H;205;33;35;205;32;33;;;;205;32;32;207;342;363;;;;;;;;;;;;;;;;;;;;;;;;;;;
SP2;12/01/2026;Huesca;Cordoba;1;2;A;1;1;D;282;285;265;265;295;26;;;;262;29;25;291;294;274;;;;;;;;;;;;;;;;;;;;;;;;;;;
SP2;16/01/2026;Castellon;Leganes;2;0;H;1;0;H;156;41;525;16;39;475;;;;157;38;45;;;;;;;;;;;;;;;;;;;;;;;;;;;;;;
SP2;17/01/2026;Ceuta;Valladolid;0;3;A;0;1;A;25;31;282;255;3;27;;;;25;29;262;;;;;;;;;;;;;;;;;;;;;;;;;;;;;;
SP2;17/01/2026;Cultural Leonesa;Sp Gijon;2;4;A;1;3;A;32;31;235;3;31;225;;;;3;3;22;;;;;;;;;;;;;;;;;;;;;;;;;;;;;;
SP2;17/01/2026;Zaragoza;Sociedad B;1;1;D;0;0;D;171;34;5;177;33;433;;;;175;325;42;;;;;;;;;;;;;;;;;;;;;;;;;;;;;;
SP2;17/01/2026;Almeria;La Coruna;1;2;A;1;0;H;191;35;375;193;35;34;;;;191;34;33;;;;;;;;;;;;;;;;;;;;;;;;;;;;;;
SP2;18/01/2026;Mirandes;Andorra;1;2;A;0;1;A;245;325;27;245;31;27;;;;24;31;27;;;;;;;;;;;;;;;;;;;;;;;;;;;;;;
SP2;18/01/2026;Santander;Las Palmas;4;1;H;2;1;H;22;325;32;225;31;3;;;;22;3;3;;;;;;;;;;;;;;;;;;;;;;;;;;;;;;
SP2;18/01/2026;Albacete;Cadiz;1;0;H;0;0;D;215;34;32;22;325;295;;;;22;32;29;;;;;;;;;;;;;;;;;;;;;;;;;;;;;;
SP2;18/01/2026;Burgos;Huesca;1;0;H;0;0;D;205;285;41;21;28;375;;;;21;275;36;;;;;;;;;;;;;;;;;;;;;;;;;;;;;;
SP2;18/01/2026;Cordoba;Malaga;0;1;A;0;1;A;186;35;4;18;35;39;;;;18;35;375;;;;;;;;;;;;;;;;;;;;;;;;;;;;;;
SP2;19/01/2026;Granada;Eibar;0;0;D;0;0;D;225;3;34;22;3;31;;;;22;3;31;;;;;;;;;;;;;;;;;;;;;;;;;;;;;;
SP2;23/01/2026;Malaga;Burgos;3;0;H;2;0;H;201;3;4;21;295;36;;;;205;287;35;;;;;;;;;;;;;;;;;;;;;;;;;;;;;;
SP2;24/01/2026;Valladolid;Albacete;0;1;A;0;0;D;191;34;39;195;33;35;;;;191;325;34;;;;;;;;;;;;;;;;;;;;;;;;;;;;;;
SP2;24/01/2026;Leganes;Sociedad B;2;0;H;0;0;D;166;35;525;165;35;48;;;;;;;;;;;;;;;;;;;;;;;;;;;;;;;;;;;;
SP2;24/01/2026;Las Palmas;Cordoba;1;2;A;1;2;A;191;34;4;195;325;36;;;;;;;;;;;;;;;;;;;;;;;;;;;;;;;;;;;;
SP2;24/01/2026;Sp Gijon;Mirandes;3;0;H;1;0;H;156;4;55;155;375;55;;;;;;;;;;;;;;;;;;;;;;;;;;;;;;;;;;;;
SP2;24/01/2026;Cadiz;Granada;1;2;A;0;1;A;265;32;27;255;31;265;;;;;;;;;;;;;;;;;;;;;;;;;;;;;;;;;;;;
SP2;25/01/2026;Andorra;Huesca;1;1;D;1;1;D;191;33;41;195;31;375;;;;;;;;;;;;;;;;;;;;;;;;;;;;;;;;;;;;
SP2;25/01/2026;Eibar;Almeria;1;0;H;0;0;D;225;32;32;23;31;295;;;;;;;;;;;;;;;;;;;;;;;;;;;;;;;;;;;;
SP2;25/01/2026;Zaragoza;Castellon;0;0;D;0;0;D;375;35;191;34;34;195;;;;;;;;;;;;;;;;;;;;;;;;;;;;;;;;;;;;
SP2;25/01/2026;La Coruna;Santander;0;1;A;0;0;D;21;34;33;2;34;32;;;;;;;;;;;;;;;;;;;;;;;;;;;;;;;;;;;;
SP2;26/01/2026;Ceuta;Cultural Leonesa;3;1;H;2;1;H;196;34;375;195;325;35;;;;;;;;;;;;;;;;;;;;;;;;;;;;;;;;;;;;
SP2;30/01/2026;Sociedad B;Las Palmas;1;1;D;0;0;D;265;32;255;27;3;25;;;;27;3;245;;;;;;;;;;;;;;;;;;;;;;;;;;;;;;
SP2;31/01/2026;Albacete;Zaragoza;2;0;H;1;0;H;191;34;38;195;33;35;;;;;;;;;;;;;;;;;;;;;;;;;;;;;;;;;;;;
SP2;31/01/2026;Burgos;Leganes;2;1;H;0;0;D;22;285;36;225;287;325;;;;;;;;;;;;;;;;;;;;;;;;;;;;;;;;;;;;
SP2;31/01/2026;Cultural Leonesa;La Coruna;0;1;A;0;0;D;31;32;23;287;32;23;;;;;;;;;;;;;;;;;;;;;;;;;;;;;;;;;;;;
SP2;31/01/2026;Cordoba;Valladolid;3;1;H;1;1;D;191;34;375;195;325;36;;;;;;;;;;;;;;;;;;;;;;;;;;;;;;;;;;;;
SP2;01/02/2026;Almeria;Ceuta;4;2;H;3;1;H;168;37;475;17;36;42;;;;;;;;;;;;;;;;;;;;;;;;;;;;;;;;;;;;
SP2;01/02/2026;Eibar;Sp Gijon;1;0;H;0;0;D;22;31;35;215;31;32;;;;;;;;;;;;;;;;;;;;;;;;;;;;;;;;;;;;
SP2;01/02/2026;Castellon;Andorra;2;0;H;2;0;H;141;45;65;146;45;55;;;;144;433;525;;;;;;;;;;;;;;;;;;;;;;;;;;;;;;
SP2;01/02/2026;Huesca;Cadiz;1;0;H;1;0;H;225;31;325;23;295;31;;;;225;29;3;;;;;;;;;;;;;;;;;;;;;;;;;;;;;;
SP2;01/02/2026;Granada;Santander;1;0;H;1;0;H;24;33;282;235;33;27;;;;;;;;;;;;;;;;;;;;;;;;;;;;;;;;;;;;
SP2;02/02/2026;Mirandes;Malaga;2;1;H;1;0;H;3;32;232;295;31;225;;;;;;;;;;;;;;;;;;;;;;;;;;;;;;;;;;;;
SP2;06/02/2026;Leganes;Granada;1;0;H;1;0;H;225;3;34;225;3;31;;;;;;;;;;;;;;;;;;;;;;;;;;;;;;;;;;;;
SP2;07/02/2026;Andorra;Sociedad B;1;2;A;1;1;D;176;36;433;18;35;39;;;;;;;;;;;;;;;;;;;;;;;;;;;;;;;;;;;;
SP2;07/02/2026;Las Palmas;Burgos;0;0;D;0;0;D;186;33;45;183;31;433;;;;;;;;;;;;;;;;;;;;;;;;;;;;;;;;;;;;
SP2;07/02/2026;Zaragoza;Eibar;1;1;D;1;0;H;27;31;257;26;3;26;;;;;;;;;;;;;;;;;;;;;;;;;;;;;;;;;;;;
SP2;08/02/2026;Valladolid;Castellon;0;4;A;0;3;A;31;33;22;29;32;225;;;;;;;;;;;;;;;;;;;;;;;;;;;;;;;;;;;;
SP2;08/02/2026;Cadiz;Almeria;1;2;A;1;2;A;257;35;25;26;34;24;;;;;;;;;;;;;;;;;;;;;;;;;;;;;;;;;;;;
SP2;08/02/2026;La Coruna;Albacete;2;1;H;2;0;H;171;37;45;17;35;44;;;;;;;;;;;;;;;;;;;;;;;;;;;;;;;;;;;;
SP2;08/02/2026;Sp Gijon;Huesca;2;1;H;0;0;D;181;325;475;182;32;42;;;;;;;;;;;;;;;;;;;;;;;;;;;;;;;;;;;;
SP2;08/02/2026;Malaga;Cultural Leonesa;2;1;H;0;1;A;171;36;475;173;34;44;;;;;;;;;;;;;;;;;;;;;;;;;;;;;;;;;;;;
SP2;09/02/2026;Santander;Mirandes;1;0;H;0;0;D;149;45;55;147;42;55;;;;;;;;;;;;;;;;;;;;;;;;;;;;;;;;;;;;
SP2;13/02/2026;Almeria;Andorra;3;2;H;1;1;D;168;38;45;17;38;41;;;;;;;;;;;;;;;;;;;;;;;;;;;;;;;;;;;;
SP2;14/02/2026;Cordoba;Leganes;2;1;H;1;0;H;196;325;375;2;32;35;;;;;;;;;;;;;;;;;;;;;;;;;;;;;;;;;;;;
SP2;14/02/2026;Burgos;Cadiz;1;1;D;1;1;D;205;31;37;21;29;36;;;;205;287;35;;;;;;;;;;;;;;;;;;;;;;;;;;;;;;
SP2;14/02/2026;Cultural Leonesa;Zaragoza;0;0;D;0;0;D;235;32;3;24;3;285;;;;237;3;28;;;;;;;;;;;;;;;;;;;;;;;;;;;;;;
SP2;14/02/2026;Granada;Valladolid;5;1;H;4;1;H;21;325;34;21;31;33;;;;;;;;;;;;;;;;;;;;;;;;;;;;;;;;;;;;
SP2;15/02/2026;Mirandes;Las Palmas;1;1;D;0;0;D;32;31;23;31;295;23;;;;;;;;;;;;;;;;;;;;;;;;;;;;;;;;;;;;
SP2;15/02/2026;Eibar;Santander;2;1;H;0;1;A;22;325;325;215;32;31;;;;;;;;;;;;;;;;;;;;;;;;;;;;;;;;;;;;
SP2;15/02/2026;Huesca;Ceuta;2;0;H;0;0;D;205;31;375;21;31;34;;;;;;;;;;;;;;;;;;;;;;;;;;;;;;;;;;;;
SP2;15/02/2026;Albacete;Sp Gijon;1;1;D;1;0;H;225;325;31;225;32;29;;;;225;31;28;;;;;;;;;;;;;;;;;;;;;;;;;;;;;;
SP2;15/02/2026;Castellon;La Coruna;2;0;H;1;0;H;181;36;4;182;34;4;;;;18;33;38;;;;;;;;;;;;;;;;;;;;;;;;;;;;;;
SP2;16/02/2026;Sociedad B;Malaga;2;1;H;1;1;D;285;33;235;275;31;24;;;;27;31;237;;;;;;;;;;;;;;;;;;;;;;;;;;;;;;
SP2;20/02/2026;Ceuta;Granada;2;1;H;1;0;H;245;31;285;25;3;275;;;;245;29;27;;;;;;;;;;;;;;;;;;;;;;;;;;;;;;
SP2;21/02/2026;Leganes;Cultural Leonesa;1;1;D;0;1;A;168;35;5;168;35;475;;;;;;;;;;;;;;;;;;;;;;;;;;;;;;;;;;;;
SP2;21/02/2026;Huesca;Mirandes;1;2;A;0;1;A;196;3;433;205;3;35;;;;205;3;34;;;;;;;;;;;;;;;;;;;;;;;;;;;;;;
SP2;21/02/2026;La Coruna;Eibar;1;0;H;1;0;H;186;325;433;19;3;41;;;;191;29;4;;;;;;;;;;;;;;;;;;;;;;;;;;;;;;
SP2;21/02/2026;Almeria;Cordoba;2;1;H;2;0;H;201;35;33;2;36;32;;;;2;35;31;;;;;;;;;;;;;;;;;;;;;;;;;;;;;;
SP2;21/02/2026;Las Palmas;Castellon;1;1;D;1;0;H;245;32;27;24;32;27;;;;237;31;262;;;;;;;;;;;;;;;;;;;;;;;;;;;;;;
SP2;22/02/2026;Sp Gijon;Valladolid;2;2;D;1;2;A;186;33;42;188;325;39;;;;185;32;375;;;;;;;;;;;;;;;;;;;;;;;;;;;;;;
SP2;22/02/2026;Andorra;Zaragoza;2;1;H;2;0;H;186;35;39;193;325;37;;;;;;;;;;;;;;;;;;;;;;;;;;;;;;;;;;;;
SP2;22/02/2026;Santander;Burgos;1;0;H;1;0;H;181;34;42;185;325;4;;;;;;;;;;;;;;;;;;;;;;;;;;;;;;;;;;;;
SP2;22/02/2026;Malaga;Albacete;1;0;H;0;0;D;191;34;39;19;32;38;;;;;;;;;;;;;;;;;;;;;;;;;;;;;;;;;;;;
SP2;23/02/2026;Cadiz;Sociedad B;0;2;A;0;0;D;201;325;36;2;325;34;;;;;;;;;;;;;;;;;;;;;;;;;;;;;;;;;;;;
SP2;25/02/2026;Ceuta;Cordoba;3;2;H;3;2;H;275;33;245;265;31;25;;;;;;;;;;;;;;;;;;;;;;;;;;;;;;;;;;;;
SP2;27/02/2026;Albacete;Almeria;1;1;D;0;0;D;23;34;285;235;325;27;;;;;;;;;;;;;;;;;;;;;;;;;;;;;;;;;;;;
SP2;28/02/2026;Zaragoza;Burgos;0;1;A;0;0;D;27;285;275;265;275;275;;;;;;;;;;;;;;;;;;;;;;;;;;;;;;;;;;;;
SP2;28/02/2026;Granada;Malaga;0;1;A;0;0;D;215;32;33;22;31;31;;;;;;;;;;;;;;;;;;;;;;;;;;;;;;;;;;;;
SP2;28/02/2026;Valladolid;Huesca;1;0;H;0;0;D;168;34;5;175;325;45;;;;;;;;;;;;;;;;;;;;;;;;;;;;;;;;;;;;
SP2;28/02/2026;Castellon;Santander;1;3;A;0;3;A;166;42;433;168;375;42;;;;;;;;;;;;;;;;;;;;;;;;;;;;;;;;;;;;
SP2;01/03/2026;Sociedad B;La Coruna;2;3;A;1;1;D;325;33;215;3;32;215;;;;;;;;;;;;;;;;;;;;;;;;;;;;;;;;;;;;
SP2;01/03/2026;Mirandes;Ceuta;0;1;A;0;1;A;23;32;31;23;31;287;;;;23;3;28;;;;;;;;;;;;;;;;;;;;;;;;;;;;;;
SP2;01/03/2026;Cultural Leonesa;Las Palmas;0;3;A;0;0;D;32;31;23;3;31;22;;;;3;3;22;;;;;;;;;;;;;;;;;;;;;;;;;;;;;;
SP2;01/03/2026;Eibar;Cadiz;3;1;H;2;0;H;171;34;5;175;33;45;;;;173;325;433;;;;;;;;;;;;;;;;;;;;;;;;;;;;;;
SP2;02/03/2026;Sp Gijon;Leganes;0;0;D;0;0;D;201;33;36;205;32;34;;;;2;31;33;;;;;;;;;;;;;;;;;;;;;;;;;;;;;;
SP2;02/03/2026;Cordoba;Andorra;1;4;A;0;3;A;171;39;42;172;375;4;;;;;;;;;;;;;;;;;;;;;;;;;;;;;;;;;;;;
SP2;06/03/2026;Cadiz;Zaragoza;0;1;A;0;1;A;22;325;32;225;31;3;;;;;;;;;;;;;;;;;;;;;;;;;;;;;;;;;;;;
SP2;07/03/2026;Huesca;Albacete;0;0;D;0;0;D;25;275;32;24;29;295;;;;;;;;;;;;;;;;;;;;;;;;;;;;;;;;;;;;
SP2;07/03/2026;Sociedad B;Castellon;4;2;H;2;2;D;38;37;186;375;35;182;;;;;;;;;;;;;;;;;;;;;;;;;;;;;;;;;;;;
SP2;07/03/2026;Burgos;Mirandes;2;0;H;1;0;H;176;33;475;178;31;46;;;;;;;;;;;;;;;;;;;;;;;;;;;;;;;;;;;;
SP2;07/03/2026;Malaga;Valladolid;3;3;D;2;1;H;196;34;37;198;32;36;;;;;;;;;;;;;;;;;;;;;;;;;;;;;;;;;;;;
SP2;08/03/2026;Las Palmas;Ceuta;4;0;H;1;0;H;161;37;525;163;36;48;;;;;;;;;;;;;;;;;;;;;;;;;;;;;;;;;;;;
SP2;08/03/2026;Andorra;Sp Gijon;1;0;H;0;0;D;235;33;285;237;325;27;;;;237;32;262;;;;;;;;;;;;;;;;;;;;;;;;;;;;;;
SP2;08/03/2026;Leganes;Eibar;0;1;A;0;1;A;232;3;32;23;3;31;;;;225;29;3;;;;;;;;;;;;;;;;;;;;;;;;;;;;;;
SP2;08/03/2026;Santander;Cordoba;4;3;H;1;1;D;196;35;36;2;35;32;;;;195;34;31;;;;;;;;;;;;;;;;;;;;;;;;;;;;;;
SP2;08/03/2026;La Coruna;Granada;0;2;A;0;1;A;176;34;475;18;325;433;;;;18;32;42;;;;;;;;;;;;;;;;;;;;;;;;;;;;;;
SP2;09/03/2026;Almeria;Cultural Leonesa;3;0;H;1;0;H;149;433;575;15;42;525;;;;148;4;5;;;;;;;;;;;;;;;;;;;;;;;;;;;;;;
SP2;13/03/2026;Mirandes;Cadiz;0;2;A;0;2;A;215;33;33;215;31;31;;;;215;31;31;;;;;;;;;;;;;;;;;;;;;;;;;;;;;;
SP2;14/03/2026;Cultural Leonesa;Santander;1;2;A;0;1;A;32;35;21;29;35;21;;;;;;;;;;;;;;;;;;;;;;;;;;;;;;;;;;;;
SP2;14/03/2026;Valladolid;Leganes;3;2;H;1;0;H;196;34;39;2;32;35;;;;;;;;;;;;;;;;;;;;;;;;;;;;;;;;;;;;
SP2;14/03/2026;Zaragoza;Almeria;2;0;H;0;0;D;31;34;22;31;33;21;;;;;;;;;;;;;;;;;;;;;;;;;;;;;;;;;;;;
SP2;14/03/2026;Ceuta;La Coruna;1;2;A;1;1;D;285;32;245;285;31;235;;;;28;3;23;;;;;;;;;;;;;;;;;;;;;;;;;;;;;;
SP2;15/03/2026;Cordoba;Sociedad B;0;2;A;0;2;A;157;39;5;158;39;475;;;;;;;;;;;;;;;;;;;;;;;;;;;;;;;;;;;;
SP2;15/03/2026;Granada;Andorra;1;1;D;1;1;D;186;35;39;188;33;375;;;;185;325;37;;;;;;;;;;;;;;;;;;;;;;;;;;;;;;
SP2;15/03/2026;Eibar;Burgos;0;0;D;0;0;D;201;31;41;2;29;39;;;;;;;;;;;;;;;;;;;;;;;;;;;;;;;;;;;;
SP2;15/03/2026;Malaga;Huesca;5;3;H;2;1;H;166;36;5;171;34;46;;;;;;;;;;;;;;;;;;;;;;;;;;;;;;;;;;;;
SP2;15/03/2026;Sp Gijon;Castellon;4;1;H;1;1;D;275;34;235;275;33;23;;;;;;;;;;;;;;;;;;;;;;;;;;;;;;;;;;;;
SP2;16/03/2026;Albacete;Las Palmas;2;1;H;0;1;A;257;33;257;26;31;255;;;;;;;;;;;;;;;;;;;;;;;;;;;;;;;;;;;;
SP2;20/03/2026;Huesca;Almeria;1;3;A;1;2;A;33;325;205;33;32;205;;;;;;;;;;;;;;;;;;;;;;;;;;;;;;;;;;;;
SP2;21/03/2026;Leganes;Ceuta;5;2;H;1;1;D;179;34;45;185;33;39;;;;;;;;;;;;;;;;;;;;;;;;;;;;;;;;;;;;
SP2;21/03/2026;Andorra;Eibar;0;1;A;0;1;A;23;31;32;237;31;28;;;;;;;;;;;;;;;;;;;;;;;;;;;;;;;;;;;;
SP2;21/03/2026;Santander;Albacete;0;4;A;0;2;A;179;37;41;178;37;38;;;;;;;;;;;;;;;;;;;;;;;;;;;;;;;;;;;;
SP2;21/03/2026;Cadiz;Malaga;0;3;A;0;2;A;275;31;255;265;32;245;;;;;;;;;;;;;;;;;;;;;;;;;;;;;;;;;;;;
SP2;21/03/2026;La Coruna;Zaragoza;2;1;H;1;1;D;157;36;575;158;37;525;;;;;;;;;;;;;;;;;;;;;;;;;;;;;;;;;;;;
SP2;22/03/2026;Burgos;Cordoba;4;0;H;2;0;H;225;3;34;22;31;3;;;;;;;;;;;;;;;;;;;;;;;;;;;;;;;;;;;;
SP2;22/03/2026;Mirandes;Valladolid;2;1;H;1;1;D;282;31;25;275;31;24;;;;;;;;;;;;;;;;;;;;;;;;;;;;;;;;;;;;
SP2;22/03/2026;Sociedad B;Granada;0;2;A;0;2;A;265;31;265;255;31;26;;;;;;;;;;;;;;;;;;;;;;;;;;;;;;;;;;;;
SP2;22/03/2026;Las Palmas;Sp Gijon;1;0;H;1;0;H;181;33;45;183;325;4;;;;;;;;;;;;;;;;;;;;;;;;;;;;;;;;;;;;
SP2;23/03/2026;Castellon;Cultural Leonesa;1;1;D;0;0;D;133;5;75;135;48;7;;;;;;;;;;;;;;;;;;;;;;;;;;;;;;;;;;;;
SP2;27/03/2026;Cordoba;Mirandes;2;2;D;1;0;H;156;39;525;157;4;48;;;;;;;;;;;;;;;;;;;;;;;;;;;;;;;;;;;;
SP2;28/03/2026;Ceuta;Cadiz;2;1;H;1;0;H;22;32;32;22;32;31;;;;;;;;;;;;;;;;;;;;;;;;;;;;;;;;;;;;
SP2;28/03/2026;Granada;Huesca;4;2;H;3;1;H;176;33;475;178;33;433;;;;175;32;42;;;;;;;;;;;;;;;;;;;;;;;;;;;;;;
SP2;28/03/2026;Valladolid;Burgos;0;1;A;0;0;D;21;31;35;22;3;325;;;;215;29;32;;;;;;;;;;;;;;;;;;;;;;;;;;;;;;
SP2;28/03/2026;Malaga;Leganes;0;0;D;0;0;D;196;33;37;198;33;35;;;;195;32;34;;;;;;;;;;;;;;;;;;;;;;;;;;;;;;
SP2;28/03/2026;Albacete;Castellon;1;1;D;1;1;D;27;35;235;26;35;235;;;;26;34;23;;;;;;;;;;;;;;;;;;;;;;;;;;;;;;
SP2;28/03/2026;Sp Gijon;La Coruna;1;1;D;1;0;H;232;31;285;25;295;28;;;;245;287;275;;;;;;;;;;;;;;;;;;;;;;;;;;;;;;
SP2;29/03/2026;Eibar;Las Palmas;3;1;H;3;1;H;235;285;31;24;295;29;;;;237;29;287;;;;;;;;;;;;;;;;;;;;;;;;;;;;;;
SP2;29/03/2026;Cultural Leonesa;Andorra;0;4;A;0;2;A;24;33;27;24;325;265;;;;237;32;262;;;;;;;;;;;;;;;;;;;;;;;;;;;;;;
SP2;29/03/2026;Zaragoza;Santander;2;0;H;0;0;D;27;33;235;29;3;235;;;;28;3;23;;;;;;;;;;;;;;;;;;;;;;;;;;;;;;
SP2;29/03/2026;Almeria;Sociedad B;5;1;H;2;0;H;151;4;55;153;41;5;;;;153;4;48;;;;;;;;;;;;;;;;;;;;;;;;;;;;;;
SP2;31/03/2026;Mirandes;Albacete;1;1;D;1;0;H;235;325;3;245;32;26;;;;;;;;;;;;;;;;;;;;;;;;;;;;;;;;;;;;
SP2;31/03/2026;La Coruna;Cordoba;2;0;H;2;0;H;186;36;4;187;34;37;;;;;;;;;;;;;;;;;;;;;;;;;;;;;;;;;;;;
SP2;31/03/2026;Valladolid;Cadiz;3;0;H;2;0;H;151;41;575;155;38;525;;;;;;;;;;;;;;;;;;;;;;;;;;;;;;;;;;;;
SP2;01/04/2026;Andorra;Malaga;3;3;D;0;2;A;225;34;3;23;325;275;;;;;;;;;;;;;;;;;;;;;;;;;;;;;;;;;;;;
SP2;01/04/2026;Burgos;Ceuta;1;1;D;1;1;D;179;3;525;183;325;42;;;;;;;;;;;;;;;;;;;;;;;;;;;;;;;;;;;;
SP2;01/04/2026;Huesca;Cultural Leonesa;1;1;D;1;1;D;196;32;4;2;31;36;;;;;;;;;;;;;;;;;;;;;;;;;;;;;;;;;;;;
SP2;01/04/2026;Santander;Sp Gijon;3;1;H;1;0;H;191;35;38;198;34;34;;;;;;;;;;;;;;;;;;;;;;;;;;;;;;;;;;;;
SP2;02/04/2026;Las Palmas;Granada;2;0;H;0;0;D;196;31;42;195;31;38;;;;;;;;;;;;;;;;;;;;;;;;;;;;;;;;;;;;
SP2;02/04/2026;Castellon;Almeria;2;0;H;1;0;H;196;375;33;195;36;325;;;;;;;;;;;;;;;;;;;;;;;;;;;;;;;;;;;;
SP2;02/04/2026;Sociedad B;Eibar;0;1;A;0;1;A;282;31;255;265;31;25;;;;;;;;;;;;;;;;;;;;;;;;;;;;;;;;;;;;
SP2;02/04/2026;Leganes;Zaragoza;1;1;D;1;1;D;191;33;4;193;32;37;;;;;;;;;;;;;;;;;;;;;;;;;;;;;;;;;;;;
SP2;04/04/2026;Cadiz;Cordoba;1;3;A;0;1;A;3;35;22;265;34;23;;;;;;;;;;;;;;;;;;;;;;;;;;;;;;;;;;;;
SP2;04/04/2026;Albacete;Burgos;2;3;A;1;2;A;235;31;31;23;3;3;;;;;;;;;;;;;;;;;;;;;;;;;;;;;;;;;;;;
SP2;04/04/2026;Cultural Leonesa;Valladolid;1;0;H;1;0;H;275;33;245;27;32;24;;;;;;;;;;;;;;;;;;;;;;;;;;;;;;;;;;;;
SP2;04/04/2026;La Coruna;Malaga;1;1;D;0;0;D;186;36;37;188;33;37;;;;;;;;;;;;;;;;;;;;;;;;;;;;;;;;;;;;
SP2;05/04/2026;Eibar;Ceuta;3;0;H;1;0;H;166;34;525;168;35;475;;;;;;;;;;;;;;;;;;;;;;;;;;;;;;;;;;;;
SP2;05/04/2026;Andorra;Santander;6;2;H;2;2;D;24;35;27;24;35;25;;;;;;;;;;;;;;;;;;;;;;;;;;;;;;;;;;;;
SP2;05/04/2026;Almeria;Leganes;2;1;H;1;1;D;157;375;55;17;36;433;;;;;;;;;;;;;;;;;;;;;;;;;;;;;;;;;;;;
SP2;05/04/2026;Las Palmas;Huesca;2;1;H;0;1;A;146;38;75;149;39;6;;;;;;;;;;;;;;;;;;;;;;;;;;;;;;;;;;;;
SP2;05/04/2026;Zaragoza;Mirandes;1;2;A;1;1;D;179;33;45;18;33;41;;;;;;;;;;;;;;;;;;;;;;;;;;;;;;;;;;;;
SP2;06/04/2026;Castellon;Granada;3;2;H;2;1;H;162;375;5;165;375;45;;;;;;;;;;;;;;;;;;;;;;;;;;;;;;;;;;;;
SP2;06/04/2026;Sp Gijon;Sociedad B;1;0;H;1;0;H;168;375;45;172;37;41;;;;;;;;;;;;;;;;;;;;;;;;;;;;;;;;;;;;
SP2;10/04/2026;Ceuta;Sociedad B;0;0;D;0;0;D;181;36;41;185;325;39;;;;;;;;;;;;;;;;;;;;;;;;;;;;;;;;;;;;
SP2;11/04/2026;Burgos;Sp Gijon;1;0;H;0;0;D;201;285;35;215;3;34;;;;;;;;;;;;;;;;;;;;;;;;;;;;;;;;;;;;
SP2;11/04/2026;Leganes;Albacete;2;1;H;0;1;A;22;31;34;21;31;325;;;;;;;;;;;;;;;;;;;;;;;;;;;;;;;;;;;;
SP2;11/04/2026;Malaga;Las Palmas;2;0;H;0;0;D;225;32;32;23;31;29;;;;;;;;;;;;;;;;;;;;;;;;;;;;;;;;;;;;
SP2;11/04/2026;Cordoba;Zaragoza;1;0;H;0;0;D;186;35;4;19;34;35;;;;;;;;;;;;;;;;;;;;;;;;;;;;;;;;;;;;
SP2;12/04/2026;Granada;Cultural Leonesa;1;0;H;1;0;H;181;33;45;18;33;42;;;;;;;;;;;;;;;;;;;;;;;;;;;;;;;;;;;;
SP2;12/04/2026;Huesca;La Coruna;1;1;D;0;0;D;36;31;21;33;31;21;;;;;;;;;;;;;;;;;;;;;;;;;;;;;;;;;;;;
SP2;12/04/2026;Cadiz;Andorra;0;1;A;0;1;A;325;33;215;32;33;205;;;;;;;;;;;;;;;;;;;;;;;;;;;;;;;;;;;;
SP2;12/04/2026;Mirandes;Castellon;2;2;D;0;2;A;375;34;196;35;34;193;;;;;;;;;;;;;;;;;;;;;;;;;;;;;;;;;;;;
SP2;12/04/2026;Santander;Almeria;5;1;H;2;1;H;225;36;282;225;35;275;;;;;;;;;;;;;;;;;;;;;;;;;;;;;;;;;;;;
SP2;13/04/2026;Valladolid;Eibar;0;0;D;0;0;D;235;31;32;23;31;29;;;;;;;;;;;;;;;;;;;;;;;;;;;;;;;;;;;;
SP2;17/04/2026;Sociedad B;Santander;1;3;A;0;2;A;32;36;205;3;36;205;;;;;;;;;;;;;;;;;;;;;;;;;;;;;;;;;;;;
SP2;17/04/2026;Las Palmas;Leganes;2;0;H;1;0;H;162;38;475;166;36;46;;;;;;;;;;;;;;;;;;;;;;;;;;;;;;;;;;;;
SP2;18/04/2026;Zaragoza;Ceuta;2;2;D;0;1;A;166;38;45;173;35;433;;;;;;;;;;;;;;;;;;;;;;;;;;;;;;;;;;;;
SP2;18/04/2026;Castellon;Burgos;3;1;H;1;1;D;176;34;475;172;35;44;;;;;;;;;;;;;;;;;;;;;;;;;;;;;;;;;;;;
SP2;18/04/2026;Cultural Leonesa;Cordoba;1;2;A;0;0;D;245;325;275;245;33;255;;;;;;;;;;;;;;;;;;;;;;;;;;;;;;;;;;;;
SP2;19/04/2026;Andorra;Valladolid;1;0;H;0;0;D;205;34;34;21;325;31;;;;;;;;;;;;;;;;;;;;;;;;;;;;;;;;;;;;
SP2;19/04/2026;Sp Gijon;Cadiz;3;0;H;1;0;H;153;375;6;158;375;5;;;;;;;;;;;;;;;;;;;;;;;;;;;;;;;;;;;;
SP2;19/04/2026;Albacete;Granada;4;1;H;2;0;H;245;32;275;235;32;275;;;;;;;;;;;;;;;;;;;;;;;;;;;;;;;;;;;;
SP2;19/04/2026;Eibar;Huesca;2;1;H;0;0;D;157;36;6;16;36;525;;;;;;;;;;;;;;;;;;;;;;;;;;;;;;;;;;;;
SP2;19/04/2026;Almeria;Malaga;3;2;H;0;0;D;186;37;37;183;36;36;;;;;;;;;;;;;;;;;;;;;;;;;;;;;;;;;;;;
SP2;20/04/2026;La Coruna;Mirandes;3;1;H;0;1;A;146;4;7;152;38;575;;;;;;;;;;;;;;;;;;;;;;;;;;;;;;;;;;;;
SP2;24/04/2026;Albacete;Eibar;0;3;A;0;2;A;3;3;245;28;3;24;;;;275;29;237;;;;;;;;;;;;;;;;;;;;;;;;;;;;;;
SP2;25/04/2026;Valladolid;Sociedad B;1;0;H;0;0;D;153;39;575;157;39;525;;;;155;375;5;;;;;;;;;;;;;;;;;;;;;;;;;;;;;;
SP2;25/04/2026;Burgos;La Coruna;1;1;D;1;1;D;245;282;32;237;285;31;;;;23;28;3;;;;;;;;;;;;;;;;;;;;;;;;;;;;;;
SP2;25/04/2026;Malaga;Castellon;2;3;A;1;1;D;275;31;257;255;325;245;;;;25;32;245;;;;;;;;;;;;;;;;;;;;;;;;;;;;;;
SP2;26/04/2026;Cordoba;Sp Gijon;3;2;H;1;1;D;215;36;3;22;34;28;;;;22;33;275;;;;;;;;;;;;;;;;;;;;;;;;;;;;;;
SP2;26/04/2026;Granada;Almeria;2;4;A;1;3;A;31;3;24;29;3;235;;;;287;3;23;;;;;;;;;;;;;;;;;;;;;;;;;;;;;;
SP2;26/04/2026;Mirandes;Cultural Leonesa;2;1;H;1;0;H;21;35;32;215;325;3;;;;215;32;3;;;;;;;;;;;;;;;;;;;;;;;;;;;;;;
SP2;26/04/2026;Huesca;Zaragoza;1;0;H;0;0;D;265;285;285;255;29;275;;;;;;;;;;;;;;;;;;;;;;;;;;;;;;;;;;;;
SP2;26/04/2026;Leganes;Andorra;0;4;A;0;1;A;255;33;265;25;325;255;;;;;;;;;;;;;;;;;;;;;;;;;;;;;;;;;;;;
SP2;26/04/2026;Ceuta;Santander;0;0;D;0;0;D;33;375;201;32;35;198;;;;31;34;195;;;;;;;;;;;;;;;;;;;;;;;;;;;;;;
SP2;27/04/2026;Cadiz;Las Palmas;1;2;A;1;1;D;31;3;21;33;32;205;;;;32;31;205;;;;;;;;;;;;;;;;;;;;;;;;;;;;;;
SP2;01/05/2026;Andorra;Albacete;0;1;A;0;0;D;156;42;5;161;375;48;;;;16;36;46;;;;;;;;;;;;;;;;;;;;;;;;;;;;;;
SP2;01/05/2026;La Coruna;Leganes;2;1;H;0;0;D;153;41;525;153;39;55;;;;15;38;525;;;;;;;;;;;;;;;;;;;;;;;;;;;;;;
SP2;01/05/2026;Zaragoza;Granada;0;1;A;0;0;D;196;32;39;21;31;33;;;;205;31;325;;;;;;;;;;;;;;;;;;;;;;;;;;;;;;
SP2;02/05/2026;Cultural Leonesa;Cadiz;2;2;D;1;1;D;205;325;36;21;31;32;;;;21;31;31;;;;;;;;;;;;;;;;;;;;;;;;;;;;;;
SP2;02/05/2026;Castellon;Cordoba;1;2;A;0;0;D;153;45;5;157;4;475;;;;155;39;46;;;;;;;;;;;;;;;;;;;;;;;;;;;;;;
SP2;02/05/2026;Eibar;Malaga;2;4;A;2;1;H;201;33;375;205;32;34;;;;205;31;33;;;;;;;;;;;;;;;;;;;;;;;;;;;;;;
SP2;03/05/2026;Santander;Huesca;4;2;H;0;1;A;146;45;575;149;42;55;;;;148;42;525;;;;;;;;;;;;;;;;;;;;;;;;;;;;;;
SP2;03/05/2026;Sp Gijon;Ceuta;1;2;A;1;2;A;162;41;45;168;37;433;;;;167;36;42;;;;;;;;;;;;;;;;;;;;;;;;;;;;;;
SP2;03/05/2026;Sociedad B;Burgos;0;0;D;0;0;D;285;325;24;27;31;245;;;;27;31;24;;;;;;;;;;;;;;;;;;;;;;;;;;;;;;
SP2;03/05/2026;Las Palmas;Valladolid;2;1;H;1;0;H;179;35;433;187;33;39;;;;185;32;375;;;;;;;;;;;;;;;;;;;;;;;;;;;;;;
SP2;04/05/2026;Almeria;Mirandes;4;2;H;2;2;D;145;45;6;146;433;575;;;;144;42;55;;;;;;;;;;;;;;;;;;;;;;;;;;;;;;
SP2;08/05/2026;Cadiz;La Coruna;0;1;A;0;0;D;375;36;191;36;33;193;;;;35;325;191;;;;;;;;;;;;;;;;;;;;;;;;;;;;;;
SP2;09/05/2026;Ceuta;Castellon;1;1;D;0;0;D;45;42;161;42;39;165;;;;;;;;;;;;;;;;;;;;;;;;;;;;;;;;;;;;
SP2;09/05/2026;Albacete;Cultural Leonesa;2;1;H;1;0;H;22;31;34;215;32;31;;;;21;31;31;;;;;;;;;;;;;;;;;;;;;;;;;;;;;;
SP2;09/05/2026;Burgos;Almeria;0;0;D;0;0;D;257;325;257;255;32;255;;;;25;31;25;;;;;;;;;;;;;;;;;;;;;;;;;;;;;;
SP2;09/05/2026;Valladolid;Zaragoza;2;0;H;1;0;H;205;33;35;205;32;33;;;;205;31;325;;;;;;;;;;;;;;;;;;;;;;;;;;;;;;
SP2;09/05/2026;Malaga;Sp Gijon;2;1;H;0;1;A;151;433;525;155;39;525;;;;153;375;5;;;;;;;;;;;;;;;;;;;;;;;;;;;;;;
SP2;10/05/2026;Andorra;Las Palmas;5;1;H;1;1;D;257;32;257;265;33;24;;;;26;32;237;;;;;;;;;;;;;;;;;;;;;;;;;;;;;;
SP2;10/05/2026;Leganes;Santander;1;2;A;0;1;A;282;38;215;265;36;225;;;;26;35;225;;;;;;;;;;;;;;;;;;;;;;;;;;;;;;
SP2;10/05/2026;Cordoba;Granada;1;0;H;0;0;D;171;375;42;177;35;4;;;;175;34;39;;;;;;;;;;;;;;;;;;;;;;;;;;;;;;
SP2;10/05/2026;Mirandes;Eibar;0;1;A;0;1;A;265;34;245;27;32;24;;;;262;31;237;;;;;;;;;;;;;;;;;;;;;;;;;;;;;;
SP2;11/05/2026;Huesca;Sociedad B;1;2;A;0;1;A;191;35;38;19;33;375;;;;185;32;36;;;;;;;;;;;;;;;;;;;;;;;;;;;;;;
SP2;15/05/2026;Castellon;Cadiz;1;1;D;0;0;D;124;6;9;128;55;8;;;;128;525;75;;;;;;;;;;;;;;;;;;;;;;;;;;;;;;
SP2;15/05/2026;Cordoba;Albacete;1;2;A;0;2;A;157;4;525;16;4;46;;;;157;39;45;;;;;;;;;;;;;;;;;;;;;;;;;;;;;;
SP2;16/05/2026;Sociedad B;Mirandes;2;2;D;1;1;D;31;36;215;3;34;21;;;;3;33;21;;;;;;;;;;;;;;;;;;;;;;;;;;;;;;
SP2;16/05/2026;Ceuta;Malaga;1;4;A;0;3;A;375;375;186;35;36;188;;;;34;35;185;;;;;;;;;;;;;;;;;;;;;;;;;;;;;;
SP2;16/05/2026;Cultural Leonesa;Eibar;2;1;H;0;0;D;282;34;235;27;32;24;;;;262;31;237;;;;;;;;;;;;;;;;;;;;;;;;;;;;;;
SP2;16/05/2026;Almeria;Las Palmas;1;2;A;0;0;D;201;33;36;2;35;325;;;;195;34;32;;;;;;;;;;;;;;;;;;;;;;;;;;;;;;
SP2;16/05/2026;Granada;Burgos;0;1;A;0;0;D;285;3;255;28;295;245;;;;275;29;245;;;;;;;;;;;;;;;;;;;;;;;;;;;;;;
SP2;16/05/2026;Santander;Valladolid;4;1;H;1;1;D;141;475;625;146;44;55;;;;144;433;525;;;;;;;;;;;;;;;;;;;;;;;;;;;;;;
SP2;17/05/2026;La Coruna;Andorra;2;1;H;0;1;A;162;433;433;16;39;475;;;;157;38;46;;;;;;;;;;;;;;;;;;;;;;;;;;;;;;
SP2;17/05/2026;Zaragoza;Sp Gijon;1;3;A;1;2;A;181;37;4;182;35;38;;;;18;34;37;;;;;;;;;;;;;;;;;;;;;;;;;;;;;;
SP2;18/05/2026;Leganes;Huesca;0;0;D;0;0;D;201;35;35;2;325;35;;;;195;32;34;;;;;;;;;;;;;;;;;;;;;;;;;;;;;;
SP2;24/05/2026;Albacete;Sociedad B;3;1;H;2;0;H;181;39;375;178;36;38;;;;175;35;37;;;;;;;;;;;;;;;;;;;;;;;;;;;;;;
SP2;24/05/2026;Andorra;Ceuta;0;2;A;0;1;A;149;475;525;15;433;525;;;;148;42;5;;;;;;;;;;;;;;;;;;;;;;;;;;;;;;
SP2;24/05/2026;Cadiz;Leganes;3;0;H;1;0;H;23;325;31;225;325;29;;;;22;32;287;;;;;;;;;;;;;;;;;;;;;;;;;;;;;;
SP2;24/05/2026;Cultural Leonesa;Burgos;0;2;A;0;2;A;32;31;23;29;31;23;;;;287;31;225;;;;;;;;;;;;;;;;;;;;;;;;;;;;;;
SP2;24/05/2026;Eibar;Cordoba;2;0;H;2;0;H;168;42;42;17;36;433;;;;17;35;42;;;;;;;;;;;;;;;;;;;;;;;;;;;;;;
SP2;24/05/2026;Huesca;Castellon;0;1;A;0;0;D;5;38;161;42;39;165;;;;4;38;165;;;;;;;;;;;;;;;;;;;;;;;;;;;;;;
SP2;24/05/2026;Las Palmas;Zaragoza;1;1;D;1;0;H;141;433;7;143;433;625;;;;14;42;6;;;;;;;;;;;;;;;;;;;;;;;;;;;;;;
SP2;24/05/2026;Malaga;Santander;1;1;D;1;0;H;161;45;42;162;42;41;;;;161;4;4;;;;;;;;;;;;;;;;;;;;;;;;;;;;;;
SP2;24/05/2026;Mirandes;Granada;3;1;H;2;1;H;157;4;525;158;4;475;;;;157;38;46;;;;;;;;;;;;;;;;;;;;;;;;;;;;;;
SP2;24/05/2026;Sp Gijon;Almeria;3;1;H;2;0;H;433;4;168;38;375;175;;;;37;37;173;;;;;;;;;;;;;;;;;;;;;;;;;;;;;;
SP2;24/05/2026;Valladolid;La Coruna;0;2;A;0;2;A;525;39;157;5;39;157;;;;48;38;155;;;;;;;;;;;;;;;;;;;;;;;;;;;;;;
SP2;30/05/2026;Ceuta;Albacete;1;0;H;1;0;H;23;32;31;23;32;28;;;;23;31;275;;;;;;;;;;;;;;;;;;;;;;;;;;;;;;
SP2;30/05/2026;Sociedad B;Cultural Leonesa;1;1;D;0;0;D;225;325;31;23;325;285;;;;225;32;28;;;;;;;;;;;;;;;;;;;;;;;;;;;;;;
SP2;30/05/2026;Granada;Sp Gijon;1;2;A;1;1;D;232;34;275;235;325;27;;;;23;32;27;;;;;;;;;;;;;;;;;;;;;;;;;;;;;;
SP2;31/05/2026;Almeria;Valladolid;1;0;H;0;0;D;139;525;575;142;45;6;;;;14;433;575;;;;;;;;;;;;;;;;;;;;;;;;;;;;;;
SP2;31/05/2026;Burgos;Andorra;1;0;H;1;0;H;149;42;575;15;39;6;;;;148;375;575;;;;;;;;;;;;;;;;;;;;;;;;;;;;;;
SP2;31/05/2026;Castellon;Eibar;2;1;H;1;0;H;151;433;525;155;41;48;;;;153;4;46;;;;;;;;;;;;;;;;;;;;;;;;;;;;;;
SP2;31/05/2026;La Coruna;Las Palmas;1;2;A;1;2;A;325;34;21;32;325;205;;;;31;32;205;;;;;;;;;;;;;;;;;;;;;;;;;;;;;;
SP2;31/05/2026;Santander;Cadiz;4;1;H;3;0;H;13;475;9;135;45;8;;;;133;433;75;;;;;;;;;;;;;;;;;;;;;;;;;;;;;;
SP2;31/05/2026;Zaragoza;Malaga;0;2;A;0;1;A;475;36;171;42;34;178;;;;4;33;175;;;;;;;;;;;;;;;;;;;;;;;;;;;;;;
SP2;31/05/2026;Cordoba;Huesca;1;1;D;0;0;D;171;32;55;175;33;45;;;;173;32;44;;;;;;;;;;;;;;;;;;;;;;;;;;;;;;
SP2;31/05/2026;Leganes;Mirandes;1;0;H;0;0;D;205;35;33;205;34;32;;;;2;325;31;;;;;;;;;;;;;;;;;;;;;;;;;;;;;;
